timestamp,open,high,low,close,volume
2024-01-01 00:00:00,1.09,1.09004,1.08995,1.09003,431.8
2024-01-01 00:05:00,1.09003,1.09003,1.08987,1.08994,426.2
2024-01-01 00:10:00,1.08994,1.08996,1.08986,1.08988,515.8
2024-01-01 00:15:00,1.08988,1.08988,1.08976,1.0898,298.4
2024-01-01 00:20:00,1.0898,1.0899,1.08969,1.08976,223.7
2024-01-01 00:25:00,1.08976,1.08983,1.08972,1.08974,523.5
2024-01-01 00:30:00,1.08974,1.08987,1.08969,1.08972,492.7
2024-01-01 00:35:00,1.08972,1.08981,1.08969,1.08973,353.2
2024-01-01 00:40:00,1.08973,1.08979,1.08961,1.08966,495.1
2024-01-01 00:45:00,1.08966,1.08977,1.08965,1.08974,516.6
2024-01-01 00:50:00,1.08974,1.08981,1.08973,1.08974,703.8
2024-01-01 00:55:00,1.08974,1.08979,1.0896,1.0896,403.8
2024-01-01 01:00:00,1.0896,1.08982,1.08954,1.08978,511.2
2024-01-01 01:05:00,1.08978,1.08984,1.08975,1.08983,490.0
2024-01-01 01:10:00,1.08983,1.08997,1.0898,1.08989,530.5
2024-01-01 01:15:00,1.08989,1.0899,1.08979,1.08985,413.1
2024-01-01 01:20:00,1.08985,1.0899,1.08977,1.08984,301.5
2024-01-01 01:25:00,1.08984,1.08987,1.08966,1.08976,430.5
2024-01-01 01:30:00,1.08976,1.08983,1.08972,1.08975,450.9
2024-01-01 01:35:00,1.08975,1.08977,1.08964,1.08972,435.8
2024-01-01 01:40:00,1.08972,1.08974,1.08969,1.08969,470.4
2024-01-01 01:45:00,1.08969,1.08969,1.08957,1.08959,674.9
2024-01-01 01:50:00,1.08959,1.08965,1.08956,1.08965,449.0
2024-01-01 01:55:00,1.08965,1.08975,1.08962,1.08975,306.4
2024-01-01 02:00:00,1.08975,1.08987,1.08964,1.08978,454.3
2024-01-01 02:05:00,1.08978,1.08979,1.08958,1.0897,375.2
2024-01-01 02:10:00,1.0897,1.08971,1.08961,1.08964,473.5
2024-01-01 02:15:00,1.08964,1.08968,1.08959,1.08962,344.9
2024-01-01 02:20:00,1.08962,1.08962,1.08956,1.08962,539.0
2024-01-01 02:25:00,1.08962,1.08967,1.08953,1.08954,513.4
2024-01-01 02:30:00,1.08954,1.08954,1.08938,1.08949,330.3
2024-01-01 02:35:00,1.08949,1.08963,1.08944,1.08952,238.1
2024-01-01 02:40:00,1.08952,1.08963,1.08948,1.08959,519.6
2024-01-01 02:45:00,1.08959,1.08965,1.08937,1.08945,490.1
2024-01-01 02:50:00,1.08945,1.08946,1.08937,1.08942,664.8
2024-01-01 02:55:00,1.08942,1.08943,1.08933,1.08937,406.1
2024-01-01 03:00:00,1.08937,1.08944,1.08925,1.08926,644.9
2024-01-01 03:05:00,1.08926,1.0893,1.08924,1.08926,416.0
2024-01-01 03:10:00,1.08926,1.08928,1.08924,1.08926,293.2
2024-01-01 03:15:00,1.08926,1.08935,1.08915,1.08919,341.9
2024-01-01 03:20:00,1.08919,1.08929,1.08911,1.08922,468.7
2024-01-01 03:25:00,1.08922,1.08931,1.08912,1.08916,496.5
2024-01-01 03:30:00,1.08916,1.08921,1.08914,1.08917,419.1
2024-01-01 03:35:00,1.08917,1.08923,1.08909,1.08916,700.3
2024-01-01 03:40:00,1.08916,1.08917,1.08911,1.08911,433.8
2024-01-01 03:45:00,1.08911,1.08914,1.08905,1.08906,477.3
2024-01-01 03:50:00,1.08906,1.08913,1.08903,1.08907,557.4
2024-01-01 03:55:00,1.08907,1.08914,1.08896,1.08902,645.0
2024-01-01 04:00:00,1.08902,1.08904,1.08896,1.089,624.7
2024-01-01 04:05:00,1.089,1.08911,1.08892,1.08909,313.0
2024-01-01 04:10:00,1.08909,1.08919,1.08904,1.08916,781.9
2024-01-01 04:15:00,1.08916,1.08936,1.08907,1.0893,622.5
2024-01-01 04:20:00,1.0893,1.0893,1.08916,1.08921,253.4
2024-01-01 04:25:00,1.08921,1.08922,1.08901,1.08902,463.1
2024-01-01 04:30:00,1.08902,1.08907,1.08893,1.08902,475.0
2024-01-01 04:35:00,1.08902,1.08911,1.0889,1.08893,490.8
2024-01-01 04:40:00,1.08893,1.08902,1.0889,1.08897,350.1
2024-01-01 04:45:00,1.08897,1.08898,1.08885,1.08889,553.4
2024-01-01 04:50:00,1.08889,1.08903,1.08881,1.08892,633.2
2024-01-01 04:55:00,1.08892,1.08892,1.08883,1.08891,431.0
2024-01-01 05:00:00,1.08891,1.08898,1.08891,1.08898,456.4
2024-01-01 05:05:00,1.08898,1.08908,1.08886,1.08908,396.2
2024-01-01 05:10:00,1.08908,1.08926,1.08888,1.0889,700.0
2024-01-01 05:15:00,1.0889,1.08897,1.08885,1.08891,669.6
2024-01-01 05:20:00,1.08891,1.08893,1.08891,1.08892,505.8
2024-01-01 05:25:00,1.08892,1.08903,1.08891,1.089,343.6
2024-01-01 05:30:00,1.089,1.08908,1.08894,1.08904,309.3
2024-01-01 05:35:00,1.08904,1.08904,1.08896,1.08903,758.3
2024-01-01 05:40:00,1.08903,1.08919,1.08899,1.08916,556.8
2024-01-01 05:45:00,1.08916,1.08917,1.08892,1.08893,512.5
2024-01-01 05:50:00,1.08893,1.08894,1.08882,1.08883,678.2
2024-01-01 05:55:00,1.08883,1.08886,1.08875,1.08886,416.7
2024-01-01 06:00:00,1.08886,1.08896,1.08874,1.08882,644.6
2024-01-01 06:05:00,1.08882,1.08894,1.08882,1.08891,532.3
2024-01-01 06:10:00,1.08891,1.08892,1.08888,1.08888,726.8
2024-01-01 06:15:00,1.08888,1.08894,1.08885,1.08893,404.8
2024-01-01 06:20:00,1.08893,1.0891,1.08893,1.08908,448.1
2024-01-01 06:25:00,1.08908,1.08908,1.08893,1.08898,441.1
2024-01-01 06:30:00,1.08898,1.08899,1.08895,1.08896,261.0
2024-01-01 06:35:00,1.08896,1.089,1.08889,1.08894,384.4
2024-01-01 06:40:00,1.08894,1.08907,1.08892,1.08899,409.8
2024-01-01 06:45:00,1.08899,1.08901,1.08893,1.08901,569.1
2024-01-01 06:50:00,1.08901,1.0892,1.08899,1.08919,343.3
2024-01-01 06:55:00,1.08919,1.08928,1.08913,1.08922,692.0
2024-01-01 07:00:00,1.08922,1.08927,1.08905,1.08913,538.9
2024-01-01 07:05:00,1.08913,1.08929,1.08912,1.08918,411.0
2024-01-01 07:10:00,1.08918,1.08919,1.08898,1.08906,643.9
2024-01-01 07:15:00,1.08906,1.08911,1.08895,1.08898,543.8
2024-01-01 07:20:00,1.08898,1.08899,1.08894,1.08896,455.2
2024-01-01 07:25:00,1.08896,1.08897,1.08895,1.08896,575.5
2024-01-01 07:30:00,1.08896,1.08916,1.08895,1.08912,247.1
2024-01-01 07:35:00,1.08912,1.08926,1.08905,1.08916,628.2
2024-01-01 07:40:00,1.08916,1.08923,1.08907,1.08922,444.3
2024-01-01 07:45:00,1.08922,1.08926,1.08904,1.08916,532.5
2024-01-01 07:50:00,1.08916,1.08922,1.08909,1.08909,473.5
2024-01-01 07:55:00,1.08909,1.0891,1.08892,1.08899,666.8
2024-01-01 08:00:00,1.08899,1.08914,1.08896,1.08908,577.2
2024-01-01 08:05:00,1.08908,1.0891,1.08905,1.08907,305.0
2024-01-01 08:10:00,1.08907,1.08911,1.08893,1.08894,532.5
2024-01-01 08:15:00,1.08894,1.08912,1.0889,1.08903,526.3
2024-01-01 08:20:00,1.08903,1.08909,1.08898,1.08907,531.6
2024-01-01 08:25:00,1.08907,1.08912,1.08891,1.08896,569.6
2024-01-01 08:30:00,1.08896,1.08903,1.08875,1.08879,701.5
2024-01-01 08:35:00,1.08879,1.0888,1.08869,1.08875,880.5
2024-01-01 08:40:00,1.08875,1.08884,1.0887,1.08874,524.6
2024-01-01 08:45:00,1.08874,1.08876,1.08853,1.08859,312.2
2024-01-01 08:50:00,1.08859,1.0887,1.08853,1.08868,424.8
2024-01-01 08:55:00,1.08868,1.08868,1.08861,1.08864,375.9
2024-01-01 09:00:00,1.08864,1.0887,1.08854,1.08861,492.8
2024-01-01 09:05:00,1.08861,1.08878,1.08861,1.08869,402.5
2024-01-01 09:10:00,1.08869,1.08874,1.08858,1.0886,724.7
2024-01-01 09:15:00,1.0886,1.08863,1.08852,1.08853,386.9
2024-01-01 09:20:00,1.08853,1.0886,1.0885,1.08859,492.9
2024-01-01 09:25:00,1.08859,1.08859,1.08849,1.08849,643.8
2024-01-01 09:30:00,1.08849,1.08849,1.08832,1.08841,597.7
2024-01-01 09:35:00,1.08841,1.08851,1.08831,1.08831,665.9
2024-01-01 09:40:00,1.08831,1.08837,1.08813,1.08817,330.6
2024-01-01 09:45:00,1.08817,1.08825,1.08813,1.08821,587.5
2024-01-01 09:50:00,1.08821,1.08823,1.08809,1.08814,318.2
2024-01-01 09:55:00,1.08814,1.08824,1.08796,1.08797,536.6
2024-01-01 10:00:00,1.08797,1.08798,1.08797,1.08797,786.2
2024-01-01 10:05:00,1.08797,1.08806,1.08782,1.08788,299.8
2024-01-01 10:10:00,1.08788,1.08799,1.08783,1.08795,291.4
2024-01-01 10:15:00,1.08795,1.08802,1.08776,1.08791,579.0
2024-01-01 10:20:00,1.08791,1.08797,1.08776,1.08782,457.2
2024-01-01 10:25:00,1.08782,1.08787,1.08761,1.08768,623.1
2024-01-01 10:30:00,1.08768,1.08773,1.08754,1.08764,441.0
2024-01-01 10:35:00,1.08764,1.08765,1.08764,1.08764,331.7
2024-01-01 10:40:00,1.08764,1.08764,1.08757,1.08764,780.0
2024-01-01 10:45:00,1.08764,1.08768,1.08762,1.08762,408.9
2024-01-01 10:50:00,1.08762,1.08763,1.0875,1.08756,590.9
2024-01-01 10:55:00,1.08756,1.08757,1.08754,1.08755,390.9
2024-01-01 11:00:00,1.08755,1.08756,1.08743,1.08746,535.1
2024-01-01 11:05:00,1.08746,1.08754,1.08746,1.08746,298.6
2024-01-01 11:10:00,1.08746,1.08748,1.08729,1.08741,513.7
2024-01-01 11:15:00,1.08741,1.08743,1.08738,1.08742,444.0
2024-01-01 11:20:00,1.08742,1.08743,1.0873,1.08733,513.8
2024-01-01 11:25:00,1.08733,1.08734,1.08722,1.08722,478.8
2024-01-01 11:30:00,1.08722,1.08725,1.08709,1.08718,569.1
2024-01-01 11:35:00,1.08718,1.08722,1.08716,1.08721,402.0
2024-01-01 11:40:00,1.08721,1.08724,1.08716,1.08718,531.0
2024-01-01 11:45:00,1.08718,1.08721,1.08698,1.08705,651.5
2024-01-01 11:50:00,1.08705,1.08715,1.087,1.08707,477.9
2024-01-01 11:55:00,1.08707,1.08709,1.08676,1.08684,305.5
2024-01-01 12:00:00,1.08684,1.08691,1.08676,1.08678,540.6
2024-01-01 12:05:00,1.08678,1.08703,1.08678,1.08694,463.8
2024-01-01 12:10:00,1.08694,1.08698,1.0868,1.08683,559.4
2024-01-01 12:15:00,1.08683,1.08689,1.08678,1.08684,491.6
2024-01-01 12:20:00,1.08684,1.08693,1.08678,1.0869,559.6
2024-01-01 12:25:00,1.0869,1.08692,1.08682,1.08687,254.1
2024-01-01 12:30:00,1.08687,1.08693,1.08686,1.08693,245.3
2024-01-01 12:35:00,1.08693,1.08696,1.08685,1.08689,161.7
2024-01-01 12:40:00,1.08689,1.08694,1.08684,1.08686,409.9
2024-01-01 12:45:00,1.08686,1.0869,1.08671,1.08686,481.3
2024-01-01 12:50:00,1.08686,1.08695,1.08677,1.08691,670.3
2024-01-01 12:55:00,1.08691,1.08696,1.08687,1.08694,419.1
2024-01-01 13:00:00,1.08694,1.08699,1.08683,1.08694,476.1
2024-01-01 13:05:00,1.08694,1.08695,1.08686,1.08693,495.5
2024-01-01 13:10:00,1.08693,1.08712,1.08692,1.08706,470.3
2024-01-01 13:15:00,1.08706,1.08719,1.08698,1.08713,362.7
2024-01-01 13:20:00,1.08713,1.0872,1.08705,1.08716,655.8
2024-01-01 13:25:00,1.08716,1.08724,1.08714,1.08721,654.3
2024-01-01 13:30:00,1.08721,1.08727,1.08714,1.08719,371.9
2024-01-01 13:35:00,1.08719,1.08724,1.08715,1.08721,539.0
2024-01-01 13:40:00,1.08721,1.08721,1.0871,1.08712,637.4
2024-01-01 13:45:00,1.08712,1.08715,1.087,1.08707,835.8
2024-01-01 13:50:00,1.08707,1.08725,1.08705,1.08725,730.0
2024-01-01 13:55:00,1.08725,1.0873,1.08723,1.08723,567.7
2024-01-01 14:00:00,1.08723,1.08732,1.08708,1.08716,599.8
2024-01-01 14:05:00,1.08716,1.08717,1.08708,1.08709,592.9
2024-01-01 14:10:00,1.08709,1.08712,1.08701,1.08706,445.7
2024-01-01 14:15:00,1.08706,1.08712,1.08697,1.08697,389.1
2024-01-01 14:20:00,1.08697,1.08698,1.0869,1.08694,260.7
2024-01-01 14:25:00,1.08694,1.08696,1.08671,1.08684,643.4
2024-01-01 14:30:00,1.08684,1.08688,1.08672,1.08683,464.9
2024-01-01 14:35:00,1.08683,1.0869,1.08677,1.0868,600.7
2024-01-01 14:40:00,1.0868,1.08691,1.08666,1.08676,584.9
2024-01-01 14:45:00,1.08676,1.08693,1.08672,1.08682,470.9
2024-01-01 14:50:00,1.08682,1.08689,1.0868,1.08686,246.4
2024-01-01 14:55:00,1.08686,1.08693,1.08684,1.08689,409.3
2024-01-01 15:00:00,1.08689,1.08701,1.08679,1.08686,538.0
2024-01-01 15:05:00,1.08686,1.08707,1.08686,1.08696,229.6
2024-01-01 15:10:00,1.08696,1.08702,1.08685,1.08688,511.9
2024-01-01 15:15:00,1.08688,1.0869,1.08662,1.0867,544.6
2024-01-01 15:20:00,1.0867,1.08671,1.08668,1.08669,419.0
2024-01-01 15:25:00,1.08669,1.08678,1.08663,1.08663,776.8
2024-01-01 15:30:00,1.08663,1.08688,1.08659,1.08681,398.5
2024-01-01 15:35:00,1.08681,1.08694,1.08681,1.08694,456.3
2024-01-01 15:40:00,1.08694,1.08697,1.08694,1.08695,337.3
2024-01-01 15:45:00,1.08695,1.08707,1.08691,1.08692,464.2
2024-01-01 15:50:00,1.08692,1.087,1.08686,1.08696,468.9
2024-01-01 15:55:00,1.08696,1.08706,1.08696,1.08705,733.1
2024-01-01 16:00:00,1.08705,1.08705,1.08696,1.08699,723.5
2024-01-01 16:05:00,1.08699,1.08702,1.08678,1.08681,599.5
2024-01-01 16:10:00,1.08681,1.08694,1.08672,1.08686,612.6
2024-01-01 16:15:00,1.08686,1.0869,1.08681,1.08684,362.0
2024-01-01 16:20:00,1.08684,1.08686,1.08657,1.08665,402.7
2024-01-01 16:25:00,1.08665,1.0867,1.08657,1.08668,470.1
2024-01-01 16:30:00,1.08668,1.08672,1.0865,1.08655,317.3
2024-01-01 16:35:00,1.08655,1.08662,1.08644,1.08659,604.5
2024-01-01 16:40:00,1.08659,1.0866,1.08657,1.08658,594.7
2024-01-01 16:45:00,1.08658,1.08665,1.08655,1.08658,558.8
2024-01-01 16:50:00,1.08658,1.08669,1.08657,1.08662,461.1
2024-01-01 16:55:00,1.08662,1.08671,1.08653,1.08663,515.7
2024-01-01 17:00:00,1.08663,1.08673,1.08651,1.08653,486.5
2024-01-01 17:05:00,1.08653,1.08653,1.08643,1.08646,582.7
2024-01-01 17:10:00,1.08646,1.08646,1.08634,1.0864,885.8
2024-01-01 17:15:00,1.0864,1.08642,1.08626,1.0863,617.6
2024-01-01 17:20:00,1.0863,1.08633,1.0862,1.0862,353.2
2024-01-01 17:25:00,1.0862,1.08623,1.086,1.08612,283.2
2024-01-01 17:30:00,1.08612,1.08612,1.08607,1.08608,233.9
2024-01-01 17:35:00,1.08608,1.08612,1.08601,1.08604,488.2
2024-01-01 17:40:00,1.08604,1.08607,1.08593,1.08596,324.6
2024-01-01 17:45:00,1.08596,1.08603,1.08587,1.08588,673.9
2024-01-01 17:50:00,1.08588,1.08593,1.08581,1.08584,476.4
2024-01-01 17:55:00,1.08584,1.08611,1.08581,1.08606,487.3
2024-01-01 18:00:00,1.08606,1.08616,1.08604,1.08609,238.8
2024-01-01 18:05:00,1.08609,1.0861,1.08606,1.08607,697.5
2024-01-01 18:10:00,1.08607,1.08614,1.08601,1.0861,630.2
2024-01-01 18:15:00,1.0861,1.08633,1.08608,1.08629,523.1
2024-01-01 18:20:00,1.08629,1.0865,1.08628,1.08645,569.0
2024-01-01 18:25:00,1.08645,1.08654,1.08643,1.08651,458.3
2024-01-01 18:30:00,1.08651,1.08653,1.08645,1.08652,496.8
2024-01-01 18:35:00,1.08652,1.08666,1.08651,1.0866,599.7
2024-01-01 18:40:00,1.0866,1.08661,1.08645,1.08651,670.2
2024-01-01 18:45:00,1.08651,1.08682,1.0865,1.08672,611.0
2024-01-01 18:50:00,1.08672,1.08673,1.08663,1.08673,302.1
2024-01-01 18:55:00,1.08673,1.08682,1.08665,1.08682,528.1
2024-01-01 19:00:00,1.08682,1.08684,1.08672,1.08676,505.4
2024-01-01 19:05:00,1.08676,1.08683,1.08665,1.0868,635.0
2024-01-01 19:10:00,1.0868,1.08688,1.0868,1.08687,655.4
2024-01-01 19:15:00,1.08687,1.08691,1.08682,1.08683,678.4
2024-01-01 19:20:00,1.08683,1.08689,1.08667,1.0867,334.9
2024-01-01 19:25:00,1.0867,1.08682,1.08663,1.08682,446.2
2024-01-01 19:30:00,1.08682,1.08696,1.08679,1.0869,560.9
2024-01-01 19:35:00,1.0869,1.087,1.08688,1.08696,495.2
2024-01-01 19:40:00,1.08696,1.08699,1.08691,1.08692,504.5
2024-01-01 19:45:00,1.08692,1.08694,1.0868,1.08686,532.1
2024-01-01 19:50:00,1.08686,1.08701,1.08683,1.08694,840.6
2024-01-01 19:55:00,1.08694,1.08699,1.08685,1.08687,778.4
2024-01-01 20:00:00,1.08687,1.08713,1.08682,1.08702,599.6
2024-01-01 20:05:00,1.08702,1.08713,1.08702,1.08709,568.3
2024-01-01 20:10:00,1.08709,1.08716,1.08704,1.08715,161.1
2024-01-01 20:15:00,1.08715,1.08727,1.0871,1.08721,465.7
2024-01-01 20:20:00,1.08721,1.08723,1.08708,1.08713,363.1
2024-01-01 20:25:00,1.08713,1.08713,1.08696,1.08699,653.5
2024-01-01 20:30:00,1.08699,1.08705,1.08697,1.08698,486.0
2024-01-01 20:35:00,1.08698,1.08708,1.08696,1.08703,463.4
2024-01-01 20:40:00,1.08703,1.08703,1.08696,1.08701,654.2
2024-01-01 20:45:00,1.08701,1.08704,1.08693,1.08698,553.8
2024-01-01 20:50:00,1.08698,1.08703,1.08687,1.08701,555.7
2024-01-01 20:55:00,1.08701,1.08722,1.08698,1.08717,442.7
2024-01-01 21:00:00,1.08717,1.08721,1.08717,1.08721,457.1
2024-01-01 21:05:00,1.08721,1.08722,1.08693,1.08705,555.8
2024-01-01 21:10:00,1.08705,1.08709,1.08697,1.08698,540.9
2024-01-01 21:15:00,1.08698,1.08708,1.0868,1.08685,193.7
2024-01-01 21:20:00,1.08685,1.08694,1.08671,1.08677,597.7
2024-01-01 21:25:00,1.08677,1.08678,1.08663,1.08664,491.0
2024-01-01 21:30:00,1.08664,1.08679,1.08663,1.0867,518.7
2024-01-01 21:35:00,1.0867,1.08673,1.08659,1.08661,624.8
2024-01-01 21:40:00,1.08661,1.0867,1.0865,1.0866,455.5
2024-01-01 21:45:00,1.0866,1.0867,1.08656,1.08668,460.1
2024-01-01 21:50:00,1.08668,1.08669,1.08643,1.08656,671.8
2024-01-01 21:55:00,1.08656,1.08661,1.08644,1.08646,650.7
2024-01-01 22:00:00,1.08646,1.0865,1.08634,1.08638,629.7
2024-01-01 22:05:00,1.08638,1.08645,1.08627,1.08635,395.2
2024-01-01 22:10:00,1.08635,1.08639,1.08612,1.08615,572.2
2024-01-01 22:15:00,1.08615,1.08638,1.08609,1.08632,630.4
2024-01-01 22:20:00,1.08632,1.08646,1.08627,1.08642,483.5
2024-01-01 22:25:00,1.08642,1.0865,1.08615,1.08628,334.0
2024-01-01 22:30:00,1.08628,1.08629,1.08625,1.08625,540.7
2024-01-01 22:35:00,1.08625,1.08632,1.08612,1.08624,500.0
2024-01-01 22:40:00,1.08624,1.08624,1.08616,1.08617,363.2
2024-01-01 22:45:00,1.08617,1.08621,1.08609,1.08611,398.0
2024-01-01 22:50:00,1.08611,1.08642,1.08603,1.0863,545.3
2024-01-01 22:55:00,1.0863,1.08656,1.08628,1.08652,468.8
2024-01-01 23:00:00,1.08652,1.08653,1.08644,1.08647,611.7
2024-01-01 23:05:00,1.08647,1.0865,1.08637,1.08644,492.6
2024-01-01 23:10:00,1.08644,1.08645,1.0863,1.08636,554.9
2024-01-01 23:15:00,1.08636,1.08642,1.08635,1.0864,480.9
2024-01-01 23:20:00,1.0864,1.08644,1.08632,1.08638,701.1
2024-01-01 23:25:00,1.08638,1.08642,1.08635,1.08638,398.5
2024-01-01 23:30:00,1.08638,1.08643,1.08632,1.08639,382.8
2024-01-01 23:35:00,1.08639,1.08643,1.08608,1.08619,494.0
2024-01-01 23:40:00,1.08619,1.08632,1.08612,1.08628,385.7
2024-01-01 23:45:00,1.08628,1.08646,1.08628,1.08644,658.4
2024-01-01 23:50:00,1.08644,1.08673,1.08644,1.08666,553.2
2024-01-01 23:55:00,1.08666,1.08675,1.08661,1.08672,507.9
2024-01-02 00:00:00,1.08672,1.08672,1.08663,1.08663,851.2
2024-01-02 00:05:00,1.08663,1.08664,1.08655,1.08656,565.6
2024-01-02 00:10:00,1.08656,1.08668,1.08651,1.08665,253.9
2024-01-02 00:15:00,1.08665,1.08668,1.08657,1.08657,347.7
2024-01-02 00:20:00,1.08657,1.08657,1.08651,1.08654,411.0
2024-01-02 00:25:00,1.08654,1.08663,1.08645,1.08651,742.7
2024-01-02 00:30:00,1.08651,1.08653,1.0863,1.08632,443.8
2024-01-02 00:35:00,1.08632,1.08632,1.08624,1.08624,487.7
2024-01-02 00:40:00,1.08624,1.08625,1.08603,1.08607,417.8
2024-01-02 00:45:00,1.08607,1.08613,1.08603,1.08609,425.5
2024-01-02 00:50:00,1.08609,1.08624,1.08603,1.08618,708.5
2024-01-02 00:55:00,1.08618,1.08619,1.08612,1.08616,295.0
2024-01-02 01:00:00,1.08616,1.08621,1.08614,1.08618,238.8
2024-01-02 01:05:00,1.08618,1.08618,1.08606,1.0861,648.5
2024-01-02 01:10:00,1.0861,1.08611,1.08605,1.0861,560.4
2024-01-02 01:15:00,1.0861,1.08613,1.08598,1.08607,495.1
2024-01-02 01:20:00,1.08607,1.08612,1.08586,1.08594,320.4
2024-01-02 01:25:00,1.08594,1.08607,1.08586,1.08606,598.0
2024-01-02 01:30:00,1.08606,1.08619,1.08602,1.08617,449.4
2024-01-02 01:35:00,1.08617,1.08623,1.08611,1.0862,681.9
2024-01-02 01:40:00,1.0862,1.08638,1.08616,1.0863,270.4
2024-01-02 01:45:00,1.0863,1.08632,1.08627,1.08629,636.7
2024-01-02 01:50:00,1.08629,1.08634,1.08618,1.08626,599.9
2024-01-02 01:55:00,1.08626,1.08633,1.0862,1.08628,551.2
2024-01-02 02:00:00,1.08628,1.08631,1.08603,1.08606,352.4
2024-01-02 02:05:00,1.08606,1.08614,1.08603,1.08607,329.8
2024-01-02 02:10:00,1.08607,1.08628,1.08601,1.08626,535.7
2024-01-02 02:15:00,1.08626,1.08633,1.08621,1.0863,426.9
2024-01-02 02:20:00,1.0863,1.08631,1.08617,1.08621,404.9
2024-01-02 02:25:00,1.08621,1.08625,1.08606,1.08624,393.7
2024-01-02 02:30:00,1.08624,1.08637,1.08624,1.08637,608.2
2024-01-02 02:35:00,1.08637,1.08652,1.08635,1.08645,409.9
2024-01-02 02:40:00,1.08645,1.08647,1.08637,1.0864,709.7
2024-01-02 02:45:00,1.0864,1.08649,1.08632,1.08644,524.7
2024-01-02 02:50:00,1.08644,1.0865,1.08623,1.0863,738.7
2024-01-02 02:55:00,1.0863,1.08637,1.08619,1.08623,757.3
2024-01-02 03:00:00,1.08623,1.08632,1.08622,1.08632,512.8
2024-01-02 03:05:00,1.08632,1.08636,1.08631,1.08633,741.4
2024-01-02 03:10:00,1.08633,1.08635,1.08613,1.08618,528.1
2024-01-02 03:15:00,1.08618,1.08626,1.08614,1.08625,261.5
2024-01-02 03:20:00,1.08625,1.08639,1.08622,1.08635,527.4
2024-01-02 03:25:00,1.08635,1.0864,1.08611,1.08612,733.1
2024-01-02 03:30:00,1.08612,1.08616,1.08605,1.08615,714.7
2024-01-02 03:35:00,1.08615,1.08631,1.08614,1.08631,257.1
2024-01-02 03:40:00,1.08631,1.08654,1.08627,1.08639,689.6
2024-01-02 03:45:00,1.08639,1.08649,1.08632,1.08644,314.8
2024-01-02 03:50:00,1.08644,1.08645,1.08637,1.08642,562.4
2024-01-02 03:55:00,1.08642,1.0865,1.08635,1.08645,509.2
2024-01-02 04:00:00,1.08645,1.08653,1.08632,1.08639,426.5
2024-01-02 04:05:00,1.08639,1.08646,1.08614,1.08622,527.3
2024-01-02 04:10:00,1.08622,1.08637,1.08614,1.08626,398.1
2024-01-02 04:15:00,1.08626,1.08635,1.08624,1.08634,756.4
2024-01-02 04:20:00,1.08634,1.08641,1.08624,1.08631,550.4
2024-01-02 04:25:00,1.08631,1.08641,1.08626,1.08634,580.2
2024-01-02 04:30:00,1.08634,1.08643,1.08631,1.08639,585.8
2024-01-02 04:35:00,1.08639,1.08641,1.08621,1.08623,414.0
2024-01-02 04:40:00,1.08623,1.08625,1.086,1.08604,737.1
2024-01-02 04:45:00,1.08604,1.08618,1.08578,1.08584,643.5
2024-01-02 04:50:00,1.08584,1.08601,1.08583,1.08595,325.8
2024-01-02 04:55:00,1.08595,1.08605,1.08582,1.08601,924.3
2024-01-02 05:00:00,1.08601,1.08617,1.08596,1.08607,720.1
2024-01-02 05:05:00,1.08607,1.0863,1.08607,1.08622,319.6
2024-01-02 05:10:00,1.08622,1.08633,1.08611,1.0862,513.8
2024-01-02 05:15:00,1.0862,1.08621,1.0861,1.08611,789.6
2024-01-02 05:20:00,1.08611,1.08623,1.08605,1.08623,383.0
2024-01-02 05:25:00,1.08623,1.08628,1.08613,1.0862,458.2
2024-01-02 05:30:00,1.0862,1.0862,1.08599,1.08608,387.2
2024-01-02 05:35:00,1.08608,1.08615,1.08602,1.0861,314.6
2024-01-02 05:40:00,1.0861,1.08636,1.08607,1.08623,392.6
2024-01-02 05:45:00,1.08623,1.08631,1.08619,1.08629,543.6
2024-01-02 05:50:00,1.08629,1.08635,1.08626,1.08632,439.3
2024-01-02 05:55:00,1.08632,1.08634,1.08609,1.08616,478.3
2024-01-02 06:00:00,1.08616,1.08617,1.08605,1.08608,287.0
2024-01-02 06:05:00,1.08608,1.08613,1.08596,1.086,756.0
2024-01-02 06:10:00,1.086,1.0861,1.08592,1.08608,272.9
2024-01-02 06:15:00,1.08608,1.08625,1.08593,1.08622,897.6
2024-01-02 06:20:00,1.08622,1.08641,1.08621,1.08636,467.8
2024-01-02 06:25:00,1.08636,1.08645,1.08632,1.08637,570.2
2024-01-02 06:30:00,1.08637,1.08645,1.08636,1.08639,852.4
2024-01-02 06:35:00,1.08639,1.0864,1.08622,1.08632,312.0
2024-01-02 06:40:00,1.08632,1.08649,1.08629,1.08644,490.7
2024-01-02 06:45:00,1.08644,1.08646,1.08632,1.08635,426.9
2024-01-02 06:50:00,1.08635,1.08645,1.08632,1.08642,363.9
2024-01-02 06:55:00,1.08642,1.08645,1.08636,1.08644,898.3
2024-01-02 07:00:00,1.08644,1.08652,1.08643,1.08652,371.5
2024-01-02 07:05:00,1.08652,1.08657,1.08641,1.08644,435.9
2024-01-02 07:10:00,1.08644,1.08652,1.08642,1.0865,317.3
2024-01-02 07:15:00,1.0865,1.08668,1.08641,1.08665,619.5
2024-01-02 07:20:00,1.08665,1.0868,1.08661,1.08678,905.8
2024-01-02 07:25:00,1.08678,1.08685,1.08658,1.08667,563.2
2024-01-02 07:30:00,1.08667,1.08681,1.08664,1.08674,562.6
2024-01-02 07:35:00,1.08674,1.08678,1.08663,1.08666,478.1
2024-01-02 07:40:00,1.08666,1.0867,1.08658,1.08668,804.0
2024-01-02 07:45:00,1.08668,1.08682,1.08666,1.08678,486.3
2024-01-02 07:50:00,1.08678,1.08686,1.08669,1.08683,613.9
2024-01-02 07:55:00,1.08683,1.0872,1.08678,1.0871,556.8
2024-01-02 08:00:00,1.0871,1.08718,1.08703,1.08709,525.1
2024-01-02 08:05:00,1.08709,1.08724,1.08707,1.08723,517.7
2024-01-02 08:10:00,1.08723,1.08731,1.08714,1.08719,634.5
2024-01-02 08:15:00,1.08719,1.08722,1.08706,1.08707,101.7
2024-01-02 08:20:00,1.08707,1.08713,1.08705,1.08707,737.2
2024-01-02 08:25:00,1.08707,1.08713,1.08689,1.08697,517.9
2024-01-02 08:30:00,1.08697,1.08713,1.08692,1.08711,489.8
2024-01-02 08:35:00,1.08711,1.08728,1.08711,1.08722,507.5
2024-01-02 08:40:00,1.08722,1.08726,1.08711,1.08721,501.1
2024-01-02 08:45:00,1.08721,1.08724,1.08707,1.08711,598.9
2024-01-02 08:50:00,1.08711,1.08715,1.08709,1.0871,241.9
2024-01-02 08:55:00,1.0871,1.08714,1.08695,1.08697,557.8
2024-01-02 09:00:00,1.08697,1.08712,1.08697,1.08709,828.2
2024-01-02 09:05:00,1.08709,1.08717,1.08705,1.08715,562.9
2024-01-02 09:10:00,1.08715,1.08715,1.08706,1.08707,196.8
2024-01-02 09:15:00,1.08707,1.08709,1.08703,1.08705,246.3
2024-01-02 09:20:00,1.08705,1.08706,1.08702,1.08702,324.9
2024-01-02 09:25:00,1.08702,1.08715,1.08701,1.08708,701.2
2024-01-02 09:30:00,1.08708,1.08711,1.08696,1.08702,440.8
2024-01-02 09:35:00,1.08702,1.08703,1.08693,1.08699,160.3
2024-01-02 09:40:00,1.08699,1.08704,1.08685,1.08691,368.3
2024-01-02 09:45:00,1.08691,1.08693,1.08678,1.08683,518.8
2024-01-02 09:50:00,1.08683,1.08691,1.08683,1.08687,751.6
2024-01-02 09:55:00,1.08687,1.08694,1.08687,1.0869,359.3
2024-01-02 10:00:00,1.0869,1.08697,1.08686,1.08693,467.9
2024-01-02 10:05:00,1.08693,1.08706,1.08692,1.08703,343.1
2024-01-02 10:10:00,1.08703,1.08706,1.08684,1.08695,438.6
2024-01-02 10:15:00,1.08695,1.08698,1.0869,1.08691,598.4
2024-01-02 10:20:00,1.08691,1.08703,1.08689,1.08692,717.1
2024-01-02 10:25:00,1.08692,1.08698,1.08684,1.08695,480.9
2024-01-02 10:30:00,1.08695,1.08696,1.08682,1.08694,632.1
2024-01-02 10:35:00,1.08694,1.08696,1.08689,1.08691,465.8
2024-01-02 10:40:00,1.08691,1.08701,1.08686,1.08694,543.6
2024-01-02 10:45:00,1.08694,1.08698,1.08691,1.08696,374.8
2024-01-02 10:50:00,1.08696,1.08702,1.08689,1.08695,728.5
2024-01-02 10:55:00,1.08695,1.08705,1.08691,1.08703,280.1
2024-01-02 11:00:00,1.08703,1.0871,1.08685,1.08687,451.2
2024-01-02 11:05:00,1.08687,1.08688,1.08671,1.08682,574.3
2024-01-02 11:10:00,1.08682,1.08686,1.08667,1.0867,326.6
2024-01-02 11:15:00,1.0867,1.08675,1.08657,1.08657,588.5
2024-01-02 11:20:00,1.08657,1.08668,1.08653,1.08662,361.9
2024-01-02 11:25:00,1.08662,1.08677,1.08656,1.08666,427.3
2024-01-02 11:30:00,1.08666,1.08668,1.08654,1.08659,551.4
2024-01-02 11:35:00,1.08659,1.0867,1.08653,1.08669,686.8
2024-01-02 11:40:00,1.08669,1.08677,1.08667,1.08668,513.0
2024-01-02 11:45:00,1.08668,1.0867,1.08655,1.0866,303.1
2024-01-02 11:50:00,1.0866,1.08667,1.08658,1.08666,169.0
2024-01-02 11:55:00,1.08666,1.08669,1.0866,1.08665,513.5
2024-01-02 12:00:00,1.08665,1.08668,1.0864,1.08643,630.7
2024-01-02 12:05:00,1.08643,1.08647,1.08625,1.08627,621.1
2024-01-02 12:10:00,1.08627,1.0863,1.08606,1.08618,375.5
2024-01-02 12:15:00,1.08618,1.0862,1.08606,1.08612,678.6
2024-01-02 12:20:00,1.08612,1.08631,1.08603,1.08627,675.8
2024-01-02 12:25:00,1.08627,1.08642,1.08621,1.08637,369.9
2024-01-02 12:30:00,1.08637,1.08645,1.08628,1.08636,647.2
2024-01-02 12:35:00,1.08636,1.08648,1.08629,1.0863,403.9
2024-01-02 12:40:00,1.0863,1.08647,1.08627,1.08637,317.4
2024-01-02 12:45:00,1.08637,1.08648,1.08634,1.0864,384.0
2024-01-02 12:50:00,1.0864,1.0865,1.08634,1.0865,443.0
2024-01-02 12:55:00,1.0865,1.08651,1.08642,1.08643,672.6
2024-01-02 13:00:00,1.08643,1.08658,1.08641,1.08649,634.5
2024-01-02 13:05:00,1.08649,1.08659,1.08646,1.08653,357.4
2024-01-02 13:10:00,1.08653,1.08667,1.08642,1.08662,653.8
2024-01-02 13:15:00,1.08662,1.08663,1.08648,1.08655,301.2
2024-01-02 13:20:00,1.08655,1.08657,1.08643,1.08645,155.3
2024-01-02 13:25:00,1.08645,1.08658,1.08639,1.08651,601.7
2024-01-02 13:30:00,1.08651,1.0866,1.08641,1.08651,370.9
2024-01-02 13:35:00,1.08651,1.08654,1.08643,1.08653,431.6
2024-01-02 13:40:00,1.08653,1.08666,1.08647,1.08662,385.6
2024-01-02 13:45:00,1.08662,1.08672,1.08657,1.08659,516.5
2024-01-02 13:50:00,1.08659,1.08681,1.08654,1.08679,610.2
2024-01-02 13:55:00,1.08679,1.08685,1.08662,1.08668,414.1
2024-01-02 14:00:00,1.08668,1.08669,1.08663,1.08663,353.3
2024-01-02 14:05:00,1.08663,1.08679,1.0866,1.08668,439.4
2024-01-02 14:10:00,1.08668,1.08669,1.08659,1.08665,588.3
2024-01-02 14:15:00,1.08665,1.08669,1.08656,1.08664,322.5
2024-01-02 14:20:00,1.08664,1.08672,1.08663,1.08667,659.3
2024-01-02 14:25:00,1.08667,1.08685,1.08665,1.08676,337.2
2024-01-02 14:30:00,1.08676,1.08687,1.0867,1.08685,501.7
2024-01-02 14:35:00,1.08685,1.08701,1.08682,1.08696,575.5
2024-01-02 14:40:00,1.08696,1.08701,1.08695,1.087,648.5
2024-01-02 14:45:00,1.087,1.08709,1.08695,1.08695,647.8
2024-01-02 14:50:00,1.08695,1.08697,1.08683,1.08694,453.6
2024-01-02 14:55:00,1.08694,1.08698,1.08681,1.08683,823.3
2024-01-02 15:00:00,1.08683,1.0869,1.08677,1.08685,552.9
2024-01-02 15:05:00,1.08685,1.08701,1.08681,1.08691,590.5
2024-01-02 15:10:00,1.08691,1.08699,1.08691,1.08693,460.5
2024-01-02 15:15:00,1.08693,1.08697,1.0867,1.08673,434.2
2024-01-02 15:20:00,1.08673,1.08681,1.08659,1.08661,652.5
2024-01-02 15:25:00,1.08661,1.08676,1.08656,1.08673,463.8
2024-01-02 15:30:00,1.08673,1.08674,1.08673,1.08673,667.1
2024-01-02 15:35:00,1.08673,1.08675,1.08671,1.08674,551.2
2024-01-02 15:40:00,1.08674,1.08676,1.08665,1.08666,415.1
2024-01-02 15:45:00,1.08666,1.08669,1.08654,1.08665,699.4
2024-01-02 15:50:00,1.08665,1.08669,1.08653,1.08669,548.4
2024-01-02 15:55:00,1.08669,1.0867,1.08666,1.08668,711.5
2024-01-02 16:00:00,1.08668,1.08679,1.08663,1.08668,604.1
2024-01-02 16:05:00,1.08668,1.08678,1.08657,1.08659,491.3
2024-01-02 16:10:00,1.08659,1.08674,1.08653,1.08667,448.1
2024-01-02 16:15:00,1.08667,1.08668,1.08654,1.08654,447.7
2024-01-02 16:20:00,1.08654,1.08657,1.08644,1.08648,579.3
2024-01-02 16:25:00,1.08648,1.08672,1.08648,1.08662,437.3
2024-01-02 16:30:00,1.08662,1.08672,1.08661,1.08666,344.1
2024-01-02 16:35:00,1.08666,1.08673,1.08666,1.08673,555.5
2024-01-02 16:40:00,1.08673,1.08681,1.08667,1.0867,543.2
2024-01-02 16:45:00,1.0867,1.08676,1.08662,1.08669,336.2
2024-01-02 16:50:00,1.08669,1.08677,1.08654,1.08662,389.2
2024-01-02 16:55:00,1.08662,1.08665,1.08649,1.08651,262.4
2024-01-02 17:00:00,1.08651,1.08659,1.08645,1.08652,637.4
2024-01-02 17:05:00,1.08652,1.08652,1.08642,1.08646,622.0
2024-01-02 17:10:00,1.08646,1.08646,1.08638,1.08643,762.1
2024-01-02 17:15:00,1.08643,1.08654,1.08642,1.08648,607.0
2024-01-02 17:20:00,1.08648,1.08663,1.08641,1.08653,419.1
2024-01-02 17:25:00,1.08653,1.0866,1.08651,1.08652,522.7
2024-01-02 17:30:00,1.08652,1.08677,1.08641,1.08676,399.2
2024-01-02 17:35:00,1.08676,1.08684,1.08672,1.08677,445.2
2024-01-02 17:40:00,1.08677,1.08683,1.08671,1.08676,419.1
2024-01-02 17:45:00,1.08676,1.08684,1.08665,1.0867,597.8
2024-01-02 17:50:00,1.0867,1.08671,1.08649,1.08654,443.4
2024-01-02 17:55:00,1.08654,1.08663,1.08646,1.08656,665.2
2024-01-02 18:00:00,1.08656,1.08669,1.0865,1.08659,646.5
2024-01-02 18:05:00,1.08659,1.08678,1.08651,1.08676,408.8
2024-01-02 18:10:00,1.08676,1.08676,1.08672,1.08674,270.7
2024-01-02 18:15:00,1.08674,1.08692,1.08667,1.08684,296.7
2024-01-02 18:20:00,1.08684,1.08692,1.08669,1.08688,621.3
2024-01-02 18:25:00,1.08688,1.08692,1.08675,1.08689,520.8
2024-01-02 18:30:00,1.08689,1.0869,1.08675,1.08681,385.7
2024-01-02 18:35:00,1.08681,1.08689,1.08679,1.08685,750.3
2024-01-02 18:40:00,1.08685,1.08699,1.08682,1.08694,572.6
2024-01-02 18:45:00,1.08694,1.08709,1.08683,1.08709,357.3
2024-01-02 18:50:00,1.08709,1.08718,1.08705,1.08707,577.8
2024-01-02 18:55:00,1.08707,1.08726,1.08707,1.08722,446.1
2024-01-02 19:00:00,1.08722,1.08729,1.08714,1.08714,240.2
2024-01-02 19:05:00,1.08714,1.08715,1.0871,1.08715,348.4
2024-01-02 19:10:00,1.08715,1.08727,1.08693,1.08701,733.7
2024-01-02 19:15:00,1.08701,1.08709,1.08694,1.08707,656.4
2024-01-02 19:20:00,1.08707,1.08731,1.08705,1.08725,657.7
2024-01-02 19:25:00,1.08725,1.08741,1.08721,1.08728,581.3
2024-01-02 19:30:00,1.08728,1.08741,1.08711,1.08716,168.8
2024-01-02 19:35:00,1.08716,1.08716,1.08702,1.08714,449.2
2024-01-02 19:40:00,1.08714,1.08718,1.08704,1.08714,490.5
2024-01-02 19:45:00,1.08714,1.08728,1.08712,1.08725,511.6
2024-01-02 19:50:00,1.08725,1.08731,1.08717,1.08725,292.2
2024-01-02 19:55:00,1.08725,1.08743,1.08725,1.08737,385.2
2024-01-02 20:00:00,1.08737,1.0874,1.0873,1.08735,543.0
2024-01-02 20:05:00,1.08735,1.08749,1.08733,1.08745,264.7
2024-01-02 20:10:00,1.08745,1.08754,1.08743,1.08753,674.2
2024-01-02 20:15:00,1.08753,1.08778,1.08753,1.0876,281.7
2024-01-02 20:20:00,1.0876,1.08787,1.08757,1.08771,511.2
2024-01-02 20:25:00,1.08771,1.08773,1.08765,1.08769,693.1
2024-01-02 20:30:00,1.08769,1.08778,1.08753,1.08758,541.6
2024-01-02 20:35:00,1.08758,1.08775,1.08753,1.0877,394.7
2024-01-02 20:40:00,1.0877,1.08771,1.08758,1.08766,306.2
2024-01-02 20:45:00,1.08766,1.08774,1.08762,1.0877,569.9
2024-01-02 20:50:00,1.0877,1.08789,1.08765,1.08786,584.5
2024-01-02 20:55:00,1.08786,1.08816,1.08778,1.08804,460.8
2024-01-02 21:00:00,1.08804,1.08811,1.0879,1.08802,442.7
2024-01-02 21:05:00,1.08802,1.08805,1.08785,1.08795,714.7
2024-01-02 21:10:00,1.08795,1.08799,1.0879,1.08797,381.9
2024-01-02 21:15:00,1.08797,1.08801,1.08786,1.08786,473.4
2024-01-02 21:20:00,1.08786,1.08787,1.08766,1.08771,524.0
2024-01-02 21:25:00,1.08771,1.08794,1.08769,1.0879,256.3
2024-01-02 21:30:00,1.0879,1.08801,1.08771,1.08776,385.2
2024-01-02 21:35:00,1.08776,1.0878,1.08775,1.08776,710.3
2024-01-02 21:40:00,1.08776,1.08778,1.08764,1.08769,631.2
2024-01-02 21:45:00,1.08769,1.08776,1.0875,1.08759,288.7
2024-01-02 21:50:00,1.08759,1.08779,1.08753,1.08764,642.7
2024-01-02 21:55:00,1.08764,1.08773,1.08762,1.08766,465.1
2024-01-02 22:00:00,1.08766,1.08778,1.08747,1.08759,557.2
2024-01-02 22:05:00,1.08759,1.08766,1.08758,1.08762,631.6
2024-01-02 22:10:00,1.08762,1.08767,1.08758,1.08764,195.2
2024-01-02 22:15:00,1.08764,1.08793,1.08758,1.08779,652.0
2024-01-02 22:20:00,1.08779,1.0878,1.0876,1.08765,411.9
2024-01-02 22:25:00,1.08765,1.0878,1.08764,1.08775,213.7
2024-01-02 22:30:00,1.08775,1.08775,1.08769,1.08773,392.0
2024-01-02 22:35:00,1.08773,1.088,1.08767,1.08793,378.6
2024-01-02 22:40:00,1.08793,1.08818,1.0879,1.08805,392.4
2024-01-02 22:45:00,1.08805,1.08812,1.08795,1.08801,717.9
2024-01-02 22:50:00,1.08801,1.08816,1.08797,1.08815,612.5
2024-01-02 22:55:00,1.08815,1.08838,1.08808,1.08831,443.7
2024-01-02 23:00:00,1.08831,1.08832,1.08822,1.08823,351.9
2024-01-02 23:05:00,1.08823,1.08829,1.08798,1.08807,794.4
2024-01-02 23:10:00,1.08807,1.08821,1.08804,1.08813,488.4
2024-01-02 23:15:00,1.08813,1.08823,1.08807,1.08816,514.6
2024-01-02 23:20:00,1.08816,1.08823,1.08811,1.08813,460.5
2024-01-02 23:25:00,1.08813,1.08824,1.08811,1.08824,519.2
2024-01-02 23:30:00,1.08824,1.08828,1.08819,1.08822,612.4
2024-01-02 23:35:00,1.08822,1.08836,1.08811,1.08829,441.0
2024-01-02 23:40:00,1.08829,1.0883,1.08821,1.08824,423.0
2024-01-02 23:45:00,1.08824,1.08833,1.08817,1.08832,700.2
2024-01-02 23:50:00,1.08832,1.08846,1.08827,1.08843,389.7
2024-01-02 23:55:00,1.08843,1.08856,1.08838,1.08854,444.0
2024-01-03 00:00:00,1.08854,1.08855,1.08845,1.08846,505.4
2024-01-03 00:05:00,1.08846,1.08869,1.0884,1.08841,215.6
2024-01-03 00:10:00,1.08841,1.0885,1.08839,1.08843,441.6
2024-01-03 00:15:00,1.08843,1.08844,1.08838,1.08841,412.4
2024-01-03 00:20:00,1.08841,1.08849,1.08832,1.08832,643.4
2024-01-03 00:25:00,1.08832,1.08832,1.08828,1.08829,569.4
2024-01-03 00:30:00,1.08829,1.08839,1.08825,1.08838,383.0
2024-01-03 00:35:00,1.08838,1.08857,1.08836,1.08855,719.8
2024-01-03 00:40:00,1.08855,1.08869,1.08852,1.08866,853.0
2024-01-03 00:45:00,1.08866,1.08873,1.08865,1.0887,287.9
2024-01-03 00:50:00,1.0887,1.08873,1.08854,1.08856,464.0
2024-01-03 00:55:00,1.08856,1.08865,1.08842,1.08844,281.6
2024-01-03 01:00:00,1.08844,1.08861,1.08827,1.08853,631.7
2024-01-03 01:05:00,1.08853,1.08859,1.08826,1.08847,410.8
2024-01-03 01:10:00,1.08847,1.08853,1.08842,1.08846,588.3
2024-01-03 01:15:00,1.08846,1.08852,1.08837,1.08848,340.3
2024-01-03 01:20:00,1.08848,1.08856,1.08833,1.08843,694.5
2024-01-03 01:25:00,1.08843,1.08858,1.08842,1.08851,464.8
2024-01-03 01:30:00,1.08851,1.08853,1.08848,1.08852,440.8
2024-01-03 01:35:00,1.08852,1.08862,1.0885,1.0886,483.2
2024-01-03 01:40:00,1.0886,1.08865,1.08854,1.08856,544.2
2024-01-03 01:45:00,1.08856,1.08865,1.08846,1.08852,341.3
2024-01-03 01:50:00,1.08852,1.08861,1.08842,1.08859,358.3
2024-01-03 01:55:00,1.08859,1.08864,1.08846,1.08854,611.0
2024-01-03 02:00:00,1.08854,1.08856,1.08848,1.08851,545.8
2024-01-03 02:05:00,1.08851,1.08851,1.0884,1.08843,506.8
2024-01-03 02:10:00,1.08843,1.0885,1.08838,1.08839,551.7
2024-01-03 02:15:00,1.08839,1.08843,1.08833,1.08836,872.3
2024-01-03 02:20:00,1.08836,1.08838,1.0883,1.08833,115.0
2024-01-03 02:25:00,1.08833,1.08838,1.08824,1.08834,461.9
2024-01-03 02:30:00,1.08834,1.08835,1.08825,1.08826,416.0
2024-01-03 02:35:00,1.08826,1.08834,1.08824,1.08826,616.4
2024-01-03 02:40:00,1.08826,1.0885,1.08824,1.08846,677.6
2024-01-03 02:45:00,1.08846,1.08867,1.08839,1.08856,482.3
2024-01-03 02:50:00,1.08856,1.0886,1.08854,1.08859,530.0
2024-01-03 02:55:00,1.08859,1.08872,1.08847,1.08851,196.1
2024-01-03 03:00:00,1.08851,1.08852,1.08841,1.08852,603.2
2024-01-03 03:05:00,1.08852,1.08861,1.08841,1.08861,780.7
2024-01-03 03:10:00,1.08861,1.08867,1.08845,1.08848,562.7
2024-01-03 03:15:00,1.08848,1.08862,1.08844,1.08858,376.0
2024-01-03 03:20:00,1.08858,1.08858,1.08841,1.0885,343.1
2024-01-03 03:25:00,1.0885,1.08856,1.08848,1.08856,216.6
2024-01-03 03:30:00,1.08856,1.08859,1.08848,1.08848,412.1
2024-01-03 03:35:00,1.08848,1.08858,1.08848,1.08857,502.0
2024-01-03 03:40:00,1.08857,1.08868,1.08851,1.08865,569.0
2024-01-03 03:45:00,1.08865,1.08867,1.08862,1.08866,652.3
2024-01-03 03:50:00,1.08866,1.08878,1.08861,1.08876,517.8
2024-01-03 03:55:00,1.08876,1.08889,1.08863,1.08889,700.7
2024-01-03 04:00:00,1.08889,1.08897,1.08888,1.0889,367.4
2024-01-03 04:05:00,1.0889,1.08915,1.0888,1.08912,581.9
2024-01-03 04:10:00,1.08912,1.08924,1.08901,1.08908,162.9
2024-01-03 04:15:00,1.08908,1.08911,1.08905,1.08908,178.8
2024-01-03 04:20:00,1.08908,1.08923,1.08897,1.08913,675.7
2024-01-03 04:25:00,1.08913,1.08927,1.08904,1.08907,471.8
2024-01-03 04:30:00,1.08907,1.08922,1.08903,1.08918,606.5
2024-01-03 04:35:00,1.08918,1.08929,1.08901,1.08913,447.6
2024-01-03 04:40:00,1.08913,1.08915,1.08897,1.08907,297.0
2024-01-03 04:45:00,1.08907,1.0891,1.08901,1.08902,668.4
2024-01-03 04:50:00,1.08902,1.08905,1.08893,1.08897,337.4
2024-01-03 04:55:00,1.08897,1.08905,1.0889,1.08899,568.3
2024-01-03 05:00:00,1.08899,1.08908,1.08898,1.08899,384.9
2024-01-03 05:05:00,1.08899,1.08907,1.08894,1.08907,638.8
2024-01-03 05:10:00,1.08907,1.08918,1.08899,1.08914,455.2
2024-01-03 05:15:00,1.08914,1.08915,1.08906,1.08911,433.8
2024-01-03 05:20:00,1.08911,1.0892,1.089,1.08909,461.2
2024-01-03 05:25:00,1.08909,1.08926,1.08907,1.08926,632.5
2024-01-03 05:30:00,1.08926,1.08944,1.08924,1.08929,320.4
2024-01-03 05:35:00,1.08929,1.08945,1.08927,1.08942,51.2
2024-01-03 05:40:00,1.08942,1.08958,1.08937,1.08953,646.8
2024-01-03 05:45:00,1.08953,1.0897,1.08947,1.0897,388.4
2024-01-03 05:50:00,1.0897,1.08977,1.08964,1.08966,300.0
2024-01-03 05:55:00,1.08966,1.08971,1.08961,1.0897,565.1
2024-01-03 06:00:00,1.0897,1.0898,1.08959,1.08966,765.4
2024-01-03 06:05:00,1.08966,1.08967,1.08947,1.0895,595.9
2024-01-03 06:10:00,1.0895,1.08952,1.08937,1.08938,620.0
2024-01-03 06:15:00,1.08938,1.08945,1.08925,1.08931,665.8
2024-01-03 06:20:00,1.08931,1.08939,1.08929,1.08935,516.4
2024-01-03 06:25:00,1.08935,1.08951,1.08934,1.08943,476.1
2024-01-03 06:30:00,1.08943,1.08945,1.08932,1.08932,438.4
2024-01-03 06:35:00,1.08932,1.08945,1.08932,1.08936,564.7
2024-01-03 06:40:00,1.08936,1.08946,1.08929,1.08939,273.8
2024-01-03 06:45:00,1.08939,1.08944,1.08926,1.08942,592.5
2024-01-03 06:50:00,1.08942,1.08947,1.08927,1.08932,277.1
2024-01-03 06:55:00,1.08932,1.08961,1.08928,1.08959,584.5
2024-01-03 07:00:00,1.08959,1.0898,1.08952,1.08978,345.9
2024-01-03 07:05:00,1.08978,1.08987,1.08955,1.08964,576.6
2024-01-03 07:10:00,1.08964,1.08967,1.08959,1.08966,730.8
2024-01-03 07:15:00,1.08966,1.08976,1.08964,1.08973,657.2
2024-01-03 07:20:00,1.08973,1.08983,1.08966,1.08978,576.5
2024-01-03 07:25:00,1.08978,1.09004,1.08977,1.09001,633.8
2024-01-03 07:30:00,1.09001,1.09014,1.08991,1.09011,575.3
2024-01-03 07:35:00,1.09011,1.09016,1.08995,1.08998,455.6
2024-01-03 07:40:00,1.08998,1.09026,1.08994,1.09007,608.4
2024-01-03 07:45:00,1.09007,1.09011,1.08991,1.08997,420.1
2024-01-03 07:50:00,1.08997,1.09002,1.08985,1.08986,349.9
2024-01-03 07:55:00,1.08986,1.08995,1.08969,1.08972,509.0
2024-01-03 08:00:00,1.08972,1.08989,1.08969,1.08982,600.5
2024-01-03 08:05:00,1.08982,1.08996,1.0896,1.08967,467.7
2024-01-03 08:10:00,1.08967,1.0897,1.08944,1.08955,383.1
2024-01-03 08:15:00,1.08955,1.08963,1.08952,1.08963,642.6
2024-01-03 08:20:00,1.08963,1.08965,1.08949,1.08952,372.9
2024-01-03 08:25:00,1.08952,1.08963,1.0894,1.08957,412.3
2024-01-03 08:30:00,1.08957,1.08984,1.08953,1.08978,320.1
2024-01-03 08:35:00,1.08978,1.08979,1.0896,1.08964,308.9
2024-01-03 08:40:00,1.08964,1.08981,1.08963,1.08976,557.0
2024-01-03 08:45:00,1.08976,1.08993,1.08966,1.08982,584.3
2024-01-03 08:50:00,1.08982,1.08988,1.08967,1.08978,295.8
2024-01-03 08:55:00,1.08978,1.08985,1.08971,1.08983,421.0
2024-01-03 09:00:00,1.08983,1.09002,1.0898,1.08999,702.6
2024-01-03 09:05:00,1.08999,1.09004,1.08996,1.09004,267.1
2024-01-03 09:10:00,1.09004,1.09007,1.08991,1.08992,553.4
2024-01-03 09:15:00,1.08992,1.08999,1.08991,1.08998,348.9
2024-01-03 09:20:00,1.08998,1.09001,1.0897,1.08976,402.1
2024-01-03 09:25:00,1.08976,1.08983,1.08966,1.08973,485.0
2024-01-03 09:30:00,1.08973,1.08978,1.0897,1.08974,467.1
2024-01-03 09:35:00,1.08974,1.08974,1.08952,1.08963,398.8
2024-01-03 09:40:00,1.08963,1.08984,1.08954,1.08975,376.6
2024-01-03 09:45:00,1.08975,1.08997,1.08974,1.08996,465.4
2024-01-03 09:50:00,1.08996,1.09003,1.08995,1.09002,692.5
2024-01-03 09:55:00,1.09002,1.09009,1.0899,1.08995,605.5
2024-01-03 10:00:00,1.08995,1.09013,1.08988,1.09006,572.3
2024-01-03 10:05:00,1.09006,1.09032,1.09005,1.09024,458.4
2024-01-03 10:10:00,1.09024,1.09029,1.09001,1.09008,429.7
2024-01-03 10:15:00,1.09008,1.09013,1.08995,1.09001,648.0
2024-01-03 10:20:00,1.09001,1.09001,1.08986,1.08992,401.6
2024-01-03 10:25:00,1.08992,1.08998,1.08975,1.08985,327.2
2024-01-03 10:30:00,1.08985,1.08994,1.08952,1.08958,479.3
2024-01-03 10:35:00,1.08958,1.08965,1.08954,1.08964,523.0
2024-01-03 10:40:00,1.08964,1.08965,1.0895,1.08954,902.1
2024-01-03 10:45:00,1.08954,1.08968,1.08948,1.08963,434.3
2024-01-03 10:50:00,1.08963,1.08967,1.08941,1.08946,632.6
2024-01-03 10:55:00,1.08946,1.08951,1.08933,1.08941,323.5
2024-01-03 11:00:00,1.08941,1.08943,1.08934,1.08941,405.6
2024-01-03 11:05:00,1.08941,1.08953,1.08941,1.08952,198.8
2024-01-03 11:10:00,1.08952,1.08956,1.0893,1.08938,531.0
2024-01-03 11:15:00,1.08938,1.08949,1.08936,1.08946,400.6
2024-01-03 11:20:00,1.08946,1.08958,1.08945,1.08956,450.7
2024-01-03 11:25:00,1.08956,1.08964,1.08951,1.08962,757.4
2024-01-03 11:30:00,1.08962,1.08965,1.08953,1.08965,653.6
2024-01-03 11:35:00,1.08965,1.08968,1.08957,1.08964,403.9
2024-01-03 11:40:00,1.08964,1.08971,1.08929,1.0894,602.2
2024-01-03 11:45:00,1.0894,1.08947,1.08931,1.08932,540.0
2024-01-03 11:50:00,1.08932,1.08949,1.0893,1.08938,632.2
2024-01-03 11:55:00,1.08938,1.08943,1.08931,1.08932,430.5
2024-01-03 12:00:00,1.08932,1.08932,1.0893,1.08931,560.2
2024-01-03 12:05:00,1.08931,1.08936,1.08921,1.08926,245.5
2024-01-03 12:10:00,1.08926,1.08935,1.08903,1.08919,396.0
2024-01-03 12:15:00,1.08919,1.08937,1.08903,1.08927,111.7
2024-01-03 12:20:00,1.08927,1.08951,1.08921,1.08941,466.8
2024-01-03 12:25:00,1.08941,1.08951,1.08936,1.08945,332.0
2024-01-03 12:30:00,1.08945,1.08951,1.08935,1.08942,445.4
2024-01-03 12:35:00,1.08942,1.08952,1.08935,1.08944,551.1
2024-01-03 12:40:00,1.08944,1.08944,1.08923,1.08928,401.4
2024-01-03 12:45:00,1.08928,1.08933,1.08922,1.08929,394.3
2024-01-03 12:50:00,1.08929,1.08939,1.08924,1.08939,418.8
2024-01-03 12:55:00,1.08939,1.08946,1.0893,1.08934,640.7
2024-01-03 13:00:00,1.08934,1.08964,1.08932,1.08956,468.4
2024-01-03 13:05:00,1.08956,1.0896,1.08947,1.0896,641.6
2024-01-03 13:10:00,1.0896,1.08964,1.08943,1.08951,546.2
2024-01-03 13:15:00,1.08951,1.08959,1.08946,1.08949,458.0
2024-01-03 13:20:00,1.08949,1.08961,1.08939,1.08944,318.6
2024-01-03 13:25:00,1.08944,1.08949,1.08934,1.08938,489.7
2024-01-03 13:30:00,1.08938,1.08949,1.08938,1.08938,278.6
2024-01-03 13:35:00,1.08938,1.08944,1.08938,1.08942,806.5
2024-01-03 13:40:00,1.08942,1.08951,1.08941,1.08947,471.1
2024-01-03 13:45:00,1.08947,1.08964,1.08939,1.08957,658.2
2024-01-03 13:50:00,1.08957,1.08968,1.08954,1.08962,313.4
2024-01-03 13:55:00,1.08962,1.08974,1.08949,1.0895,287.4
2024-01-03 14:00:00,1.0895,1.08956,1.08939,1.08954,156.5
2024-01-03 14:05:00,1.08954,1.08955,1.08937,1.08937,462.6
2024-01-03 14:10:00,1.08937,1.08944,1.08924,1.0894,454.8
2024-01-03 14:15:00,1.0894,1.08948,1.08928,1.08932,481.6
2024-01-03 14:20:00,1.08932,1.08941,1.08926,1.08929,802.4
2024-01-03 14:25:00,1.08929,1.08939,1.08916,1.08918,589.5
2024-01-03 14:30:00,1.08918,1.0893,1.08912,1.08923,382.2
2024-01-03 14:35:00,1.08923,1.08926,1.0891,1.08911,607.1
2024-01-03 14:40:00,1.08911,1.08918,1.08905,1.08917,512.2
2024-01-03 14:45:00,1.08917,1.08935,1.08908,1.08927,616.4
2024-01-03 14:50:00,1.08927,1.08929,1.08912,1.08912,426.8
2024-01-03 14:55:00,1.08912,1.08921,1.08892,1.08908,632.6
2024-01-03 15:00:00,1.08908,1.08932,1.08908,1.08931,609.0
2024-01-03 15:05:00,1.08931,1.08958,1.08931,1.0895,472.1
2024-01-03 15:10:00,1.0895,1.08957,1.08946,1.08956,436.8
2024-01-03 15:15:00,1.08956,1.08961,1.08952,1.08957,478.8
2024-01-03 15:20:00,1.08957,1.08964,1.08945,1.08955,479.7
2024-01-03 15:25:00,1.08955,1.08962,1.08936,1.08941,576.2
2024-01-03 15:30:00,1.08941,1.08942,1.0894,1.08941,413.7
2024-01-03 15:35:00,1.08941,1.08954,1.08927,1.08941,509.9
2024-01-03 15:40:00,1.08941,1.08952,1.08933,1.08945,823.8
2024-01-03 15:45:00,1.08945,1.08958,1.08938,1.08942,511.4
2024-01-03 15:50:00,1.08942,1.08951,1.08934,1.08947,565.4
2024-01-03 15:55:00,1.08947,1.08949,1.08938,1.08948,622.5
2024-01-03 16:00:00,1.08948,1.08952,1.08936,1.08938,406.6
2024-01-03 16:05:00,1.08938,1.08944,1.08932,1.08934,563.5
2024-01-03 16:10:00,1.08934,1.08944,1.08921,1.08944,488.5
2024-01-03 16:15:00,1.08944,1.08983,1.08941,1.08977,425.1
2024-01-03 16:20:00,1.08977,1.08978,1.08947,1.08948,788.4
2024-01-03 16:25:00,1.08948,1.0896,1.08932,1.08934,608.6
2024-01-03 16:30:00,1.08934,1.08935,1.08905,1.08907,602.4
2024-01-03 16:35:00,1.08907,1.08915,1.08902,1.08908,604.2
2024-01-03 16:40:00,1.08908,1.08921,1.08902,1.08915,496.7
2024-01-03 16:45:00,1.08915,1.08923,1.08892,1.08901,606.6
2024-01-03 16:50:00,1.08901,1.08904,1.089,1.08902,503.7
2024-01-03 16:55:00,1.08902,1.08906,1.08885,1.08898,534.3
2024-01-03 17:00:00,1.08898,1.08906,1.08887,1.08892,608.0
2024-01-03 17:05:00,1.08892,1.08901,1.08892,1.089,454.2
2024-01-03 17:10:00,1.089,1.08908,1.08886,1.08888,871.5
2024-01-03 17:15:00,1.08888,1.08889,1.08875,1.0888,463.2
2024-01-03 17:20:00,1.0888,1.08886,1.08866,1.08866,551.5
2024-01-03 17:25:00,1.08866,1.08872,1.08859,1.08865,548.4
2024-01-03 17:30:00,1.08865,1.08867,1.08862,1.08865,637.9
2024-01-03 17:35:00,1.08865,1.08869,1.08863,1.08866,288.3
2024-01-03 17:40:00,1.08866,1.08871,1.08853,1.08856,738.5
2024-01-03 17:45:00,1.08856,1.08862,1.08848,1.08856,649.2
2024-01-03 17:50:00,1.08856,1.08857,1.08849,1.0885,352.1
2024-01-03 17:55:00,1.0885,1.08861,1.08847,1.08855,795.9
2024-01-03 18:00:00,1.08855,1.08856,1.0885,1.08852,393.8
2024-01-03 18:05:00,1.08852,1.08856,1.08842,1.08856,591.1
2024-01-03 18:10:00,1.08856,1.08863,1.08848,1.08862,486.6
2024-01-03 18:15:00,1.08862,1.08868,1.08853,1.08853,749.9
2024-01-03 18:20:00,1.08853,1.08866,1.08852,1.08861,531.3
2024-01-03 18:25:00,1.08861,1.08873,1.08856,1.08867,573.8
2024-01-03 18:30:00,1.08867,1.08895,1.08866,1.08894,396.1
2024-01-03 18:35:00,1.08894,1.08902,1.08879,1.08879,544.9
2024-01-03 18:40:00,1.08879,1.08914,1.08874,1.08899,658.2
2024-01-03 18:45:00,1.08899,1.08907,1.08896,1.08905,496.8
2024-01-03 18:50:00,1.08905,1.08925,1.08903,1.08921,687.4
2024-01-03 18:55:00,1.08921,1.08934,1.08919,1.08931,763.8
2024-01-03 19:00:00,1.08931,1.08936,1.08925,1.08936,448.8
2024-01-03 19:05:00,1.08936,1.08937,1.08924,1.08925,192.8
2024-01-03 19:10:00,1.08925,1.08929,1.08924,1.08925,357.2
2024-01-03 19:15:00,1.08925,1.08943,1.08918,1.08938,338.3
2024-01-03 19:20:00,1.08938,1.08945,1.08931,1.08938,531.8
2024-01-03 19:25:00,1.08938,1.08942,1.0892,1.08926,473.5
2024-01-03 19:30:00,1.08926,1.08927,1.08904,1.08908,477.8
2024-01-03 19:35:00,1.08908,1.08918,1.08899,1.08913,404.6
2024-01-03 19:40:00,1.08913,1.08931,1.0891,1.08924,680.7
2024-01-03 19:45:00,1.08924,1.08934,1.08918,1.08921,432.3
2024-01-03 19:50:00,1.08921,1.08934,1.08915,1.08929,282.4
2024-01-03 19:55:00,1.08929,1.08932,1.08929,1.08932,438.5
2024-01-03 20:00:00,1.08932,1.08949,1.08928,1.08947,686.9
2024-01-03 20:05:00,1.08947,1.08964,1.08936,1.08962,410.0
2024-01-03 20:10:00,1.08962,1.08968,1.08952,1.08968,295.0
2024-01-03 20:15:00,1.08968,1.08979,1.0896,1.08975,488.7
2024-01-03 20:20:00,1.08975,1.08989,1.08966,1.08985,333.4
2024-01-03 20:25:00,1.08985,1.08992,1.08972,1.08979,700.8
2024-01-03 20:30:00,1.08979,1.08988,1.08978,1.08982,397.1
2024-01-03 20:35:00,1.08982,1.08999,1.08979,1.08997,440.0
2024-01-03 20:40:00,1.08997,1.09002,1.08969,1.08976,555.5
2024-01-03 20:45:00,1.08976,1.08982,1.08974,1.08977,735.0
2024-01-03 20:50:00,1.08977,1.08983,1.08966,1.08967,395.1
2024-01-03 20:55:00,1.08967,1.08971,1.08952,1.08963,233.1
2024-01-03 21:00:00,1.08963,1.08963,1.08962,1.08963,471.9
2024-01-03 21:05:00,1.08963,1.08969,1.08956,1.08959,480.9
2024-01-03 21:10:00,1.08959,1.0896,1.08958,1.08959,649.9
2024-01-03 21:15:00,1.08959,1.0896,1.08959,1.08959,349.5
2024-01-03 21:20:00,1.08959,1.08966,1.08949,1.08951,393.0
2024-01-03 21:25:00,1.08951,1.08952,1.08936,1.0894,235.9
2024-01-03 21:30:00,1.0894,1.08957,1.08939,1.08957,660.0
2024-01-03 21:35:00,1.08957,1.08962,1.08943,1.08958,338.8
2024-01-03 21:40:00,1.08958,1.08963,1.0895,1.08957,484.7
2024-01-03 21:45:00,1.08957,1.08976,1.08951,1.08961,492.9
2024-01-03 21:50:00,1.08961,1.08968,1.08953,1.08968,561.2
2024-01-03 21:55:00,1.08968,1.08971,1.08961,1.08969,652.0
2024-01-03 22:00:00,1.08969,1.08975,1.08962,1.08973,479.9
2024-01-03 22:05:00,1.08973,1.08978,1.08972,1.08975,376.2
2024-01-03 22:10:00,1.08975,1.09004,1.08973,1.08991,560.1
2024-01-03 22:15:00,1.08991,1.08999,1.08986,1.08989,511.6
2024-01-03 22:20:00,1.08989,1.08989,1.0898,1.08986,601.3
2024-01-03 22:25:00,1.08986,1.0899,1.08978,1.08979,664.2
2024-01-03 22:30:00,1.08979,1.08985,1.08973,1.08979,591.4
2024-01-03 22:35:00,1.08979,1.0898,1.08976,1.08976,640.4
2024-01-03 22:40:00,1.08976,1.08978,1.08946,1.08956,681.0
2024-01-03 22:45:00,1.08956,1.08962,1.08925,1.08935,745.9
2024-01-03 22:50:00,1.08935,1.08936,1.08919,1.08922,230.0
2024-01-03 22:55:00,1.08922,1.08926,1.08917,1.08918,641.2
2024-01-03 23:00:00,1.08918,1.08918,1.08912,1.08915,551.5
2024-01-03 23:05:00,1.08915,1.08937,1.08913,1.08934,407.2
2024-01-03 23:10:00,1.08934,1.08943,1.0892,1.08927,363.0
2024-01-03 23:15:00,1.08927,1.08929,1.08913,1.08925,145.1
2024-01-03 23:20:00,1.08925,1.08934,1.08919,1.08929,403.3
2024-01-03 23:25:00,1.08929,1.08944,1.08924,1.08934,263.1
2024-01-03 23:30:00,1.08934,1.08953,1.08932,1.08944,167.9
2024-01-03 23:35:00,1.08944,1.0896,1.08937,1.08959,493.5
2024-01-03 23:40:00,1.08959,1.08962,1.08946,1.08955,715.2
2024-01-03 23:45:00,1.08955,1.08961,1.08922,1.08933,444.9
2024-01-03 23:50:00,1.08933,1.08933,1.08918,1.08919,485.4
2024-01-03 23:55:00,1.08919,1.08921,1.08911,1.08914,550.1
2024-01-04 00:00:00,1.08914,1.08916,1.08905,1.08905,695.9
2024-01-04 00:05:00,1.08905,1.0891,1.08902,1.08909,560.9
2024-01-04 00:10:00,1.08909,1.08924,1.08898,1.0892,701.7
2024-01-04 00:15:00,1.0892,1.08923,1.08915,1.0892,577.5
2024-01-04 00:20:00,1.0892,1.08929,1.08908,1.08919,552.2
2024-01-04 00:25:00,1.08919,1.08932,1.08911,1.08927,655.6
2024-01-04 00:30:00,1.08927,1.08929,1.08919,1.08922,379.6
2024-01-04 00:35:00,1.08922,1.08934,1.0891,1.08915,229.6
2024-01-04 00:40:00,1.08915,1.0892,1.0891,1.0892,553.5
2024-01-04 00:45:00,1.0892,1.08922,1.08911,1.08913,591.4
2024-01-04 00:50:00,1.08913,1.08923,1.08913,1.08917,508.3
2024-01-04 00:55:00,1.08917,1.08922,1.08903,1.08913,444.8
2024-01-04 01:00:00,1.08913,1.08927,1.08909,1.0891,434.6
2024-01-04 01:05:00,1.0891,1.08912,1.08884,1.08888,389.9
2024-01-04 01:10:00,1.08888,1.08894,1.08879,1.08884,272.4
2024-01-04 01:15:00,1.08884,1.08896,1.0888,1.0888,570.2
2024-01-04 01:20:00,1.0888,1.08888,1.08879,1.08879,561.0
2024-01-04 01:25:00,1.08879,1.08881,1.08861,1.08868,660.5
2024-01-04 01:30:00,1.08868,1.08874,1.08842,1.08852,660.7
2024-01-04 01:35:00,1.08852,1.08863,1.08847,1.08858,325.0
2024-01-04 01:40:00,1.08858,1.0886,1.08853,1.08859,521.3
2024-01-04 01:45:00,1.08859,1.08867,1.08853,1.08866,183.1
2024-01-04 01:50:00,1.08866,1.08867,1.08862,1.08863,435.7
2024-01-04 01:55:00,1.08863,1.08868,1.08856,1.08856,518.5
2024-01-04 02:00:00,1.08856,1.0886,1.08845,1.08846,349.2
2024-01-04 02:05:00,1.08846,1.08848,1.08826,1.08833,528.6
2024-01-04 02:10:00,1.08833,1.08849,1.08831,1.08848,291.2
2024-01-04 02:15:00,1.08848,1.08857,1.0884,1.08842,610.0
2024-01-04 02:20:00,1.08842,1.08849,1.08841,1.08849,517.9
2024-01-04 02:25:00,1.08849,1.08859,1.08846,1.08856,523.1
2024-01-04 02:30:00,1.08856,1.08858,1.08843,1.08848,650.7
2024-01-04 02:35:00,1.08848,1.0885,1.08812,1.08827,448.8
2024-01-04 02:40:00,1.08827,1.08827,1.08807,1.08815,475.9
2024-01-04 02:45:00,1.08815,1.08822,1.08813,1.08821,972.5
2024-01-04 02:50:00,1.08821,1.08825,1.08818,1.08822,557.1
2024-01-04 02:55:00,1.08822,1.08831,1.08821,1.08826,285.3
2024-01-04 03:00:00,1.08826,1.08834,1.08824,1.08832,277.6
2024-01-04 03:05:00,1.08832,1.08836,1.08826,1.08826,282.0
2024-01-04 03:10:00,1.08826,1.08827,1.08819,1.08826,406.3
2024-01-04 03:15:00,1.08826,1.08832,1.08802,1.08817,448.5
2024-01-04 03:20:00,1.08817,1.0882,1.08795,1.088,405.4
2024-01-04 03:25:00,1.088,1.08807,1.08788,1.08802,637.0
2024-01-04 03:30:00,1.08802,1.08822,1.08795,1.08813,662.0
2024-01-04 03:35:00,1.08813,1.08815,1.08809,1.08811,311.7
2024-01-04 03:40:00,1.08811,1.08819,1.08808,1.08819,399.4
2024-01-04 03:45:00,1.08819,1.08829,1.08813,1.08825,669.4
2024-01-04 03:50:00,1.08825,1.08837,1.08821,1.08834,94.1
2024-01-04 03:55:00,1.08834,1.08844,1.08833,1.08843,457.4
2024-01-04 04:00:00,1.08843,1.08846,1.08824,1.08828,712.6
2024-01-04 04:05:00,1.08828,1.08834,1.08813,1.08822,367.6
2024-01-04 04:10:00,1.08822,1.08844,1.08816,1.08843,647.7
2024-01-04 04:15:00,1.08843,1.0887,1.08834,1.08861,457.8
2024-01-04 04:20:00,1.08861,1.08878,1.08851,1.08876,575.3
2024-01-04 04:25:00,1.08876,1.08899,1.08865,1.08886,604.3
2024-01-04 04:30:00,1.08886,1.08889,1.08881,1.08883,375.4
2024-01-04 04:35:00,1.08883,1.08899,1.08879,1.0888,495.7
2024-01-04 04:40:00,1.0888,1.08912,1.08877,1.08907,584.7
2024-01-04 04:45:00,1.08907,1.08911,1.08883,1.08894,715.4
2024-01-04 04:50:00,1.08894,1.08908,1.08894,1.089,642.5
2024-01-04 04:55:00,1.089,1.08908,1.08895,1.08905,404.4
2024-01-04 05:00:00,1.08905,1.08912,1.089,1.08906,331.8
2024-01-04 05:05:00,1.08906,1.08924,1.089,1.08918,536.5
2024-01-04 05:10:00,1.08918,1.08938,1.08914,1.08927,616.4
2024-01-04 05:15:00,1.08927,1.08932,1.08914,1.08918,730.1
2024-01-04 05:20:00,1.08918,1.08947,1.08916,1.08932,530.4
2024-01-04 05:25:00,1.08932,1.08943,1.08932,1.08943,342.9
2024-01-04 05:30:00,1.08943,1.08959,1.08939,1.08953,287.1
2024-01-04 05:35:00,1.08953,1.08971,1.08948,1.08964,261.6
2024-01-04 05:40:00,1.08964,1.08971,1.08955,1.0896,510.1
2024-01-04 05:45:00,1.0896,1.08974,1.08953,1.08955,564.8
2024-01-04 05:50:00,1.08955,1.08958,1.08938,1.08943,349.5
2024-01-04 05:55:00,1.08943,1.08948,1.08929,1.08943,266.8
2024-01-04 06:00:00,1.08943,1.08957,1.08931,1.08951,240.1
2024-01-04 06:05:00,1.08951,1.0896,1.08949,1.08957,670.9
2024-01-04 06:10:00,1.08957,1.08963,1.08936,1.08953,530.7
2024-01-04 06:15:00,1.08953,1.08955,1.08942,1.08943,292.3
2024-01-04 06:20:00,1.08943,1.08968,1.08938,1.08961,322.3
2024-01-04 06:25:00,1.08961,1.08964,1.08954,1.08957,331.4
2024-01-04 06:30:00,1.08957,1.08963,1.08955,1.08961,424.1
2024-01-04 06:35:00,1.08961,1.08976,1.08944,1.08975,404.0
2024-01-04 06:40:00,1.08975,1.08981,1.08972,1.08974,462.5
2024-01-04 06:45:00,1.08974,1.08978,1.08965,1.08967,409.5
2024-01-04 06:50:00,1.08967,1.08971,1.08956,1.0896,248.6
2024-01-04 06:55:00,1.0896,1.0897,1.08957,1.08966,556.1
2024-01-04 07:00:00,1.08966,1.08985,1.08962,1.08978,475.0
2024-01-04 07:05:00,1.08978,1.08989,1.08962,1.08965,709.2
2024-01-04 07:10:00,1.08965,1.08978,1.08952,1.08962,514.0
2024-01-04 07:15:00,1.08962,1.08964,1.08958,1.08963,580.0
2024-01-04 07:20:00,1.08963,1.0897,1.08944,1.08947,429.9
2024-01-04 07:25:00,1.08947,1.0897,1.08945,1.08965,221.5
2024-01-04 07:30:00,1.08965,1.0897,1.08964,1.08966,313.1
2024-01-04 07:35:00,1.08966,1.08974,1.08957,1.08958,622.9
2024-01-04 07:40:00,1.08958,1.08973,1.08957,1.08969,583.1
2024-01-04 07:45:00,1.08969,1.0897,1.0895,1.08963,530.8
2024-01-04 07:50:00,1.08963,1.08975,1.08963,1.08973,242.9
2024-01-04 07:55:00,1.08973,1.0898,1.08959,1.08972,679.5
2024-01-04 08:00:00,1.08972,1.0898,1.08969,1.08979,476.0
2024-01-04 08:05:00,1.08979,1.08991,1.08974,1.08986,352.4
2024-01-04 08:10:00,1.08986,1.08992,1.08957,1.08967,294.1
2024-01-04 08:15:00,1.08967,1.0898,1.08966,1.08979,673.7
2024-01-04 08:20:00,1.08979,1.08995,1.08971,1.08992,557.7
2024-01-04 08:25:00,1.08992,1.08995,1.08983,1.08992,382.1
2024-01-04 08:30:00,1.08992,1.08996,1.08989,1.08991,480.9
2024-01-04 08:35:00,1.08991,1.0901,1.08986,1.09001,690.3
2024-01-04 08:40:00,1.09001,1.09003,1.08995,1.08997,454.8
2024-01-04 08:45:00,1.08997,1.09007,1.0899,1.08992,355.1
2024-01-04 08:50:00,1.08992,1.09008,1.08991,1.08997,684.7
2024-01-04 08:55:00,1.08997,1.09,1.08988,1.08992,478.5
2024-01-04 09:00:00,1.08992,1.09018,1.08982,1.09011,348.7
2024-01-04 09:05:00,1.09011,1.09016,1.09005,1.09009,542.3
2024-01-04 09:10:00,1.09009,1.09011,1.08985,1.08992,885.3
2024-01-04 09:15:00,1.08992,1.08993,1.08982,1.08989,428.2
2024-01-04 09:20:00,1.08989,1.08995,1.08974,1.08976,584.4
2024-01-04 09:25:00,1.08976,1.08979,1.08961,1.08969,354.2
2024-01-04 09:30:00,1.08969,1.08972,1.08943,1.0895,434.1
2024-01-04 09:35:00,1.0895,1.08965,1.08945,1.0896,397.8
2024-01-04 09:40:00,1.0896,1.08983,1.08957,1.08975,468.0
2024-01-04 09:45:00,1.08975,1.08976,1.08959,1.08967,283.0
2024-01-04 09:50:00,1.08967,1.08984,1.08961,1.08976,231.8
2024-01-04 09:55:00,1.08976,1.08998,1.08975,1.08998,398.6
2024-01-04 10:00:00,1.08998,1.09022,1.08998,1.09009,831.0
2024-01-04 10:05:00,1.09009,1.09009,1.09001,1.09005,378.3
2024-01-04 10:10:00,1.09005,1.09011,1.09004,1.09005,555.6
2024-01-04 10:15:00,1.09005,1.09007,1.09001,1.09001,718.3
2024-01-04 10:20:00,1.09001,1.0901,1.08986,1.09009,607.4
2024-01-04 10:25:00,1.09009,1.09022,1.08997,1.09017,328.7
2024-01-04 10:30:00,1.09017,1.09033,1.09014,1.09026,533.1
2024-01-04 10:35:00,1.09026,1.09039,1.09026,1.09039,417.7
2024-01-04 10:40:00,1.09039,1.09062,1.09038,1.09056,290.5
2024-01-04 10:45:00,1.09056,1.09059,1.09043,1.09048,633.8
2024-01-04 10:50:00,1.09048,1.09053,1.09044,1.09051,574.8
2024-01-04 10:55:00,1.09051,1.09053,1.09028,1.09043,318.8
2024-01-04 11:00:00,1.09043,1.09049,1.09037,1.09038,378.2
2024-01-04 11:05:00,1.09038,1.09041,1.09018,1.09024,710.0
2024-01-04 11:10:00,1.09024,1.09031,1.09018,1.09025,525.2
2024-01-04 11:15:00,1.09025,1.09026,1.09013,1.09018,660.5
2024-01-04 11:20:00,1.09018,1.09033,1.09011,1.0903,474.4
2024-01-04 11:25:00,1.0903,1.0903,1.09014,1.09016,469.9
2024-01-04 11:30:00,1.09016,1.09023,1.09016,1.09021,283.9
2024-01-04 11:35:00,1.09021,1.09026,1.09018,1.09021,485.9
2024-01-04 11:40:00,1.09021,1.09033,1.09012,1.09023,454.7
2024-01-04 11:45:00,1.09023,1.0903,1.09018,1.09028,695.2
2024-01-04 11:50:00,1.09028,1.09033,1.09022,1.09033,358.1
2024-01-04 11:55:00,1.09033,1.09034,1.09027,1.09028,500.6
2024-01-04 12:00:00,1.09028,1.09032,1.09025,1.09027,544.7
2024-01-04 12:05:00,1.09027,1.09033,1.09021,1.0903,573.7
2024-01-04 12:10:00,1.0903,1.09035,1.09027,1.09034,841.8
2024-01-04 12:15:00,1.09034,1.09035,1.09025,1.09026,326.9
2024-01-04 12:20:00,1.09026,1.09038,1.09021,1.09028,594.8
2024-01-04 12:25:00,1.09028,1.09034,1.09022,1.09033,476.6
2024-01-04 12:30:00,1.09033,1.09034,1.09024,1.09029,549.6
2024-01-04 12:35:00,1.09029,1.09048,1.09022,1.09036,851.1
2024-01-04 12:40:00,1.09036,1.09051,1.09031,1.09049,541.6
2024-01-04 12:45:00,1.09049,1.09053,1.09036,1.09039,644.1
2024-01-04 12:50:00,1.09039,1.09065,1.09038,1.09053,395.3
2024-01-04 12:55:00,1.09053,1.09056,1.09038,1.09039,655.1
2024-01-04 13:00:00,1.09039,1.09045,1.09012,1.09024,589.6
2024-01-04 13:05:00,1.09024,1.09029,1.09017,1.09029,580.2
2024-01-04 13:10:00,1.09029,1.09037,1.09014,1.09033,609.2
2024-01-04 13:15:00,1.09033,1.09046,1.09025,1.09037,328.6
2024-01-04 13:20:00,1.09037,1.09041,1.09029,1.09033,452.4
2024-01-04 13:25:00,1.09033,1.0906,1.09029,1.09051,442.1
2024-01-04 13:30:00,1.09051,1.09062,1.09044,1.09057,552.3
2024-01-04 13:35:00,1.09057,1.09065,1.09047,1.09064,682.1
2024-01-04 13:40:00,1.09064,1.09064,1.09051,1.09056,586.9
2024-01-04 13:45:00,1.09056,1.09061,1.09045,1.09047,645.6
2024-01-04 13:50:00,1.09047,1.09056,1.09035,1.09046,474.1
2024-01-04 13:55:00,1.09046,1.09062,1.09042,1.09059,774.5
2024-01-04 14:00:00,1.09059,1.09071,1.0905,1.09063,630.7
2024-01-04 14:05:00,1.09063,1.09063,1.0906,1.0906,552.0
2024-01-04 14:10:00,1.0906,1.09088,1.0906,1.09077,392.5
2024-01-04 14:15:00,1.09077,1.09091,1.09074,1.09088,440.4
2024-01-04 14:20:00,1.09088,1.09101,1.09086,1.09095,507.4
2024-01-04 14:25:00,1.09095,1.09096,1.09076,1.09081,416.7
2024-01-04 14:30:00,1.09081,1.09104,1.0907,1.09092,291.8
2024-01-04 14:35:00,1.09092,1.09092,1.09086,1.09087,489.9
2024-01-04 14:40:00,1.09087,1.09097,1.09079,1.09094,313.4
2024-01-04 14:45:00,1.09094,1.09129,1.09093,1.09115,718.7
2024-01-04 14:50:00,1.09115,1.09125,1.09115,1.0912,629.6
2024-01-04 14:55:00,1.0912,1.09137,1.09115,1.09132,537.9
2024-01-04 15:00:00,1.09132,1.09151,1.0913,1.09143,282.6
2024-01-04 15:05:00,1.09143,1.09157,1.09138,1.09146,534.5
2024-01-04 15:10:00,1.09146,1.09176,1.09141,1.0917,414.4
2024-01-04 15:15:00,1.0917,1.09171,1.09161,1.09171,359.6
2024-01-04 15:20:00,1.09171,1.0918,1.09162,1.09165,431.3
2024-01-04 15:25:00,1.09165,1.09176,1.09163,1.0917,655.8
2024-01-04 15:30:00,1.0917,1.09173,1.09165,1.09168,447.0
2024-01-04 15:35:00,1.09168,1.09174,1.09151,1.09152,647.5
2024-01-04 15:40:00,1.09152,1.09162,1.0912,1.09133,368.5
2024-01-04 15:45:00,1.09133,1.09146,1.09132,1.09143,519.7
2024-01-04 15:50:00,1.09143,1.09152,1.0914,1.0915,521.0
2024-01-04 15:55:00,1.0915,1.09153,1.09121,1.09129,440.6
2024-01-04 16:00:00,1.09129,1.09132,1.09124,1.09127,668.6
2024-01-04 16:05:00,1.09127,1.09133,1.09106,1.09125,414.1
2024-01-04 16:10:00,1.09125,1.09135,1.09101,1.09105,606.3
2024-01-04 16:15:00,1.09105,1.0911,1.09084,1.09086,382.5
2024-01-04 16:20:00,1.09086,1.09103,1.09079,1.09094,284.0
2024-01-04 16:25:00,1.09094,1.09099,1.09075,1.09083,327.3
2024-01-04 16:30:00,1.09083,1.09084,1.09071,1.09073,629.4
2024-01-04 16:35:00,1.09073,1.09081,1.09063,1.09066,505.2
2024-01-04 16:40:00,1.09066,1.09068,1.09046,1.09057,411.8
2024-01-04 16:45:00,1.09057,1.09065,1.09053,1.09057,371.3
2024-01-04 16:50:00,1.09057,1.0906,1.09043,1.09046,475.5
2024-01-04 16:55:00,1.09046,1.09054,1.09041,1.09047,287.0
2024-01-04 17:00:00,1.09047,1.09047,1.09042,1.09046,463.0
2024-01-04 17:05:00,1.09046,1.09049,1.09029,1.0904,492.2
2024-01-04 17:10:00,1.0904,1.09042,1.09027,1.09034,430.1
2024-01-04 17:15:00,1.09034,1.0904,1.0902,1.09024,425.3
2024-01-04 17:20:00,1.09024,1.09034,1.09023,1.09028,241.2
2024-01-04 17:25:00,1.09028,1.09031,1.09019,1.09023,521.1
2024-01-04 17:30:00,1.09023,1.09027,1.0902,1.0902,574.4
2024-01-04 17:35:00,1.0902,1.09028,1.09018,1.09028,542.5
2024-01-04 17:40:00,1.09028,1.0903,1.09017,1.09023,621.4
2024-01-04 17:45:00,1.09023,1.09031,1.09018,1.09019,474.4
2024-01-04 17:50:00,1.09019,1.09032,1.09017,1.09029,603.2
2024-01-04 17:55:00,1.09029,1.0903,1.09014,1.09024,716.1
2024-01-04 18:00:00,1.09024,1.09031,1.09018,1.0903,576.5
2024-01-04 18:05:00,1.0903,1.09031,1.09026,1.0903,491.1
2024-01-04 18:10:00,1.0903,1.09032,1.09019,1.09028,547.0
2024-01-04 18:15:00,1.09028,1.09034,1.09001,1.09011,374.1
2024-01-04 18:20:00,1.09011,1.09018,1.09007,1.09016,532.7
2024-01-04 18:25:00,1.09016,1.09025,1.08999,1.09008,364.2
2024-01-04 18:30:00,1.09008,1.0903,1.09001,1.09021,691.5
2024-01-04 18:35:00,1.09021,1.09022,1.09015,1.09019,488.9
2024-01-04 18:40:00,1.09019,1.09025,1.09014,1.09025,670.1
2024-01-04 18:45:00,1.09025,1.0903,1.09025,1.09028,544.2
2024-01-04 18:50:00,1.09028,1.0903,1.09016,1.09017,363.2
2024-01-04 18:55:00,1.09017,1.09043,1.09011,1.09037,533.9
2024-01-04 19:00:00,1.09037,1.09042,1.09008,1.09018,347.4
2024-01-04 19:05:00,1.09018,1.09019,1.0901,1.09016,612.7
2024-01-04 19:10:00,1.09016,1.0903,1.09013,1.09027,658.9
2024-01-04 19:15:00,1.09027,1.09031,1.09013,1.09022,609.9
2024-01-04 19:20:00,1.09022,1.09027,1.09017,1.09023,287.7
2024-01-04 19:25:00,1.09023,1.09031,1.09021,1.09022,391.2
2024-01-04 19:30:00,1.09022,1.09037,1.09017,1.09035,488.9
2024-01-04 19:35:00,1.09035,1.09035,1.09019,1.09022,531.1
2024-01-04 19:40:00,1.09022,1.09025,1.09,1.09003,537.4
2024-01-04 19:45:00,1.09003,1.09021,1.09,1.09013,394.0
2024-01-04 19:50:00,1.09013,1.09017,1.0901,1.09015,405.0
2024-01-04 19:55:00,1.09015,1.09023,1.09006,1.09016,574.7
2024-01-04 20:00:00,1.09016,1.09026,1.0901,1.09015,494.2
2024-01-04 20:05:00,1.09015,1.09036,1.09011,1.0903,223.6
2024-01-04 20:10:00,1.0903,1.09032,1.09026,1.09028,553.7
2024-01-04 20:15:00,1.09028,1.09038,1.09017,1.09025,477.2
2024-01-04 20:20:00,1.09025,1.09037,1.09012,1.09015,670.7
2024-01-04 20:25:00,1.09015,1.09039,1.09014,1.09033,439.1
2024-01-04 20:30:00,1.09033,1.09039,1.09022,1.09038,579.7
2024-01-04 20:35:00,1.09038,1.09044,1.09035,1.09037,436.4
2024-01-04 20:40:00,1.09037,1.09064,1.09034,1.09059,497.8
2024-01-04 20:45:00,1.09059,1.09072,1.09042,1.09048,373.5
2024-01-04 20:50:00,1.09048,1.0905,1.09036,1.09042,330.1
2024-01-04 20:55:00,1.09042,1.09057,1.09038,1.09043,603.2
2024-01-04 21:00:00,1.09043,1.09043,1.0902,1.09027,607.0
2024-01-04 21:05:00,1.09027,1.09028,1.09024,1.09025,403.6
2024-01-04 21:10:00,1.09025,1.09028,1.09,1.09009,314.1
2024-01-04 21:15:00,1.09009,1.09013,1.09004,1.09005,642.7
2024-01-04 21:20:00,1.09005,1.09008,1.09005,1.09007,619.9
2024-01-04 21:25:00,1.09007,1.09009,1.08983,1.08988,306.2
2024-01-04 21:30:00,1.08988,1.08991,1.08985,1.08988,656.3
2024-01-04 21:35:00,1.08988,1.08989,1.08953,1.08964,621.3
2024-01-04 21:40:00,1.08964,1.08978,1.08956,1.08978,322.4
2024-01-04 21:45:00,1.08978,1.0899,1.08973,1.08985,450.9
2024-01-04 21:50:00,1.08985,1.08997,1.08982,1.08987,733.9
2024-01-04 21:55:00,1.08987,1.09009,1.08976,1.09008,412.4
2024-01-04 22:00:00,1.09008,1.09021,1.08994,1.08999,435.1
2024-01-04 22:05:00,1.08999,1.09023,1.08998,1.09022,220.3
2024-01-04 22:10:00,1.09022,1.09038,1.0902,1.09036,160.3
2024-01-04 22:15:00,1.09036,1.0905,1.09032,1.09044,505.3
2024-01-04 22:20:00,1.09044,1.09053,1.09044,1.09048,749.9
2024-01-04 22:25:00,1.09048,1.09052,1.09042,1.09045,110.9
2024-01-04 22:30:00,1.09045,1.0905,1.09035,1.09036,368.8
2024-01-04 22:35:00,1.09036,1.09051,1.09034,1.09039,570.5
2024-01-04 22:40:00,1.09039,1.0905,1.09034,1.09045,772.3
2024-01-04 22:45:00,1.09045,1.09049,1.09031,1.09041,197.6
2024-01-04 22:50:00,1.09041,1.09046,1.0904,1.09046,404.6
2024-01-04 22:55:00,1.09046,1.09051,1.09033,1.09043,459.6
2024-01-04 23:00:00,1.09043,1.0905,1.09023,1.09026,594.5
2024-01-04 23:05:00,1.09026,1.09041,1.09026,1.09027,569.4
2024-01-04 23:10:00,1.09027,1.09031,1.09004,1.09008,487.8
2024-01-04 23:15:00,1.09008,1.09016,1.08998,1.09011,332.4
2024-01-04 23:20:00,1.09011,1.09012,1.08999,1.09006,578.0
2024-01-04 23:25:00,1.09006,1.09014,1.08995,1.09012,504.6
2024-01-04 23:30:00,1.09012,1.0902,1.09002,1.09014,397.6
2024-01-04 23:35:00,1.09014,1.09017,1.09006,1.09011,134.1
2024-01-04 23:40:00,1.09011,1.09022,1.08991,1.08999,407.5
2024-01-04 23:45:00,1.08999,1.09006,1.08988,1.08993,430.5
2024-01-04 23:50:00,1.08993,1.09007,1.08987,1.08995,551.7
2024-01-04 23:55:00,1.08995,1.09007,1.08994,1.09,467.4
2024-01-05 00:00:00,1.09,1.09009,1.08998,1.09007,499.2
2024-01-05 00:05:00,1.09007,1.09011,1.08996,1.09001,493.4
2024-01-05 00:10:00,1.09001,1.09029,1.09,1.09019,749.8
2024-01-05 00:15:00,1.09019,1.09029,1.09007,1.09015,574.7
2024-01-05 00:20:00,1.09015,1.09019,1.08996,1.09002,291.3
2024-01-05 00:25:00,1.09002,1.09005,1.08994,1.09,437.9
2024-01-05 00:30:00,1.09,1.09,1.0899,1.0899,604.9
2024-01-05 00:35:00,1.0899,1.08998,1.08977,1.08985,455.9
2024-01-05 00:40:00,1.08985,1.09004,1.08981,1.09,634.6
2024-01-05 00:45:00,1.09,1.09005,1.08985,1.08988,608.5
2024-01-05 00:50:00,1.08988,1.08995,1.08986,1.08993,332.5
2024-01-05 00:55:00,1.08993,1.09,1.08968,1.08992,598.7
2024-01-05 01:00:00,1.08992,1.08999,1.08986,1.08993,243.9
2024-01-05 01:05:00,1.08993,1.08995,1.08977,1.08984,724.7
2024-01-05 01:10:00,1.08984,1.08998,1.08981,1.08995,294.7
2024-01-05 01:15:00,1.08995,1.08997,1.08977,1.0898,545.9
2024-01-05 01:20:00,1.0898,1.08986,1.08978,1.08982,271.6
2024-01-05 01:25:00,1.08982,1.08991,1.08975,1.08982,423.4
2024-01-05 01:30:00,1.08982,1.0899,1.08968,1.08978,267.9
2024-01-05 01:35:00,1.08978,1.08979,1.08967,1.08974,367.0
2024-01-05 01:40:00,1.08974,1.08982,1.0896,1.0898,557.9
2024-01-05 01:45:00,1.0898,1.08982,1.08972,1.08978,595.5
2024-01-05 01:50:00,1.08978,1.08979,1.08958,1.08967,379.4
2024-01-05 01:55:00,1.08967,1.08975,1.08949,1.08953,345.6
2024-01-05 02:00:00,1.08953,1.08963,1.08952,1.08958,324.7
2024-01-05 02:05:00,1.08958,1.08978,1.08946,1.08966,602.8
2024-01-05 02:10:00,1.08966,1.08977,1.08964,1.08972,303.3
2024-01-05 02:15:00,1.08972,1.08975,1.08961,1.08966,387.5
2024-01-05 02:20:00,1.08966,1.08973,1.08947,1.08952,561.7
2024-01-05 02:25:00,1.08952,1.08959,1.08936,1.0894,575.8
2024-01-05 02:30:00,1.0894,1.08941,1.08915,1.08928,303.9
2024-01-05 02:35:00,1.08928,1.08937,1.08921,1.08932,376.8
2024-01-05 02:40:00,1.08932,1.08942,1.08928,1.08939,571.5
2024-01-05 02:45:00,1.08939,1.08947,1.08935,1.08941,406.6
2024-01-05 02:50:00,1.08941,1.08941,1.08931,1.08939,346.8
2024-01-05 02:55:00,1.08939,1.08958,1.08933,1.08948,536.5
2024-01-05 03:00:00,1.08948,1.08951,1.08944,1.08946,675.6
2024-01-05 03:05:00,1.08946,1.08948,1.0894,1.08942,777.0
2024-01-05 03:10:00,1.08942,1.08957,1.0894,1.08951,387.5
2024-01-05 03:15:00,1.08951,1.08952,1.08937,1.08951,219.1
2024-01-05 03:20:00,1.08951,1.08963,1.08946,1.08961,471.4
2024-01-05 03:25:00,1.08961,1.08961,1.08949,1.08955,265.6
2024-01-05 03:30:00,1.08955,1.0897,1.08946,1.08968,556.2
2024-01-05 03:35:00,1.08968,1.08983,1.08962,1.0898,502.9
2024-01-05 03:40:00,1.0898,1.08983,1.08967,1.08971,810.3
2024-01-05 03:45:00,1.08971,1.08972,1.08945,1.08951,306.3
2024-01-05 03:50:00,1.08951,1.08963,1.0894,1.08948,362.7
2024-01-05 03:55:00,1.08948,1.08969,1.08944,1.08962,552.4
2024-01-05 04:00:00,1.08962,1.08969,1.08959,1.08964,605.4
2024-01-05 04:05:00,1.08964,1.08976,1.08962,1.08965,134.7
2024-01-05 04:10:00,1.08965,1.08967,1.08959,1.08962,505.8
2024-01-05 04:15:00,1.08962,1.0897,1.08949,1.08953,602.6
2024-01-05 04:20:00,1.08953,1.0896,1.08942,1.0895,119.0
2024-01-05 04:25:00,1.0895,1.08952,1.08939,1.08941,608.8
2024-01-05 04:30:00,1.08941,1.08944,1.08927,1.0894,463.3
2024-01-05 04:35:00,1.0894,1.08947,1.08934,1.08938,594.0
2024-01-05 04:40:00,1.08938,1.08944,1.08934,1.08944,599.8
2024-01-05 04:45:00,1.08944,1.08946,1.08925,1.08927,370.1
2024-01-05 04:50:00,1.08927,1.08932,1.08922,1.08928,767.8
2024-01-05 04:55:00,1.08928,1.08942,1.08928,1.08935,642.5
2024-01-05 05:00:00,1.08935,1.0895,1.08921,1.08943,464.1
2024-01-05 05:05:00,1.08943,1.08945,1.08922,1.08945,289.0
2024-01-05 05:10:00,1.08945,1.08949,1.08942,1.08945,669.2
2024-01-05 05:15:00,1.08945,1.0896,1.08937,1.08958,761.9
2024-01-05 05:20:00,1.08958,1.08968,1.08949,1.08962,474.8
2024-01-05 05:25:00,1.08962,1.08963,1.08955,1.08959,660.6
2024-01-05 05:30:00,1.08959,1.08973,1.08955,1.08966,380.8
2024-01-05 05:35:00,1.08966,1.08971,1.08962,1.08965,938.0
2024-01-05 05:40:00,1.08965,1.08968,1.08955,1.08962,612.2
2024-01-05 05:45:00,1.08962,1.08964,1.08959,1.08962,625.3
2024-01-05 05:50:00,1.08962,1.08971,1.08959,1.0897,626.6
2024-01-05 05:55:00,1.0897,1.08995,1.08964,1.08977,383.6
2024-01-05 06:00:00,1.08977,1.08978,1.08969,1.08975,592.7
2024-01-05 06:05:00,1.08975,1.08975,1.08963,1.08974,408.1
2024-01-05 06:10:00,1.08974,1.08986,1.08972,1.08977,193.5
2024-01-05 06:15:00,1.08977,1.08983,1.08976,1.0898,657.7
2024-01-05 06:20:00,1.0898,1.08986,1.08975,1.08985,565.3
2024-01-05 06:25:00,1.08985,1.08988,1.08983,1.08986,449.1
2024-01-05 06:30:00,1.08986,1.08986,1.08976,1.08981,311.2
2024-01-05 06:35:00,1.08981,1.08996,1.08981,1.08994,479.7
2024-01-05 06:40:00,1.08994,1.08995,1.08994,1.08995,379.3
2024-01-05 06:45:00,1.08995,1.09008,1.08988,1.09004,212.2
2024-01-05 06:50:00,1.09004,1.0901,1.08992,1.08993,399.3
2024-01-05 06:55:00,1.08993,1.09003,1.08993,1.08997,167.7
2024-01-05 07:00:00,1.08997,1.09001,1.08989,1.08992,631.4
2024-01-05 07:05:00,1.08992,1.09002,1.08981,1.08984,191.6
2024-01-05 07:10:00,1.08984,1.08993,1.0896,1.08961,402.9
2024-01-05 07:15:00,1.08961,1.08967,1.08945,1.08953,487.4
2024-01-05 07:20:00,1.08953,1.08972,1.08939,1.08971,626.7
2024-01-05 07:25:00,1.08971,1.08972,1.08958,1.08967,460.5
2024-01-05 07:30:00,1.08967,1.08979,1.08963,1.08979,576.1
2024-01-05 07:35:00,1.08979,1.08986,1.08967,1.08973,509.4
2024-01-05 07:40:00,1.08973,1.08982,1.08971,1.08979,634.3
2024-01-05 07:45:00,1.08979,1.08982,1.08971,1.08976,515.3
2024-01-05 07:50:00,1.08976,1.08985,1.08974,1.08981,420.3
2024-01-05 07:55:00,1.08981,1.08992,1.08978,1.08988,729.3
2024-01-05 08:00:00,1.08988,1.09001,1.08987,1.08991,657.0
2024-01-05 08:05:00,1.08991,1.08998,1.08985,1.08989,564.2
2024-01-05 08:10:00,1.08989,1.08992,1.08985,1.08986,510.7
2024-01-05 08:15:00,1.08986,1.08994,1.08984,1.08991,511.3
2024-01-05 08:20:00,1.08991,1.09005,1.08987,1.08995,381.9
2024-01-05 08:25:00,1.08995,1.08997,1.08992,1.08993,371.0
2024-01-05 08:30:00,1.08993,1.09002,1.08984,1.09,504.1
2024-01-05 08:35:00,1.09,1.0901,1.08987,1.08989,443.2
2024-01-05 08:40:00,1.08989,1.08991,1.08989,1.0899,734.5
2024-01-05 08:45:00,1.0899,1.08998,1.08983,1.08993,356.3
2024-01-05 08:50:00,1.08993,1.09014,1.08987,1.09009,373.1
2024-01-05 08:55:00,1.09009,1.0902,1.09006,1.09018,845.1
2024-01-05 09:00:00,1.09018,1.09025,1.09016,1.09023,639.3
2024-01-05 09:05:00,1.09023,1.09038,1.09016,1.09035,723.4
2024-01-05 09:10:00,1.09035,1.09038,1.09017,1.09023,517.5
2024-01-05 09:15:00,1.09023,1.09041,1.09017,1.09037,458.9
2024-01-05 09:20:00,1.09037,1.09051,1.09037,1.09048,548.7
2024-01-05 09:25:00,1.09048,1.09052,1.09028,1.0903,588.3
2024-01-05 09:30:00,1.0903,1.09034,1.09017,1.0902,540.6
2024-01-05 09:35:00,1.0902,1.09022,1.0901,1.09021,698.8
2024-01-05 09:40:00,1.09021,1.09025,1.09004,1.09014,455.5
2024-01-05 09:45:00,1.09014,1.09038,1.09011,1.09028,462.6
2024-01-05 09:50:00,1.09028,1.09034,1.09022,1.09029,442.8
2024-01-05 09:55:00,1.09029,1.0904,1.09028,1.09038,433.2
2024-01-05 10:00:00,1.09038,1.09047,1.09011,1.09024,404.9
2024-01-05 10:05:00,1.09024,1.09038,1.09021,1.0903,690.8
2024-01-05 10:10:00,1.0903,1.09032,1.09015,1.09022,579.0
2024-01-05 10:15:00,1.09022,1.09024,1.09014,1.09023,573.6
2024-01-05 10:20:00,1.09023,1.0904,1.09016,1.09036,542.1
2024-01-05 10:25:00,1.09036,1.0905,1.09028,1.09042,513.1
2024-01-05 10:30:00,1.09042,1.09051,1.09041,1.09045,547.9
2024-01-05 10:35:00,1.09045,1.09046,1.0903,1.09042,707.2
2024-01-05 10:40:00,1.09042,1.09055,1.09026,1.09031,377.6
2024-01-05 10:45:00,1.09031,1.09042,1.0903,1.09037,358.9
2024-01-05 10:50:00,1.09037,1.09062,1.09025,1.09059,350.6
2024-01-05 10:55:00,1.09059,1.09071,1.09055,1.09066,604.4
2024-01-05 11:00:00,1.09066,1.09072,1.09043,1.0905,277.0
2024-01-05 11:05:00,1.0905,1.09056,1.09035,1.09043,517.0
2024-01-05 11:10:00,1.09043,1.09056,1.0904,1.09049,503.3
2024-01-05 11:15:00,1.09049,1.09053,1.09042,1.09047,629.0
2024-01-05 11:20:00,1.09047,1.09055,1.09035,1.09053,762.9
2024-01-05 11:25:00,1.09053,1.09054,1.09042,1.09049,381.8
2024-01-05 11:30:00,1.09049,1.09054,1.09045,1.09054,466.9
2024-01-05 11:35:00,1.09054,1.09057,1.09026,1.09038,843.5
2024-01-05 11:40:00,1.09038,1.0906,1.09036,1.09053,651.1
2024-01-05 11:45:00,1.09053,1.09072,1.09048,1.09066,364.3
2024-01-05 11:50:00,1.09066,1.09073,1.09059,1.0907,329.7
2024-01-05 11:55:00,1.0907,1.09081,1.09062,1.09074,762.6
2024-01-05 12:00:00,1.09074,1.09091,1.09072,1.09089,489.6
2024-01-05 12:05:00,1.09089,1.09101,1.09082,1.09099,552.0
2024-01-05 12:10:00,1.09099,1.09099,1.09071,1.09078,546.1
2024-01-05 12:15:00,1.09078,1.09089,1.09074,1.09086,521.9
2024-01-05 12:20:00,1.09086,1.09087,1.09077,1.09078,688.8
2024-01-05 12:25:00,1.09078,1.09096,1.09073,1.09094,390.5
2024-01-05 12:30:00,1.09094,1.09102,1.0909,1.09092,491.7
2024-01-05 12:35:00,1.09092,1.09097,1.09083,1.09084,492.4
2024-01-05 12:40:00,1.09084,1.09095,1.09083,1.09085,753.3
2024-01-05 12:45:00,1.09085,1.09098,1.0908,1.09098,481.4
2024-01-05 12:50:00,1.09098,1.09099,1.09084,1.0909,576.7
2024-01-05 12:55:00,1.0909,1.09093,1.09085,1.0909,32.0
2024-01-05 13:00:00,1.0909,1.09103,1.09089,1.09093,368.4
2024-01-05 13:05:00,1.09093,1.09102,1.09083,1.09094,528.6
2024-01-05 13:10:00,1.09094,1.09105,1.09089,1.09093,505.1
2024-01-05 13:15:00,1.09093,1.09097,1.09069,1.09088,440.9
2024-01-05 13:20:00,1.09088,1.09094,1.09068,1.0907,442.3
2024-01-05 13:25:00,1.0907,1.09076,1.09066,1.09069,427.4
2024-01-05 13:30:00,1.09069,1.09074,1.09054,1.09056,627.3
2024-01-05 13:35:00,1.09056,1.09063,1.09056,1.09061,532.3
2024-01-05 13:40:00,1.09061,1.09085,1.09058,1.09081,609.0
2024-01-05 13:45:00,1.09081,1.09082,1.09071,1.09072,429.5
2024-01-05 13:50:00,1.09072,1.09083,1.09065,1.09077,471.2
2024-01-05 13:55:00,1.09077,1.09093,1.09071,1.09079,533.3
2024-01-05 14:00:00,1.09079,1.09089,1.09075,1.09088,525.9
2024-01-05 14:05:00,1.09088,1.09103,1.09086,1.09095,529.6
2024-01-05 14:10:00,1.09095,1.09098,1.09095,1.09095,330.3
2024-01-05 14:15:00,1.09095,1.09112,1.09085,1.09102,691.4
2024-01-05 14:20:00,1.09102,1.09111,1.09088,1.09093,492.0
2024-01-05 14:25:00,1.09093,1.09117,1.09088,1.09111,542.2
2024-01-05 14:30:00,1.09111,1.09116,1.09107,1.09109,430.4
2024-01-05 14:35:00,1.09109,1.09127,1.09101,1.0912,424.2
2024-01-05 14:40:00,1.0912,1.09127,1.0911,1.09116,513.3
2024-01-05 14:45:00,1.09116,1.09126,1.09111,1.09114,577.8
2024-01-05 14:50:00,1.09114,1.0912,1.09093,1.09102,697.6
2024-01-05 14:55:00,1.09102,1.0911,1.09084,1.09086,321.3
2024-01-05 15:00:00,1.09086,1.09089,1.09081,1.09084,120.7
2024-01-05 15:05:00,1.09084,1.09091,1.09056,1.09062,476.9
2024-01-05 15:10:00,1.09062,1.09065,1.09041,1.09045,463.1
2024-01-05 15:15:00,1.09045,1.09048,1.09035,1.09042,522.9
2024-01-05 15:20:00,1.09042,1.09048,1.0904,1.09047,362.6
2024-01-05 15:25:00,1.09047,1.09052,1.09046,1.0905,639.5
2024-01-05 15:30:00,1.0905,1.0906,1.0904,1.09055,583.8
2024-01-05 15:35:00,1.09055,1.09059,1.09044,1.09049,681.7
2024-01-05 15:40:00,1.09049,1.09061,1.09042,1.09057,502.1
2024-01-05 15:45:00,1.09057,1.09067,1.09044,1.09052,225.5
2024-01-05 15:50:00,1.09052,1.09053,1.09049,1.0905,613.0
2024-01-05 15:55:00,1.0905,1.09072,1.09047,1.0907,236.1
2024-01-05 16:00:00,1.0907,1.09078,1.09069,1.09073,677.1
2024-01-05 16:05:00,1.09073,1.09082,1.09071,1.09073,341.4
2024-01-05 16:10:00,1.09073,1.09082,1.09057,1.09067,540.0
2024-01-05 16:15:00,1.09067,1.09087,1.09067,1.09075,464.5
2024-01-05 16:20:00,1.09075,1.09081,1.09062,1.09064,410.7
2024-01-05 16:25:00,1.09064,1.09075,1.09053,1.09071,611.4
2024-01-05 16:30:00,1.09071,1.09075,1.09069,1.09073,762.3
2024-01-05 16:35:00,1.09073,1.09099,1.09066,1.09088,401.8
2024-01-05 16:40:00,1.09088,1.09104,1.09084,1.09097,229.4
2024-01-05 16:45:00,1.09097,1.09121,1.09094,1.09115,532.9
2024-01-05 16:50:00,1.09115,1.09117,1.09107,1.09111,393.2
2024-01-05 16:55:00,1.09111,1.09126,1.09106,1.09123,694.7
2024-01-05 17:00:00,1.09123,1.09126,1.09119,1.09122,162.5
2024-01-05 17:05:00,1.09122,1.09135,1.09115,1.09127,267.4
2024-01-05 17:10:00,1.09127,1.09129,1.09106,1.09109,516.0
2024-01-05 17:15:00,1.09109,1.09114,1.09088,1.09097,430.4
2024-01-05 17:20:00,1.09097,1.09099,1.09084,1.09089,404.9
2024-01-05 17:25:00,1.09089,1.09099,1.09079,1.09094,325.0
2024-01-05 17:30:00,1.09094,1.09098,1.09089,1.09091,210.3
2024-01-05 17:35:00,1.09091,1.09102,1.0909,1.09098,292.5
2024-01-05 17:40:00,1.09098,1.09101,1.09094,1.09098,487.2
2024-01-05 17:45:00,1.09098,1.09108,1.09089,1.09105,154.3
2024-01-05 17:50:00,1.09105,1.09108,1.09086,1.09095,610.4
2024-01-05 17:55:00,1.09095,1.09096,1.09078,1.09083,433.8
2024-01-05 18:00:00,1.09083,1.09085,1.09081,1.09085,823.0
2024-01-05 18:05:00,1.09085,1.0909,1.09079,1.09085,623.1
2024-01-05 18:10:00,1.09085,1.09107,1.09079,1.09097,658.9
2024-01-05 18:15:00,1.09097,1.09108,1.09095,1.09108,49.6
2024-01-05 18:20:00,1.09108,1.09119,1.09092,1.09102,419.6
2024-01-05 18:25:00,1.09102,1.09109,1.09093,1.09105,235.6
2024-01-05 18:30:00,1.09105,1.09111,1.09097,1.09106,494.0
2024-01-05 18:35:00,1.09106,1.09132,1.09102,1.09124,107.9
2024-01-05 18:40:00,1.09124,1.09127,1.09121,1.09123,490.2
2024-01-05 18:45:00,1.09123,1.09155,1.09117,1.09153,536.4
2024-01-05 18:50:00,1.09153,1.09155,1.0915,1.0915,616.1
2024-01-05 18:55:00,1.0915,1.0916,1.0915,1.09153,571.2
2024-01-05 19:00:00,1.09153,1.0916,1.09143,1.09148,351.4
2024-01-05 19:05:00,1.09148,1.09163,1.09139,1.09151,491.6
2024-01-05 19:10:00,1.09151,1.09164,1.09143,1.0916,583.1
2024-01-05 19:15:00,1.0916,1.09166,1.0916,1.09163,548.9
2024-01-05 19:20:00,1.09163,1.09165,1.09153,1.09157,491.2
2024-01-05 19:25:00,1.09157,1.09176,1.09153,1.09166,716.7
2024-01-05 19:30:00,1.09166,1.09184,1.09165,1.09183,309.8
2024-01-05 19:35:00,1.09183,1.09191,1.09174,1.09187,583.8
2024-01-05 19:40:00,1.09187,1.09194,1.0918,1.09191,581.3
2024-01-05 19:45:00,1.09191,1.092,1.09176,1.09177,325.5
2024-01-05 19:50:00,1.09177,1.09197,1.09173,1.0919,830.6
2024-01-05 19:55:00,1.0919,1.09192,1.09173,1.0918,159.4
2024-01-05 20:00:00,1.0918,1.0919,1.0918,1.0919,338.5
2024-01-05 20:05:00,1.0919,1.092,1.09184,1.09193,432.8
2024-01-05 20:10:00,1.09193,1.09202,1.09173,1.09181,386.8
2024-01-05 20:15:00,1.09181,1.09181,1.09173,1.09178,622.7
2024-01-05 20:20:00,1.09178,1.0918,1.09175,1.09175,623.3
2024-01-05 20:25:00,1.09175,1.09185,1.09163,1.09182,821.5
2024-01-05 20:30:00,1.09182,1.09193,1.0918,1.09191,421.8
2024-01-05 20:35:00,1.09191,1.09193,1.0918,1.09181,406.2
2024-01-05 20:40:00,1.09181,1.09183,1.09163,1.09167,425.8
2024-01-05 20:45:00,1.09167,1.09179,1.09166,1.09167,481.7
2024-01-05 20:50:00,1.09167,1.09177,1.09153,1.09155,378.6
2024-01-05 20:55:00,1.09155,1.09162,1.09151,1.0916,449.2
2024-01-05 21:00:00,1.0916,1.0916,1.09143,1.09145,598.6
2024-01-05 21:05:00,1.09145,1.09147,1.09135,1.0914,674.9
2024-01-05 21:10:00,1.0914,1.09154,1.09138,1.09148,615.6
2024-01-05 21:15:00,1.09148,1.09159,1.09148,1.09157,521.3
2024-01-05 21:20:00,1.09157,1.0918,1.09155,1.0918,445.4
2024-01-05 21:25:00,1.0918,1.09182,1.09173,1.0918,202.9
2024-01-05 21:30:00,1.0918,1.09193,1.09179,1.09183,521.1
2024-01-05 21:35:00,1.09183,1.09204,1.09181,1.09194,416.9
2024-01-05 21:40:00,1.09194,1.09199,1.09183,1.09183,189.6
2024-01-05 21:45:00,1.09183,1.09184,1.09179,1.09184,449.8
2024-01-05 21:50:00,1.09184,1.09189,1.09181,1.09185,234.0
2024-01-05 21:55:00,1.09185,1.09195,1.09184,1.09186,554.9
2024-01-05 22:00:00,1.09186,1.09194,1.09171,1.09176,620.3
2024-01-05 22:05:00,1.09176,1.09183,1.0917,1.09177,502.3
2024-01-05 22:10:00,1.09177,1.09182,1.09177,1.09179,443.2
2024-01-05 22:15:00,1.09179,1.09186,1.09178,1.09183,399.8
2024-01-05 22:20:00,1.09183,1.09187,1.09166,1.09169,502.2
2024-01-05 22:25:00,1.09169,1.0919,1.09168,1.0918,168.2
2024-01-05 22:30:00,1.0918,1.09183,1.09157,1.0917,221.3
2024-01-05 22:35:00,1.0917,1.09172,1.09169,1.09172,379.4
2024-01-05 22:40:00,1.09172,1.09194,1.09167,1.09193,751.8
2024-01-05 22:45:00,1.09193,1.09201,1.09186,1.09199,523.5
2024-01-05 22:50:00,1.09199,1.09207,1.09193,1.09205,645.7
2024-01-05 22:55:00,1.09205,1.09213,1.09201,1.09207,643.3
2024-01-05 23:00:00,1.09207,1.09207,1.09199,1.09203,519.2
2024-01-05 23:05:00,1.09203,1.09207,1.09183,1.09188,630.0
2024-01-05 23:10:00,1.09188,1.09206,1.09184,1.09204,738.4
2024-01-05 23:15:00,1.09204,1.09214,1.09191,1.09201,617.5
2024-01-05 23:20:00,1.09201,1.09225,1.09196,1.09219,670.6
2024-01-05 23:25:00,1.09219,1.09225,1.09219,1.09223,703.9
2024-01-05 23:30:00,1.09223,1.09232,1.0922,1.09228,609.4
2024-01-05 23:35:00,1.09228,1.09231,1.09219,1.09221,408.9
2024-01-05 23:40:00,1.09221,1.0923,1.0921,1.09224,679.2
2024-01-05 23:45:00,1.09224,1.09241,1.09217,1.09235,443.5
2024-01-05 23:50:00,1.09235,1.09243,1.09234,1.09241,431.8
2024-01-05 23:55:00,1.09241,1.09243,1.09229,1.09236,578.3
2024-01-08 00:00:00,1.09236,1.09237,1.09234,1.09236,608.7
2024-01-08 00:05:00,1.09236,1.09237,1.09221,1.0923,167.0
2024-01-08 00:10:00,1.0923,1.09239,1.092,1.09211,570.8
2024-01-08 00:15:00,1.09211,1.09228,1.09202,1.09226,777.1
2024-01-08 00:20:00,1.09226,1.09249,1.09222,1.09235,390.7
2024-01-08 00:25:00,1.09235,1.09243,1.09227,1.0924,309.1
2024-01-08 00:30:00,1.0924,1.09266,1.0924,1.09263,401.5
2024-01-08 00:35:00,1.09263,1.09266,1.09261,1.09265,319.7
2024-01-08 00:40:00,1.09265,1.09269,1.09249,1.09251,813.3
2024-01-08 00:45:00,1.09251,1.09272,1.09248,1.09261,489.1
2024-01-08 00:50:00,1.09261,1.09261,1.09236,1.09248,457.5
2024-01-08 00:55:00,1.09248,1.09267,1.09242,1.09265,445.5
2024-01-08 01:00:00,1.09265,1.09267,1.09249,1.09251,684.0
2024-01-08 01:05:00,1.09251,1.09275,1.09249,1.09271,481.6
2024-01-08 01:10:00,1.09271,1.09278,1.09267,1.09268,557.9
2024-01-08 01:15:00,1.09268,1.09279,1.09267,1.09272,242.8
2024-01-08 01:20:00,1.09272,1.09287,1.0927,1.09281,436.7
2024-01-08 01:25:00,1.09281,1.09287,1.09265,1.09276,764.2
2024-01-08 01:30:00,1.09276,1.0928,1.09263,1.09278,489.3
2024-01-08 01:35:00,1.09278,1.09284,1.09271,1.09284,579.8
2024-01-08 01:40:00,1.09284,1.09289,1.09282,1.09287,679.3
2024-01-08 01:45:00,1.09287,1.09288,1.09265,1.09267,459.8
2024-01-08 01:50:00,1.09267,1.09272,1.09243,1.09248,470.8
2024-01-08 01:55:00,1.09248,1.09258,1.09241,1.09243,228.6
2024-01-08 02:00:00,1.09243,1.09245,1.09234,1.09234,513.2
2024-01-08 02:05:00,1.09234,1.09247,1.09231,1.09233,321.7
2024-01-08 02:10:00,1.09233,1.09237,1.09227,1.09228,414.5
2024-01-08 02:15:00,1.09228,1.09238,1.09219,1.0922,454.4
2024-01-08 02:20:00,1.0922,1.09221,1.09209,1.09217,576.8
2024-01-08 02:25:00,1.09217,1.09247,1.09215,1.09229,664.0
2024-01-08 02:30:00,1.09229,1.09249,1.09219,1.09249,593.6
2024-01-08 02:35:00,1.09249,1.09259,1.0924,1.09243,663.7
2024-01-08 02:40:00,1.09243,1.0926,1.09237,1.09255,882.9
2024-01-08 02:45:00,1.09255,1.09256,1.09236,1.09244,703.1
2024-01-08 02:50:00,1.09244,1.09254,1.09243,1.09249,495.5
2024-01-08 02:55:00,1.09249,1.09262,1.09243,1.09251,642.9
2024-01-08 03:00:00,1.09251,1.09251,1.09245,1.09248,741.6
2024-01-08 03:05:00,1.09248,1.09253,1.09245,1.09252,280.7
2024-01-08 03:10:00,1.09252,1.09253,1.09245,1.09247,517.8
2024-01-08 03:15:00,1.09247,1.09257,1.09245,1.09254,605.1
2024-01-08 03:20:00,1.09254,1.09257,1.09251,1.09257,247.7
2024-01-08 03:25:00,1.09257,1.09277,1.09252,1.0927,509.0
2024-01-08 03:30:00,1.0927,1.09282,1.09264,1.09281,668.3
2024-01-08 03:35:00,1.09281,1.09284,1.0928,1.09283,657.6
2024-01-08 03:40:00,1.09283,1.09294,1.09274,1.09292,447.0
2024-01-08 03:45:00,1.09292,1.09304,1.09289,1.09293,494.0
2024-01-08 03:50:00,1.09293,1.09306,1.09293,1.09306,531.6
2024-01-08 03:55:00,1.09306,1.09312,1.09289,1.09292,465.7
2024-01-08 04:00:00,1.09292,1.09293,1.09272,1.09281,412.0
2024-01-08 04:05:00,1.09281,1.09284,1.09262,1.09271,175.2
2024-01-08 04:10:00,1.09271,1.09275,1.09266,1.09267,425.7
2024-01-08 04:15:00,1.09267,1.09272,1.09264,1.09271,439.9
2024-01-08 04:20:00,1.09271,1.09284,1.09265,1.09278,613.2
2024-01-08 04:25:00,1.09278,1.09283,1.09244,1.09246,539.6
2024-01-08 04:30:00,1.09246,1.09254,1.09228,1.0923,415.7
2024-01-08 04:35:00,1.0923,1.09234,1.09226,1.09232,584.9
2024-01-08 04:40:00,1.09232,1.0924,1.09225,1.09229,491.9
2024-01-08 04:45:00,1.09229,1.09236,1.09212,1.09218,772.8
2024-01-08 04:50:00,1.09218,1.09233,1.09217,1.09228,686.6
2024-01-08 04:55:00,1.09228,1.09235,1.09226,1.09227,808.0
2024-01-08 05:00:00,1.09227,1.09231,1.09226,1.09231,451.4
2024-01-08 05:05:00,1.09231,1.09235,1.09226,1.09229,360.5
2024-01-08 05:10:00,1.09229,1.09245,1.09226,1.0924,537.8
2024-01-08 05:15:00,1.0924,1.09251,1.09236,1.09249,506.8
2024-01-08 05:20:00,1.09249,1.09258,1.0924,1.09256,406.3
2024-01-08 05:25:00,1.09256,1.09267,1.09255,1.09265,425.8
2024-01-08 05:30:00,1.09265,1.09274,1.09259,1.09268,617.7
2024-01-08 05:35:00,1.09268,1.09274,1.09257,1.09258,548.5
2024-01-08 05:40:00,1.09258,1.09261,1.09257,1.09259,456.1
2024-01-08 05:45:00,1.09259,1.09264,1.09254,1.09259,702.4
2024-01-08 05:50:00,1.09259,1.09262,1.09252,1.09262,607.8
2024-01-08 05:55:00,1.09262,1.09269,1.09258,1.09268,704.8
2024-01-08 06:00:00,1.09268,1.09274,1.09266,1.09269,251.2
2024-01-08 06:05:00,1.09269,1.09271,1.09264,1.09266,382.0
2024-01-08 06:10:00,1.09266,1.0927,1.09264,1.09264,522.0
2024-01-08 06:15:00,1.09264,1.09275,1.09263,1.09271,547.7
2024-01-08 06:20:00,1.09271,1.09273,1.09265,1.09272,138.6
2024-01-08 06:25:00,1.09272,1.09274,1.09267,1.09272,347.4
2024-01-08 06:30:00,1.09272,1.09279,1.0927,1.09275,225.2
2024-01-08 06:35:00,1.09275,1.09279,1.0927,1.09273,383.9
2024-01-08 06:40:00,1.09273,1.09286,1.0927,1.09285,435.9
2024-01-08 06:45:00,1.09285,1.09287,1.09272,1.09279,479.2
2024-01-08 06:50:00,1.09279,1.09289,1.09277,1.09285,857.2
2024-01-08 06:55:00,1.09285,1.09291,1.09271,1.09276,229.6
2024-01-08 07:00:00,1.09276,1.0928,1.09263,1.09267,447.2
2024-01-08 07:05:00,1.09267,1.0927,1.09266,1.09266,545.4
2024-01-08 07:10:00,1.09266,1.09271,1.09262,1.09265,762.7
2024-01-08 07:15:00,1.09265,1.09268,1.0926,1.09263,579.0
2024-01-08 07:20:00,1.09263,1.09264,1.09245,1.0925,386.8
2024-01-08 07:25:00,1.0925,1.09259,1.09248,1.09256,454.1
2024-01-08 07:30:00,1.09256,1.0927,1.09251,1.0927,345.1
2024-01-08 07:35:00,1.0927,1.0927,1.09264,1.09264,655.9
2024-01-08 07:40:00,1.09264,1.09266,1.09262,1.09265,490.8
2024-01-08 07:45:00,1.09265,1.09271,1.09262,1.09268,428.2
2024-01-08 07:50:00,1.09268,1.09271,1.09255,1.09256,136.4
2024-01-08 07:55:00,1.09256,1.09258,1.09251,1.09253,341.7
2024-01-08 08:00:00,1.09253,1.09272,1.09253,1.09266,707.6
2024-01-08 08:05:00,1.09266,1.0928,1.09255,1.09275,368.4
2024-01-08 08:10:00,1.09275,1.09279,1.09273,1.09274,311.4
2024-01-08 08:15:00,1.09274,1.09279,1.09273,1.09274,468.7
2024-01-08 08:20:00,1.09274,1.09289,1.0927,1.09285,462.8
2024-01-08 08:25:00,1.09285,1.09287,1.09284,1.09287,499.8
2024-01-08 08:30:00,1.09287,1.09289,1.0928,1.09282,491.2
2024-01-08 08:35:00,1.09282,1.09285,1.09272,1.09274,498.7
2024-01-08 08:40:00,1.09274,1.09276,1.09272,1.09276,509.2
2024-01-08 08:45:00,1.09276,1.09287,1.09267,1.09267,258.0
2024-01-08 08:50:00,1.09267,1.09272,1.09258,1.09261,324.0
2024-01-08 08:55:00,1.09261,1.09265,1.09256,1.09263,268.6
2024-01-08 09:00:00,1.09263,1.09268,1.09259,1.09266,778.7
2024-01-08 09:05:00,1.09266,1.09269,1.09266,1.09268,519.3
2024-01-08 09:10:00,1.09268,1.09272,1.09258,1.09266,223.6
2024-01-08 09:15:00,1.09266,1.0927,1.09265,1.09268,358.1
2024-01-08 09:20:00,1.09268,1.0927,1.09262,1.09266,494.7
2024-01-08 09:25:00,1.09266,1.09269,1.09261,1.09264,342.1
2024-01-08 09:30:00,1.09264,1.09269,1.09262,1.09267,510.8
2024-01-08 09:35:00,1.09267,1.09272,1.09264,1.09268,371.6
2024-01-08 09:40:00,1.09268,1.09273,1.09264,1.0927,424.4
2024-01-08 09:45:00,1.0927,1.09277,1.09261,1.0927,369.3
2024-01-08 09:50:00,1.0927,1.09277,1.09258,1.09266,578.5
2024-01-08 09:55:00,1.09266,1.09273,1.09251,1.0926,523.8
2024-01-08 10:00:00,1.0926,1.09263,1.09255,1.09258,735.1
2024-01-08 10:05:00,1.09258,1.09263,1.09247,1.09247,382.5
2024-01-08 10:10:00,1.09247,1.09263,1.09244,1.09257,532.0
2024-01-08 10:15:00,1.09257,1.09264,1.09255,1.0926,825.4
2024-01-08 10:20:00,1.0926,1.09261,1.09254,1.09257,448.1
2024-01-08 10:25:00,1.09257,1.09259,1.09252,1.09255,326.1
2024-01-08 10:30:00,1.09255,1.09261,1.09249,1.09251,256.3
2024-01-08 10:35:00,1.09251,1.09271,1.09246,1.09264,462.3
2024-01-08 10:40:00,1.09264,1.09269,1.0926,1.0926,577.2
2024-01-08 10:45:00,1.0926,1.09264,1.09252,1.09255,509.2
2024-01-08 10:50:00,1.09255,1.09258,1.09241,1.09243,425.6
2024-01-08 10:55:00,1.09243,1.09246,1.09239,1.0924,678.2
2024-01-08 11:00:00,1.0924,1.09242,1.09221,1.09223,261.7
2024-01-08 11:05:00,1.09223,1.09226,1.09209,1.09214,397.2
2024-01-08 11:10:00,1.09214,1.09219,1.09212,1.09217,362.5
2024-01-08 11:15:00,1.09217,1.09223,1.09216,1.09219,164.3
2024-01-08 11:20:00,1.09219,1.09223,1.09215,1.09223,700.1
2024-01-08 11:25:00,1.09223,1.0923,1.09208,1.09211,727.1
2024-01-08 11:30:00,1.09211,1.09216,1.0921,1.0921,541.5
2024-01-08 11:35:00,1.0921,1.09218,1.09206,1.09213,565.4
2024-01-08 11:40:00,1.09213,1.09219,1.09209,1.09218,349.0
2024-01-08 11:45:00,1.09218,1.09226,1.09214,1.09223,291.8
2024-01-08 11:50:00,1.09223,1.09237,1.09222,1.09231,371.4
2024-01-08 11:55:00,1.09231,1.09231,1.09218,1.09219,706.6
2024-01-08 12:00:00,1.09219,1.09235,1.09215,1.09234,647.7
2024-01-08 12:05:00,1.09234,1.09237,1.09223,1.0923,437.1
2024-01-08 12:10:00,1.0923,1.09231,1.09228,1.09229,401.4
2024-01-08 12:15:00,1.09229,1.09239,1.09227,1.09234,285.6
2024-01-08 12:20:00,1.09234,1.0924,1.09231,1.09234,675.3
2024-01-08 12:25:00,1.09234,1.0925,1.09229,1.09249,608.0
2024-01-08 12:30:00,1.09249,1.09252,1.09228,1.09234,602.8
2024-01-08 12:35:00,1.09234,1.09241,1.0922,1.09224,484.5
2024-01-08 12:40:00,1.09224,1.09225,1.09217,1.09219,204.7
2024-01-08 12:45:00,1.09219,1.09227,1.09215,1.09224,292.6
2024-01-08 12:50:00,1.09224,1.09229,1.09222,1.09226,451.7
2024-01-08 12:55:00,1.09226,1.09235,1.09223,1.09233,197.7
2024-01-08 13:00:00,1.09233,1.09235,1.09213,1.09225,304.8
2024-01-08 13:05:00,1.09225,1.09226,1.09216,1.09217,390.6
2024-01-08 13:10:00,1.09217,1.09224,1.09216,1.09218,626.1
2024-01-08 13:15:00,1.09218,1.09229,1.09216,1.09228,559.3
2024-01-08 13:20:00,1.09228,1.09237,1.09225,1.09235,545.0
2024-01-08 13:25:00,1.09235,1.09245,1.0923,1.09242,567.8
2024-01-08 13:30:00,1.09242,1.09248,1.09242,1.09244,395.8
2024-01-08 13:35:00,1.09244,1.09248,1.09236,1.0924,408.3
2024-01-08 13:40:00,1.0924,1.09245,1.09232,1.09237,485.1
2024-01-08 13:45:00,1.09237,1.09243,1.09232,1.09232,436.7
2024-01-08 13:50:00,1.09232,1.09238,1.0923,1.09238,721.6
2024-01-08 13:55:00,1.09238,1.09249,1.09233,1.09242,608.4
2024-01-08 14:00:00,1.09242,1.09247,1.09239,1.09243,503.8
2024-01-08 14:05:00,1.09243,1.09247,1.0924,1.09247,343.1
2024-01-08 14:10:00,1.09247,1.09257,1.09246,1.09251,561.1
2024-01-08 14:15:00,1.09251,1.09264,1.0925,1.09261,326.6
2024-01-08 14:20:00,1.09261,1.09269,1.09258,1.09268,246.8
2024-01-08 14:25:00,1.09268,1.09272,1.09265,1.09267,430.6
2024-01-08 14:30:00,1.09267,1.09276,1.09267,1.09271,583.1
2024-01-08 14:35:00,1.09271,1.09274,1.09264,1.09265,479.3
2024-01-08 14:40:00,1.09265,1.09266,1.09263,1.09263,356.3
2024-01-08 14:45:00,1.09263,1.09265,1.09254,1.09259,696.0
2024-01-08 14:50:00,1.09259,1.09263,1.0925,1.09253,490.0
2024-01-08 14:55:00,1.09253,1.09259,1.09245,1.09256,337.7
2024-01-08 15:00:00,1.09256,1.0926,1.09255,1.09259,665.5
2024-01-08 15:05:00,1.09259,1.09269,1.09258,1.09265,528.9
2024-01-08 15:10:00,1.09265,1.09268,1.09255,1.09255,519.3
2024-01-08 15:15:00,1.09255,1.09264,1.09255,1.09257,442.2
2024-01-08 15:20:00,1.09257,1.09271,1.09255,1.09269,289.3
2024-01-08 15:25:00,1.09269,1.09277,1.09267,1.09276,520.1
2024-01-08 15:30:00,1.09276,1.09279,1.09271,1.09275,559.7
2024-01-08 15:35:00,1.09275,1.09282,1.09271,1.09275,423.3
2024-01-08 15:40:00,1.09275,1.09281,1.09263,1.09268,610.2
2024-01-08 15:45:00,1.09268,1.09278,1.09265,1.09278,180.2
2024-01-08 15:50:00,1.09278,1.09284,1.09274,1.09275,497.2
2024-01-08 15:55:00,1.09275,1.09279,1.09268,1.09269,418.4
2024-01-08 16:00:00,1.09269,1.09276,1.09265,1.09266,810.3
2024-01-08 16:05:00,1.09266,1.09267,1.09259,1.09261,615.3
2024-01-08 16:10:00,1.09261,1.09265,1.09254,1.09264,420.0
2024-01-08 16:15:00,1.09264,1.09273,1.09261,1.09272,425.0
2024-01-08 16:20:00,1.09272,1.09273,1.09258,1.09259,410.5
2024-01-08 16:25:00,1.09259,1.0926,1.09254,1.09256,547.6
2024-01-08 16:30:00,1.09256,1.09266,1.09254,1.09255,407.9
2024-01-08 16:35:00,1.09255,1.09256,1.09247,1.09249,576.5
2024-01-08 16:40:00,1.09249,1.09256,1.09242,1.09256,388.1
2024-01-08 16:45:00,1.09256,1.09263,1.09253,1.09262,483.3
2024-01-08 16:50:00,1.09262,1.09266,1.09259,1.09265,374.5
2024-01-08 16:55:00,1.09265,1.09266,1.09263,1.09263,186.1
2024-01-08 17:00:00,1.09263,1.09269,1.09256,1.09262,727.7
2024-01-08 17:05:00,1.09262,1.09276,1.09259,1.09273,639.3
2024-01-08 17:10:00,1.09273,1.09275,1.09267,1.09271,410.1
2024-01-08 17:15:00,1.09271,1.09281,1.09271,1.09274,831.5
2024-01-08 17:20:00,1.09274,1.09298,1.09274,1.09293,356.2
2024-01-08 17:25:00,1.09293,1.09295,1.09291,1.09292,640.5
2024-01-08 17:30:00,1.09292,1.09299,1.09292,1.09298,515.1
2024-01-08 17:35:00,1.09298,1.09301,1.09298,1.09299,572.2
2024-01-08 17:40:00,1.09299,1.09302,1.09283,1.0929,524.9
2024-01-08 17:45:00,1.0929,1.09295,1.09279,1.0928,54.5
2024-01-08 17:50:00,1.0928,1.09282,1.09277,1.09278,681.9
2024-01-08 17:55:00,1.09278,1.09283,1.0927,1.09283,332.7
2024-01-08 18:00:00,1.09283,1.09286,1.09278,1.09284,407.2
2024-01-08 18:05:00,1.09284,1.09295,1.09276,1.09287,463.9
2024-01-08 18:10:00,1.09287,1.0929,1.09277,1.09288,501.5
2024-01-08 18:15:00,1.09288,1.09291,1.09279,1.09279,537.4
2024-01-08 18:20:00,1.09279,1.09286,1.09276,1.09284,682.7
2024-01-08 18:25:00,1.09284,1.09292,1.09281,1.09286,634.2
2024-01-08 18:30:00,1.09286,1.09292,1.09286,1.09288,419.5
2024-01-08 18:35:00,1.09288,1.09288,1.0928,1.09284,451.1
2024-01-08 18:40:00,1.09284,1.09291,1.09284,1.09285,669.6
2024-01-08 18:45:00,1.09285,1.09292,1.09283,1.0929,353.5
2024-01-08 18:50:00,1.0929,1.09296,1.09285,1.0929,638.3
2024-01-08 18:55:00,1.0929,1.09297,1.09277,1.09283,562.2
2024-01-08 19:00:00,1.09283,1.09284,1.09271,1.09275,504.4
2024-01-08 19:05:00,1.09275,1.09277,1.09272,1.09274,722.5
2024-01-08 19:10:00,1.09274,1.09278,1.0927,1.0927,493.8
2024-01-08 19:15:00,1.0927,1.09294,1.09267,1.09285,229.3
2024-01-08 19:20:00,1.09285,1.09286,1.09267,1.09283,549.7
2024-01-08 19:25:00,1.09283,1.093,1.09281,1.09295,569.5
2024-01-08 19:30:00,1.09295,1.09307,1.09294,1.09306,573.0
2024-01-08 19:35:00,1.09306,1.09309,1.09294,1.09296,579.3
2024-01-08 19:40:00,1.09296,1.09297,1.09289,1.09289,475.7
2024-01-08 19:45:00,1.09289,1.09294,1.09289,1.09294,287.8
2024-01-08 19:50:00,1.09294,1.09295,1.0928,1.09287,538.0
2024-01-08 19:55:00,1.09287,1.0929,1.0928,1.09282,397.2
2024-01-08 20:00:00,1.09282,1.09285,1.09276,1.09276,906.4
2024-01-08 20:05:00,1.09276,1.09276,1.09261,1.09262,639.1
2024-01-08 20:10:00,1.09262,1.09272,1.09254,1.09259,334.8
2024-01-08 20:15:00,1.09259,1.09265,1.09254,1.09259,422.9
2024-01-08 20:20:00,1.09259,1.09268,1.09256,1.09264,571.4
2024-01-08 20:25:00,1.09264,1.09265,1.09261,1.09262,588.8
2024-01-08 20:30:00,1.09262,1.09262,1.09256,1.09257,509.6
2024-01-08 20:35:00,1.09257,1.09264,1.0925,1.09252,608.9
2024-01-08 20:40:00,1.09252,1.09258,1.09243,1.09253,801.5
2024-01-08 20:45:00,1.09253,1.09258,1.09251,1.09251,832.2
2024-01-08 20:50:00,1.09251,1.0926,1.09249,1.09254,694.7
2024-01-08 20:55:00,1.09254,1.09255,1.09243,1.09245,818.5
2024-01-08 21:00:00,1.09245,1.0925,1.0924,1.09243,375.8
2024-01-08 21:05:00,1.09243,1.09252,1.09235,1.09249,590.8
2024-01-08 21:10:00,1.09249,1.09256,1.09248,1.09253,535.5
2024-01-08 21:15:00,1.09253,1.09256,1.09247,1.0925,454.8
2024-01-08 21:20:00,1.0925,1.0925,1.09234,1.09241,506.3
2024-01-08 21:25:00,1.09241,1.09245,1.09236,1.0924,783.6
2024-01-08 21:30:00,1.0924,1.09254,1.09235,1.09249,527.6
2024-01-08 21:35:00,1.09249,1.09251,1.09248,1.09248,701.8
2024-01-08 21:40:00,1.09248,1.09253,1.09245,1.09251,433.0
2024-01-08 21:45:00,1.09251,1.09263,1.09247,1.09255,494.6
2024-01-08 21:50:00,1.09255,1.09258,1.09251,1.09252,576.9
2024-01-08 21:55:00,1.09252,1.09257,1.09238,1.09242,542.1
2024-01-08 22:00:00,1.09242,1.09248,1.09241,1.09246,563.1
2024-01-08 22:05:00,1.09246,1.0925,1.09242,1.09242,629.4
2024-01-08 22:10:00,1.09242,1.09246,1.09232,1.09235,366.6
2024-01-08 22:15:00,1.09235,1.09235,1.09232,1.09235,593.9
2024-01-08 22:20:00,1.09235,1.0924,1.09222,1.09226,511.7
2024-01-08 22:25:00,1.09226,1.0923,1.0922,1.09228,315.6
2024-01-08 22:30:00,1.09228,1.09239,1.09225,1.09235,694.0
2024-01-08 22:35:00,1.09235,1.09237,1.09225,1.09226,451.8
2024-01-08 22:40:00,1.09226,1.0923,1.09222,1.09226,592.5
2024-01-08 22:45:00,1.09226,1.09234,1.0922,1.09231,838.5
2024-01-08 22:50:00,1.09231,1.0924,1.09227,1.09239,408.5
2024-01-08 22:55:00,1.09239,1.09244,1.09232,1.0924,515.2
2024-01-08 23:00:00,1.0924,1.09247,1.09236,1.09242,378.1
2024-01-08 23:05:00,1.09242,1.09245,1.09241,1.09244,541.6
2024-01-08 23:10:00,1.09244,1.09251,1.09243,1.09245,345.1
2024-01-08 23:15:00,1.09245,1.09251,1.09243,1.09245,502.1
2024-01-08 23:20:00,1.09245,1.09247,1.09241,1.09242,375.1
2024-01-08 23:25:00,1.09242,1.09246,1.09236,1.09241,631.2
2024-01-08 23:30:00,1.09241,1.09248,1.09239,1.09246,632.1
2024-01-08 23:35:00,1.09246,1.09247,1.0923,1.09238,439.1
2024-01-08 23:40:00,1.09238,1.09243,1.09231,1.09233,386.6
2024-01-08 23:45:00,1.09233,1.09234,1.09227,1.0923,704.7
2024-01-08 23:50:00,1.0923,1.09231,1.09221,1.09227,425.3
2024-01-08 23:55:00,1.09227,1.09228,1.09222,1.09224,516.2
2024-01-09 00:00:00,1.09224,1.09235,1.09224,1.09235,437.6
2024-01-09 00:05:00,1.09235,1.09258,1.09233,1.09252,598.9
2024-01-09 00:10:00,1.09252,1.09252,1.09246,1.09247,512.8
2024-01-09 00:15:00,1.09247,1.0925,1.09239,1.09241,541.3
2024-01-09 00:20:00,1.09241,1.09241,1.09221,1.09226,400.3
2024-01-09 00:25:00,1.09226,1.09234,1.09223,1.09228,331.3
2024-01-09 00:30:00,1.09228,1.09229,1.0921,1.09219,405.5
2024-01-09 00:35:00,1.09219,1.09221,1.0921,1.0921,739.3
2024-01-09 00:40:00,1.0921,1.09217,1.092,1.09202,551.1
2024-01-09 00:45:00,1.09202,1.09208,1.09196,1.09204,374.1
2024-01-09 00:50:00,1.09204,1.09207,1.09201,1.09203,433.5
2024-01-09 00:55:00,1.09203,1.09206,1.09192,1.09196,894.5
2024-01-09 01:00:00,1.09196,1.09202,1.09189,1.09194,415.6
2024-01-09 01:05:00,1.09194,1.09196,1.09186,1.0919,415.6
2024-01-09 01:10:00,1.0919,1.09191,1.09186,1.09189,483.2
2024-01-09 01:15:00,1.09189,1.09195,1.09188,1.09189,518.3
2024-01-09 01:20:00,1.09189,1.09189,1.09186,1.09188,377.7
2024-01-09 01:25:00,1.09188,1.09202,1.09184,1.09196,423.3
2024-01-09 01:30:00,1.09196,1.09198,1.09185,1.09185,617.3
2024-01-09 01:35:00,1.09185,1.09186,1.09178,1.09184,397.2
2024-01-09 01:40:00,1.09184,1.09194,1.09178,1.09191,536.5
2024-01-09 01:45:00,1.09191,1.09194,1.09179,1.09187,265.4
2024-01-09 01:50:00,1.09187,1.09191,1.09186,1.09189,339.4
2024-01-09 01:55:00,1.09189,1.0919,1.09181,1.09187,251.4
2024-01-09 02:00:00,1.09187,1.0919,1.09183,1.0919,480.7
2024-01-09 02:05:00,1.0919,1.09201,1.09186,1.09194,586.3
2024-01-09 02:10:00,1.09194,1.09208,1.09188,1.09208,115.6
2024-01-09 02:15:00,1.09208,1.09217,1.092,1.09217,610.2
2024-01-09 02:20:00,1.09217,1.09229,1.09213,1.09224,491.2
2024-01-09 02:25:00,1.09224,1.09226,1.09219,1.09219,555.3
2024-01-09 02:30:00,1.09219,1.09219,1.09212,1.09216,543.5
2024-01-09 02:35:00,1.09216,1.09239,1.09211,1.09231,412.1
2024-01-09 02:40:00,1.09231,1.09235,1.0922,1.09222,349.6
2024-01-09 02:45:00,1.09222,1.09223,1.09211,1.09214,443.3
2024-01-09 02:50:00,1.09214,1.09218,1.0921,1.09212,562.8
2024-01-09 02:55:00,1.09212,1.09222,1.09211,1.09218,402.2
2024-01-09 03:00:00,1.09218,1.09228,1.09214,1.09225,692.7
2024-01-09 03:05:00,1.09225,1.09229,1.09216,1.09217,367.1
2024-01-09 03:10:00,1.09217,1.09218,1.09209,1.09209,390.8
2024-01-09 03:15:00,1.09209,1.09218,1.09209,1.09213,495.7
2024-01-09 03:20:00,1.09213,1.09214,1.09195,1.092,127.0
2024-01-09 03:25:00,1.092,1.09201,1.09192,1.09195,423.8
2024-01-09 03:30:00,1.09195,1.09211,1.09191,1.09205,691.0
2024-01-09 03:35:00,1.09205,1.0921,1.09203,1.09207,638.5
2024-01-09 03:40:00,1.09207,1.0921,1.09201,1.09209,595.4
2024-01-09 03:45:00,1.09209,1.09216,1.09208,1.09211,602.3
2024-01-09 03:50:00,1.09211,1.09214,1.09207,1.0921,277.1
2024-01-09 03:55:00,1.0921,1.09212,1.09204,1.09208,704.1
2024-01-09 04:00:00,1.09208,1.09208,1.09192,1.09195,676.6
2024-01-09 04:05:00,1.09195,1.0921,1.09193,1.09206,339.4
2024-01-09 04:10:00,1.09206,1.09217,1.09201,1.09211,634.1
2024-01-09 04:15:00,1.09211,1.09223,1.09208,1.09214,606.4
2024-01-09 04:20:00,1.09214,1.09215,1.09204,1.09204,627.3
2024-01-09 04:25:00,1.09204,1.09207,1.09202,1.09206,496.2
2024-01-09 04:30:00,1.09206,1.09209,1.09204,1.09205,648.5
2024-01-09 04:35:00,1.09205,1.0921,1.09192,1.09193,662.5
2024-01-09 04:40:00,1.09193,1.09197,1.09187,1.09194,413.2
2024-01-09 04:45:00,1.09194,1.09195,1.09193,1.09194,255.2
2024-01-09 04:50:00,1.09194,1.09195,1.09189,1.09193,466.4
2024-01-09 04:55:00,1.09193,1.09198,1.0918,1.09182,774.4
2024-01-09 05:00:00,1.09182,1.09187,1.09175,1.09176,247.9
2024-01-09 05:05:00,1.09176,1.0918,1.09174,1.09177,532.6
2024-01-09 05:10:00,1.09177,1.09185,1.09175,1.09177,303.5
2024-01-09 05:15:00,1.09177,1.09189,1.09177,1.09184,310.0
2024-01-09 05:20:00,1.09184,1.09189,1.09175,1.09178,399.2
2024-01-09 05:25:00,1.09178,1.09179,1.09168,1.09174,319.8
2024-01-09 05:30:00,1.09174,1.09176,1.09159,1.09165,440.2
2024-01-09 05:35:00,1.09165,1.09173,1.09163,1.09173,388.9
2024-01-09 05:40:00,1.09173,1.09175,1.09166,1.09166,678.2
2024-01-09 05:45:00,1.09166,1.09175,1.09163,1.09172,596.6
2024-01-09 05:50:00,1.09172,1.09174,1.09158,1.0916,328.6
2024-01-09 05:55:00,1.0916,1.09161,1.09146,1.09153,357.2
2024-01-09 06:00:00,1.09153,1.09153,1.09142,1.09148,653.0
2024-01-09 06:05:00,1.09148,1.09149,1.09144,1.09146,391.9
2024-01-09 06:10:00,1.09146,1.0915,1.09138,1.09139,474.8
2024-01-09 06:15:00,1.09139,1.09148,1.09136,1.09145,493.9
2024-01-09 06:20:00,1.09145,1.09148,1.09132,1.09138,586.5
2024-01-09 06:25:00,1.09138,1.0914,1.09127,1.09132,573.7
2024-01-09 06:30:00,1.09132,1.09132,1.09126,1.09127,315.9
2024-01-09 06:35:00,1.09127,1.09128,1.09118,1.09119,228.1
2024-01-09 06:40:00,1.09119,1.09121,1.09118,1.09118,340.1
2024-01-09 06:45:00,1.09118,1.0913,1.09116,1.09125,724.1
2024-01-09 06:50:00,1.09125,1.09126,1.0911,1.09111,520.7
2024-01-09 06:55:00,1.09111,1.09112,1.09099,1.09105,506.4
2024-01-09 07:00:00,1.09105,1.09111,1.09101,1.09108,416.9
2024-01-09 07:05:00,1.09108,1.09108,1.09106,1.09107,496.4
2024-01-09 07:10:00,1.09107,1.09119,1.09096,1.09098,695.4
2024-01-09 07:15:00,1.09098,1.09101,1.09087,1.09088,626.2
2024-01-09 07:20:00,1.09088,1.09096,1.09087,1.09091,546.6
2024-01-09 07:25:00,1.09091,1.09096,1.09087,1.09093,577.3
2024-01-09 07:30:00,1.09093,1.09101,1.0909,1.09099,330.5
2024-01-09 07:35:00,1.09099,1.09112,1.09095,1.09101,593.6
2024-01-09 07:40:00,1.09101,1.09102,1.09091,1.09098,712.6
2024-01-09 07:45:00,1.09098,1.09101,1.09096,1.09101,533.3
2024-01-09 07:50:00,1.09101,1.0911,1.09095,1.0911,447.5
2024-01-09 07:55:00,1.0911,1.0912,1.09108,1.09118,574.6
2024-01-09 08:00:00,1.09118,1.0912,1.09111,1.09118,353.3
2024-01-09 08:05:00,1.09118,1.09123,1.09117,1.09122,772.4
2024-01-09 08:10:00,1.09122,1.09122,1.09116,1.09119,393.4
2024-01-09 08:15:00,1.09119,1.09125,1.09109,1.09118,685.3
2024-01-09 08:20:00,1.09118,1.09122,1.09116,1.09116,506.9
2024-01-09 08:25:00,1.09116,1.09122,1.09111,1.0912,662.2
2024-01-09 08:30:00,1.0912,1.0912,1.09103,1.09113,496.9
2024-01-09 08:35:00,1.09113,1.09125,1.09111,1.09123,492.7
2024-01-09 08:40:00,1.09123,1.09129,1.09119,1.09125,534.4
2024-01-09 08:45:00,1.09125,1.09129,1.09112,1.09114,395.1
2024-01-09 08:50:00,1.09114,1.09119,1.09108,1.09108,431.9
2024-01-09 08:55:00,1.09108,1.09109,1.09101,1.09108,421.3
2024-01-09 09:00:00,1.09108,1.09108,1.09094,1.09094,508.2
2024-01-09 09:05:00,1.09094,1.09098,1.09082,1.09083,479.0
2024-01-09 09:10:00,1.09083,1.09084,1.09071,1.09072,682.9
2024-01-09 09:15:00,1.09072,1.09077,1.09068,1.09068,351.8
2024-01-09 09:20:00,1.09068,1.09075,1.09067,1.0907,452.2
2024-01-09 09:25:00,1.0907,1.09073,1.09066,1.09069,476.6
2024-01-09 09:30:00,1.09069,1.0907,1.09063,1.09065,157.7
2024-01-09 09:35:00,1.09065,1.0907,1.09063,1.09064,572.6
2024-01-09 09:40:00,1.09064,1.09068,1.09058,1.09066,603.2
2024-01-09 09:45:00,1.09066,1.09074,1.09065,1.09073,542.7
2024-01-09 09:50:00,1.09073,1.09073,1.09071,1.09072,532.7
2024-01-09 09:55:00,1.09072,1.09075,1.09063,1.09065,436.2
2024-01-09 10:00:00,1.09065,1.09065,1.09039,1.09048,762.3
2024-01-09 10:05:00,1.09048,1.09054,1.09045,1.09052,322.5
2024-01-09 10:10:00,1.09052,1.09053,1.09047,1.0905,508.7
2024-01-09 10:15:00,1.0905,1.09056,1.09046,1.09054,173.7
2024-01-09 10:20:00,1.09054,1.09057,1.09052,1.09053,722.7
2024-01-09 10:25:00,1.09053,1.09064,1.09049,1.09064,723.1
2024-01-09 10:30:00,1.09064,1.09064,1.0906,1.09063,481.6
2024-01-09 10:35:00,1.09063,1.09067,1.09059,1.09059,397.8
2024-01-09 10:40:00,1.09059,1.09066,1.09054,1.09064,661.2
2024-01-09 10:45:00,1.09064,1.09068,1.09053,1.09055,684.3
2024-01-09 10:50:00,1.09055,1.09059,1.09053,1.09058,408.3
2024-01-09 10:55:00,1.09058,1.09061,1.09057,1.0906,544.0
2024-01-09 11:00:00,1.0906,1.09062,1.09048,1.09053,578.1
2024-01-09 11:05:00,1.09053,1.09058,1.0905,1.09055,923.3
2024-01-09 11:10:00,1.09055,1.09056,1.0905,1.09053,694.4
2024-01-09 11:15:00,1.09053,1.09057,1.09046,1.0905,534.9
2024-01-09 11:20:00,1.0905,1.09053,1.09046,1.09047,368.0
2024-01-09 11:25:00,1.09047,1.09054,1.09043,1.0905,601.0
2024-01-09 11:30:00,1.0905,1.09052,1.09035,1.09037,361.7
2024-01-09 11:35:00,1.09037,1.0904,1.09035,1.09038,467.4
2024-01-09 11:40:00,1.09038,1.09046,1.09038,1.09043,383.6
2024-01-09 11:45:00,1.09043,1.09046,1.09034,1.09037,575.5
2024-01-09 11:50:00,1.09037,1.09044,1.09035,1.09038,440.1
2024-01-09 11:55:00,1.09038,1.09046,1.09027,1.09036,535.7
2024-01-09 12:00:00,1.09036,1.09038,1.09027,1.09038,660.9
2024-01-09 12:05:00,1.09038,1.09047,1.09036,1.09043,442.9
2024-01-09 12:10:00,1.09043,1.09044,1.09041,1.09043,585.5
2024-01-09 12:15:00,1.09043,1.09057,1.09042,1.09053,223.3
2024-01-09 12:20:00,1.09053,1.09064,1.09053,1.0906,429.5
2024-01-09 12:25:00,1.0906,1.09067,1.09057,1.09064,344.9
2024-01-09 12:30:00,1.09064,1.09064,1.09053,1.09058,498.1
2024-01-09 12:35:00,1.09058,1.09067,1.09055,1.09062,418.9
2024-01-09 12:40:00,1.09062,1.09066,1.0906,1.09065,424.6
2024-01-09 12:45:00,1.09065,1.09068,1.09051,1.09054,730.0
2024-01-09 12:50:00,1.09054,1.09066,1.09051,1.0906,530.0
2024-01-09 12:55:00,1.0906,1.09062,1.09055,1.09058,418.8
2024-01-09 13:00:00,1.09058,1.09059,1.09052,1.09056,525.1
2024-01-09 13:05:00,1.09056,1.09059,1.09052,1.09056,542.2
2024-01-09 13:10:00,1.09056,1.09062,1.09052,1.09061,604.6
2024-01-09 13:15:00,1.09061,1.09065,1.09057,1.09062,372.6
2024-01-09 13:20:00,1.09062,1.09065,1.09058,1.09061,780.9
2024-01-09 13:25:00,1.09061,1.09074,1.0906,1.09067,421.6
2024-01-09 13:30:00,1.09067,1.09075,1.09067,1.09075,519.7
2024-01-09 13:35:00,1.09075,1.09077,1.09074,1.09077,480.4
2024-01-09 13:40:00,1.09077,1.09085,1.09077,1.0908,483.0
2024-01-09 13:45:00,1.0908,1.09083,1.09072,1.09077,448.6
2024-01-09 13:50:00,1.09077,1.09079,1.0907,1.09072,506.7
2024-01-09 13:55:00,1.09072,1.0908,1.0907,1.09074,395.1
2024-01-09 14:00:00,1.09074,1.09075,1.09069,1.09073,603.3
2024-01-09 14:05:00,1.09073,1.09085,1.09071,1.09084,429.5
2024-01-09 14:10:00,1.09084,1.09094,1.09083,1.09088,419.2
2024-01-09 14:15:00,1.09088,1.09091,1.09088,1.0909,395.9
2024-01-09 14:20:00,1.0909,1.09092,1.0907,1.09074,529.8
2024-01-09 14:25:00,1.09074,1.09074,1.09052,1.09059,778.7
2024-01-09 14:30:00,1.09059,1.09065,1.09056,1.09061,390.4
2024-01-09 14:35:00,1.09061,1.09064,1.09056,1.09064,593.2
2024-01-09 14:40:00,1.09064,1.09069,1.09055,1.09056,355.9
2024-01-09 14:45:00,1.09056,1.09062,1.09039,1.09044,323.9
2024-01-09 14:50:00,1.09044,1.09055,1.09043,1.09055,487.8
2024-01-09 14:55:00,1.09055,1.0906,1.09052,1.09053,241.9
2024-01-09 15:00:00,1.09053,1.0907,1.09049,1.09066,450.1
2024-01-09 15:05:00,1.09066,1.09066,1.09059,1.09061,533.4
2024-01-09 15:10:00,1.09061,1.09064,1.09053,1.09057,485.9
2024-01-09 15:15:00,1.09057,1.09074,1.09054,1.09071,506.8
2024-01-09 15:20:00,1.09071,1.09076,1.09066,1.09066,374.8
2024-01-09 15:25:00,1.09066,1.0907,1.0906,1.09064,693.2
2024-01-09 15:30:00,1.09064,1.0907,1.09059,1.09069,745.1
2024-01-09 15:35:00,1.09069,1.09073,1.09061,1.09072,709.7
2024-01-09 15:40:00,1.09072,1.09073,1.09066,1.09066,442.4
2024-01-09 15:45:00,1.09066,1.0907,1.09057,1.09057,513.9
2024-01-09 15:50:00,1.09057,1.09068,1.09057,1.09066,538.5
2024-01-09 15:55:00,1.09066,1.09066,1.0906,1.09063,498.8
2024-01-09 16:00:00,1.09063,1.09075,1.09062,1.09072,299.2
2024-01-09 16:05:00,1.09072,1.09074,1.09066,1.09071,604.9
2024-01-09 16:10:00,1.09071,1.09081,1.09065,1.09074,601.3
2024-01-09 16:15:00,1.09074,1.0908,1.0907,1.0907,449.8
2024-01-09 16:20:00,1.0907,1.09071,1.09059,1.09066,710.5
2024-01-09 16:25:00,1.09066,1.09068,1.09056,1.09058,270.0
2024-01-09 16:30:00,1.09058,1.09068,1.09057,1.09064,347.6
2024-01-09 16:35:00,1.09064,1.09071,1.09056,1.09061,507.7
2024-01-09 16:40:00,1.09061,1.09065,1.09054,1.09056,712.9
2024-01-09 16:45:00,1.09056,1.09059,1.09041,1.09048,595.8
2024-01-09 16:50:00,1.09048,1.09058,1.09048,1.09049,438.2
2024-01-09 16:55:00,1.09049,1.09052,1.09038,1.09045,606.5
2024-01-09 17:00:00,1.09045,1.09048,1.09041,1.09046,649.8
2024-01-09 17:05:00,1.09046,1.0906,1.09044,1.09058,747.6
2024-01-09 17:10:00,1.09058,1.09059,1.09049,1.09054,479.0
2024-01-09 17:15:00,1.09054,1.09056,1.09051,1.09054,274.7
2024-01-09 17:20:00,1.09054,1.09057,1.09042,1.09045,427.5
2024-01-09 17:25:00,1.09045,1.09048,1.09037,1.09039,392.5
2024-01-09 17:30:00,1.09039,1.09042,1.09034,1.09035,380.8
2024-01-09 17:35:00,1.09035,1.09037,1.09031,1.09037,376.2
2024-01-09 17:40:00,1.09037,1.09044,1.09033,1.09043,650.6
2024-01-09 17:45:00,1.09043,1.09054,1.09035,1.09049,336.1
2024-01-09 17:50:00,1.09049,1.0905,1.0904,1.09043,583.4
2024-01-09 17:55:00,1.09043,1.09048,1.0904,1.09042,700.0
2024-01-09 18:00:00,1.09042,1.09061,1.09032,1.0906,435.0
2024-01-09 18:05:00,1.0906,1.09061,1.09053,1.09053,323.6
2024-01-09 18:10:00,1.09053,1.09054,1.09045,1.09046,124.8
2024-01-09 18:15:00,1.09046,1.09052,1.09046,1.09052,542.8
2024-01-09 18:20:00,1.09052,1.09052,1.09041,1.09045,655.8
2024-01-09 18:25:00,1.09045,1.0905,1.09042,1.09048,691.3
2024-01-09 18:30:00,1.09048,1.09054,1.0904,1.09052,373.6
2024-01-09 18:35:00,1.09052,1.09057,1.09038,1.09039,391.5
2024-01-09 18:40:00,1.09039,1.0905,1.09032,1.09037,303.7
2024-01-09 18:45:00,1.09037,1.09042,1.0903,1.09036,525.5
2024-01-09 18:50:00,1.09036,1.09059,1.09036,1.09053,444.8
2024-01-09 18:55:00,1.09053,1.09058,1.09047,1.09054,225.2
2024-01-09 19:00:00,1.09054,1.09068,1.09047,1.09067,535.0
2024-01-09 19:05:00,1.09067,1.09079,1.09065,1.09076,729.0
2024-01-09 19:10:00,1.09076,1.09085,1.09073,1.09083,401.7
2024-01-09 19:15:00,1.09083,1.09085,1.09068,1.09074,625.8
2024-01-09 19:20:00,1.09074,1.09077,1.09062,1.09065,431.8
2024-01-09 19:25:00,1.09065,1.09069,1.09045,1.09048,573.8
2024-01-09 19:30:00,1.09048,1.09054,1.09033,1.09037,619.4
2024-01-09 19:35:00,1.09037,1.09041,1.09035,1.0904,419.4
2024-01-09 19:40:00,1.0904,1.09044,1.09037,1.09038,437.7
2024-01-09 19:45:00,1.09038,1.09047,1.09035,1.09044,773.9
2024-01-09 19:50:00,1.09044,1.09046,1.09032,1.09037,691.3
2024-01-09 19:55:00,1.09037,1.09041,1.09017,1.09022,715.0
2024-01-09 20:00:00,1.09022,1.09025,1.09006,1.09007,433.3
2024-01-09 20:05:00,1.09007,1.09019,1.09002,1.09016,584.0
2024-01-09 20:10:00,1.09016,1.0902,1.09004,1.09006,514.5
2024-01-09 20:15:00,1.09006,1.09013,1.09002,1.09013,264.0
2024-01-09 20:20:00,1.09013,1.09014,1.0899,1.08992,445.8
2024-01-09 20:25:00,1.08992,1.08993,1.08977,1.08985,484.5
2024-01-09 20:30:00,1.08985,1.08988,1.08972,1.0898,494.0
2024-01-09 20:35:00,1.0898,1.08989,1.08975,1.08984,361.7
2024-01-09 20:40:00,1.08984,1.08994,1.08982,1.08991,651.4
2024-01-09 20:45:00,1.08991,1.08991,1.08985,1.08987,613.7
2024-01-09 20:50:00,1.08987,1.08988,1.08978,1.08982,481.7
2024-01-09 20:55:00,1.08982,1.08983,1.08979,1.0898,472.4
2024-01-09 21:00:00,1.0898,1.08988,1.08974,1.08978,406.5
2024-01-09 21:05:00,1.08978,1.08982,1.08973,1.08977,364.4
2024-01-09 21:10:00,1.08977,1.08985,1.0897,1.0898,678.2
2024-01-09 21:15:00,1.0898,1.08989,1.08975,1.08984,678.3
2024-01-09 21:20:00,1.08984,1.08993,1.08984,1.0899,423.3
2024-01-09 21:25:00,1.0899,1.09003,1.08986,1.08997,637.7
2024-01-09 21:30:00,1.08997,1.09003,1.08996,1.08999,667.6
2024-01-09 21:35:00,1.08999,1.0901,1.08994,1.09006,624.8
2024-01-09 21:40:00,1.09006,1.09011,1.09003,1.09007,297.7
2024-01-09 21:45:00,1.09007,1.0902,1.09005,1.09013,639.7
2024-01-09 21:50:00,1.09013,1.09019,1.09007,1.09016,593.7
2024-01-09 21:55:00,1.09016,1.0902,1.09016,1.09017,666.4
2024-01-09 22:00:00,1.09017,1.09022,1.09011,1.09019,530.7
2024-01-09 22:05:00,1.09019,1.09027,1.09017,1.09026,425.7
2024-01-09 22:10:00,1.09026,1.09037,1.09026,1.09031,622.1
2024-01-09 22:15:00,1.09031,1.09039,1.0903,1.09035,700.0
2024-01-09 22:20:00,1.09035,1.09042,1.09031,1.09031,409.5
2024-01-09 22:25:00,1.09031,1.09045,1.09031,1.09044,412.0
2024-01-09 22:30:00,1.09044,1.09049,1.09041,1.09046,495.9
2024-01-09 22:35:00,1.09046,1.09052,1.09037,1.09041,494.4
2024-01-09 22:40:00,1.09041,1.09051,1.09017,1.09029,719.5
2024-01-09 22:45:00,1.09029,1.09029,1.09003,1.09016,191.9
2024-01-09 22:50:00,1.09016,1.09023,1.09002,1.09003,424.9
2024-01-09 22:55:00,1.09003,1.09008,1.09002,1.09003,725.1
2024-01-09 23:00:00,1.09003,1.09004,1.08993,1.09,797.6
2024-01-09 23:05:00,1.09,1.09002,1.08992,1.08995,410.5
2024-01-09 23:10:00,1.08995,1.08998,1.08982,1.08991,212.7
2024-01-09 23:15:00,1.08991,1.08992,1.08978,1.08985,427.4
2024-01-09 23:20:00,1.08985,1.08989,1.08979,1.08984,488.5
2024-01-09 23:25:00,1.08984,1.08994,1.08982,1.08983,433.3
2024-01-09 23:30:00,1.08983,1.08986,1.08967,1.08969,785.8
2024-01-09 23:35:00,1.08969,1.08973,1.0896,1.08966,747.3
2024-01-09 23:40:00,1.08966,1.08975,1.08954,1.08954,490.0
2024-01-09 23:45:00,1.08954,1.08956,1.0895,1.08951,162.8
2024-01-09 23:50:00,1.08951,1.08957,1.08946,1.08956,495.9
2024-01-09 23:55:00,1.08956,1.0898,1.08954,1.08978,756.1
2024-01-10 00:00:00,1.08978,1.08979,1.08968,1.08971,470.5
2024-01-10 00:05:00,1.08971,1.08982,1.08967,1.08978,486.2
2024-01-10 00:10:00,1.08978,1.08981,1.08978,1.08979,399.5
2024-01-10 00:15:00,1.08979,1.0898,1.08967,1.08973,566.1
2024-01-10 00:20:00,1.08973,1.08978,1.08968,1.08971,434.9
2024-01-10 00:25:00,1.08971,1.08972,1.08969,1.0897,377.9
2024-01-10 00:30:00,1.0897,1.08989,1.08969,1.08984,643.5
2024-01-10 00:35:00,1.08984,1.08988,1.08983,1.08987,893.2
2024-01-10 00:40:00,1.08987,1.09003,1.08985,1.08997,592.0
2024-01-10 00:45:00,1.08997,1.0902,1.0899,1.09018,687.7
2024-01-10 00:50:00,1.09018,1.09033,1.09016,1.09024,576.8
2024-01-10 00:55:00,1.09024,1.09039,1.09017,1.09019,520.5
2024-01-10 01:00:00,1.09019,1.09034,1.09018,1.09032,390.6
2024-01-10 01:05:00,1.09032,1.09034,1.09029,1.09032,485.8
2024-01-10 01:10:00,1.09032,1.09034,1.09026,1.09027,429.8
2024-01-10 01:15:00,1.09027,1.0904,1.09026,1.09036,331.4
2024-01-10 01:20:00,1.09036,1.09048,1.09035,1.09041,511.0
2024-01-10 01:25:00,1.09041,1.09045,1.09032,1.09036,801.9
2024-01-10 01:30:00,1.09036,1.09037,1.09028,1.09034,564.8
2024-01-10 01:35:00,1.09034,1.0905,1.09028,1.09044,986.5
2024-01-10 01:40:00,1.09044,1.09045,1.09042,1.09043,647.6
2024-01-10 01:45:00,1.09043,1.09045,1.09033,1.09033,601.4
2024-01-10 01:50:00,1.09033,1.09037,1.09028,1.09035,151.6
2024-01-10 01:55:00,1.09035,1.09052,1.09032,1.09044,744.4
2024-01-10 02:00:00,1.09044,1.09047,1.09039,1.0904,604.9
2024-01-10 02:05:00,1.0904,1.09043,1.09033,1.09041,465.5
2024-01-10 02:10:00,1.09041,1.09042,1.09026,1.09029,343.2
2024-01-10 02:15:00,1.09029,1.09041,1.09017,1.09036,411.3
2024-01-10 02:20:00,1.09036,1.09052,1.09034,1.09043,519.0
2024-01-10 02:25:00,1.09043,1.09047,1.09042,1.09047,415.5
2024-01-10 02:30:00,1.09047,1.09048,1.09039,1.09043,596.1
2024-01-10 02:35:00,1.09043,1.09059,1.09033,1.09052,428.6
2024-01-10 02:40:00,1.09052,1.09055,1.09045,1.09051,611.6
2024-01-10 02:45:00,1.09051,1.09052,1.09043,1.0905,453.8
2024-01-10 02:50:00,1.0905,1.09055,1.09045,1.09047,708.1
2024-01-10 02:55:00,1.09047,1.09055,1.09045,1.09051,368.7
2024-01-10 03:00:00,1.09051,1.09066,1.09049,1.09051,643.5
2024-01-10 03:05:00,1.09051,1.09053,1.09045,1.09052,497.8
2024-01-10 03:10:00,1.09052,1.09074,1.09048,1.09061,638.7
2024-01-10 03:15:00,1.09061,1.09068,1.0906,1.09066,513.6
2024-01-10 03:20:00,1.09066,1.09085,1.09065,1.09076,598.3
2024-01-10 03:25:00,1.09076,1.09077,1.09065,1.09069,567.2
2024-01-10 03:30:00,1.09069,1.09085,1.09066,1.09077,400.9
2024-01-10 03:35:00,1.09077,1.09083,1.09069,1.0908,196.4
2024-01-10 03:40:00,1.0908,1.09093,1.09075,1.09083,567.8
2024-01-10 03:45:00,1.09083,1.09093,1.09081,1.09088,411.3
2024-01-10 03:50:00,1.09088,1.09098,1.09088,1.09091,508.0
2024-01-10 03:55:00,1.09091,1.09098,1.09078,1.09081,397.6
2024-01-10 04:00:00,1.09081,1.09085,1.09076,1.09077,686.7
2024-01-10 04:05:00,1.09077,1.09092,1.09069,1.09084,375.7
2024-01-10 04:10:00,1.09084,1.09097,1.09072,1.09089,301.3
2024-01-10 04:15:00,1.09089,1.09092,1.09075,1.09076,361.5
2024-01-10 04:20:00,1.09076,1.09084,1.09064,1.0908,500.4
2024-01-10 04:25:00,1.0908,1.09085,1.09075,1.09081,529.8
2024-01-10 04:30:00,1.09081,1.09085,1.09071,1.09079,440.8
2024-01-10 04:35:00,1.09079,1.09092,1.09068,1.09089,481.6
2024-01-10 04:40:00,1.09089,1.09093,1.09067,1.09073,336.0
2024-01-10 04:45:00,1.09073,1.09074,1.09054,1.09058,342.8
2024-01-10 04:50:00,1.09058,1.09062,1.09049,1.09055,314.5
2024-01-10 04:55:00,1.09055,1.09059,1.09052,1.09057,129.3
2024-01-10 05:00:00,1.09057,1.09078,1.09056,1.09073,339.8
2024-01-10 05:05:00,1.09073,1.09085,1.09072,1.09076,475.5
2024-01-10 05:10:00,1.09076,1.09091,1.09073,1.09085,468.6
2024-01-10 05:15:00,1.09085,1.09112,1.09083,1.09104,408.3
2024-01-10 05:20:00,1.09104,1.09111,1.09103,1.09107,539.5
2024-01-10 05:25:00,1.09107,1.09113,1.09106,1.0911,264.5
2024-01-10 05:30:00,1.0911,1.09114,1.09105,1.09107,607.0
2024-01-10 05:35:00,1.09107,1.09113,1.09101,1.0911,160.0
2024-01-10 05:40:00,1.0911,1.09114,1.0911,1.09114,314.1
2024-01-10 05:45:00,1.09114,1.09126,1.09109,1.09119,488.8
2024-01-10 05:50:00,1.09119,1.0913,1.09109,1.09125,676.6
2024-01-10 05:55:00,1.09125,1.09127,1.09124,1.09127,533.4
2024-01-10 06:00:00,1.09127,1.09131,1.09118,1.09122,386.0
2024-01-10 06:05:00,1.09122,1.09129,1.09121,1.09125,203.4
2024-01-10 06:10:00,1.09125,1.09133,1.09125,1.09133,566.8
2024-01-10 06:15:00,1.09133,1.09139,1.09122,1.09135,436.0
2024-01-10 06:20:00,1.09135,1.09154,1.09131,1.09144,513.9
2024-01-10 06:25:00,1.09144,1.09149,1.09134,1.09136,343.0
2024-01-10 06:30:00,1.09136,1.09153,1.09131,1.09148,669.8
2024-01-10 06:35:00,1.09148,1.09165,1.09139,1.0915,420.9
2024-01-10 06:40:00,1.0915,1.09155,1.09147,1.09148,507.1
2024-01-10 06:45:00,1.09148,1.09155,1.0914,1.09154,384.1
2024-01-10 06:50:00,1.09154,1.09174,1.09153,1.09167,480.7
2024-01-10 06:55:00,1.09167,1.09167,1.09157,1.09166,628.2
2024-01-10 07:00:00,1.09166,1.09167,1.09146,1.0916,533.6
2024-01-10 07:05:00,1.0916,1.09184,1.09151,1.09172,567.7
2024-01-10 07:10:00,1.09172,1.09181,1.09159,1.09165,537.4
2024-01-10 07:15:00,1.09165,1.09172,1.09161,1.09171,624.7
2024-01-10 07:20:00,1.09171,1.09176,1.09153,1.09162,367.5
2024-01-10 07:25:00,1.09162,1.09169,1.09139,1.09149,336.7
2024-01-10 07:30:00,1.09149,1.09156,1.09137,1.09155,763.9
2024-01-10 07:35:00,1.09155,1.09164,1.09145,1.0916,373.6
2024-01-10 07:40:00,1.0916,1.09161,1.0915,1.09157,366.4
2024-01-10 07:45:00,1.09157,1.09163,1.09147,1.0915,452.4
2024-01-10 07:50:00,1.0915,1.09151,1.09143,1.09147,462.2
2024-01-10 07:55:00,1.09147,1.09151,1.09126,1.09131,551.9
2024-01-10 08:00:00,1.09131,1.09138,1.0912,1.09136,529.2
2024-01-10 08:05:00,1.09136,1.09141,1.0912,1.09124,653.0
2024-01-10 08:10:00,1.09124,1.09135,1.09123,1.09131,286.1
2024-01-10 08:15:00,1.09131,1.09141,1.09122,1.09124,303.9
2024-01-10 08:20:00,1.09124,1.09126,1.09113,1.09125,604.9
2024-01-10 08:25:00,1.09125,1.0914,1.09124,1.09132,602.5
2024-01-10 08:30:00,1.09132,1.09137,1.09128,1.09129,653.6
2024-01-10 08:35:00,1.09129,1.09132,1.09126,1.09131,611.8
2024-01-10 08:40:00,1.09131,1.09136,1.09127,1.09133,444.9
2024-01-10 08:45:00,1.09133,1.09134,1.09127,1.09128,486.1
2024-01-10 08:50:00,1.09128,1.09129,1.09119,1.09128,671.9
2024-01-10 08:55:00,1.09128,1.0913,1.0912,1.09122,484.0
2024-01-10 09:00:00,1.09122,1.09126,1.09112,1.0912,142.2
2024-01-10 09:05:00,1.0912,1.09128,1.09115,1.09122,570.8
2024-01-10 09:10:00,1.09122,1.09123,1.09113,1.09118,464.0
2024-01-10 09:15:00,1.09118,1.09131,1.09116,1.09117,477.4
2024-01-10 09:20:00,1.09117,1.0912,1.09093,1.09094,526.6
2024-01-10 09:25:00,1.09094,1.09099,1.09088,1.09097,432.4
2024-01-10 09:30:00,1.09097,1.09109,1.09083,1.09093,426.0
2024-01-10 09:35:00,1.09093,1.09094,1.09086,1.09089,396.1
2024-01-10 09:40:00,1.09089,1.09099,1.09073,1.09079,270.8
2024-01-10 09:45:00,1.09079,1.09084,1.09061,1.09063,575.6
2024-01-10 09:50:00,1.09063,1.09072,1.09058,1.09059,583.4
2024-01-10 09:55:00,1.09059,1.09062,1.09056,1.09059,487.5
2024-01-10 10:00:00,1.09059,1.09059,1.09041,1.09048,636.0
2024-01-10 10:05:00,1.09048,1.09058,1.09047,1.09052,677.9
2024-01-10 10:10:00,1.09052,1.09053,1.09023,1.09032,269.1
2024-01-10 10:15:00,1.09032,1.0904,1.0903,1.0903,144.7
2024-01-10 10:20:00,1.0903,1.09033,1.09014,1.09015,550.8
2024-01-10 10:25:00,1.09015,1.09025,1.09011,1.09019,603.5
2024-01-10 10:30:00,1.09019,1.0902,1.08991,1.09009,827.8
2024-01-10 10:35:00,1.09009,1.09021,1.09004,1.09017,436.3
2024-01-10 10:40:00,1.09017,1.09037,1.09016,1.09035,815.3
2024-01-10 10:45:00,1.09035,1.09036,1.09005,1.09015,399.4
2024-01-10 10:50:00,1.09015,1.09017,1.09013,1.09014,382.5
2024-01-10 10:55:00,1.09014,1.09021,1.0901,1.09012,290.9
2024-01-10 11:00:00,1.09012,1.09026,1.09009,1.09018,434.4
2024-01-10 11:05:00,1.09018,1.09025,1.09015,1.09015,215.5
2024-01-10 11:10:00,1.09015,1.09036,1.09014,1.0902,436.2
2024-01-10 11:15:00,1.0902,1.0902,1.09004,1.09006,792.6
2024-01-10 11:20:00,1.09006,1.09017,1.08994,1.09002,404.9
2024-01-10 11:25:00,1.09002,1.09009,1.08993,1.08994,519.2
2024-01-10 11:30:00,1.08994,1.09001,1.08989,1.08991,352.9
2024-01-10 11:35:00,1.08991,1.08993,1.08966,1.08976,736.0
2024-01-10 11:40:00,1.08976,1.08977,1.08973,1.08975,697.9
2024-01-10 11:45:00,1.08975,1.08981,1.08973,1.08978,664.4
2024-01-10 11:50:00,1.08978,1.09006,1.08966,1.09002,616.4
2024-01-10 11:55:00,1.09002,1.09003,1.08995,1.09001,505.7
2024-01-10 12:00:00,1.09001,1.09013,1.08988,1.08989,322.8
2024-01-10 12:05:00,1.08989,1.08999,1.08986,1.08991,276.0
2024-01-10 12:10:00,1.08991,1.08994,1.08984,1.08987,696.4
2024-01-10 12:15:00,1.08987,1.08992,1.08974,1.08985,550.0
2024-01-10 12:20:00,1.08985,1.08994,1.08977,1.08991,646.8
2024-01-10 12:25:00,1.08991,1.09001,1.08986,1.08997,404.9
2024-01-10 12:30:00,1.08997,1.08997,1.08996,1.08996,542.3
2024-01-10 12:35:00,1.08996,1.08998,1.08986,1.08996,621.2
2024-01-10 12:40:00,1.08996,1.09006,1.08993,1.09001,555.2
2024-01-10 12:45:00,1.09001,1.09012,1.08994,1.09002,406.2
2024-01-10 12:50:00,1.09002,1.09022,1.08999,1.09017,329.9
2024-01-10 12:55:00,1.09017,1.09019,1.09,1.09012,71.4
2024-01-10 13:00:00,1.09012,1.09018,1.09008,1.09018,641.2
2024-01-10 13:05:00,1.09018,1.09039,1.09017,1.09027,662.1
2024-01-10 13:10:00,1.09027,1.09029,1.09015,1.0902,456.0
2024-01-10 13:15:00,1.0902,1.09024,1.09001,1.09009,579.1
2024-01-10 13:20:00,1.09009,1.09014,1.08982,1.08992,502.8
2024-01-10 13:25:00,1.08992,1.08994,1.08972,1.08978,664.3
2024-01-10 13:30:00,1.08978,1.0899,1.08977,1.0899,530.9
2024-01-10 13:35:00,1.0899,1.08998,1.08984,1.08995,544.9
2024-01-10 13:40:00,1.08995,1.09009,1.08992,1.09006,386.6
2024-01-10 13:45:00,1.09006,1.09014,1.09,1.09002,469.6
2024-01-10 13:50:00,1.09002,1.09017,1.08984,1.0901,477.8
2024-01-10 13:55:00,1.0901,1.09027,1.08995,1.09021,456.7
2024-01-10 14:00:00,1.09021,1.09049,1.09017,1.09035,358.7
2024-01-10 14:05:00,1.09035,1.09036,1.0902,1.09031,525.3
2024-01-10 14:10:00,1.09031,1.09035,1.0902,1.09024,1022.0
2024-01-10 14:15:00,1.09024,1.0903,1.09024,1.09027,387.4
2024-01-10 14:20:00,1.09027,1.09038,1.09026,1.09029,629.4
2024-01-10 14:25:00,1.09029,1.09044,1.09017,1.09027,583.4
2024-01-10 14:30:00,1.09027,1.09033,1.0902,1.09032,324.7
2024-01-10 14:35:00,1.09032,1.09032,1.09022,1.09029,335.3
2024-01-10 14:40:00,1.09029,1.0904,1.09026,1.09034,390.3
2024-01-10 14:45:00,1.09034,1.09048,1.09024,1.09027,485.0
2024-01-10 14:50:00,1.09027,1.09049,1.0902,1.09036,280.5
2024-01-10 14:55:00,1.09036,1.09039,1.09033,1.09035,311.8
2024-01-10 15:00:00,1.09035,1.09042,1.09029,1.09031,501.1
2024-01-10 15:05:00,1.09031,1.09041,1.09014,1.09017,592.0
2024-01-10 15:10:00,1.09017,1.09022,1.08998,1.09022,419.8
2024-01-10 15:15:00,1.09022,1.09024,1.09007,1.09014,429.0
2024-01-10 15:20:00,1.09014,1.09029,1.09003,1.09007,465.0
2024-01-10 15:25:00,1.09007,1.09008,1.09006,1.09006,433.1
2024-01-10 15:30:00,1.09006,1.09012,1.09001,1.09006,540.5
2024-01-10 15:35:00,1.09006,1.09019,1.09,1.09018,231.1
2024-01-10 15:40:00,1.09018,1.09019,1.09009,1.09011,656.0
2024-01-10 15:45:00,1.09011,1.09016,1.09001,1.09005,671.1
2024-01-10 15:50:00,1.09005,1.09007,1.08993,1.09,542.2
2024-01-10 15:55:00,1.09,1.09013,1.08992,1.08999,590.9
2024-01-10 16:00:00,1.08999,1.09003,1.08992,1.09,479.0
2024-01-10 16:05:00,1.09,1.09006,1.08992,1.08999,710.8
2024-01-10 16:10:00,1.08999,1.09005,1.08993,1.08999,546.1
2024-01-10 16:15:00,1.08999,1.09011,1.0899,1.0901,444.3
2024-01-10 16:20:00,1.0901,1.09023,1.09002,1.09015,529.4
2024-01-10 16:25:00,1.09015,1.09019,1.08998,1.09005,217.9
2024-01-10 16:30:00,1.09005,1.09014,1.08992,1.08998,493.2
2024-01-10 16:35:00,1.08998,1.09005,1.08992,1.09,520.7
2024-01-10 16:40:00,1.09,1.09013,1.08989,1.09003,80.1
2024-01-10 16:45:00,1.09003,1.09005,1.08997,1.09001,717.4
2024-01-10 16:50:00,1.09001,1.09003,1.08996,1.08998,724.0
2024-01-10 16:55:00,1.08998,1.09002,1.08989,1.0899,444.1
2024-01-10 17:00:00,1.0899,1.09002,1.08984,1.08998,594.4
2024-01-10 17:05:00,1.08998,1.08999,1.08996,1.08997,569.1
2024-01-10 17:10:00,1.08997,1.09001,1.08991,1.08993,717.1
2024-01-10 17:15:00,1.08993,1.0901,1.08992,1.09005,512.4
2024-01-10 17:20:00,1.09005,1.09021,1.08997,1.08999,578.2
2024-01-10 17:25:00,1.08999,1.0902,1.08994,1.09012,435.6
2024-01-10 17:30:00,1.09012,1.09019,1.08999,1.09002,688.9
2024-01-10 17:35:00,1.09002,1.09008,1.09002,1.09008,245.8
2024-01-10 17:40:00,1.09008,1.09017,1.09002,1.09015,526.2
2024-01-10 17:45:00,1.09015,1.09018,1.09007,1.09013,393.9
2024-01-10 17:50:00,1.09013,1.09015,1.09001,1.09003,543.7
2024-01-10 17:55:00,1.09003,1.09006,1.0899,1.09001,216.0
2024-01-10 18:00:00,1.09001,1.09014,1.09001,1.09012,419.1
2024-01-10 18:05:00,1.09012,1.09019,1.09002,1.0901,478.7
2024-01-10 18:10:00,1.0901,1.09015,1.08988,1.08994,20.5
2024-01-10 18:15:00,1.08994,1.08995,1.08978,1.08979,512.3
2024-01-10 18:20:00,1.08979,1.08987,1.08974,1.08983,764.2
2024-01-10 18:25:00,1.08983,1.08987,1.08973,1.08982,476.2
2024-01-10 18:30:00,1.08982,1.0899,1.08957,1.08971,577.3
2024-01-10 18:35:00,1.08971,1.08971,1.08958,1.08958,525.9
2024-01-10 18:40:00,1.08958,1.08973,1.08943,1.08968,701.2
2024-01-10 18:45:00,1.08968,1.08971,1.08955,1.08963,456.3
2024-01-10 18:50:00,1.08963,1.08971,1.0895,1.0895,632.5
2024-01-10 18:55:00,1.0895,1.08965,1.08947,1.08964,739.9
2024-01-10 19:00:00,1.08964,1.08972,1.08958,1.08959,532.1
2024-01-10 19:05:00,1.08959,1.08961,1.08954,1.08957,394.7
2024-01-10 19:10:00,1.08957,1.08961,1.08954,1.08955,509.4
2024-01-10 19:15:00,1.08955,1.08957,1.08951,1.08953,757.4
2024-01-10 19:20:00,1.08953,1.08956,1.0895,1.08952,595.9
2024-01-10 19:25:00,1.08952,1.08953,1.08949,1.0895,521.2
2024-01-10 19:30:00,1.0895,1.08956,1.08941,1.08954,336.5
2024-01-10 19:35:00,1.08954,1.08958,1.08922,1.08928,691.4
2024-01-10 19:40:00,1.08928,1.08936,1.08928,1.08929,478.3
2024-01-10 19:45:00,1.08929,1.08934,1.08911,1.08914,634.1
2024-01-10 19:50:00,1.08914,1.08933,1.08913,1.0893,537.7
2024-01-10 19:55:00,1.0893,1.0894,1.08918,1.08922,280.9
2024-01-10 20:00:00,1.08922,1.08923,1.08918,1.08919,471.0
2024-01-10 20:05:00,1.08919,1.08929,1.08914,1.08924,245.7
2024-01-10 20:10:00,1.08924,1.08926,1.08919,1.08924,257.2
2024-01-10 20:15:00,1.08924,1.08934,1.0892,1.0893,611.0
2024-01-10 20:20:00,1.0893,1.0893,1.08924,1.08929,552.3
2024-01-10 20:25:00,1.08929,1.0893,1.08917,1.0892,526.2
2024-01-10 20:30:00,1.0892,1.08923,1.08919,1.08922,356.0
2024-01-10 20:35:00,1.08922,1.08928,1.08904,1.08908,529.1
2024-01-10 20:40:00,1.08908,1.08909,1.08889,1.08893,939.2
2024-01-10 20:45:00,1.08893,1.08899,1.08878,1.08883,665.7
2024-01-10 20:50:00,1.08883,1.08885,1.08858,1.08863,313.2
2024-01-10 20:55:00,1.08863,1.08873,1.08857,1.08869,443.4
2024-01-10 21:00:00,1.08869,1.08877,1.08852,1.08865,427.8
2024-01-10 21:05:00,1.08865,1.08869,1.08857,1.08857,694.6
2024-01-10 21:10:00,1.08857,1.08859,1.08854,1.08855,520.5
2024-01-10 21:15:00,1.08855,1.08855,1.08843,1.08852,394.3
2024-01-10 21:20:00,1.08852,1.08854,1.08844,1.08847,555.4
2024-01-10 21:25:00,1.08847,1.08863,1.08846,1.08855,469.4
2024-01-10 21:30:00,1.08855,1.08856,1.08841,1.08852,536.3
2024-01-10 21:35:00,1.08852,1.08862,1.08852,1.08854,726.2
2024-01-10 21:40:00,1.08854,1.08857,1.08848,1.0885,375.0
2024-01-10 21:45:00,1.0885,1.08852,1.08833,1.08841,617.0
2024-01-10 21:50:00,1.08841,1.08846,1.08833,1.08834,393.0
2024-01-10 21:55:00,1.08834,1.08843,1.08825,1.08837,688.0
2024-01-10 22:00:00,1.08837,1.0884,1.08811,1.0882,491.4
2024-01-10 22:05:00,1.0882,1.08823,1.08805,1.08818,479.6
2024-01-10 22:10:00,1.08818,1.08823,1.08817,1.08817,643.2
2024-01-10 22:15:00,1.08817,1.08818,1.08803,1.0881,552.6
2024-01-10 22:20:00,1.0881,1.0883,1.08805,1.08816,560.2
2024-01-10 22:25:00,1.08816,1.08835,1.0881,1.08829,415.5
2024-01-10 22:30:00,1.08829,1.08835,1.08822,1.08823,692.6
2024-01-10 22:35:00,1.08823,1.08824,1.08806,1.08809,456.5
2024-01-10 22:40:00,1.08809,1.08814,1.0879,1.08791,351.0
2024-01-10 22:45:00,1.08791,1.08796,1.0877,1.08778,482.1
2024-01-10 22:50:00,1.08778,1.08781,1.08774,1.08775,531.5
2024-01-10 22:55:00,1.08775,1.08783,1.0877,1.08781,321.5
2024-01-10 23:00:00,1.08781,1.08784,1.08781,1.08782,492.0
2024-01-10 23:05:00,1.08782,1.08784,1.0877,1.08776,416.8
2024-01-10 23:10:00,1.08776,1.08779,1.08758,1.08764,458.8
2024-01-10 23:15:00,1.08764,1.0877,1.08763,1.08765,661.8
2024-01-10 23:20:00,1.08765,1.08773,1.08763,1.08772,259.5
2024-01-10 23:25:00,1.08772,1.08778,1.08767,1.08775,795.7
2024-01-10 23:30:00,1.08775,1.08784,1.08769,1.08779,676.7
2024-01-10 23:35:00,1.08779,1.08795,1.08775,1.08787,566.4
2024-01-10 23:40:00,1.08787,1.08805,1.08783,1.08801,659.1
2024-01-10 23:45:00,1.08801,1.08807,1.08791,1.08793,518.8
2024-01-10 23:50:00,1.08793,1.08803,1.08789,1.08799,550.4
2024-01-10 23:55:00,1.08799,1.08812,1.08798,1.0881,336.3
2024-01-11 00:00:00,1.0881,1.08828,1.08802,1.08817,613.1
2024-01-11 00:05:00,1.08817,1.08829,1.08815,1.08826,349.0
2024-01-11 00:10:00,1.08826,1.08827,1.08815,1.08819,519.2
2024-01-11 00:15:00,1.08819,1.08828,1.08812,1.08827,714.6
2024-01-11 00:20:00,1.08827,1.08842,1.08817,1.08838,571.2
2024-01-11 00:25:00,1.08838,1.0885,1.08824,1.0884,268.1
2024-01-11 00:30:00,1.0884,1.08848,1.08834,1.08846,723.6
2024-01-11 00:35:00,1.08846,1.08858,1.08843,1.08851,627.1
2024-01-11 00:40:00,1.08851,1.08879,1.0885,1.08868,447.9
2024-01-11 00:45:00,1.08868,1.08869,1.08843,1.08852,425.5
2024-01-11 00:50:00,1.08852,1.0887,1.08847,1.08867,591.9
2024-01-11 00:55:00,1.08867,1.08876,1.08861,1.08871,451.9
2024-01-11 01:00:00,1.08871,1.08883,1.08869,1.08879,681.5
2024-01-11 01:05:00,1.08879,1.08897,1.08875,1.08894,590.6
2024-01-11 01:10:00,1.08894,1.089,1.0889,1.08897,586.5
2024-01-11 01:15:00,1.08897,1.08914,1.08889,1.08898,625.0
2024-01-11 01:20:00,1.08898,1.08924,1.08891,1.08908,400.6
2024-01-11 01:25:00,1.08908,1.08912,1.08905,1.08911,544.1
2024-01-11 01:30:00,1.08911,1.08914,1.08908,1.08914,627.6
2024-01-11 01:35:00,1.08914,1.08919,1.08899,1.08899,546.5
2024-01-11 01:40:00,1.08899,1.08909,1.08868,1.08877,379.5
2024-01-11 01:45:00,1.08877,1.08887,1.08875,1.08884,178.8
2024-01-11 01:50:00,1.08884,1.08885,1.08876,1.0888,464.3
2024-01-11 01:55:00,1.0888,1.08885,1.08877,1.08883,396.3
2024-01-11 02:00:00,1.08883,1.08906,1.08875,1.08901,517.0
2024-01-11 02:05:00,1.08901,1.08919,1.08898,1.08916,555.3
2024-01-11 02:10:00,1.08916,1.08918,1.0891,1.08914,494.9
2024-01-11 02:15:00,1.08914,1.08918,1.0891,1.08911,302.1
2024-01-11 02:20:00,1.08911,1.08911,1.08903,1.08907,702.4
2024-01-11 02:25:00,1.08907,1.08917,1.08903,1.08912,448.2
2024-01-11 02:30:00,1.08912,1.08929,1.08909,1.08922,519.9
2024-01-11 02:35:00,1.08922,1.08922,1.08912,1.08917,539.8
2024-01-11 02:40:00,1.08917,1.08924,1.08898,1.08906,403.5
2024-01-11 02:45:00,1.08906,1.08912,1.08883,1.08887,11.8
2024-01-11 02:50:00,1.08887,1.08892,1.08885,1.08887,760.2
2024-01-11 02:55:00,1.08887,1.0889,1.08881,1.08886,530.9
2024-01-11 03:00:00,1.08886,1.08904,1.08885,1.08901,215.5
2024-01-11 03:05:00,1.08901,1.08908,1.08893,1.08898,398.0
2024-01-11 03:10:00,1.08898,1.08907,1.08887,1.08902,334.0
2024-01-11 03:15:00,1.08902,1.08918,1.089,1.08903,378.2
2024-01-11 03:20:00,1.08903,1.08915,1.08898,1.0891,216.2
2024-01-11 03:25:00,1.0891,1.08924,1.08899,1.08912,517.6
2024-01-11 03:30:00,1.08912,1.08916,1.08905,1.08908,331.9
2024-01-11 03:35:00,1.08908,1.08925,1.08899,1.08924,714.3
2024-01-11 03:40:00,1.08924,1.08946,1.08921,1.08939,375.2
2024-01-11 03:45:00,1.08939,1.08959,1.08934,1.08948,744.6
2024-01-11 03:50:00,1.08948,1.08954,1.08936,1.08941,286.5
2024-01-11 03:55:00,1.08941,1.08945,1.08926,1.08926,574.8
2024-01-11 04:00:00,1.08926,1.08927,1.08924,1.08925,520.8
2024-01-11 04:05:00,1.08925,1.08934,1.08925,1.08931,546.3
2024-01-11 04:10:00,1.08931,1.08936,1.08924,1.08927,751.9
2024-01-11 04:15:00,1.08927,1.08929,1.08923,1.08927,456.6
2024-01-11 04:20:00,1.08927,1.0893,1.08924,1.08929,335.2
2024-01-11 04:25:00,1.08929,1.08931,1.08926,1.0893,693.6
2024-01-11 04:30:00,1.0893,1.08941,1.08927,1.08928,233.2
2024-01-11 04:35:00,1.08928,1.08934,1.08913,1.08916,412.1
2024-01-11 04:40:00,1.08916,1.08916,1.08901,1.08911,579.7
2024-01-11 04:45:00,1.08911,1.08921,1.08902,1.08908,657.8
2024-01-11 04:50:00,1.08908,1.08914,1.08897,1.08902,617.8
2024-01-11 04:55:00,1.08902,1.08906,1.08898,1.08898,579.4
2024-01-11 05:00:00,1.08898,1.08912,1.08893,1.08903,114.9
2024-01-11 05:05:00,1.08903,1.08914,1.08897,1.08899,601.5
2024-01-11 05:10:00,1.08899,1.08906,1.08886,1.08887,465.4
2024-01-11 05:15:00,1.08887,1.08905,1.08884,1.08903,769.9
2024-01-11 05:20:00,1.08903,1.08903,1.08893,1.08899,547.1
2024-01-11 05:25:00,1.08899,1.08917,1.08898,1.08909,402.4
2024-01-11 05:30:00,1.08909,1.08917,1.08901,1.08902,712.0
2024-01-11 05:35:00,1.08902,1.08914,1.08872,1.0888,268.1
2024-01-11 05:40:00,1.0888,1.08891,1.08875,1.08884,626.2
2024-01-11 05:45:00,1.08884,1.08891,1.08883,1.08886,593.7
2024-01-11 05:50:00,1.08886,1.08911,1.08883,1.08904,389.2
2024-01-11 05:55:00,1.08904,1.08905,1.08902,1.08902,419.2
2024-01-11 06:00:00,1.08902,1.0891,1.089,1.08909,511.0
2024-01-11 06:05:00,1.08909,1.08922,1.089,1.08916,562.1
2024-01-11 06:10:00,1.08916,1.08925,1.08909,1.08921,620.8
2024-01-11 06:15:00,1.08921,1.08924,1.08912,1.08924,542.9
2024-01-11 06:20:00,1.08924,1.08925,1.08907,1.08921,232.2
2024-01-11 06:25:00,1.08921,1.0893,1.08915,1.08923,697.1
2024-01-11 06:30:00,1.08923,1.08928,1.08907,1.08911,467.0
2024-01-11 06:35:00,1.08911,1.0893,1.0891,1.08928,577.8
2024-01-11 06:40:00,1.08928,1.08929,1.08923,1.08926,506.5
2024-01-11 06:45:00,1.08926,1.08928,1.08915,1.08923,288.6
2024-01-11 06:50:00,1.08923,1.0893,1.08918,1.08928,478.5
2024-01-11 06:55:00,1.08928,1.0894,1.0891,1.08919,769.6
2024-01-11 07:00:00,1.08919,1.08921,1.0891,1.08911,455.8
2024-01-11 07:05:00,1.08911,1.08926,1.0891,1.08921,376.7
2024-01-11 07:10:00,1.08921,1.0895,1.0892,1.08942,468.6
2024-01-11 07:15:00,1.08942,1.08946,1.08935,1.08946,368.5
2024-01-11 07:20:00,1.08946,1.08951,1.08938,1.08947,783.8
2024-01-11 07:25:00,1.08947,1.0895,1.08938,1.08947,468.5
2024-01-11 07:30:00,1.08947,1.08953,1.08935,1.08938,482.4
2024-01-11 07:35:00,1.08938,1.08955,1.08929,1.08953,565.5
2024-01-11 07:40:00,1.08953,1.08965,1.08953,1.08954,482.7
2024-01-11 07:45:00,1.08954,1.08961,1.08946,1.08959,531.7
2024-01-11 07:50:00,1.08959,1.08967,1.08942,1.08956,346.1
2024-01-11 07:55:00,1.08956,1.08961,1.08945,1.08948,410.3
2024-01-11 08:00:00,1.08948,1.08956,1.08941,1.08949,283.1
2024-01-11 08:05:00,1.08949,1.08956,1.08925,1.08933,283.7
2024-01-11 08:10:00,1.08933,1.08934,1.08911,1.08918,666.2
2024-01-11 08:15:00,1.08918,1.08925,1.08916,1.08921,430.9
2024-01-11 08:20:00,1.08921,1.0894,1.08915,1.0894,443.9
2024-01-11 08:25:00,1.0894,1.08941,1.08919,1.08926,324.3
2024-01-11 08:30:00,1.08926,1.0895,1.08923,1.08938,340.5
2024-01-11 08:35:00,1.08938,1.08939,1.08924,1.0893,326.6
2024-01-11 08:40:00,1.0893,1.08931,1.08925,1.08929,334.2
2024-01-11 08:45:00,1.08929,1.08954,1.08923,1.08948,416.5
2024-01-11 08:50:00,1.08948,1.08967,1.08937,1.08965,675.0
2024-01-11 08:55:00,1.08965,1.08967,1.08946,1.08958,664.6
2024-01-11 09:00:00,1.08958,1.08959,1.08955,1.08957,398.3
2024-01-11 09:05:00,1.08957,1.0896,1.08954,1.08956,584.3
2024-01-11 09:10:00,1.08956,1.08961,1.08947,1.08948,628.8
2024-01-11 09:15:00,1.08948,1.08965,1.08944,1.08957,620.5
2024-01-11 09:20:00,1.08957,1.08961,1.08952,1.08956,477.3
2024-01-11 09:25:00,1.08956,1.08965,1.08953,1.08964,355.5
2024-01-11 09:30:00,1.08964,1.08981,1.08962,1.08978,510.8
2024-01-11 09:35:00,1.08978,1.0899,1.08973,1.08988,229.0
2024-01-11 09:40:00,1.08988,1.08995,1.08983,1.08986,731.0
2024-01-11 09:45:00,1.08986,1.08993,1.08964,1.08966,699.9
2024-01-11 09:50:00,1.08966,1.08972,1.08962,1.0897,600.7
2024-01-11 09:55:00,1.0897,1.0899,1.08963,1.08986,443.1
2024-01-11 10:00:00,1.08986,1.08993,1.08985,1.08989,435.1
2024-01-11 10:05:00,1.08989,1.08994,1.08982,1.08983,349.7
2024-01-11 10:10:00,1.08983,1.08984,1.08965,1.08977,553.1
2024-01-11 10:15:00,1.08977,1.08996,1.08966,1.08993,571.3
2024-01-11 10:20:00,1.08993,1.09,1.0898,1.08985,783.8
2024-01-11 10:25:00,1.08985,1.08988,1.08964,1.08971,614.4
2024-01-11 10:30:00,1.08971,1.08971,1.08953,1.08956,484.5
2024-01-11 10:35:00,1.08956,1.08966,1.08954,1.08964,734.3
2024-01-11 10:40:00,1.08964,1.08965,1.08944,1.08947,325.7
2024-01-11 10:45:00,1.08947,1.08954,1.0894,1.08942,419.7
2024-01-11 10:50:00,1.08942,1.08956,1.08941,1.0895,456.4
2024-01-11 10:55:00,1.0895,1.08954,1.08944,1.08953,675.6
2024-01-11 11:00:00,1.08953,1.08962,1.08946,1.08956,646.1
2024-01-11 11:05:00,1.08956,1.08982,1.08949,1.08978,519.1
2024-01-11 11:10:00,1.08978,1.0898,1.08977,1.08978,588.4
2024-01-11 11:15:00,1.08978,1.0898,1.08971,1.08974,528.3
2024-01-11 11:20:00,1.08974,1.08987,1.0897,1.08985,379.1
2024-01-11 11:25:00,1.08985,1.08986,1.08974,1.08982,397.2
2024-01-11 11:30:00,1.08982,1.09003,1.08982,1.08995,651.2
2024-01-11 11:35:00,1.08995,1.09007,1.08988,1.09002,645.8
2024-01-11 11:40:00,1.09002,1.09006,1.08988,1.08991,511.2
2024-01-11 11:45:00,1.08991,1.09023,1.08985,1.09014,304.1
2024-01-11 11:50:00,1.09014,1.09019,1.09014,1.09018,715.3
2024-01-11 11:55:00,1.09018,1.0902,1.09001,1.09002,398.7
2024-01-11 12:00:00,1.09002,1.09026,1.09001,1.0902,524.6
2024-01-11 12:05:00,1.0902,1.09027,1.08994,1.08999,631.8
2024-01-11 12:10:00,1.08999,1.09013,1.08997,1.09009,178.6
2024-01-11 12:15:00,1.09009,1.09014,1.09002,1.09012,716.4
2024-01-11 12:20:00,1.09012,1.09039,1.09007,1.09034,355.5
2024-01-11 12:25:00,1.09034,1.09043,1.09029,1.09036,330.5
2024-01-11 12:30:00,1.09036,1.0904,1.09032,1.09035,581.2
2024-01-11 12:35:00,1.09035,1.09036,1.09024,1.0903,723.9
2024-01-11 12:40:00,1.0903,1.09036,1.09011,1.09024,141.0
2024-01-11 12:45:00,1.09024,1.09025,1.09008,1.09015,437.7
2024-01-11 12:50:00,1.09015,1.09024,1.09012,1.0902,326.5
2024-01-11 12:55:00,1.0902,1.09046,1.09009,1.09029,788.3
2024-01-11 13:00:00,1.09029,1.09036,1.09015,1.09031,671.2
2024-01-11 13:05:00,1.09031,1.09045,1.09027,1.09043,588.3
2024-01-11 13:10:00,1.09043,1.09047,1.09027,1.09027,707.2
2024-01-11 13:15:00,1.09027,1.09044,1.09024,1.09041,540.0
2024-01-11 13:20:00,1.09041,1.0905,1.0904,1.09048,604.0
2024-01-11 13:25:00,1.09048,1.0906,1.09046,1.09053,374.8
2024-01-11 13:30:00,1.09053,1.09058,1.09034,1.09036,457.1
2024-01-11 13:35:00,1.09036,1.09045,1.09032,1.09034,111.5
2024-01-11 13:40:00,1.09034,1.09039,1.09019,1.09031,578.8
2024-01-11 13:45:00,1.09031,1.09032,1.09024,1.09029,394.0
2024-01-11 13:50:00,1.09029,1.09031,1.09013,1.09028,521.2
2024-01-11 13:55:00,1.09028,1.09033,1.08993,1.09009,362.9
2024-01-11 14:00:00,1.09009,1.09044,1.09003,1.09044,423.1
2024-01-11 14:05:00,1.09044,1.09051,1.09036,1.09042,179.6
2024-01-11 14:10:00,1.09042,1.0906,1.09039,1.09053,560.5
2024-01-11 14:15:00,1.09053,1.09054,1.09048,1.09048,433.1
2024-01-11 14:20:00,1.09048,1.09049,1.09042,1.09049,309.3
2024-01-11 14:25:00,1.09049,1.0905,1.09033,1.09041,736.3
2024-01-11 14:30:00,1.09041,1.09051,1.0904,1.09045,679.9
2024-01-11 14:35:00,1.09045,1.09049,1.09043,1.09047,508.1
2024-01-11 14:40:00,1.09047,1.09073,1.09046,1.09066,417.3
2024-01-11 14:45:00,1.09066,1.09087,1.09064,1.09076,79.3
2024-01-11 14:50:00,1.09076,1.09086,1.09066,1.09082,471.1
2024-01-11 14:55:00,1.09082,1.09096,1.09078,1.09082,576.7
2024-01-11 15:00:00,1.09082,1.09091,1.09078,1.09085,410.0
2024-01-11 15:05:00,1.09085,1.09096,1.09076,1.09091,566.9
2024-01-11 15:10:00,1.09091,1.09101,1.09068,1.09069,422.4
2024-01-11 15:15:00,1.09069,1.09082,1.09068,1.09071,125.3
2024-01-11 15:20:00,1.09071,1.09079,1.09054,1.09061,454.4
2024-01-11 15:25:00,1.09061,1.09067,1.09052,1.09052,540.4
2024-01-11 15:30:00,1.09052,1.09065,1.09047,1.09059,177.5
2024-01-11 15:35:00,1.09059,1.09083,1.09055,1.09074,402.6
2024-01-11 15:40:00,1.09074,1.09086,1.09072,1.09082,591.4
2024-01-11 15:45:00,1.09082,1.09087,1.0907,1.09087,146.4
2024-01-11 15:50:00,1.09087,1.09087,1.09063,1.09064,484.4
2024-01-11 15:55:00,1.09064,1.09068,1.09058,1.09067,271.1
2024-01-11 16:00:00,1.09067,1.09074,1.09043,1.09048,294.0
2024-01-11 16:05:00,1.09048,1.09051,1.09036,1.09046,411.3
2024-01-11 16:10:00,1.09046,1.09055,1.09036,1.09048,390.5
2024-01-11 16:15:00,1.09048,1.09052,1.09035,1.09048,641.0
2024-01-11 16:20:00,1.09048,1.0905,1.09042,1.09044,424.2
2024-01-11 16:25:00,1.09044,1.09048,1.09042,1.09042,640.4
2024-01-11 16:30:00,1.09042,1.09048,1.0904,1.09047,412.3
2024-01-11 16:35:00,1.09047,1.0905,1.09044,1.09045,380.0
2024-01-11 16:40:00,1.09045,1.09049,1.09043,1.09047,521.2
2024-01-11 16:45:00,1.09047,1.09048,1.09041,1.09045,527.2
2024-01-11 16:50:00,1.09045,1.09046,1.09039,1.09042,539.9
2024-01-11 16:55:00,1.09042,1.09045,1.09041,1.09041,668.2
2024-01-11 17:00:00,1.09041,1.09051,1.09039,1.09051,575.7
2024-01-11 17:05:00,1.09051,1.09051,1.09049,1.09051,590.6
2024-01-11 17:10:00,1.09051,1.09057,1.0905,1.09051,555.7
2024-01-11 17:15:00,1.09051,1.09058,1.09049,1.09056,683.0
2024-01-11 17:20:00,1.09056,1.09057,1.09052,1.09054,618.5
2024-01-11 17:25:00,1.09054,1.09057,1.09051,1.09054,435.6
2024-01-11 17:30:00,1.09054,1.09059,1.09049,1.09052,338.0
2024-01-11 17:35:00,1.09052,1.09052,1.09048,1.0905,204.3
2024-01-11 17:40:00,1.0905,1.09055,1.09049,1.09053,440.5
2024-01-11 17:45:00,1.09053,1.09056,1.09051,1.09054,451.3
2024-01-11 17:50:00,1.09054,1.09056,1.09051,1.09052,300.8
2024-01-11 17:55:00,1.09052,1.09057,1.09047,1.09049,526.3
2024-01-11 18:00:00,1.09049,1.09053,1.09047,1.09047,434.8
2024-01-11 18:05:00,1.09047,1.09047,1.0904,1.09042,607.2
2024-01-11 18:10:00,1.09042,1.09046,1.09036,1.09036,338.7
2024-01-11 18:15:00,1.09036,1.09038,1.09035,1.09037,404.0
2024-01-11 18:20:00,1.09037,1.09038,1.09032,1.09037,583.2
2024-01-11 18:25:00,1.09037,1.0904,1.09033,1.09034,597.7
2024-01-11 18:30:00,1.09034,1.09039,1.09034,1.09035,347.6
2024-01-11 18:35:00,1.09035,1.09044,1.09034,1.09037,535.0
2024-01-11 18:40:00,1.09037,1.0904,1.09033,1.09035,519.2
2024-01-11 18:45:00,1.09035,1.09038,1.09032,1.09033,437.0
2024-01-11 18:50:00,1.09033,1.09038,1.09028,1.09037,467.8
2024-01-11 18:55:00,1.09037,1.09038,1.09025,1.09029,475.7
2024-01-11 19:00:00,1.09029,1.0904,1.09027,1.09035,426.6
2024-01-11 19:05:00,1.09035,1.09037,1.09028,1.0903,594.8
2024-01-11 19:10:00,1.0903,1.09032,1.09021,1.09025,251.2
2024-01-11 19:15:00,1.09025,1.09029,1.09019,1.09019,566.3
2024-01-11 19:20:00,1.09019,1.09022,1.09017,1.09022,499.0
2024-01-11 19:25:00,1.09022,1.09025,1.09022,1.09024,453.1
2024-01-11 19:30:00,1.09024,1.09024,1.09019,1.09022,662.9
2024-01-11 19:35:00,1.09022,1.09023,1.09012,1.09015,733.7
2024-01-11 19:40:00,1.09015,1.09021,1.09014,1.09019,325.8
2024-01-11 19:45:00,1.09019,1.0902,1.09012,1.09019,289.0
2024-01-11 19:50:00,1.09019,1.09026,1.09018,1.09024,635.8
2024-01-11 19:55:00,1.09024,1.09027,1.09024,1.09026,498.7
2024-01-11 20:00:00,1.09026,1.0903,1.09023,1.09027,424.1
2024-01-11 20:05:00,1.09027,1.09029,1.0902,1.09022,669.4
2024-01-11 20:10:00,1.09022,1.09034,1.09019,1.09031,511.6
2024-01-11 20:15:00,1.09031,1.09032,1.09023,1.09026,590.6
2024-01-11 20:20:00,1.09026,1.0903,1.09021,1.0903,194.3
2024-01-11 20:25:00,1.0903,1.09031,1.09026,1.09029,446.3
2024-01-11 20:30:00,1.09029,1.0903,1.09027,1.0903,489.2
2024-01-11 20:35:00,1.0903,1.09032,1.09024,1.09025,558.9
2024-01-11 20:40:00,1.09025,1.09025,1.09015,1.0902,190.7
2024-01-11 20:45:00,1.0902,1.09021,1.09017,1.09019,722.1
2024-01-11 20:50:00,1.09019,1.09023,1.09017,1.09018,617.5
2024-01-11 20:55:00,1.09018,1.09019,1.09012,1.09013,467.7
2024-01-11 21:00:00,1.09013,1.0902,1.09013,1.09016,374.8
2024-01-11 21:05:00,1.09016,1.09017,1.09015,1.09016,442.6
2024-01-11 21:10:00,1.09016,1.09017,1.09009,1.09011,568.3
2024-01-11 21:15:00,1.09011,1.09015,1.09003,1.09005,678.0
2024-01-11 21:20:00,1.09005,1.09007,1.09003,1.09003,604.5
2024-01-11 21:25:00,1.09003,1.09006,1.09002,1.09003,604.8
2024-01-11 21:30:00,1.09003,1.09012,1.09,1.0901,511.0
2024-01-11 21:35:00,1.0901,1.09012,1.09004,1.09004,759.6
2024-01-11 21:40:00,1.09004,1.09004,1.09001,1.09002,206.8
2024-01-11 21:45:00,1.09002,1.09007,1.08998,1.09004,756.3
2024-01-11 21:50:00,1.09004,1.09008,1.09004,1.09004,527.1
2024-01-11 21:55:00,1.09004,1.09008,1.09001,1.09007,478.1
2024-01-11 22:00:00,1.09007,1.09012,1.09001,1.09003,399.7
2024-01-11 22:05:00,1.09003,1.09006,1.09002,1.09003,479.2
2024-01-11 22:10:00,1.09003,1.09004,1.08998,1.09001,566.7
2024-01-11 22:15:00,1.09001,1.09002,1.08993,1.08995,399.9
2024-01-11 22:20:00,1.08995,1.08996,1.08994,1.08996,472.4
2024-01-11 22:25:00,1.08996,1.08998,1.08994,1.08995,357.3
2024-01-11 22:30:00,1.08995,1.09002,1.08995,1.09002,621.2
2024-01-11 22:35:00,1.09002,1.09003,1.09002,1.09002,388.5
2024-01-11 22:40:00,1.09002,1.09004,1.08995,1.08998,403.5
2024-01-11 22:45:00,1.08998,1.08999,1.08995,1.08996,804.4
2024-01-11 22:50:00,1.08996,1.08998,1.08992,1.08993,453.4
2024-01-11 22:55:00,1.08993,1.08998,1.0899,1.08995,533.9
2024-01-11 23:00:00,1.08995,1.08999,1.08988,1.0899,678.5
2024-01-11 23:05:00,1.0899,1.08991,1.08983,1.08984,596.2
2024-01-11 23:10:00,1.08984,1.08995,1.08984,1.0899,480.7
2024-01-11 23:15:00,1.0899,1.08994,1.08987,1.08994,470.2
2024-01-11 23:20:00,1.08994,1.08996,1.0899,1.0899,426.2
2024-01-11 23:25:00,1.0899,1.08995,1.08984,1.08991,693.5
2024-01-11 23:30:00,1.08991,1.08997,1.08986,1.08994,367.6
2024-01-11 23:35:00,1.08994,1.09,1.0899,1.08993,419.4
2024-01-11 23:40:00,1.08993,1.09001,1.08993,1.08998,686.6
2024-01-11 23:45:00,1.08998,1.09001,1.08995,1.09,481.1
2024-01-11 23:50:00,1.09,1.09007,1.08995,1.09004,584.3
2024-01-11 23:55:00,1.09004,1.09008,1.08991,1.08992,612.4
2024-01-12 00:00:00,1.08992,1.09004,1.0899,1.09,843.9
2024-01-12 00:05:00,1.09,1.09,1.08998,1.08999,662.1
2024-01-12 00:10:00,1.08999,1.09005,1.08998,1.09005,494.4
2024-01-12 00:15:00,1.09005,1.09009,1.09004,1.09006,779.2
2024-01-12 00:20:00,1.09006,1.09007,1.08998,1.09002,697.5
2024-01-12 00:25:00,1.09002,1.09006,1.09,1.09004,476.0
2024-01-12 00:30:00,1.09004,1.09006,1.09,1.09005,386.8
2024-01-12 00:35:00,1.09005,1.09009,1.09001,1.09007,444.1
2024-01-12 00:40:00,1.09007,1.09009,1.08991,1.09,509.8
2024-01-12 00:45:00,1.09,1.09002,1.08996,1.08999,214.9
2024-01-12 00:50:00,1.08999,1.08999,1.08995,1.08998,249.0
2024-01-12 00:55:00,1.08998,1.09004,1.08993,1.09,600.9
2024-01-12 01:00:00,1.09,1.09002,1.0899,1.08993,499.4
2024-01-12 01:05:00,1.08993,1.08996,1.08993,1.08995,673.7
2024-01-12 01:10:00,1.08995,1.08995,1.08993,1.08994,626.3
2024-01-12 01:15:00,1.08994,1.08994,1.08985,1.08987,576.2
2024-01-12 01:20:00,1.08987,1.08992,1.08984,1.08991,348.1
2024-01-12 01:25:00,1.08991,1.08994,1.0899,1.0899,514.8
2024-01-12 01:30:00,1.0899,1.08993,1.08989,1.08989,433.0
2024-01-12 01:35:00,1.08989,1.08992,1.08986,1.08991,535.6
2024-01-12 01:40:00,1.08991,1.08992,1.0898,1.08984,648.7
2024-01-12 01:45:00,1.08984,1.0899,1.08982,1.0899,278.3
2024-01-12 01:50:00,1.0899,1.08991,1.08979,1.0898,267.9
2024-01-12 01:55:00,1.0898,1.08981,1.08979,1.08981,738.0
2024-01-12 02:00:00,1.08981,1.08985,1.0898,1.08984,592.5
2024-01-12 02:05:00,1.08984,1.08987,1.08977,1.0898,465.6
2024-01-12 02:10:00,1.0898,1.08989,1.08975,1.08977,644.7
2024-01-12 02:15:00,1.08977,1.08987,1.08976,1.08984,608.5
2024-01-12 02:20:00,1.08984,1.08986,1.08977,1.08981,565.7
2024-01-12 02:25:00,1.08981,1.08987,1.08976,1.08983,324.3
2024-01-12 02:30:00,1.08983,1.08989,1.08982,1.08987,400.2
2024-01-12 02:35:00,1.08987,1.09001,1.08983,1.08998,622.0
2024-01-12 02:40:00,1.08998,1.09001,1.08997,1.09001,595.7
2024-01-12 02:45:00,1.09001,1.09002,1.08998,1.09002,455.6
2024-01-12 02:50:00,1.09002,1.09005,1.09001,1.09004,481.1
2024-01-12 02:55:00,1.09004,1.09007,1.08998,1.09,458.6
2024-01-12 03:00:00,1.09,1.09003,1.08996,1.08999,189.1
2024-01-12 03:05:00,1.08999,1.09003,1.08999,1.09002,895.6
2024-01-12 03:10:00,1.09002,1.0901,1.09,1.09008,522.3
2024-01-12 03:15:00,1.09008,1.09014,1.09007,1.09012,432.2
2024-01-12 03:20:00,1.09012,1.09023,1.09011,1.09019,683.0
2024-01-12 03:25:00,1.09019,1.09022,1.09018,1.09019,651.7
2024-01-12 03:30:00,1.09019,1.09019,1.09018,1.09018,529.1
2024-01-12 03:35:00,1.09018,1.09022,1.09012,1.09016,444.5
2024-01-12 03:40:00,1.09016,1.09022,1.09001,1.09008,410.8
2024-01-12 03:45:00,1.09008,1.09018,1.09008,1.09014,222.3
2024-01-12 03:50:00,1.09014,1.0902,1.09013,1.09019,713.6
2024-01-12 03:55:00,1.09019,1.09029,1.09018,1.09026,301.5
2024-01-12 04:00:00,1.09026,1.09031,1.09017,1.09022,476.5
2024-01-12 04:05:00,1.09022,1.09023,1.09017,1.09023,419.2
2024-01-12 04:10:00,1.09023,1.09029,1.09022,1.09028,210.1
2024-01-12 04:15:00,1.09028,1.09034,1.09027,1.09032,541.0
2024-01-12 04:20:00,1.09032,1.09035,1.0903,1.09033,531.6
2024-01-12 04:25:00,1.09033,1.09034,1.09031,1.09034,467.1
2024-01-12 04:30:00,1.09034,1.09041,1.0903,1.09039,500.1
2024-01-12 04:35:00,1.09039,1.09046,1.09038,1.09044,453.0
2024-01-12 04:40:00,1.09044,1.09046,1.09043,1.09045,241.0
2024-01-12 04:45:00,1.09045,1.09053,1.09043,1.09052,718.3
2024-01-12 04:50:00,1.09052,1.09058,1.09049,1.09054,762.6
2024-01-12 04:55:00,1.09054,1.09059,1.09052,1.09054,459.8
2024-01-12 05:00:00,1.09054,1.09055,1.09045,1.0905,596.6
2024-01-12 05:05:00,1.0905,1.09051,1.09046,1.09049,511.8
2024-01-12 05:10:00,1.09049,1.09052,1.09047,1.09047,670.9
2024-01-12 05:15:00,1.09047,1.09049,1.09042,1.09044,515.6
2024-01-12 05:20:00,1.09044,1.0905,1.09041,1.09044,537.2
2024-01-12 05:25:00,1.09044,1.09045,1.09036,1.09037,680.2
2024-01-12 05:30:00,1.09037,1.09039,1.0903,1.09032,487.3
2024-01-12 05:35:00,1.09032,1.09043,1.0903,1.09043,572.1
2024-01-12 05:40:00,1.09043,1.09047,1.09032,1.09035,444.6
2024-01-12 05:45:00,1.09035,1.09039,1.0903,1.09038,411.2
2024-01-12 05:50:00,1.09038,1.09043,1.09032,1.09032,264.0
2024-01-12 05:55:00,1.09032,1.09033,1.09031,1.09032,360.4
2024-01-12 06:00:00,1.09032,1.09037,1.09031,1.09037,653.2
2024-01-12 06:05:00,1.09037,1.09039,1.09025,1.09032,481.8
2024-01-12 06:10:00,1.09032,1.09032,1.09026,1.09027,316.4
2024-01-12 06:15:00,1.09027,1.09027,1.09026,1.09026,589.3
2024-01-12 06:20:00,1.09026,1.09029,1.09016,1.09019,437.8
2024-01-12 06:25:00,1.09019,1.09025,1.09015,1.09024,589.0
2024-01-12 06:30:00,1.09024,1.09025,1.09017,1.0902,832.4
2024-01-12 06:35:00,1.0902,1.09022,1.09019,1.0902,628.3
2024-01-12 06:40:00,1.0902,1.09021,1.09008,1.09009,578.6
2024-01-12 06:45:00,1.09009,1.09011,1.09003,1.09006,517.0
2024-01-12 06:50:00,1.09006,1.09007,1.09005,1.09005,688.2
2024-01-12 06:55:00,1.09005,1.09013,1.09003,1.09012,384.0
2024-01-12 07:00:00,1.09012,1.09017,1.09011,1.09016,580.5
2024-01-12 07:05:00,1.09016,1.09018,1.09014,1.09018,411.1
2024-01-12 07:10:00,1.09018,1.0902,1.09017,1.09019,442.3
2024-01-12 07:15:00,1.09019,1.09026,1.09018,1.09024,457.3
2024-01-12 07:20:00,1.09024,1.09028,1.0902,1.09021,380.0
2024-01-12 07:25:00,1.09021,1.09028,1.0902,1.09025,606.9
2024-01-12 07:30:00,1.09025,1.09026,1.09022,1.09024,251.3
2024-01-12 07:35:00,1.09024,1.09027,1.09019,1.09023,488.2
2024-01-12 07:40:00,1.09023,1.0903,1.09022,1.09025,517.6
2024-01-12 07:45:00,1.09025,1.09028,1.09022,1.09027,631.5
2024-01-12 07:50:00,1.09027,1.09032,1.09026,1.09031,451.8
2024-01-12 07:55:00,1.09031,1.09035,1.09029,1.0903,630.5
2024-01-12 08:00:00,1.0903,1.09031,1.0903,1.0903,540.5
2024-01-12 08:05:00,1.0903,1.09036,1.09028,1.09032,561.6
2024-01-12 08:10:00,1.09032,1.09035,1.09031,1.09035,349.6
2024-01-12 08:15:00,1.09035,1.09037,1.09029,1.09032,405.9
2024-01-12 08:20:00,1.09032,1.09036,1.0903,1.09035,543.1
2024-01-12 08:25:00,1.09035,1.09039,1.09032,1.09037,512.9
2024-01-12 08:30:00,1.09037,1.09041,1.09027,1.09029,271.7
2024-01-12 08:35:00,1.09029,1.09034,1.09029,1.09032,484.6
2024-01-12 08:40:00,1.09032,1.09032,1.0903,1.09031,558.8
2024-01-12 08:45:00,1.09031,1.09033,1.09028,1.09029,627.0
2024-01-12 08:50:00,1.09029,1.09033,1.09027,1.09028,712.6
2024-01-12 08:55:00,1.09028,1.09029,1.09021,1.09023,579.3
2024-01-12 09:00:00,1.09023,1.09028,1.09022,1.09022,549.0
2024-01-12 09:05:00,1.09022,1.09026,1.09018,1.0902,567.6
2024-01-12 09:10:00,1.0902,1.09021,1.09012,1.09013,564.5
2024-01-12 09:15:00,1.09013,1.09019,1.09013,1.09017,637.7
2024-01-12 09:20:00,1.09017,1.09019,1.09015,1.09018,404.2
2024-01-12 09:25:00,1.09018,1.09021,1.09013,1.09013,321.7
2024-01-12 09:30:00,1.09013,1.09016,1.09005,1.09013,687.0
2024-01-12 09:35:00,1.09013,1.09022,1.09011,1.09018,535.9
2024-01-12 09:40:00,1.09018,1.0902,1.09015,1.09017,468.5
2024-01-12 09:45:00,1.09017,1.09017,1.09014,1.09014,390.1
2024-01-12 09:50:00,1.09014,1.09019,1.09011,1.09015,242.9
2024-01-12 09:55:00,1.09015,1.09016,1.09013,1.09014,543.7
2024-01-12 10:00:00,1.09014,1.09022,1.09014,1.0902,526.4
2024-01-12 10:05:00,1.0902,1.09021,1.09015,1.09018,397.2
2024-01-12 10:10:00,1.09018,1.09018,1.09016,1.09016,528.5
2024-01-12 10:15:00,1.09016,1.09017,1.09015,1.09015,576.0
2024-01-12 10:20:00,1.09015,1.09023,1.09011,1.09021,436.6
2024-01-12 10:25:00,1.09021,1.09024,1.0902,1.09024,209.8
2024-01-12 10:30:00,1.09024,1.09032,1.09022,1.09031,662.8
2024-01-12 10:35:00,1.09031,1.09036,1.09026,1.09031,609.7
2024-01-12 10:40:00,1.09031,1.09034,1.09028,1.09032,529.2
2024-01-12 10:45:00,1.09032,1.09034,1.09031,1.09033,285.1
2024-01-12 10:50:00,1.09033,1.0904,1.0903,1.09037,525.1
2024-01-12 10:55:00,1.09037,1.09044,1.09034,1.09043,355.8
2024-01-12 11:00:00,1.09043,1.09051,1.0904,1.09047,508.8
2024-01-12 11:05:00,1.09047,1.09047,1.09043,1.09044,496.9
2024-01-12 11:10:00,1.09044,1.09049,1.0904,1.09041,476.0
2024-01-12 11:15:00,1.09041,1.09046,1.0904,1.09045,644.4
2024-01-12 11:20:00,1.09045,1.09047,1.09039,1.09041,601.6
2024-01-12 11:25:00,1.09041,1.09041,1.09036,1.09041,483.6
2024-01-12 11:30:00,1.09041,1.09044,1.0904,1.09042,445.1
2024-01-12 11:35:00,1.09042,1.09042,1.09038,1.09039,682.8
2024-01-12 11:40:00,1.09039,1.0904,1.09038,1.09039,431.1
2024-01-12 11:45:00,1.09039,1.09044,1.09034,1.09038,325.4
2024-01-12 11:50:00,1.09038,1.0904,1.09037,1.0904,675.3
2024-01-12 11:55:00,1.0904,1.09043,1.09035,1.09036,396.8
2024-01-12 12:00:00,1.09036,1.09045,1.09033,1.09042,471.8
2024-01-12 12:05:00,1.09042,1.09044,1.09037,1.09043,458.4
2024-01-12 12:10:00,1.09043,1.0905,1.0904,1.09043,520.8
2024-01-12 12:15:00,1.09043,1.09044,1.09036,1.09039,532.6
2024-01-12 12:20:00,1.09039,1.09041,1.09038,1.0904,453.6
2024-01-12 12:25:00,1.0904,1.09044,1.09037,1.09038,457.0
2024-01-12 12:30:00,1.09038,1.09039,1.09034,1.09035,628.5
2024-01-12 12:35:00,1.09035,1.09042,1.09032,1.09041,803.0
2024-01-12 12:40:00,1.09041,1.09048,1.09038,1.09046,281.9
2024-01-12 12:45:00,1.09046,1.09047,1.09042,1.09044,327.5
2024-01-12 12:50:00,1.09044,1.09048,1.09042,1.09043,445.2
2024-01-12 12:55:00,1.09043,1.09054,1.09042,1.09051,468.5
2024-01-12 13:00:00,1.09051,1.09054,1.09049,1.09053,533.6
2024-01-12 13:05:00,1.09053,1.09054,1.09047,1.09048,638.4
2024-01-12 13:10:00,1.09048,1.09049,1.09045,1.09046,684.5
2024-01-12 13:15:00,1.09046,1.09046,1.09036,1.09038,291.6
2024-01-12 13:20:00,1.09038,1.09039,1.09032,1.09034,407.4
2024-01-12 13:25:00,1.09034,1.09043,1.09032,1.09041,159.5
2024-01-12 13:30:00,1.09041,1.09044,1.09033,1.09037,681.5
2024-01-12 13:35:00,1.09037,1.09042,1.0903,1.09032,474.9
2024-01-12 13:40:00,1.09032,1.09036,1.0903,1.09035,241.4
2024-01-12 13:45:00,1.09035,1.09035,1.0903,1.09031,392.0
2024-01-12 13:50:00,1.09031,1.09038,1.09029,1.09035,430.0
2024-01-12 13:55:00,1.09035,1.09038,1.09035,1.09036,385.5
2024-01-12 14:00:00,1.09036,1.09036,1.09029,1.09029,623.8
2024-01-12 14:05:00,1.09029,1.09032,1.09027,1.0903,133.8
2024-01-12 14:10:00,1.0903,1.09033,1.09022,1.09025,613.8
2024-01-12 14:15:00,1.09025,1.09028,1.09024,1.09027,244.5
2024-01-12 14:20:00,1.09027,1.0903,1.0902,1.09023,536.5
2024-01-12 14:25:00,1.09023,1.09024,1.09021,1.09022,363.8
2024-01-12 14:30:00,1.09022,1.09022,1.09013,1.09014,469.2
2024-01-12 14:35:00,1.09014,1.09023,1.09012,1.09021,586.8
2024-01-12 14:40:00,1.09021,1.09024,1.09014,1.09015,472.1
2024-01-12 14:45:00,1.09015,1.09021,1.09014,1.09017,354.4
2024-01-12 14:50:00,1.09017,1.09026,1.09014,1.09026,400.6
2024-01-12 14:55:00,1.09026,1.09029,1.09024,1.09028,459.7
2024-01-12 15:00:00,1.09028,1.09031,1.09024,1.09025,199.5
2024-01-12 15:05:00,1.09025,1.09027,1.09021,1.09024,414.0
2024-01-12 15:10:00,1.09024,1.09024,1.0902,1.09022,223.9
2024-01-12 15:15:00,1.09022,1.09024,1.09016,1.0902,592.4
2024-01-12 15:20:00,1.0902,1.09023,1.09019,1.09022,389.0
2024-01-12 15:25:00,1.09022,1.09024,1.09019,1.0902,704.3
2024-01-12 15:30:00,1.0902,1.09023,1.09012,1.09017,368.5
2024-01-12 15:35:00,1.09017,1.09022,1.09012,1.09013,616.4
2024-01-12 15:40:00,1.09013,1.09013,1.09003,1.09005,494.7
2024-01-12 15:45:00,1.09005,1.09005,1.08992,1.08994,697.2
2024-01-12 15:50:00,1.08994,1.08999,1.08993,1.08995,635.0
2024-01-12 15:55:00,1.08995,1.08997,1.08991,1.08992,513.9
2024-01-12 16:00:00,1.08992,1.08997,1.08985,1.08995,522.8
2024-01-12 16:05:00,1.08995,1.08998,1.08995,1.08996,460.0
2024-01-12 16:10:00,1.08996,1.09,1.0899,1.0899,486.9
2024-01-12 16:15:00,1.0899,1.08996,1.08979,1.0898,489.7
2024-01-12 16:20:00,1.0898,1.08985,1.08978,1.08982,453.9
2024-01-12 16:25:00,1.08982,1.08983,1.08978,1.0898,583.6
2024-01-12 16:30:00,1.0898,1.08985,1.08979,1.08984,325.6
2024-01-12 16:35:00,1.08984,1.08985,1.0898,1.08981,607.0
2024-01-12 16:40:00,1.08981,1.08985,1.08981,1.08983,660.9
2024-01-12 16:45:00,1.08983,1.08986,1.08982,1.08984,610.3
2024-01-12 16:50:00,1.08984,1.08987,1.0898,1.08983,793.6
2024-01-12 16:55:00,1.08983,1.08986,1.08983,1.08985,431.2
2024-01-12 17:00:00,1.08985,1.09,1.08985,1.08997,492.3
2024-01-12 17:05:00,1.08997,1.09,1.0899,1.08992,448.4
2024-01-12 17:10:00,1.08992,1.08994,1.08987,1.0899,560.7
2024-01-12 17:15:00,1.0899,1.08998,1.08987,1.08996,57.0
2024-01-12 17:20:00,1.08996,1.09001,1.08995,1.09,692.1
2024-01-12 17:25:00,1.09,1.09,1.08995,1.08998,547.9
2024-01-12 17:30:00,1.08998,1.08999,1.08994,1.08996,532.2
2024-01-12 17:35:00,1.08996,1.08998,1.08988,1.0899,375.2
2024-01-12 17:40:00,1.0899,1.0899,1.08988,1.08988,518.6
2024-01-12 17:45:00,1.08988,1.08992,1.08983,1.08991,393.2
2024-01-12 17:50:00,1.08991,1.08996,1.08983,1.08989,505.6
2024-01-12 17:55:00,1.08989,1.08992,1.08985,1.08988,526.0
2024-01-12 18:00:00,1.08988,1.08989,1.08981,1.08985,602.9
2024-01-12 18:05:00,1.08985,1.08997,1.08984,1.08994,495.1
2024-01-12 18:10:00,1.08994,1.08999,1.08992,1.08996,658.2
2024-01-12 18:15:00,1.08996,1.08999,1.08993,1.08997,475.2
2024-01-12 18:20:00,1.08997,1.09001,1.0899,1.08992,434.1
2024-01-12 18:25:00,1.08992,1.08993,1.08987,1.08993,472.5
2024-01-12 18:30:00,1.08993,1.08993,1.08986,1.08987,670.0
2024-01-12 18:35:00,1.08987,1.08988,1.08986,1.08986,443.0
2024-01-12 18:40:00,1.08986,1.08989,1.0898,1.0898,412.6
2024-01-12 18:45:00,1.0898,1.08982,1.08979,1.08981,537.4
2024-01-12 18:50:00,1.08981,1.08987,1.08978,1.08986,407.8
2024-01-12 18:55:00,1.08986,1.08996,1.08983,1.08994,464.2
2024-01-12 19:00:00,1.08994,1.08997,1.0899,1.08997,438.2
2024-01-12 19:05:00,1.08997,1.09006,1.08995,1.09005,449.6
2024-01-12 19:10:00,1.09005,1.09006,1.09004,1.09005,833.0
2024-01-12 19:15:00,1.09005,1.09005,1.09003,1.09005,303.2
2024-01-12 19:20:00,1.09005,1.09007,1.08994,1.08998,711.1
2024-01-12 19:25:00,1.08998,1.09003,1.08995,1.09002,504.5
2024-01-12 19:30:00,1.09002,1.09005,1.09,1.09002,443.7
2024-01-12 19:35:00,1.09002,1.09003,1.09,1.09002,243.2
2024-01-12 19:40:00,1.09002,1.09003,1.08994,1.08995,650.3
2024-01-12 19:45:00,1.08995,1.09009,1.08994,1.09004,782.2
2024-01-12 19:50:00,1.09004,1.09006,1.08998,1.09004,340.5
2024-01-12 19:55:00,1.09004,1.09005,1.08999,1.09002,411.4
2024-01-12 20:00:00,1.09002,1.09007,1.08999,1.09006,535.9
2024-01-12 20:05:00,1.09006,1.09009,1.09003,1.09006,381.7
2024-01-12 20:10:00,1.09006,1.09011,1.09006,1.0901,574.2
2024-01-12 20:15:00,1.0901,1.09011,1.09007,1.09008,301.0
2024-01-12 20:20:00,1.09008,1.09009,1.09005,1.09005,659.4
2024-01-12 20:25:00,1.09005,1.09006,1.08998,1.08999,356.6
2024-01-12 20:30:00,1.08999,1.09001,1.08996,1.09,669.1
2024-01-12 20:35:00,1.09,1.09002,1.08993,1.08994,360.0
2024-01-12 20:40:00,1.08994,1.08996,1.08988,1.0899,541.4
2024-01-12 20:45:00,1.0899,1.08993,1.08981,1.08983,709.2
2024-01-12 20:50:00,1.08983,1.08988,1.08977,1.08979,476.0
2024-01-12 20:55:00,1.08979,1.08981,1.08978,1.0898,523.7
2024-01-12 21:00:00,1.0898,1.08984,1.08971,1.08974,540.8
2024-01-12 21:05:00,1.08974,1.0898,1.08973,1.08978,746.3
2024-01-12 21:10:00,1.08978,1.08981,1.08976,1.08977,535.9
2024-01-12 21:15:00,1.08977,1.0898,1.08976,1.0898,645.9
2024-01-12 21:20:00,1.0898,1.08982,1.08977,1.08981,504.4
2024-01-12 21:25:00,1.08981,1.08988,1.0898,1.08986,424.5
2024-01-12 21:30:00,1.08986,1.08987,1.0898,1.08984,508.6
2024-01-12 21:35:00,1.08984,1.0899,1.08981,1.08989,352.4
2024-01-12 21:40:00,1.08989,1.08992,1.08987,1.0899,588.2
2024-01-12 21:45:00,1.0899,1.08992,1.08985,1.08986,279.2
2024-01-12 21:50:00,1.08986,1.08988,1.0898,1.08982,709.6
2024-01-12 21:55:00,1.08982,1.08983,1.0898,1.0898,424.1
2024-01-12 22:00:00,1.0898,1.08983,1.08979,1.08979,489.6
2024-01-12 22:05:00,1.08979,1.08983,1.08976,1.08977,520.4
2024-01-12 22:10:00,1.08977,1.08979,1.08973,1.08973,443.1
2024-01-12 22:15:00,1.08973,1.08975,1.0897,1.08975,156.5
2024-01-12 22:20:00,1.08975,1.08981,1.08972,1.08979,504.3
2024-01-12 22:25:00,1.08979,1.08981,1.08976,1.08976,504.0
2024-01-12 22:30:00,1.08976,1.08978,1.0897,1.08973,423.4
2024-01-12 22:35:00,1.08973,1.08981,1.08972,1.0898,257.0
2024-01-12 22:40:00,1.0898,1.08985,1.08969,1.08972,674.0
2024-01-12 22:45:00,1.08972,1.08973,1.08964,1.08965,513.9
2024-01-12 22:50:00,1.08965,1.08969,1.08965,1.08966,331.2
2024-01-12 22:55:00,1.08966,1.08967,1.08963,1.08965,460.4
2024-01-12 23:00:00,1.08965,1.08965,1.08961,1.08963,537.2
2024-01-12 23:05:00,1.08963,1.08968,1.08962,1.08965,624.3
2024-01-12 23:10:00,1.08965,1.08966,1.08959,1.08961,701.5
2024-01-12 23:15:00,1.08961,1.08963,1.08958,1.0896,666.3
2024-01-12 23:20:00,1.0896,1.08964,1.08959,1.08962,482.2
2024-01-12 23:25:00,1.08962,1.08963,1.08959,1.0896,556.5
2024-01-12 23:30:00,1.0896,1.0896,1.08958,1.0896,493.2
2024-01-12 23:35:00,1.0896,1.08961,1.08951,1.08954,215.6
2024-01-12 23:40:00,1.08954,1.08957,1.08951,1.08954,339.8
2024-01-12 23:45:00,1.08954,1.08959,1.08952,1.08958,487.6
2024-01-12 23:50:00,1.08958,1.08959,1.08955,1.08956,518.2
2024-01-12 23:55:00,1.08956,1.08957,1.08949,1.08952,462.2
2024-01-15 00:00:00,1.08952,1.08956,1.08949,1.08952,602.2
2024-01-15 00:05:00,1.08952,1.08957,1.08946,1.08956,729.6
2024-01-15 00:10:00,1.08956,1.08968,1.08955,1.08967,658.3
2024-01-15 00:15:00,1.08967,1.08969,1.08965,1.08968,641.4
2024-01-15 00:20:00,1.08968,1.08971,1.08968,1.08969,234.1
2024-01-15 00:25:00,1.08969,1.08974,1.08965,1.08971,354.7
2024-01-15 00:30:00,1.08971,1.08971,1.08965,1.08969,763.5
2024-01-15 00:35:00,1.08969,1.08975,1.08965,1.08974,554.5
2024-01-15 00:40:00,1.08974,1.08984,1.08971,1.08982,358.9
2024-01-15 00:45:00,1.08982,1.08986,1.08977,1.08983,585.4
2024-01-15 00:50:00,1.08983,1.08987,1.08973,1.08974,520.6
2024-01-15 00:55:00,1.08974,1.08976,1.08968,1.08973,554.8
2024-01-15 01:00:00,1.08973,1.08973,1.08962,1.08965,379.2
2024-01-15 01:05:00,1.08965,1.08967,1.08963,1.08967,495.5
2024-01-15 01:10:00,1.08967,1.08968,1.08963,1.08963,557.8
2024-01-15 01:15:00,1.08963,1.08965,1.08962,1.08962,497.0
2024-01-15 01:20:00,1.08962,1.08963,1.08955,1.0896,898.7
2024-01-15 01:25:00,1.0896,1.0896,1.08956,1.08957,425.3
2024-01-15 01:30:00,1.08957,1.0896,1.08956,1.08959,291.6
2024-01-15 01:35:00,1.08959,1.08962,1.0895,1.08955,298.0
2024-01-15 01:40:00,1.08955,1.08955,1.08947,1.0895,244.0
2024-01-15 01:45:00,1.0895,1.08951,1.08943,1.08944,285.5
2024-01-15 01:50:00,1.08944,1.08946,1.08935,1.08936,491.1
2024-01-15 01:55:00,1.08936,1.0894,1.08936,1.08939,589.5
2024-01-15 02:00:00,1.08939,1.0894,1.08937,1.08939,407.3
2024-01-15 02:05:00,1.08939,1.08941,1.08937,1.08941,595.8
2024-01-15 02:10:00,1.08941,1.08943,1.08939,1.08943,631.5
2024-01-15 02:15:00,1.08943,1.08955,1.08939,1.08953,379.9
2024-01-15 02:20:00,1.08953,1.08956,1.08946,1.08949,623.9
2024-01-15 02:25:00,1.08949,1.08956,1.08947,1.08953,425.0
2024-01-15 02:30:00,1.08953,1.08959,1.08952,1.08957,320.5
2024-01-15 02:35:00,1.08957,1.08964,1.08956,1.08962,449.7
2024-01-15 02:40:00,1.08962,1.08962,1.0896,1.08962,506.1
2024-01-15 02:45:00,1.08962,1.08967,1.08961,1.08964,227.1
2024-01-15 02:50:00,1.08964,1.08974,1.08962,1.08971,662.5
2024-01-15 02:55:00,1.08971,1.08981,1.08967,1.08979,464.7
2024-01-15 03:00:00,1.08979,1.08981,1.08966,1.08969,494.3
2024-01-15 03:05:00,1.08969,1.08973,1.08968,1.08971,537.2
2024-01-15 03:10:00,1.08971,1.08971,1.08964,1.0897,428.9
2024-01-15 03:15:00,1.0897,1.08973,1.08966,1.08973,454.0
2024-01-15 03:20:00,1.08973,1.08976,1.08971,1.08974,374.6
2024-01-15 03:25:00,1.08974,1.08974,1.08967,1.08972,446.5
2024-01-15 03:30:00,1.08972,1.08974,1.08969,1.0897,523.5
2024-01-15 03:35:00,1.0897,1.0897,1.0896,1.0896,301.0
2024-01-15 03:40:00,1.0896,1.08967,1.0896,1.08966,297.4
2024-01-15 03:45:00,1.08966,1.08967,1.08955,1.08959,568.0
2024-01-15 03:50:00,1.08959,1.08964,1.08955,1.08962,435.2
2024-01-15 03:55:00,1.08962,1.08963,1.08958,1.08958,430.3
2024-01-15 04:00:00,1.08958,1.08961,1.08954,1.08958,415.8
2024-01-15 04:05:00,1.08958,1.08962,1.08955,1.08961,686.3
2024-01-15 04:10:00,1.08961,1.08963,1.0896,1.08962,469.5
2024-01-15 04:15:00,1.08962,1.08967,1.08956,1.08958,533.3
2024-01-15 04:20:00,1.08958,1.08965,1.08957,1.08962,581.9
2024-01-15 04:25:00,1.08962,1.08963,1.08959,1.0896,858.9
2024-01-15 04:30:00,1.0896,1.08961,1.08957,1.08958,443.6
2024-01-15 04:35:00,1.08958,1.08962,1.08957,1.08962,494.0
2024-01-15 04:40:00,1.08962,1.08965,1.08957,1.08959,641.1
2024-01-15 04:45:00,1.08959,1.08959,1.08951,1.08953,506.7
2024-01-15 04:50:00,1.08953,1.08959,1.08953,1.08958,661.8
2024-01-15 04:55:00,1.08958,1.08967,1.08954,1.08962,542.9
2024-01-15 05:00:00,1.08962,1.08964,1.0896,1.0896,319.4
2024-01-15 05:05:00,1.0896,1.08963,1.0895,1.08951,773.8
2024-01-15 05:10:00,1.08951,1.08954,1.08943,1.08948,441.1
2024-01-15 05:15:00,1.08948,1.08948,1.08943,1.08947,379.5
2024-01-15 05:20:00,1.08947,1.08947,1.08933,1.08937,81.8
2024-01-15 05:25:00,1.08937,1.08943,1.08936,1.08942,546.4
2024-01-15 05:30:00,1.08942,1.08944,1.08935,1.08937,780.6
2024-01-15 05:35:00,1.08937,1.08943,1.08935,1.08938,789.8
2024-01-15 05:40:00,1.08938,1.08941,1.08936,1.08937,399.8
2024-01-15 05:45:00,1.08937,1.0894,1.08925,1.08926,551.0
2024-01-15 05:50:00,1.08926,1.08928,1.08919,1.08921,436.1
2024-01-15 05:55:00,1.08921,1.08924,1.08919,1.08919,611.0
2024-01-15 06:00:00,1.08919,1.0892,1.08914,1.08917,704.8
2024-01-15 06:05:00,1.08917,1.08918,1.08911,1.08915,460.3
2024-01-15 06:10:00,1.08915,1.08917,1.08907,1.08908,762.5
2024-01-15 06:15:00,1.08908,1.0891,1.08906,1.08909,691.0
2024-01-15 06:20:00,1.08909,1.08912,1.08904,1.08906,562.6
2024-01-15 06:25:00,1.08906,1.08906,1.08892,1.08896,454.0
2024-01-15 06:30:00,1.08896,1.08905,1.08893,1.08905,584.9
2024-01-15 06:35:00,1.08905,1.08908,1.08905,1.08906,692.3
2024-01-15 06:40:00,1.08906,1.08907,1.08901,1.08904,375.1
2024-01-15 06:45:00,1.08904,1.08906,1.08903,1.08905,464.8
2024-01-15 06:50:00,1.08905,1.08907,1.08903,1.08906,651.0
2024-01-15 06:55:00,1.08906,1.08908,1.08901,1.08906,443.8
2024-01-15 07:00:00,1.08906,1.08911,1.08899,1.08903,217.9
2024-01-15 07:05:00,1.08903,1.08906,1.08902,1.08904,888.6
2024-01-15 07:10:00,1.08904,1.08906,1.089,1.08904,375.3
2024-01-15 07:15:00,1.08904,1.08907,1.08897,1.08898,503.6
2024-01-15 07:20:00,1.08898,1.08903,1.08897,1.08899,835.8
2024-01-15 07:25:00,1.08899,1.089,1.08895,1.08896,679.8
2024-01-15 07:30:00,1.08896,1.08899,1.08891,1.08894,663.4
2024-01-15 07:35:00,1.08894,1.08903,1.08888,1.08897,308.4
2024-01-15 07:40:00,1.08897,1.08898,1.0889,1.08891,794.8
2024-01-15 07:45:00,1.08891,1.08894,1.08888,1.08894,360.9
2024-01-15 07:50:00,1.08894,1.08894,1.08886,1.08888,250.2
2024-01-15 07:55:00,1.08888,1.08894,1.08887,1.08892,522.5
2024-01-15 08:00:00,1.08892,1.08892,1.08889,1.08891,374.3
2024-01-15 08:05:00,1.08891,1.08897,1.08888,1.08895,196.6
2024-01-15 08:10:00,1.08895,1.08896,1.08885,1.08887,391.5
2024-01-15 08:15:00,1.08887,1.0889,1.08883,1.08884,386.6
2024-01-15 08:20:00,1.08884,1.08885,1.08878,1.08881,668.0
2024-01-15 08:25:00,1.08881,1.08887,1.08868,1.08871,585.5
2024-01-15 08:30:00,1.08871,1.08875,1.0887,1.08875,480.1
2024-01-15 08:35:00,1.08875,1.08876,1.08865,1.08868,412.4
2024-01-15 08:40:00,1.08868,1.08869,1.0886,1.0886,542.7
2024-01-15 08:45:00,1.0886,1.08866,1.08859,1.08865,190.9
2024-01-15 08:50:00,1.08865,1.08874,1.08863,1.08874,443.7
2024-01-15 08:55:00,1.08874,1.08874,1.0887,1.08874,728.4
2024-01-15 09:00:00,1.08874,1.08881,1.08872,1.08876,576.1
2024-01-15 09:05:00,1.08876,1.08879,1.08874,1.08874,646.8
2024-01-15 09:10:00,1.08874,1.08886,1.08869,1.08881,546.3
2024-01-15 09:15:00,1.08881,1.08886,1.08879,1.0888,145.6
2024-01-15 09:20:00,1.0888,1.08881,1.08875,1.0888,447.7
2024-01-15 09:25:00,1.0888,1.08887,1.08875,1.08885,460.1
2024-01-15 09:30:00,1.08885,1.08892,1.08882,1.08888,456.3
2024-01-15 09:35:00,1.08888,1.08891,1.08886,1.08888,606.0
2024-01-15 09:40:00,1.08888,1.08888,1.08883,1.08886,710.8
2024-01-15 09:45:00,1.08886,1.08894,1.08885,1.08893,754.6
2024-01-15 09:50:00,1.08893,1.08897,1.0889,1.08895,408.3
2024-01-15 09:55:00,1.08895,1.08906,1.08888,1.08904,498.7
2024-01-15 10:00:00,1.08904,1.08912,1.08903,1.08911,339.2
2024-01-15 10:05:00,1.08911,1.08913,1.08904,1.08905,397.0
2024-01-15 10:10:00,1.08905,1.08906,1.08894,1.08894,456.4
2024-01-15 10:15:00,1.08894,1.08901,1.08886,1.08891,425.5
2024-01-15 10:20:00,1.08891,1.08898,1.08888,1.08894,530.7
2024-01-15 10:25:00,1.08894,1.08895,1.08891,1.08894,588.8
2024-01-15 10:30:00,1.08894,1.08895,1.0889,1.08892,606.6
2024-01-15 10:35:00,1.08892,1.08897,1.08891,1.08893,636.5
2024-01-15 10:40:00,1.08893,1.08895,1.0889,1.08893,475.3
2024-01-15 10:45:00,1.08893,1.089,1.08893,1.08896,419.8
2024-01-15 10:50:00,1.08896,1.089,1.08893,1.08893,422.8
2024-01-15 10:55:00,1.08893,1.08901,1.08893,1.08897,493.2
2024-01-15 11:00:00,1.08897,1.089,1.08893,1.08896,758.7
2024-01-15 11:05:00,1.08896,1.08896,1.08887,1.08889,847.2
2024-01-15 11:10:00,1.08889,1.08892,1.08887,1.08887,809.7
2024-01-15 11:15:00,1.08887,1.08888,1.08881,1.08887,171.4
2024-01-15 11:20:00,1.08887,1.0889,1.08874,1.08876,286.7
2024-01-15 11:25:00,1.08876,1.08879,1.08875,1.08879,376.2
2024-01-15 11:30:00,1.08879,1.08882,1.08876,1.08876,464.4
2024-01-15 11:35:00,1.08876,1.08887,1.08871,1.08885,563.9
2024-01-15 11:40:00,1.08885,1.08894,1.08882,1.08893,494.7
2024-01-15 11:45:00,1.08893,1.08899,1.0889,1.08896,287.9
2024-01-15 11:50:00,1.08896,1.08908,1.0889,1.08903,581.6
2024-01-15 11:55:00,1.08903,1.08903,1.08901,1.08902,495.8
2024-01-15 12:00:00,1.08902,1.08903,1.08896,1.08898,575.8
2024-01-15 12:05:00,1.08898,1.0891,1.08897,1.08908,586.1
2024-01-15 12:10:00,1.08908,1.08912,1.08904,1.08906,663.7
2024-01-15 12:15:00,1.08906,1.08907,1.08902,1.08904,568.6
2024-01-15 12:20:00,1.08904,1.08907,1.089,1.08901,508.0
2024-01-15 12:25:00,1.08901,1.08913,1.08899,1.08908,747.9
2024-01-15 12:30:00,1.08908,1.08917,1.08906,1.08915,423.8
2024-01-15 12:35:00,1.08915,1.08918,1.08914,1.08917,592.1
2024-01-15 12:40:00,1.08917,1.08921,1.08908,1.08911,293.5
2024-01-15 12:45:00,1.08911,1.08912,1.08903,1.08911,582.1
2024-01-15 12:50:00,1.08911,1.08915,1.08909,1.08911,552.2
2024-01-15 12:55:00,1.08911,1.08919,1.0891,1.08916,446.3
2024-01-15 13:00:00,1.08916,1.08917,1.08908,1.0891,606.0
2024-01-15 13:05:00,1.0891,1.08911,1.08904,1.08909,649.7
2024-01-15 13:10:00,1.08909,1.08914,1.089,1.08904,403.4
2024-01-15 13:15:00,1.08904,1.08913,1.08901,1.0891,513.3
2024-01-15 13:20:00,1.0891,1.08915,1.08907,1.0891,186.7
2024-01-15 13:25:00,1.0891,1.08918,1.08903,1.08905,356.0
2024-01-15 13:30:00,1.08905,1.08908,1.08897,1.08901,446.4
2024-01-15 13:35:00,1.08901,1.08905,1.08898,1.08902,604.5
2024-01-15 13:40:00,1.08902,1.08906,1.08897,1.08899,427.4
2024-01-15 13:45:00,1.08899,1.089,1.08896,1.08899,484.1
2024-01-15 13:50:00,1.08899,1.08912,1.08898,1.08909,632.1
2024-01-15 13:55:00,1.08909,1.08913,1.08893,1.08894,561.0
2024-01-15 14:00:00,1.08894,1.08902,1.08884,1.08885,478.0
2024-01-15 14:05:00,1.08885,1.08892,1.08882,1.08891,601.0
2024-01-15 14:10:00,1.08891,1.08893,1.08885,1.08886,672.9
2024-01-15 14:15:00,1.08886,1.0889,1.08878,1.08879,802.9
2024-01-15 14:20:00,1.08879,1.08885,1.08874,1.08876,621.0
2024-01-15 14:25:00,1.08876,1.08878,1.0887,1.08872,372.5
2024-01-15 14:30:00,1.08872,1.08875,1.08862,1.08866,524.0
2024-01-15 14:35:00,1.08866,1.08872,1.08866,1.08871,534.0
2024-01-15 14:40:00,1.08871,1.08875,1.08868,1.08869,534.5
2024-01-15 14:45:00,1.08869,1.0887,1.0886,1.08862,423.1
2024-01-15 14:50:00,1.08862,1.0887,1.08861,1.08867,596.4
2024-01-15 14:55:00,1.08867,1.08875,1.08866,1.08873,543.8
2024-01-15 15:00:00,1.08873,1.0888,1.08861,1.08867,591.9
2024-01-15 15:05:00,1.08867,1.08872,1.08865,1.08868,438.6
2024-01-15 15:10:00,1.08868,1.08868,1.08859,1.08866,380.0
2024-01-15 15:15:00,1.08866,1.08869,1.08864,1.08867,364.9
2024-01-15 15:20:00,1.08867,1.08868,1.08864,1.08865,532.5
2024-01-15 15:25:00,1.08865,1.08871,1.08857,1.08861,554.4
2024-01-15 15:30:00,1.08861,1.08874,1.08857,1.08872,717.4
2024-01-15 15:35:00,1.08872,1.0888,1.08868,1.08874,514.0
2024-01-15 15:40:00,1.08874,1.08878,1.08869,1.08871,663.0
2024-01-15 15:45:00,1.08871,1.08873,1.08865,1.08868,439.2
2024-01-15 15:50:00,1.08868,1.0887,1.08863,1.08863,473.7
2024-01-15 15:55:00,1.08863,1.08868,1.08863,1.08864,214.9
2024-01-15 16:00:00,1.08864,1.08864,1.0886,1.08863,658.2
2024-01-15 16:05:00,1.08863,1.08868,1.08861,1.08868,278.9
2024-01-15 16:10:00,1.08868,1.08876,1.08866,1.08874,441.8
2024-01-15 16:15:00,1.08874,1.08877,1.08873,1.08875,296.4
2024-01-15 16:20:00,1.08875,1.08881,1.08868,1.0888,494.0
2024-01-15 16:25:00,1.0888,1.0888,1.08879,1.08879,483.5
2024-01-15 16:30:00,1.08879,1.08883,1.08872,1.08874,455.4
2024-01-15 16:35:00,1.08874,1.08877,1.08866,1.08867,613.5
2024-01-15 16:40:00,1.08867,1.08869,1.08863,1.08866,617.6
2024-01-15 16:45:00,1.08866,1.08868,1.08858,1.08864,395.3
2024-01-15 16:50:00,1.08864,1.0887,1.0886,1.08867,719.6
2024-01-15 16:55:00,1.08867,1.08869,1.0886,1.08865,339.3
2024-01-15 17:00:00,1.08865,1.08865,1.08862,1.08863,367.9
2024-01-15 17:05:00,1.08863,1.08874,1.08862,1.08873,604.3
2024-01-15 17:10:00,1.08873,1.08875,1.08871,1.08874,249.2
2024-01-15 17:15:00,1.08874,1.08884,1.08869,1.08882,376.3
2024-01-15 17:20:00,1.08882,1.08888,1.08872,1.08873,715.8
2024-01-15 17:25:00,1.08873,1.08883,1.08872,1.08881,389.3
2024-01-15 17:30:00,1.08881,1.08883,1.0888,1.0888,392.9
2024-01-15 17:35:00,1.0888,1.08889,1.0888,1.08887,244.1
2024-01-15 17:40:00,1.08887,1.08893,1.08887,1.08891,307.0
2024-01-15 17:45:00,1.08891,1.08896,1.08885,1.08893,586.7
2024-01-15 17:50:00,1.08893,1.08893,1.08878,1.08883,514.0
2024-01-15 17:55:00,1.08883,1.08887,1.08883,1.08886,859.6
2024-01-15 18:00:00,1.08886,1.08894,1.08885,1.08893,502.8
2024-01-15 18:05:00,1.08893,1.08905,1.08889,1.08904,444.3
2024-01-15 18:10:00,1.08904,1.08908,1.08897,1.08898,380.1
2024-01-15 18:15:00,1.08898,1.089,1.08892,1.08894,264.6
2024-01-15 18:20:00,1.08894,1.08901,1.08891,1.089,447.4
2024-01-15 18:25:00,1.089,1.08903,1.08897,1.08902,624.5
2024-01-15 18:30:00,1.08902,1.08906,1.08898,1.08904,377.9
2024-01-15 18:35:00,1.08904,1.08906,1.08897,1.08901,753.5
2024-01-15 18:40:00,1.08901,1.08908,1.08897,1.08902,295.5
2024-01-15 18:45:00,1.08902,1.08907,1.08899,1.08903,594.4
2024-01-15 18:50:00,1.08903,1.08907,1.08898,1.08902,547.4
2024-01-15 18:55:00,1.08902,1.08906,1.08901,1.08905,322.8
2024-01-15 19:00:00,1.08905,1.08907,1.08904,1.08907,488.4
2024-01-15 19:05:00,1.08907,1.0891,1.08905,1.08906,673.9
2024-01-15 19:10:00,1.08906,1.08911,1.08901,1.08905,294.0
2024-01-15 19:15:00,1.08905,1.08908,1.08903,1.08906,595.1
2024-01-15 19:20:00,1.08906,1.08914,1.08905,1.08911,492.2
2024-01-15 19:25:00,1.08911,1.08911,1.08901,1.08902,714.7
2024-01-15 19:30:00,1.08902,1.08905,1.08892,1.08895,636.5
2024-01-15 19:35:00,1.08895,1.08899,1.08876,1.08882,599.7
2024-01-15 19:40:00,1.08882,1.08883,1.08873,1.08876,583.6
2024-01-15 19:45:00,1.08876,1.08878,1.08872,1.08874,499.0
2024-01-15 19:50:00,1.08874,1.0888,1.08873,1.08879,718.7
2024-01-15 19:55:00,1.08879,1.0888,1.08874,1.08876,465.1
2024-01-15 20:00:00,1.08876,1.08878,1.08874,1.08875,698.6
2024-01-15 20:05:00,1.08875,1.08889,1.08874,1.08884,720.7
2024-01-15 20:10:00,1.08884,1.08892,1.0888,1.08886,724.5
2024-01-15 20:15:00,1.08886,1.0889,1.08882,1.08883,638.2
2024-01-15 20:20:00,1.08883,1.08889,1.08879,1.08882,463.6
2024-01-15 20:25:00,1.08882,1.08889,1.08878,1.08882,389.4
2024-01-15 20:30:00,1.08882,1.08883,1.08878,1.08881,270.6
2024-01-15 20:35:00,1.08881,1.08884,1.08878,1.08883,420.5
2024-01-15 20:40:00,1.08883,1.08889,1.08882,1.08886,513.6
2024-01-15 20:45:00,1.08886,1.08891,1.08885,1.08888,371.8
2024-01-15 20:50:00,1.08888,1.0889,1.08878,1.08887,505.3
2024-01-15 20:55:00,1.08887,1.08891,1.08884,1.08891,569.9
2024-01-15 21:00:00,1.08891,1.08897,1.08884,1.08896,708.2
2024-01-15 21:05:00,1.08896,1.08897,1.08887,1.08888,167.4
2024-01-15 21:10:00,1.08888,1.08889,1.08881,1.08883,519.9
2024-01-15 21:15:00,1.08883,1.08886,1.08872,1.08874,553.7
2024-01-15 21:20:00,1.08874,1.08874,1.08871,1.08872,673.3
2024-01-15 21:25:00,1.08872,1.08881,1.08871,1.08875,719.4
2024-01-15 21:30:00,1.08875,1.08875,1.08869,1.08872,579.7
2024-01-15 21:35:00,1.08872,1.08874,1.08867,1.08872,492.4
2024-01-15 21:40:00,1.08872,1.08877,1.08872,1.08874,418.4
2024-01-15 21:45:00,1.08874,1.08877,1.08871,1.08876,626.3
2024-01-15 21:50:00,1.08876,1.08877,1.08868,1.08872,431.1
2024-01-15 21:55:00,1.08872,1.08876,1.08872,1.08874,762.3
2024-01-15 22:00:00,1.08874,1.08878,1.08873,1.08875,533.5
2024-01-15 22:05:00,1.08875,1.08885,1.08872,1.08881,489.4
2024-01-15 22:10:00,1.08881,1.08884,1.08867,1.08873,376.2
2024-01-15 22:15:00,1.08873,1.08875,1.08863,1.08865,591.7
2024-01-15 22:20:00,1.08865,1.08872,1.08859,1.0887,546.5
2024-01-15 22:25:00,1.0887,1.08872,1.0886,1.08861,419.3
2024-01-15 22:30:00,1.08861,1.08866,1.08855,1.08863,591.1
2024-01-15 22:35:00,1.08863,1.08872,1.08861,1.08869,494.8
2024-01-15 22:40:00,1.08869,1.08883,1.08868,1.08879,501.8
2024-01-15 22:45:00,1.08879,1.0888,1.08876,1.08878,631.9
2024-01-15 22:50:00,1.08878,1.08883,1.08876,1.08882,345.1
2024-01-15 22:55:00,1.08882,1.08884,1.08872,1.08873,876.0
2024-01-15 23:00:00,1.08873,1.08876,1.08869,1.08872,818.4
2024-01-15 23:05:00,1.08872,1.08875,1.08872,1.08873,371.4
2024-01-15 23:10:00,1.08873,1.08875,1.08863,1.08868,544.2
2024-01-15 23:15:00,1.08868,1.08868,1.08865,1.08867,496.3
2024-01-15 23:20:00,1.08867,1.08869,1.08864,1.08867,255.6
2024-01-15 23:25:00,1.08867,1.08872,1.08864,1.08868,463.8
2024-01-15 23:30:00,1.08868,1.08872,1.08866,1.08869,468.5
2024-01-15 23:35:00,1.08869,1.08875,1.08868,1.08871,780.7
2024-01-15 23:40:00,1.08871,1.08877,1.08869,1.08874,481.4
2024-01-15 23:45:00,1.08874,1.08876,1.08872,1.08873,759.2
2024-01-15 23:50:00,1.08873,1.08881,1.0887,1.08877,437.6
2024-01-15 23:55:00,1.08877,1.08881,1.08875,1.0888,539.5
2024-01-16 00:00:00,1.0888,1.08886,1.08874,1.08877,268.7
2024-01-16 00:05:00,1.08877,1.08877,1.08872,1.08874,491.4
2024-01-16 00:10:00,1.08874,1.08877,1.08867,1.08867,682.9
2024-01-16 00:15:00,1.08867,1.08872,1.08865,1.08869,635.1
2024-01-16 00:20:00,1.08869,1.08872,1.08866,1.08867,315.7
2024-01-16 00:25:00,1.08867,1.08867,1.08863,1.08865,605.7
2024-01-16 00:30:00,1.08865,1.08867,1.08859,1.08859,344.8
2024-01-16 00:35:00,1.08859,1.08866,1.08855,1.08863,616.7
2024-01-16 00:40:00,1.08863,1.0887,1.0886,1.08868,653.6
2024-01-16 00:45:00,1.08868,1.08874,1.08865,1.08866,537.4
2024-01-16 00:50:00,1.08866,1.08868,1.08852,1.08854,569.8
2024-01-16 00:55:00,1.08854,1.08857,1.0884,1.08845,786.9
2024-01-16 01:00:00,1.08845,1.08847,1.08829,1.0883,51.9
2024-01-16 01:05:00,1.0883,1.0883,1.08822,1.08827,379.9
2024-01-16 01:10:00,1.08827,1.08828,1.08825,1.08828,445.5
2024-01-16 01:15:00,1.08828,1.08836,1.08824,1.08832,673.3
2024-01-16 01:20:00,1.08832,1.08833,1.08825,1.08829,520.5
2024-01-16 01:25:00,1.08829,1.08835,1.08827,1.08832,425.7
2024-01-16 01:30:00,1.08832,1.08834,1.08825,1.08827,560.1
2024-01-16 01:35:00,1.08827,1.0883,1.08827,1.08827,302.0
2024-01-16 01:40:00,1.08827,1.0883,1.08824,1.08828,373.7
2024-01-16 01:45:00,1.08828,1.08829,1.08824,1.08825,497.7
2024-01-16 01:50:00,1.08825,1.08831,1.08819,1.0883,551.8
2024-01-16 01:55:00,1.0883,1.08842,1.08822,1.08839,511.7
2024-01-16 02:00:00,1.08839,1.08843,1.08837,1.08839,440.9
2024-01-16 02:05:00,1.08839,1.08842,1.08835,1.0884,549.1
2024-01-16 02:10:00,1.0884,1.0884,1.08838,1.08839,483.4
2024-01-16 02:15:00,1.08839,1.08847,1.08839,1.08845,524.0
2024-01-16 02:20:00,1.08845,1.08853,1.08841,1.08851,492.9
2024-01-16 02:25:00,1.08851,1.08858,1.0885,1.08852,764.7
2024-01-16 02:30:00,1.08852,1.08858,1.08848,1.08857,609.3
2024-01-16 02:35:00,1.08857,1.08858,1.08848,1.08853,691.8
2024-01-16 02:40:00,1.08853,1.08855,1.08852,1.08854,551.5
2024-01-16 02:45:00,1.08854,1.08857,1.08854,1.08855,130.9
2024-01-16 02:50:00,1.08855,1.08861,1.08855,1.0886,752.3
2024-01-16 02:55:00,1.0886,1.08868,1.08848,1.08853,577.4
2024-01-16 03:00:00,1.08853,1.08854,1.08843,1.08845,334.9
2024-01-16 03:05:00,1.08845,1.08856,1.08841,1.08849,511.1
2024-01-16 03:10:00,1.08849,1.08853,1.08848,1.08851,466.2
2024-01-16 03:15:00,1.08851,1.08855,1.0884,1.08846,528.5
2024-01-16 03:20:00,1.08846,1.08847,1.08837,1.08842,757.0
2024-01-16 03:25:00,1.08842,1.08843,1.08836,1.08839,464.0
2024-01-16 03:30:00,1.08839,1.08842,1.08833,1.08834,400.5
2024-01-16 03:35:00,1.08834,1.08834,1.08825,1.08828,617.1
2024-01-16 03:40:00,1.08828,1.08834,1.08825,1.08827,504.2
2024-01-16 03:45:00,1.08827,1.0883,1.08821,1.08821,264.8
2024-01-16 03:50:00,1.08821,1.08827,1.08815,1.08817,531.6
2024-01-16 03:55:00,1.08817,1.08827,1.08815,1.08822,317.5
2024-01-16 04:00:00,1.08822,1.08823,1.08816,1.08818,664.7
2024-01-16 04:05:00,1.08818,1.08832,1.08817,1.08824,511.7
2024-01-16 04:10:00,1.08824,1.08829,1.08823,1.08827,575.2
2024-01-16 04:15:00,1.08827,1.08829,1.08819,1.08823,348.1
2024-01-16 04:20:00,1.08823,1.08823,1.08809,1.08812,539.7
2024-01-16 04:25:00,1.08812,1.08813,1.08806,1.0881,635.4
2024-01-16 04:30:00,1.0881,1.08813,1.08801,1.08809,189.5
2024-01-16 04:35:00,1.08809,1.08809,1.08803,1.08805,423.2
2024-01-16 04:40:00,1.08805,1.0881,1.08792,1.08797,602.9
2024-01-16 04:45:00,1.08797,1.088,1.08785,1.08788,588.2
2024-01-16 04:50:00,1.08788,1.08792,1.08784,1.08789,389.7
2024-01-16 04:55:00,1.08789,1.0879,1.08782,1.08784,602.8
2024-01-16 05:00:00,1.08784,1.08785,1.08783,1.08784,432.5
2024-01-16 05:05:00,1.08784,1.08795,1.08783,1.0879,576.4
2024-01-16 05:10:00,1.0879,1.08792,1.08783,1.08786,453.7
2024-01-16 05:15:00,1.08786,1.0879,1.08773,1.08776,369.4
2024-01-16 05:20:00,1.08776,1.08787,1.08776,1.08783,581.4
2024-01-16 05:25:00,1.08783,1.08784,1.08777,1.08779,588.0
2024-01-16 05:30:00,1.08779,1.08779,1.08772,1.08772,576.9
2024-01-16 05:35:00,1.08772,1.08778,1.08759,1.08761,466.0
2024-01-16 05:40:00,1.08761,1.08763,1.08755,1.08762,596.6
2024-01-16 05:45:00,1.08762,1.08767,1.0876,1.08765,601.7
2024-01-16 05:50:00,1.08765,1.08769,1.08763,1.08768,725.8
2024-01-16 05:55:00,1.08768,1.08775,1.08762,1.08764,607.6
2024-01-16 06:00:00,1.08764,1.08766,1.08755,1.08763,428.8
2024-01-16 06:05:00,1.08763,1.08765,1.08755,1.08757,406.8
2024-01-16 06:10:00,1.08757,1.08758,1.08753,1.08755,516.7
2024-01-16 06:15:00,1.08755,1.08758,1.08754,1.08755,324.6
2024-01-16 06:20:00,1.08755,1.08762,1.08754,1.08759,226.6
2024-01-16 06:25:00,1.08759,1.08763,1.08752,1.08757,479.3
2024-01-16 06:30:00,1.08757,1.08765,1.08753,1.08759,471.8
2024-01-16 06:35:00,1.08759,1.08763,1.08751,1.08752,519.2
2024-01-16 06:40:00,1.08752,1.08754,1.0875,1.08754,396.6
2024-01-16 06:45:00,1.08754,1.08759,1.08753,1.08756,515.1
2024-01-16 06:50:00,1.08756,1.08756,1.08752,1.08754,460.1
2024-01-16 06:55:00,1.08754,1.08754,1.08745,1.08745,565.9
2024-01-16 07:00:00,1.08745,1.0875,1.08741,1.08745,352.6
2024-01-16 07:05:00,1.08745,1.08752,1.08744,1.08748,493.7
2024-01-16 07:10:00,1.08748,1.0875,1.08734,1.08738,526.6
2024-01-16 07:15:00,1.08738,1.08741,1.08728,1.08731,478.0
2024-01-16 07:20:00,1.08731,1.08736,1.08726,1.08733,474.8
2024-01-16 07:25:00,1.08733,1.08736,1.0873,1.08733,604.7
2024-01-16 07:30:00,1.08733,1.08734,1.0873,1.08732,520.3
2024-01-16 07:35:00,1.08732,1.08733,1.08728,1.08733,440.7
2024-01-16 07:40:00,1.08733,1.08733,1.08726,1.08729,634.6
2024-01-16 07:45:00,1.08729,1.08732,1.08728,1.08732,544.2
2024-01-16 07:50:00,1.08732,1.08733,1.08727,1.0873,487.0
2024-01-16 07:55:00,1.0873,1.08735,1.08728,1.08729,439.7
2024-01-16 08:00:00,1.08729,1.08734,1.08726,1.08733,608.5
2024-01-16 08:05:00,1.08733,1.0875,1.08733,1.08747,478.1
2024-01-16 08:10:00,1.08747,1.0875,1.08744,1.08748,389.2
2024-01-16 08:15:00,1.08748,1.08752,1.08745,1.0875,269.1
2024-01-16 08:20:00,1.0875,1.08757,1.08746,1.08755,353.6
2024-01-16 08:25:00,1.08755,1.08756,1.08753,1.08754,477.5
2024-01-16 08:30:00,1.08754,1.08757,1.08752,1.08753,415.5
2024-01-16 08:35:00,1.08753,1.08755,1.08751,1.08751,464.6
2024-01-16 08:40:00,1.08751,1.08755,1.08748,1.08749,446.1
2024-01-16 08:45:00,1.08749,1.08757,1.08749,1.08755,481.4
2024-01-16 08:50:00,1.08755,1.08756,1.08752,1.08752,288.2
2024-01-16 08:55:00,1.08752,1.08753,1.08749,1.0875,537.7
2024-01-16 09:00:00,1.0875,1.08763,1.08749,1.08761,477.4
2024-01-16 09:05:00,1.08761,1.08762,1.0876,1.08761,711.2
2024-01-16 09:10:00,1.08761,1.08763,1.08754,1.08755,330.9
2024-01-16 09:15:00,1.08755,1.0876,1.08753,1.08758,826.1
2024-01-16 09:20:00,1.08758,1.08763,1.08757,1.08761,388.3
2024-01-16 09:25:00,1.08761,1.08763,1.08757,1.08763,346.0
2024-01-16 09:30:00,1.08763,1.08764,1.08758,1.08759,399.2
2024-01-16 09:35:00,1.08759,1.08764,1.08759,1.08762,181.2
2024-01-16 09:40:00,1.08762,1.08763,1.08761,1.08761,533.3
2024-01-16 09:45:00,1.08761,1.08766,1.08753,1.08761,582.9
2024-01-16 09:50:00,1.08761,1.08762,1.08757,1.08758,470.0
2024-01-16 09:55:00,1.08758,1.08769,1.08758,1.08765,338.4
2024-01-16 10:00:00,1.08765,1.08766,1.08763,1.08765,515.6
2024-01-16 10:05:00,1.08765,1.08766,1.08756,1.08758,635.9
2024-01-16 10:10:00,1.08758,1.0877,1.08755,1.08768,420.1
2024-01-16 10:15:00,1.08768,1.08771,1.08765,1.08769,624.3
2024-01-16 10:20:00,1.08769,1.08774,1.08767,1.08772,385.4
2024-01-16 10:25:00,1.08772,1.08773,1.08771,1.08771,326.2
2024-01-16 10:30:00,1.08771,1.0878,1.0877,1.08774,413.7
2024-01-16 10:35:00,1.08774,1.08783,1.08772,1.08781,367.0
2024-01-16 10:40:00,1.08781,1.08783,1.08775,1.08781,99.2
2024-01-16 10:45:00,1.08781,1.08788,1.08778,1.08781,379.9
2024-01-16 10:50:00,1.08781,1.0879,1.08778,1.08789,523.2
2024-01-16 10:55:00,1.08789,1.08794,1.0878,1.08794,391.2
2024-01-16 11:00:00,1.08794,1.08797,1.08785,1.08787,495.2
2024-01-16 11:05:00,1.08787,1.08789,1.08785,1.08789,772.7
2024-01-16 11:10:00,1.08789,1.0879,1.08784,1.08789,405.9
2024-01-16 11:15:00,1.08789,1.0879,1.08788,1.08789,487.1
2024-01-16 11:20:00,1.08789,1.08789,1.08779,1.08784,371.8
2024-01-16 11:25:00,1.08784,1.08786,1.08779,1.0878,505.0
2024-01-16 11:30:00,1.0878,1.08781,1.08772,1.08774,672.9
2024-01-16 11:35:00,1.08774,1.08776,1.08767,1.08767,544.3
2024-01-16 11:40:00,1.08767,1.08769,1.08762,1.08767,716.5
2024-01-16 11:45:00,1.08767,1.08767,1.0876,1.08761,661.1
2024-01-16 11:50:00,1.08761,1.08768,1.08757,1.08765,473.5
2024-01-16 11:55:00,1.08765,1.08773,1.08763,1.08769,295.7
2024-01-16 12:00:00,1.08769,1.08773,1.0876,1.08764,444.7
2024-01-16 12:05:00,1.08764,1.08766,1.08761,1.08765,227.2
2024-01-16 12:10:00,1.08765,1.08766,1.08761,1.08762,507.1
2024-01-16 12:15:00,1.08762,1.08763,1.08753,1.0876,936.2
2024-01-16 12:20:00,1.0876,1.08767,1.08758,1.08764,556.2
2024-01-16 12:25:00,1.08764,1.08779,1.08764,1.08774,319.4
2024-01-16 12:30:00,1.08774,1.08776,1.08772,1.08775,313.9
2024-01-16 12:35:00,1.08775,1.08775,1.08772,1.08774,648.5
2024-01-16 12:40:00,1.08774,1.08777,1.08767,1.08768,616.4
2024-01-16 12:45:00,1.08768,1.0877,1.08764,1.08766,529.6
2024-01-16 12:50:00,1.08766,1.08767,1.08763,1.08764,584.8
2024-01-16 12:55:00,1.08764,1.08767,1.08762,1.08764,437.9
2024-01-16 13:00:00,1.08764,1.08767,1.08762,1.08766,470.2
2024-01-16 13:05:00,1.08766,1.08771,1.08765,1.08768,777.5
2024-01-16 13:10:00,1.08768,1.0877,1.08767,1.08768,354.5
2024-01-16 13:15:00,1.08768,1.08769,1.08767,1.08768,518.2
2024-01-16 13:20:00,1.08768,1.0877,1.08765,1.08766,564.5
2024-01-16 13:25:00,1.08766,1.08781,1.08765,1.08771,652.7
2024-01-16 13:30:00,1.08771,1.08778,1.08769,1.08777,433.4
2024-01-16 13:35:00,1.08777,1.08778,1.08773,1.08776,383.6
2024-01-16 13:40:00,1.08776,1.08781,1.08776,1.08777,283.9
2024-01-16 13:45:00,1.08777,1.08778,1.08776,1.08778,361.8
2024-01-16 13:50:00,1.08778,1.08785,1.08774,1.08776,514.2
2024-01-16 13:55:00,1.08776,1.08783,1.08775,1.08781,696.9
2024-01-16 14:00:00,1.08781,1.08791,1.08778,1.0879,666.3
2024-01-16 14:05:00,1.0879,1.08795,1.08787,1.08792,580.2
2024-01-16 14:10:00,1.08792,1.08804,1.08788,1.08803,769.7
2024-01-16 14:15:00,1.08803,1.08805,1.08793,1.08797,637.6
2024-01-16 14:20:00,1.08797,1.088,1.08795,1.088,406.3
2024-01-16 14:25:00,1.088,1.08815,1.08794,1.08812,518.6
2024-01-16 14:30:00,1.08812,1.0882,1.08812,1.08819,350.2
2024-01-16 14:35:00,1.08819,1.08822,1.08815,1.08818,285.1
2024-01-16 14:40:00,1.08818,1.08824,1.08815,1.08816,524.9
2024-01-16 14:45:00,1.08816,1.08828,1.08813,1.08826,572.4
2024-01-16 14:50:00,1.08826,1.08827,1.08817,1.0882,341.5
2024-01-16 14:55:00,1.0882,1.08825,1.08815,1.08818,398.9
2024-01-16 15:00:00,1.08818,1.0882,1.08815,1.08819,727.7
2024-01-16 15:05:00,1.08819,1.0882,1.08815,1.08816,464.0
2024-01-16 15:10:00,1.08816,1.08819,1.08808,1.08809,681.0
2024-01-16 15:15:00,1.08809,1.08811,1.08802,1.08803,512.9
2024-01-16 15:20:00,1.08803,1.08804,1.08796,1.088,505.0
2024-01-16 15:25:00,1.088,1.088,1.08783,1.08787,626.0
2024-01-16 15:30:00,1.08787,1.08792,1.08785,1.08791,439.0
2024-01-16 15:35:00,1.08791,1.08791,1.0878,1.0879,630.5
2024-01-16 15:40:00,1.0879,1.08795,1.08788,1.08793,597.2
2024-01-16 15:45:00,1.08793,1.08801,1.08787,1.08795,504.6
2024-01-16 15:50:00,1.08795,1.08795,1.08789,1.08791,713.0
2024-01-16 15:55:00,1.08791,1.08795,1.08779,1.08782,299.9
2024-01-16 16:00:00,1.08782,1.08782,1.08775,1.08779,549.7
2024-01-16 16:05:00,1.08779,1.08789,1.08773,1.08785,661.1
2024-01-16 16:10:00,1.08785,1.08791,1.08783,1.08785,768.4
2024-01-16 16:15:00,1.08785,1.08791,1.08781,1.08784,523.7
2024-01-16 16:20:00,1.08784,1.08787,1.08781,1.08787,332.0
2024-01-16 16:25:00,1.08787,1.0879,1.08783,1.08783,512.3
2024-01-16 16:30:00,1.08783,1.08793,1.08781,1.0879,527.7
2024-01-16 16:35:00,1.0879,1.0879,1.08781,1.08782,248.5
2024-01-16 16:40:00,1.08782,1.08795,1.0878,1.08789,632.8
2024-01-16 16:45:00,1.08789,1.08797,1.08786,1.08797,555.1
2024-01-16 16:50:00,1.08797,1.08799,1.08787,1.08789,654.5
2024-01-16 16:55:00,1.08789,1.08793,1.08788,1.0879,315.5
2024-01-16 17:00:00,1.0879,1.08808,1.08788,1.088,471.5
2024-01-16 17:05:00,1.088,1.08809,1.08799,1.08806,293.0
2024-01-16 17:10:00,1.08806,1.08809,1.08804,1.08808,406.3
2024-01-16 17:15:00,1.08808,1.0881,1.08797,1.08801,449.4
2024-01-16 17:20:00,1.08801,1.08809,1.088,1.08807,433.9
2024-01-16 17:25:00,1.08807,1.08809,1.08799,1.08805,607.3
2024-01-16 17:30:00,1.08805,1.08809,1.08805,1.08809,468.4
2024-01-16 17:35:00,1.08809,1.08812,1.08806,1.08812,522.3
2024-01-16 17:40:00,1.08812,1.08818,1.08812,1.08817,529.9
2024-01-16 17:45:00,1.08817,1.08818,1.08809,1.08815,473.9
2024-01-16 17:50:00,1.08815,1.0882,1.08812,1.08819,629.6
2024-01-16 17:55:00,1.08819,1.08821,1.08818,1.0882,601.0
2024-01-16 18:00:00,1.0882,1.08823,1.08815,1.0882,508.5
2024-01-16 18:05:00,1.0882,1.08821,1.08813,1.08816,296.8
2024-01-16 18:10:00,1.08816,1.08823,1.0881,1.08823,596.3
2024-01-16 18:15:00,1.08823,1.08826,1.08818,1.08822,450.2
2024-01-16 18:20:00,1.08822,1.08825,1.08819,1.08823,298.8
2024-01-16 18:25:00,1.08823,1.08829,1.08821,1.08822,181.2
2024-01-16 18:30:00,1.08822,1.08823,1.08816,1.08817,437.0
2024-01-16 18:35:00,1.08817,1.08819,1.08808,1.08813,546.8
2024-01-16 18:40:00,1.08813,1.08819,1.08813,1.08817,675.6
2024-01-16 18:45:00,1.08817,1.08822,1.08815,1.08819,505.4
2024-01-16 18:50:00,1.08819,1.08826,1.08813,1.08815,484.2
2024-01-16 18:55:00,1.08815,1.08831,1.08813,1.08825,365.0
2024-01-16 19:00:00,1.08825,1.08827,1.08824,1.08825,496.4
2024-01-16 19:05:00,1.08825,1.0883,1.08823,1.08829,683.1
2024-01-16 19:10:00,1.08829,1.08832,1.08825,1.08832,484.7
2024-01-16 19:15:00,1.08832,1.08835,1.0883,1.08834,72.2
2024-01-16 19:20:00,1.08834,1.0884,1.08831,1.08837,758.5
2024-01-16 19:25:00,1.08837,1.0884,1.0883,1.08831,565.9
2024-01-16 19:30:00,1.08831,1.08831,1.08824,1.08825,705.2
2024-01-16 19:35:00,1.08825,1.08836,1.08824,1.08835,817.8
2024-01-16 19:40:00,1.08835,1.08835,1.08835,1.08835,567.9
2024-01-16 19:45:00,1.08835,1.0884,1.08835,1.08838,769.8
2024-01-16 19:50:00,1.08838,1.08848,1.08838,1.08846,469.0
2024-01-16 19:55:00,1.08846,1.08853,1.08846,1.08851,436.9
2024-01-16 20:00:00,1.08851,1.08851,1.08848,1.08848,419.6
2024-01-16 20:05:00,1.08848,1.08849,1.08847,1.08848,408.9
2024-01-16 20:10:00,1.08848,1.0885,1.08844,1.08847,528.8
2024-01-16 20:15:00,1.08847,1.08847,1.08841,1.08846,632.8
2024-01-16 20:20:00,1.08846,1.08846,1.0884,1.08842,450.5
2024-01-16 20:25:00,1.08842,1.08842,1.0883,1.08834,418.6
2024-01-16 20:30:00,1.08834,1.08844,1.08831,1.08841,355.1
2024-01-16 20:35:00,1.08841,1.08846,1.08834,1.08837,464.1
2024-01-16 20:40:00,1.08837,1.08839,1.08832,1.08832,426.8
2024-01-16 20:45:00,1.08832,1.08842,1.08831,1.0884,766.5
2024-01-16 20:50:00,1.0884,1.08849,1.08839,1.08847,440.2
2024-01-16 20:55:00,1.08847,1.08852,1.08835,1.0884,321.2
2024-01-16 21:00:00,1.0884,1.08847,1.08837,1.08842,495.2
2024-01-16 21:05:00,1.08842,1.08846,1.08841,1.08841,465.7
2024-01-16 21:10:00,1.08841,1.08846,1.08838,1.08846,503.1
2024-01-16 21:15:00,1.08846,1.08852,1.08843,1.0885,358.5
2024-01-16 21:20:00,1.0885,1.08859,1.08844,1.08859,417.3
2024-01-16 21:25:00,1.08859,1.0886,1.08854,1.08858,441.6
2024-01-16 21:30:00,1.08858,1.08864,1.08856,1.0886,535.1
2024-01-16 21:35:00,1.0886,1.08865,1.08858,1.08859,363.9
2024-01-16 21:40:00,1.08859,1.08869,1.08853,1.08869,598.6
2024-01-16 21:45:00,1.08869,1.08873,1.08869,1.08871,568.2
2024-01-16 21:50:00,1.08871,1.08874,1.08859,1.08862,465.6
2024-01-16 21:55:00,1.08862,1.08863,1.08846,1.08849,543.8
2024-01-16 22:00:00,1.08849,1.08851,1.08848,1.0885,677.6
2024-01-16 22:05:00,1.0885,1.08852,1.08846,1.08848,468.8
2024-01-16 22:10:00,1.08848,1.0885,1.08847,1.0885,855.0
2024-01-16 22:15:00,1.0885,1.08855,1.08844,1.08848,208.0
2024-01-16 22:20:00,1.08848,1.08852,1.08845,1.08849,371.7
2024-01-16 22:25:00,1.08849,1.08854,1.08846,1.0885,467.9
2024-01-16 22:30:00,1.0885,1.08856,1.08849,1.08851,656.5
2024-01-16 22:35:00,1.08851,1.08855,1.08844,1.08845,757.2
2024-01-16 22:40:00,1.08845,1.0885,1.08839,1.08839,675.5
2024-01-16 22:45:00,1.08839,1.0884,1.08827,1.08831,713.1
2024-01-16 22:50:00,1.08831,1.08835,1.08831,1.08834,468.0
2024-01-16 22:55:00,1.08834,1.08837,1.08832,1.08835,340.3
2024-01-16 23:00:00,1.08835,1.08838,1.08833,1.08835,195.8
2024-01-16 23:05:00,1.08835,1.0884,1.08832,1.08838,465.3
2024-01-16 23:10:00,1.08838,1.08841,1.08827,1.08831,457.4
2024-01-16 23:15:00,1.08831,1.08833,1.08829,1.08829,468.6
2024-01-16 23:20:00,1.08829,1.08831,1.08818,1.08821,713.0
2024-01-16 23:25:00,1.08821,1.08823,1.08817,1.08821,475.8
2024-01-16 23:30:00,1.08821,1.08821,1.08813,1.08815,729.0
2024-01-16 23:35:00,1.08815,1.08817,1.08812,1.08813,668.0
2024-01-16 23:40:00,1.08813,1.08815,1.0881,1.08814,454.9
2024-01-16 23:45:00,1.08814,1.08825,1.0881,1.08812,500.0
2024-01-16 23:50:00,1.08812,1.08813,1.08811,1.08811,536.6
2024-01-16 23:55:00,1.08811,1.08812,1.08805,1.08805,505.4
2024-01-17 00:00:00,1.08805,1.08805,1.08794,1.08798,552.2
2024-01-17 00:05:00,1.08798,1.08807,1.08797,1.08804,422.3
2024-01-17 00:10:00,1.08804,1.08805,1.08799,1.08801,423.1
2024-01-17 00:15:00,1.08801,1.08804,1.08787,1.08789,422.5
2024-01-17 00:20:00,1.08789,1.08799,1.08785,1.08795,588.7
2024-01-17 00:25:00,1.08795,1.08796,1.0879,1.0879,503.3
2024-01-17 00:30:00,1.0879,1.08793,1.08782,1.08786,354.5
2024-01-17 00:35:00,1.08786,1.08789,1.08785,1.08785,354.9
2024-01-17 00:40:00,1.08785,1.08788,1.0878,1.08783,537.9
2024-01-17 00:45:00,1.08783,1.08787,1.08781,1.08785,598.1
2024-01-17 00:50:00,1.08785,1.08793,1.08781,1.0879,631.3
2024-01-17 00:55:00,1.0879,1.08796,1.08787,1.08793,632.7
2024-01-17 01:00:00,1.08793,1.08798,1.08789,1.08795,387.4
2024-01-17 01:05:00,1.08795,1.08796,1.08788,1.0879,553.6
2024-01-17 01:10:00,1.0879,1.08791,1.08786,1.08789,496.3
2024-01-17 01:15:00,1.08789,1.08795,1.08786,1.08793,625.7
2024-01-17 01:20:00,1.08793,1.08796,1.0879,1.08796,742.3
2024-01-17 01:25:00,1.08796,1.08804,1.08795,1.088,482.3
2024-01-17 01:30:00,1.088,1.08801,1.08798,1.08798,739.0
2024-01-17 01:35:00,1.08798,1.088,1.08796,1.088,618.3
2024-01-17 01:40:00,1.088,1.08808,1.088,1.08806,521.8
2024-01-17 01:45:00,1.08806,1.0881,1.08792,1.08795,454.6
2024-01-17 01:50:00,1.08795,1.0881,1.08792,1.08804,547.3
2024-01-17 01:55:00,1.08804,1.08821,1.08803,1.08819,468.9
2024-01-17 02:00:00,1.08819,1.08819,1.08817,1.08817,613.3
2024-01-17 02:05:00,1.08817,1.08819,1.08812,1.08814,578.7
2024-01-17 02:10:00,1.08814,1.08817,1.08813,1.08815,395.6
2024-01-17 02:15:00,1.08815,1.08819,1.08806,1.08811,583.8
2024-01-17 02:20:00,1.08811,1.08816,1.08808,1.08815,634.8
2024-01-17 02:25:00,1.08815,1.08816,1.08807,1.08808,395.3
2024-01-17 02:30:00,1.08808,1.08814,1.08806,1.08811,212.5
2024-01-17 02:35:00,1.08811,1.08816,1.08806,1.08813,446.7
2024-01-17 02:40:00,1.08813,1.08814,1.08797,1.08802,87.7
2024-01-17 02:45:00,1.08802,1.08807,1.08801,1.08804,369.8
2024-01-17 02:50:00,1.08804,1.08807,1.08802,1.08807,311.9
2024-01-17 02:55:00,1.08807,1.08811,1.08802,1.08805,563.3
2024-01-17 03:00:00,1.08805,1.08813,1.08802,1.08807,496.7
2024-01-17 03:05:00,1.08807,1.08823,1.08806,1.08818,480.0
2024-01-17 03:10:00,1.08818,1.08822,1.08811,1.08813,465.8
2024-01-17 03:15:00,1.08813,1.08814,1.08809,1.08811,640.4
2024-01-17 03:20:00,1.08811,1.08812,1.08811,1.08811,805.7
2024-01-17 03:25:00,1.08811,1.08815,1.088,1.08801,524.3
2024-01-17 03:30:00,1.08801,1.08811,1.08795,1.08807,385.8
2024-01-17 03:35:00,1.08807,1.08811,1.08804,1.08811,530.3
2024-01-17 03:40:00,1.08811,1.08811,1.08803,1.08805,464.9
2024-01-17 03:45:00,1.08805,1.0881,1.08797,1.08802,546.8
2024-01-17 03:50:00,1.08802,1.08815,1.08794,1.0881,408.5
2024-01-17 03:55:00,1.0881,1.08814,1.08805,1.08809,682.9
2024-01-17 04:00:00,1.08809,1.08824,1.08809,1.08821,391.4
2024-01-17 04:05:00,1.08821,1.08828,1.08817,1.08826,590.0
2024-01-17 04:10:00,1.08826,1.08832,1.08823,1.08828,676.1
2024-01-17 04:15:00,1.08828,1.08831,1.08825,1.08831,345.3
2024-01-17 04:20:00,1.08831,1.08837,1.08815,1.08821,596.7
2024-01-17 04:25:00,1.08821,1.08823,1.08817,1.08819,489.6
2024-01-17 04:30:00,1.08819,1.08829,1.08819,1.08826,302.0
2024-01-17 04:35:00,1.08826,1.08834,1.08809,1.08813,272.8
2024-01-17 04:40:00,1.08813,1.08828,1.0881,1.08822,640.9
2024-01-17 04:45:00,1.08822,1.08828,1.08816,1.08824,323.6
2024-01-17 04:50:00,1.08824,1.08824,1.08822,1.08822,572.1
2024-01-17 04:55:00,1.08822,1.08832,1.08815,1.08817,470.0
2024-01-17 05:00:00,1.08817,1.08833,1.08817,1.08823,589.0
2024-01-17 05:05:00,1.08823,1.08827,1.08815,1.08817,540.0
2024-01-17 05:10:00,1.08817,1.08829,1.08814,1.08824,570.7
2024-01-17 05:15:00,1.08824,1.08843,1.08823,1.08836,826.1
2024-01-17 05:20:00,1.08836,1.08837,1.08825,1.08833,872.3
2024-01-17 05:25:00,1.08833,1.08837,1.0883,1.08834,444.9
2024-01-17 05:30:00,1.08834,1.08837,1.08827,1.08828,508.8
2024-01-17 05:35:00,1.08828,1.08832,1.08822,1.08831,611.8
2024-01-17 05:40:00,1.08831,1.08836,1.0883,1.08833,550.3
2024-01-17 05:45:00,1.08833,1.08835,1.0883,1.08834,659.7
2024-01-17 05:50:00,1.08834,1.08834,1.08827,1.08832,478.0
2024-01-17 05:55:00,1.08832,1.08839,1.08831,1.08836,490.0
2024-01-17 06:00:00,1.08836,1.08837,1.08826,1.0883,521.6
2024-01-17 06:05:00,1.0883,1.08835,1.08829,1.08831,471.4
2024-01-17 06:10:00,1.08831,1.08837,1.08829,1.08835,732.6
2024-01-17 06:15:00,1.08835,1.0884,1.08833,1.08837,450.8
2024-01-17 06:20:00,1.08837,1.08837,1.08818,1.08823,519.4
2024-01-17 06:25:00,1.08823,1.08827,1.08808,1.08808,560.0
2024-01-17 06:30:00,1.08808,1.0881,1.08785,1.08796,618.4
2024-01-17 06:35:00,1.08796,1.08809,1.08792,1.08797,578.8
2024-01-17 06:40:00,1.08797,1.08801,1.08793,1.08799,516.7
2024-01-17 06:45:00,1.08799,1.08813,1.08788,1.08806,458.4
2024-01-17 06:50:00,1.08806,1.08812,1.08798,1.08801,645.0
2024-01-17 06:55:00,1.08801,1.08802,1.08793,1.08796,334.9
2024-01-17 07:00:00,1.08796,1.08797,1.08794,1.08795,399.0
2024-01-17 07:05:00,1.08795,1.08797,1.08785,1.08786,671.4
2024-01-17 07:10:00,1.08786,1.08789,1.08779,1.08785,514.2
2024-01-17 07:15:00,1.08785,1.08794,1.08773,1.08783,733.2
2024-01-17 07:20:00,1.08783,1.08789,1.08776,1.08777,370.3
2024-01-17 07:25:00,1.08777,1.08788,1.08775,1.08787,499.4
2024-01-17 07:30:00,1.08787,1.08801,1.08785,1.08796,307.2
2024-01-17 07:35:00,1.08796,1.08799,1.08794,1.08795,524.1
2024-01-17 07:40:00,1.08795,1.08807,1.08792,1.08804,307.0
2024-01-17 07:45:00,1.08804,1.08806,1.08797,1.08798,389.8
2024-01-17 07:50:00,1.08798,1.0881,1.08797,1.08806,428.4
2024-01-17 07:55:00,1.08806,1.08806,1.08804,1.08804,263.6
2024-01-17 08:00:00,1.08804,1.08812,1.08801,1.08801,600.1
2024-01-17 08:05:00,1.08801,1.08802,1.08791,1.08793,398.8
2024-01-17 08:10:00,1.08793,1.08812,1.08791,1.08808,437.1
2024-01-17 08:15:00,1.08808,1.08812,1.08806,1.08811,368.9
2024-01-17 08:20:00,1.08811,1.08813,1.08804,1.0881,749.0
2024-01-17 08:25:00,1.0881,1.0882,1.08804,1.08816,394.1
2024-01-17 08:30:00,1.08816,1.08819,1.08804,1.0881,378.9
2024-01-17 08:35:00,1.0881,1.08813,1.08802,1.08811,500.3
2024-01-17 08:40:00,1.08811,1.08815,1.08802,1.08804,399.6
2024-01-17 08:45:00,1.08804,1.08812,1.08802,1.08809,405.7
2024-01-17 08:50:00,1.08809,1.0883,1.08807,1.08822,477.9
2024-01-17 08:55:00,1.08822,1.08836,1.0882,1.08829,766.6
2024-01-17 09:00:00,1.08829,1.08834,1.08826,1.08828,510.4
2024-01-17 09:05:00,1.08828,1.08828,1.0882,1.08825,368.0
2024-01-17 09:10:00,1.08825,1.08827,1.08821,1.08823,801.1
2024-01-17 09:15:00,1.08823,1.08834,1.08809,1.08812,644.4
2024-01-17 09:20:00,1.08812,1.08826,1.08806,1.08824,450.9
2024-01-17 09:25:00,1.08824,1.08827,1.08819,1.08824,667.0
2024-01-17 09:30:00,1.08824,1.08839,1.0882,1.08835,241.9
2024-01-17 09:35:00,1.08835,1.08841,1.08827,1.08836,636.7
2024-01-17 09:40:00,1.08836,1.08841,1.08829,1.08836,319.3
2024-01-17 09:45:00,1.08836,1.08839,1.08835,1.08835,407.6
2024-01-17 09:50:00,1.08835,1.08841,1.08827,1.08833,452.8
2024-01-17 09:55:00,1.08833,1.08836,1.08822,1.08824,532.5
2024-01-17 10:00:00,1.08824,1.08828,1.08824,1.08826,170.9
2024-01-17 10:05:00,1.08826,1.08831,1.08813,1.08814,682.0
2024-01-17 10:10:00,1.08814,1.08816,1.08808,1.08813,446.1
2024-01-17 10:15:00,1.08813,1.0882,1.08807,1.08818,547.1
2024-01-17 10:20:00,1.08818,1.08825,1.08813,1.0882,310.4
2024-01-17 10:25:00,1.0882,1.08839,1.08816,1.0883,734.0
2024-01-17 10:30:00,1.0883,1.08836,1.08811,1.0882,741.2
2024-01-17 10:35:00,1.0882,1.08825,1.08812,1.08813,660.8
2024-01-17 10:40:00,1.08813,1.08813,1.08805,1.08808,571.3
2024-01-17 10:45:00,1.08808,1.08813,1.08804,1.08807,562.4
2024-01-17 10:50:00,1.08807,1.08809,1.08807,1.08807,612.5
2024-01-17 10:55:00,1.08807,1.08809,1.08807,1.08808,489.1
2024-01-17 11:00:00,1.08808,1.08816,1.08801,1.08803,584.1
2024-01-17 11:05:00,1.08803,1.08812,1.08791,1.08796,649.5
2024-01-17 11:10:00,1.08796,1.08799,1.08791,1.08798,638.3
2024-01-17 11:15:00,1.08798,1.08803,1.08792,1.08798,529.0
2024-01-17 11:20:00,1.08798,1.08814,1.08798,1.0881,550.0
2024-01-17 11:25:00,1.0881,1.08823,1.08806,1.08815,609.0
2024-01-17 11:30:00,1.08815,1.0882,1.0881,1.08817,690.4
2024-01-17 11:35:00,1.08817,1.0882,1.08817,1.0882,647.6
2024-01-17 11:40:00,1.0882,1.08827,1.08818,1.0882,383.4
2024-01-17 11:45:00,1.0882,1.08824,1.08818,1.08819,684.0
2024-01-17 11:50:00,1.08819,1.08835,1.08819,1.08832,364.7
2024-01-17 11:55:00,1.08832,1.08834,1.08824,1.08825,413.9
2024-01-17 12:00:00,1.08825,1.08832,1.08817,1.08821,508.8
2024-01-17 12:05:00,1.08821,1.08829,1.0882,1.08823,536.5
2024-01-17 12:10:00,1.08823,1.08831,1.08803,1.08812,163.4
2024-01-17 12:15:00,1.08812,1.08813,1.08808,1.08811,566.8
2024-01-17 12:20:00,1.08811,1.08815,1.08805,1.08815,716.9
2024-01-17 12:25:00,1.08815,1.08828,1.08806,1.08825,507.7
2024-01-17 12:30:00,1.08825,1.08827,1.08811,1.08819,448.3
2024-01-17 12:35:00,1.08819,1.08824,1.08806,1.08807,292.7
2024-01-17 12:40:00,1.08807,1.08819,1.08807,1.08812,572.4
2024-01-17 12:45:00,1.08812,1.08817,1.08811,1.08812,473.2
2024-01-17 12:50:00,1.08812,1.08819,1.08805,1.08813,737.5
2024-01-17 12:55:00,1.08813,1.08816,1.08808,1.08808,565.8
2024-01-17 13:00:00,1.08808,1.08811,1.08785,1.08793,314.3
2024-01-17 13:05:00,1.08793,1.08796,1.08785,1.08787,490.8
2024-01-17 13:10:00,1.08787,1.08794,1.08782,1.08785,500.7
2024-01-17 13:15:00,1.08785,1.08785,1.08776,1.0878,278.8
2024-01-17 13:20:00,1.0878,1.08784,1.08764,1.08768,42.7
2024-01-17 13:25:00,1.08768,1.08773,1.08762,1.08764,652.7
2024-01-17 13:30:00,1.08764,1.08764,1.08736,1.08742,736.1
2024-01-17 13:35:00,1.08742,1.08746,1.08737,1.08739,317.3
2024-01-17 13:40:00,1.08739,1.08746,1.08735,1.08736,500.8
2024-01-17 13:45:00,1.08736,1.0875,1.08733,1.08748,486.2
2024-01-17 13:50:00,1.08748,1.08748,1.08737,1.08738,563.3
2024-01-17 13:55:00,1.08738,1.08754,1.08737,1.08745,610.9
2024-01-17 14:00:00,1.08745,1.08754,1.08733,1.08736,870.2
2024-01-17 14:05:00,1.08736,1.08747,1.08735,1.08742,651.7
2024-01-17 14:10:00,1.08742,1.08746,1.08726,1.08735,581.5
2024-01-17 14:15:00,1.08735,1.08738,1.08727,1.08729,298.5
2024-01-17 14:20:00,1.08729,1.08736,1.08728,1.08734,569.2
2024-01-17 14:25:00,1.08734,1.08735,1.0873,1.08734,350.4
2024-01-17 14:30:00,1.08734,1.08738,1.08721,1.08725,451.6
2024-01-17 14:35:00,1.08725,1.08753,1.08722,1.0874,432.9
2024-01-17 14:40:00,1.0874,1.08748,1.08739,1.08742,347.1
2024-01-17 14:45:00,1.08742,1.08755,1.0873,1.08748,587.1
2024-01-17 14:50:00,1.08748,1.08754,1.08746,1.0875,543.5
2024-01-17 14:55:00,1.0875,1.08751,1.08745,1.0875,542.9
2024-01-17 15:00:00,1.0875,1.08751,1.08743,1.08745,529.8
2024-01-17 15:05:00,1.08745,1.08752,1.08742,1.08751,291.4
2024-01-17 15:10:00,1.08751,1.08756,1.08748,1.08754,475.1
2024-01-17 15:15:00,1.08754,1.08755,1.08732,1.08733,158.9
2024-01-17 15:20:00,1.08733,1.0874,1.08732,1.08737,463.6
2024-01-17 15:25:00,1.08737,1.08741,1.08736,1.08741,573.6
2024-01-17 15:30:00,1.08741,1.08757,1.08741,1.08747,409.9
2024-01-17 15:35:00,1.08747,1.08753,1.08734,1.08739,343.9
2024-01-17 15:40:00,1.08739,1.08742,1.08727,1.0873,450.1
2024-01-17 15:45:00,1.0873,1.08731,1.0871,1.08716,429.9
2024-01-17 15:50:00,1.08716,1.08723,1.08711,1.08715,712.9
2024-01-17 15:55:00,1.08715,1.08725,1.08707,1.08719,375.8
2024-01-17 16:00:00,1.08719,1.08729,1.08706,1.08707,480.2
2024-01-17 16:05:00,1.08707,1.08711,1.08689,1.08701,835.6
2024-01-17 16:10:00,1.08701,1.08701,1.08694,1.087,489.8
2024-01-17 16:15:00,1.087,1.08704,1.08698,1.08703,372.7
2024-01-17 16:20:00,1.08703,1.0871,1.08701,1.08706,556.2
2024-01-17 16:25:00,1.08706,1.0871,1.08702,1.08705,440.0
2024-01-17 16:30:00,1.08705,1.08708,1.0869,1.08698,415.1
2024-01-17 16:35:00,1.08698,1.08708,1.08696,1.08703,508.4
2024-01-17 16:40:00,1.08703,1.08708,1.087,1.08707,563.9
2024-01-17 16:45:00,1.08707,1.08709,1.08702,1.08709,544.7
2024-01-17 16:50:00,1.08709,1.08709,1.08696,1.08705,391.2
2024-01-17 16:55:00,1.08705,1.08709,1.08701,1.08703,309.5
2024-01-17 17:00:00,1.08703,1.0871,1.087,1.08706,371.5
2024-01-17 17:05:00,1.08706,1.08706,1.0869,1.08695,405.0
2024-01-17 17:10:00,1.08695,1.08698,1.08688,1.08692,738.2
2024-01-17 17:15:00,1.08692,1.08696,1.08675,1.08676,341.0
2024-01-17 17:20:00,1.08676,1.08677,1.08666,1.08672,675.1
2024-01-17 17:25:00,1.08672,1.08672,1.08668,1.0867,472.7
2024-01-17 17:30:00,1.0867,1.08678,1.08659,1.08661,645.6
2024-01-17 17:35:00,1.08661,1.08675,1.0866,1.08667,404.8
2024-01-17 17:40:00,1.08667,1.08674,1.08662,1.08669,468.2
2024-01-17 17:45:00,1.08669,1.08677,1.0866,1.08673,466.5
2024-01-17 17:50:00,1.08673,1.08684,1.08668,1.08684,562.4
2024-01-17 17:55:00,1.08684,1.08685,1.08676,1.0868,692.6
2024-01-17 18:00:00,1.0868,1.08696,1.08677,1.08691,292.9
2024-01-17 18:05:00,1.08691,1.08692,1.08687,1.0869,546.6
2024-01-17 18:10:00,1.0869,1.08702,1.08686,1.08699,557.9
2024-01-17 18:15:00,1.08699,1.08705,1.08697,1.08699,546.7
2024-01-17 18:20:00,1.08699,1.08705,1.08698,1.08705,557.8
2024-01-17 18:25:00,1.08705,1.08712,1.08697,1.08709,406.9
2024-01-17 18:30:00,1.08709,1.08737,1.08704,1.08724,376.9
2024-01-17 18:35:00,1.08724,1.08743,1.08719,1.08739,351.4
2024-01-17 18:40:00,1.08739,1.08742,1.08726,1.0873,394.8
2024-01-17 18:45:00,1.0873,1.08749,1.08723,1.08748,347.9
2024-01-17 18:50:00,1.08748,1.08748,1.08736,1.08741,567.8
2024-01-17 18:55:00,1.08741,1.08742,1.08722,1.08725,355.8
2024-01-17 19:00:00,1.08725,1.08727,1.08723,1.08726,620.8
2024-01-17 19:05:00,1.08726,1.0873,1.0872,1.08728,488.7
2024-01-17 19:10:00,1.08728,1.08737,1.08726,1.08735,578.4
2024-01-17 19:15:00,1.08735,1.08741,1.08725,1.08731,358.7
2024-01-17 19:20:00,1.08731,1.08735,1.08729,1.08735,570.9
2024-01-17 19:25:00,1.08735,1.08746,1.08732,1.0874,581.8
2024-01-17 19:30:00,1.0874,1.0875,1.0874,1.08745,362.8
2024-01-17 19:35:00,1.08745,1.08747,1.08736,1.08744,369.4
2024-01-17 19:40:00,1.08744,1.08744,1.08734,1.08738,555.4
2024-01-17 19:45:00,1.08738,1.0874,1.08729,1.08731,547.1
2024-01-17 19:50:00,1.08731,1.08733,1.08727,1.08732,704.7
2024-01-17 19:55:00,1.08732,1.08736,1.08725,1.0873,758.3
2024-01-17 20:00:00,1.0873,1.08736,1.08722,1.08723,656.4
2024-01-17 20:05:00,1.08723,1.08724,1.08707,1.08714,395.9
2024-01-17 20:10:00,1.08714,1.08727,1.08713,1.08726,510.3
2024-01-17 20:15:00,1.08726,1.08728,1.08721,1.08728,323.5
2024-01-17 20:20:00,1.08728,1.08746,1.08723,1.08743,392.7
2024-01-17 20:25:00,1.08743,1.08756,1.08742,1.08752,799.4
2024-01-17 20:30:00,1.08752,1.08754,1.08742,1.08746,384.0
2024-01-17 20:35:00,1.08746,1.0875,1.08741,1.08743,735.2
2024-01-17 20:40:00,1.08743,1.08748,1.08726,1.0873,430.3
2024-01-17 20:45:00,1.0873,1.08741,1.08728,1.08737,530.1
2024-01-17 20:50:00,1.08737,1.0876,1.08732,1.08755,496.1
2024-01-17 20:55:00,1.08755,1.08758,1.08751,1.08757,304.7
2024-01-17 21:00:00,1.08757,1.0876,1.08752,1.08755,338.6
2024-01-17 21:05:00,1.08755,1.08767,1.08746,1.08765,423.0
2024-01-17 21:10:00,1.08765,1.08766,1.08764,1.08765,461.7
2024-01-17 21:15:00,1.08765,1.08774,1.08762,1.08764,602.9
2024-01-17 21:20:00,1.08764,1.08765,1.08747,1.08749,688.5
2024-01-17 21:25:00,1.08749,1.08751,1.08741,1.08749,693.1
2024-01-17 21:30:00,1.08749,1.08751,1.08741,1.08745,533.0
2024-01-17 21:35:00,1.08745,1.08746,1.0874,1.08741,470.1
2024-01-17 21:40:00,1.08741,1.08742,1.08733,1.08739,758.4
2024-01-17 21:45:00,1.08739,1.08755,1.08739,1.08748,518.6
2024-01-17 21:50:00,1.08748,1.08756,1.0874,1.08753,552.6
2024-01-17 21:55:00,1.08753,1.08753,1.08742,1.08745,753.7
2024-01-17 22:00:00,1.08745,1.08749,1.08739,1.08749,489.3
2024-01-17 22:05:00,1.08749,1.0875,1.08742,1.08744,507.0
2024-01-17 22:10:00,1.08744,1.08751,1.08744,1.0875,650.7
2024-01-17 22:15:00,1.0875,1.08756,1.08749,1.08752,306.0
2024-01-17 22:20:00,1.08752,1.0876,1.08739,1.08744,561.7
2024-01-17 22:25:00,1.08744,1.08748,1.08739,1.0874,480.2
2024-01-17 22:30:00,1.0874,1.08746,1.08735,1.08743,733.5
2024-01-17 22:35:00,1.08743,1.08743,1.0873,1.08736,227.3
2024-01-17 22:40:00,1.08736,1.08741,1.08735,1.08741,540.1
2024-01-17 22:45:00,1.08741,1.08751,1.08724,1.08732,457.4
2024-01-17 22:50:00,1.08732,1.08744,1.08731,1.08739,567.8
2024-01-17 22:55:00,1.08739,1.08751,1.08736,1.08744,687.5
2024-01-17 23:00:00,1.08744,1.08746,1.08741,1.08742,559.6
2024-01-17 23:05:00,1.08742,1.08754,1.08738,1.08746,509.7
2024-01-17 23:10:00,1.08746,1.08762,1.08744,1.0876,573.3
2024-01-17 23:15:00,1.0876,1.08765,1.08757,1.08758,454.3
2024-01-17 23:20:00,1.08758,1.08759,1.08751,1.08752,412.4
2024-01-17 23:25:00,1.08752,1.08752,1.08731,1.08739,632.1
2024-01-17 23:30:00,1.08739,1.08747,1.08734,1.08747,400.5
2024-01-17 23:35:00,1.08747,1.08749,1.08737,1.08743,508.8
2024-01-17 23:40:00,1.08743,1.08753,1.0874,1.08745,562.9
2024-01-17 23:45:00,1.08745,1.08748,1.08729,1.08741,361.1
2024-01-17 23:50:00,1.08741,1.08751,1.0874,1.08749,866.2
2024-01-17 23:55:00,1.08749,1.08759,1.08748,1.08753,492.0
2024-01-18 00:00:00,1.08753,1.08769,1.08751,1.08765,645.6
2024-01-18 00:05:00,1.08765,1.08765,1.0875,1.08759,515.4
2024-01-18 00:10:00,1.08759,1.08761,1.08735,1.08743,561.4
2024-01-18 00:15:00,1.08743,1.08744,1.08733,1.08743,582.9
2024-01-18 00:20:00,1.08743,1.08753,1.08741,1.08751,345.9
2024-01-18 00:25:00,1.08751,1.08754,1.08745,1.0875,596.0
2024-01-18 00:30:00,1.0875,1.08752,1.08736,1.08749,413.0
2024-01-18 00:35:00,1.08749,1.08754,1.08735,1.08751,144.7
2024-01-18 00:40:00,1.08751,1.08757,1.0875,1.08752,430.6
2024-01-18 00:45:00,1.08752,1.08765,1.0875,1.08757,640.5
2024-01-18 00:50:00,1.08757,1.08762,1.08755,1.08758,543.0
2024-01-18 00:55:00,1.08758,1.08761,1.08749,1.08752,481.2
2024-01-18 01:00:00,1.08752,1.08764,1.08748,1.08759,472.3
2024-01-18 01:05:00,1.08759,1.08761,1.08747,1.08752,418.5
2024-01-18 01:10:00,1.08752,1.08755,1.08746,1.08749,643.4
2024-01-18 01:15:00,1.08749,1.08772,1.08747,1.08766,612.9
2024-01-18 01:20:00,1.08766,1.08768,1.08758,1.08763,714.3
2024-01-18 01:25:00,1.08763,1.08766,1.08758,1.08761,529.2
2024-01-18 01:30:00,1.08761,1.08761,1.08756,1.08757,699.2
2024-01-18 01:35:00,1.08757,1.08758,1.08745,1.08748,437.4
2024-01-18 01:40:00,1.08748,1.08763,1.08746,1.0876,573.9
2024-01-18 01:45:00,1.0876,1.08765,1.08757,1.0876,573.5
2024-01-18 01:50:00,1.0876,1.0876,1.08758,1.08758,409.3
2024-01-18 01:55:00,1.08758,1.08763,1.08756,1.08759,443.9
2024-01-18 02:00:00,1.08759,1.08765,1.08755,1.08762,606.0
2024-01-18 02:05:00,1.08762,1.08765,1.0874,1.08745,623.9
2024-01-18 02:10:00,1.08745,1.08757,1.08742,1.08752,489.5
2024-01-18 02:15:00,1.08752,1.08755,1.08745,1.08749,589.0
2024-01-18 02:20:00,1.08749,1.08762,1.08749,1.08757,437.2
2024-01-18 02:25:00,1.08757,1.08761,1.08748,1.08752,651.9
2024-01-18 02:30:00,1.08752,1.08754,1.08748,1.0875,687.0
2024-01-18 02:35:00,1.0875,1.08753,1.08746,1.08752,567.3
2024-01-18 02:40:00,1.08752,1.08761,1.08745,1.08756,366.0
2024-01-18 02:45:00,1.08756,1.08764,1.08756,1.08763,385.6
2024-01-18 02:50:00,1.08763,1.08767,1.08759,1.08759,451.5
2024-01-18 02:55:00,1.08759,1.08769,1.08759,1.08766,536.3
2024-01-18 03:00:00,1.08766,1.08779,1.08764,1.08779,565.1
2024-01-18 03:05:00,1.08779,1.08787,1.08768,1.08769,630.3
2024-01-18 03:10:00,1.08769,1.08772,1.08766,1.0877,622.2
2024-01-18 03:15:00,1.0877,1.08777,1.08765,1.08768,537.4
2024-01-18 03:20:00,1.08768,1.08776,1.08762,1.08771,584.9
2024-01-18 03:25:00,1.08771,1.0878,1.08768,1.0877,480.1
2024-01-18 03:30:00,1.0877,1.08785,1.08768,1.0878,704.4
2024-01-18 03:35:00,1.0878,1.0878,1.08775,1.08779,456.2
2024-01-18 03:40:00,1.08779,1.08786,1.08776,1.08781,620.3
2024-01-18 03:45:00,1.08781,1.08804,1.0878,1.08798,505.1
2024-01-18 03:50:00,1.08798,1.08814,1.08793,1.08806,496.6
2024-01-18 03:55:00,1.08806,1.08806,1.08799,1.08799,537.9
2024-01-18 04:00:00,1.08799,1.08806,1.0879,1.08793,602.5
2024-01-18 04:05:00,1.08793,1.08799,1.08793,1.08795,504.8
2024-01-18 04:10:00,1.08795,1.08798,1.08791,1.08793,878.0
2024-01-18 04:15:00,1.08793,1.08806,1.08782,1.08802,687.4
2024-01-18 04:20:00,1.08802,1.08804,1.08797,1.08804,288.5
2024-01-18 04:25:00,1.08804,1.08815,1.08783,1.0879,419.8
2024-01-18 04:30:00,1.0879,1.08812,1.08787,1.08804,605.9
2024-01-18 04:35:00,1.08804,1.08806,1.08793,1.08798,507.4
2024-01-18 04:40:00,1.08798,1.08812,1.08796,1.08807,666.9
2024-01-18 04:45:00,1.08807,1.08816,1.08794,1.08794,305.5
2024-01-18 04:50:00,1.08794,1.08797,1.08791,1.08791,547.3
2024-01-18 04:55:00,1.08791,1.08797,1.08767,1.08774,346.7
2024-01-18 05:00:00,1.08774,1.08791,1.0877,1.08785,743.6
2024-01-18 05:05:00,1.08785,1.08788,1.0877,1.08775,853.5
2024-01-18 05:10:00,1.08775,1.0878,1.08763,1.08768,593.2
2024-01-18 05:15:00,1.08768,1.08769,1.08765,1.08768,758.3
2024-01-18 05:20:00,1.08768,1.0877,1.0876,1.08763,489.5
2024-01-18 05:25:00,1.08763,1.08769,1.08761,1.08763,311.5
2024-01-18 05:30:00,1.08763,1.08764,1.08759,1.08761,722.0
2024-01-18 05:35:00,1.08761,1.08778,1.08753,1.08773,457.5
2024-01-18 05:40:00,1.08773,1.08783,1.08772,1.08783,541.1
2024-01-18 05:45:00,1.08783,1.08786,1.08773,1.08773,554.9
2024-01-18 05:50:00,1.08773,1.08777,1.08767,1.08772,501.6
2024-01-18 05:55:00,1.08772,1.08778,1.08763,1.08764,526.8
2024-01-18 06:00:00,1.08764,1.08772,1.08756,1.08757,622.6
2024-01-18 06:05:00,1.08757,1.08759,1.08744,1.08754,635.3
2024-01-18 06:10:00,1.08754,1.08758,1.08744,1.08746,478.8
2024-01-18 06:15:00,1.08746,1.08754,1.08732,1.08745,265.6
2024-01-18 06:20:00,1.08745,1.08749,1.08744,1.08746,706.5
2024-01-18 06:25:00,1.08746,1.08746,1.08729,1.08732,518.1
2024-01-18 06:30:00,1.08732,1.08738,1.08724,1.08735,303.3
2024-01-18 06:35:00,1.08735,1.08738,1.08731,1.08732,740.6
2024-01-18 06:40:00,1.08732,1.08733,1.08731,1.08732,240.3
2024-01-18 06:45:00,1.08732,1.08742,1.08731,1.08737,851.5
2024-01-18 06:50:00,1.08737,1.08737,1.08726,1.08727,519.4
2024-01-18 06:55:00,1.08727,1.0873,1.08719,1.08727,199.1
2024-01-18 07:00:00,1.08727,1.08734,1.08717,1.0872,385.2
2024-01-18 07:05:00,1.0872,1.08721,1.08701,1.08713,574.0
2024-01-18 07:10:00,1.08713,1.08714,1.08703,1.08705,724.8
2024-01-18 07:15:00,1.08705,1.08713,1.08705,1.08708,805.8
2024-01-18 07:20:00,1.08708,1.08712,1.08703,1.08711,436.8
2024-01-18 07:25:00,1.08711,1.08716,1.087,1.08714,498.3
2024-01-18 07:30:00,1.08714,1.08718,1.08706,1.08708,561.1
2024-01-18 07:35:00,1.08708,1.08711,1.08701,1.08707,513.7
2024-01-18 07:40:00,1.08707,1.08717,1.08701,1.08715,313.5
2024-01-18 07:45:00,1.08715,1.08716,1.08711,1.08711,577.0
2024-01-18 07:50:00,1.08711,1.08712,1.08697,1.08702,397.4
2024-01-18 07:55:00,1.08702,1.08727,1.08701,1.08721,768.9
2024-01-18 08:00:00,1.08721,1.08736,1.08715,1.08732,462.8
2024-01-18 08:05:00,1.08732,1.08736,1.08728,1.08731,311.9
2024-01-18 08:10:00,1.08731,1.08733,1.08725,1.08727,552.1
2024-01-18 08:15:00,1.08727,1.08745,1.08721,1.08741,397.6
2024-01-18 08:20:00,1.08741,1.08742,1.08729,1.08734,392.9
2024-01-18 08:25:00,1.08734,1.08736,1.08725,1.08728,528.3
2024-01-18 08:30:00,1.08728,1.0873,1.08722,1.08723,437.4
2024-01-18 08:35:00,1.08723,1.08735,1.0872,1.08732,805.7
