2017-12-11 20:00	496.9	504.1	496.8	499.3	1
2017-12-12 00:00	499.1	538.0	486.5	523.1	23214
2017-12-12 04:00	522.6	538.9	506.0	524.7	25282
2017-12-12 08:00	525.1	532.0	506.6	525.2	24572
2017-12-12 12:00	525.1	615.0	516.8	607.3	20258
2017-12-12 16:00	607.0	627.0	563.1	603.4	21518
2017-12-12 20:00	602.4	640.0	589.7	620.4	22496
2017-12-13 00:00	620.4	640.0	584.1	608.5	24486
2017-12-13 04:00	608.5	637.0	590.6	629.4	25110
2017-12-13 08:00	629.0	677.1	623.5	658.6	23204
2017-12-13 12:00	657.7	742.0	655.3	707.6	23254
2017-12-13 16:00	708.5	719.0	627.1	689.4	22736
2017-12-13 20:00	689.5	695.0	651.5	693.1	19310
2017-12-14 00:00	693.0	735.8	683.7	716.1	25390
2017-12-14 04:00	716.1	738.7	701.8	721.3	24916
2017-12-14 08:00	721.2	742.0	694.5	706.1	22010
2017-12-14 12:00	701.4	718.9	647.0	684.6	23524
2017-12-14 16:00	684.5	689.9	649.7	672.5	24020
2017-12-14 20:00	672.6	692.7	665.9	688.4	23974
2017-12-15 00:00	689.7	690.3	601.4	648.6	24556
2017-12-15 04:00	648.2	670.0	637.1	644.4	25456
2017-12-15 08:00	644.1	664.3	621.0	643.1	24756
2017-12-15 12:00	642.5	692.4	639.5	683.1	24702
2017-12-15 16:00	683.2	686.9	669.6	675.6	25406
2017-12-15 20:00	675.4	682.5	667.0	676.8	12640
2017-12-17 20:00	721.6	722.8	704.5	707.2	11302
2017-12-18 00:00	707.4	715.1	670.9	710.7	26830
2017-12-18 04:00	710.7	713.3	700.7	708.0	26992
2017-12-18 08:00	707.9	750.7	705.2	738.0	25400
2017-12-18 12:00	736.9	743.8	707.9	729.4	26210
2017-12-18 16:00	730.2	774.2	725.9	768.1	25918
2017-12-18 20:00	768.3	800.1	767.7	787.0	25566
2017-12-19 00:00	787.0	819.8	771.7	813.9	26614
2017-12-19 04:00	813.5	844.6	812.0	842.9	26248
2017-12-19 08:00	843.1	870.0	789.8	805.2	23492
2017-12-19 12:00	806.1	847.9	805.7	827.2	25244
2017-12-19 16:00	827.3	844.8	825.3	835.5	25836
2017-12-19 20:00	835.5	839.6	774.8	815.3	25046
2017-12-20 00:00	814.8	819.9	720.7	792.5	25360
2017-12-20 04:00	792.4	793.6	749.8	773.6	26764
2017-12-20 08:00	773.7	820.3	768.0	814.1	26202
2017-12-20 12:00	814.0	832.5	794.2	794.9	26106
2017-12-20 16:00	795.1	811.0	766.6	806.0	26140
2017-12-20 20:00	805.9	814.4	759.7	797.4	25198
2017-12-21 00:00	797.2	815.0	784.0	814.0	26364
2017-12-21 04:00	814.0	841.6	808.1	832.2	26510
2017-12-21 08:00	832.4	838.1	818.8	828.8	26448
2017-12-21 12:00	829.0	839.8	765.9	776.7	25606
2017-12-21 16:00	773.0	789.0	752.0	772.4	25724
2017-12-21 20:00	774.2	791.1	754.5	784.2	26028
2017-12-22 00:00	784.0	792.5	646.2	680.9	25328
2017-12-22 04:00	682.0	735.6	600.0	626.8	24094
2017-12-22 08:00	626.2	706.1	599.6	667.6	23472
2017-12-22 12:00	667.7	679.2	500.5	629.9	21620
2017-12-22 16:00	640.0	654.0	590.0	639.8	25544
2017-12-22 20:00	640.1	689.0	639.1	674.8	12362
2017-12-24 20:00	640.5	695.0	637.5	688.2	12564
2017-12-25 00:00	687.6	729.0	683.3	702.5	26170
2017-12-25 04:00	702.4	734.0	690.0	716.8	26606
2017-12-25 08:00	717.2	743.5	706.1	735.8	26314
2017-12-25 12:00	736.4	750.0	692.7	707.4	26290
2017-12-25 16:00	708.3	736.1	706.5	735.4	26724
2017-12-25 20:00	735.4	742.0	714.2	724.1	26150
2017-12-26 00:00	724.1	756.5	715.9	754.5	26258
2017-12-26 04:00	755.9	761.9	734.3	761.0	26828
2017-12-26 08:00	760.9	764.0	735.5	738.9	26354
2017-12-26 12:00	738.9	748.0	730.8	745.2	26442
2017-12-26 16:00	744.6	750.0	737.0	744.7	26626
2017-12-26 20:00	744.8	751.1	731.8	751.1	26108
2017-12-27 00:00	751.1	762.1	739.3	755.0	26570
2017-12-27 04:00	755.1	770.0	749.9	762.2	26336
2017-12-27 08:00	763.2	763.8	728.2	745.7	25498
2017-12-27 12:00	745.9	753.0	721.9	736.2	25346
2017-12-27 16:00	736.1	739.9	704.5	720.1	26550
2017-12-27 20:00	719.9	739.9	706.3	734.6	26240
2017-12-28 00:00	734.6	739.0	679.5	704.3	26818
2017-12-28 04:00	704.6	716.4	682.4	695.0	26604
2017-12-28 08:00	695.0	700.3	667.8	685.8	26266
2017-12-28 12:00	685.5	719.3	679.9	711.3	26220
2017-12-28 16:00	711.4	719.0	666.4	685.2	18084
2017-12-28 20:00	685.2	712.8	685.2	711.9	14422
2017-12-29 00:00	712.0	733.0	708.0	732.0	17910
2017-12-29 04:00	732.0	741.6	723.6	728.8	18374
2017-12-29 08:00	728.8	737.5	704.9	723.5	16986
2017-12-29 12:00	723.5	740.5	715.1	740.1	15410
2017-12-29 16:00	740.2	750.4	732.5	743.7	16502
2017-12-29 20:00	743.7	744.1	722.8	726.6	9758
2018-01-01 20:00	755.8	758.7	748.0	750.5	8636
2018-01-02 00:00	748.7	874.5	748.7	819.4	21030
2018-01-02 04:00	819.6	848.1	817.2	844.5	19124
2018-01-02 08:00	844.5	851.4	827.4	846.7	16066
2018-01-02 12:00	846.9	865.6	839.8	860.7	15734
2018-01-02 16:00	860.5	870.0	813.4	850.9	18616
2018-01-02 20:00	849.4	865.2	840.6	856.2	16462
2018-01-03 00:00	855.6	879.4	853.7	856.0	14956
2018-01-03 04:00	856.2	879.5	856.0	877.6	19270
2018-01-03 08:00	877.6	877.7	845.3	866.6	18354
2018-01-03 12:00	866.6	877.2	849.9	873.9	15068
2018-01-03 16:00	874.0	925.0	867.3	915.1	19652
2018-01-03 20:00	917.5	943.6	909.6	934.5	19842
2018-01-04 00:00	934.7	935.3	915.0	921.8	17226
2018-01-04 04:00	921.8	930.6	916.1	928.9	15024
2018-01-04 08:00	930.1	941.6	897.7	941.6	15176
2018-01-04 12:00	941.6	990.3	924.7	981.5	17364
2018-01-04 16:00	981.5	985.8	942.7	945.8	19074
2018-01-04 20:00	945.8	953.8	911.9	938.5	21106
2018-01-05 00:00	938.3	983.6	930.7	983.6	18338
2018-01-05 04:00	983.5	1008.5	973.4	994.2	19786
2018-01-05 08:00	996.1	1010.5	969.0	989.8	16796
2018-01-05 12:00	989.3	990.0	966.1	968.2	18062
2018-01-05 16:00	968.2	969.9	926.4	958.4	21320
2018-01-05 20:00	958.4	973.1	944.3	950.7	9010
2018-01-07 20:00	1082.3	1110.7	1074.1	1107.9	3782
2018-01-08 00:00	1111.7	1186.0	1104.3	1183.7	16830
2018-01-08 04:00	1183.7	1221.5	1168.3	1178.5	17404
2018-01-08 08:00	1178.5	1180.0	1098.7	1128.8	20588
2018-01-08 12:00	1128.9	1135.0	966.4	1061.3	18886
2018-01-08 16:00	1059.3	1146.3	1059.3	1142.2	17450
2018-01-08 20:00	1142.0	1162.2	1100.2	1129.3	19290
2018-01-09 00:00	1127.6	1196.6	1127.2	1193.2	19514
2018-01-09 04:00	1193.4	1207.8	1163.7	1205.3	17812
2018-01-09 08:00	1205.6	1240.4	1154.0	1209.6	18392
2018-01-09 12:00	1209.8	1211.1	1123.2	1190.7	18582
2018-01-09 16:00	1190.8	1205.8	1186.8	1202.5	18538
2018-01-09 20:00	1202.2	1293.3	1201.8	1282.2	17914
2018-01-10 00:00	1282.3	1345.3	1232.0	1337.4	19898
2018-01-10 04:00	1337.3	1376.4	1314.8	1317.3	21698
2018-01-10 08:00	1314.6	1346.4	1245.9	1333.5	19780
2018-01-10 12:00	1333.5	1345.6	1282.1	1335.4	21614
2018-01-10 16:00	1335.3	1340.3	1263.7	1297.6	21406
2018-01-10 20:00	1297.6	1304.5	1202.7	1240.3	23332
2018-01-11 00:00	1240.3	1327.1	1147.0	1173.9	21568
2018-01-11 04:00	1174.0	1234.2	1112.0	1226.3	20620
2018-01-11 08:00	1226.3	1241.7	1144.8	1184.7	22488
2018-01-11 12:00	1184.7	1229.3	1163.0	1214.8	23258
2018-01-11 16:00	1212.6	1239.0	1153.1	1168.6	19542
2018-01-11 20:00	1169.6	1187.8	1092.9	1132.0	25024
2018-01-12 00:00	1132.0	1206.6	1079.5	1204.5	23396
2018-01-12 04:00	1204.5	1215.4	1181.9	1200.5	20516
2018-01-12 08:00	1200.4	1225.9	1168.6	1218.3	22890
2018-01-12 12:00	1218.3	1281.1	1209.4	1229.5	22220
2018-01-12 16:00	1228.7	1257.5	1211.8	1251.6	24038
2018-01-12 20:00	1251.3	1261.8	1237.4	1249.4	10190
2018-01-14 20:00	1314.7	1362.8	1313.7	1352.6	7068
2018-01-15 00:00	1352.4	1374.4	1307.2	1323.7	18238
2018-01-15 04:00	1323.7	1342.2	1313.8	1319.4	23246
2018-01-15 08:00	1319.0	1324.6	1290.1	1294.7	23010
2018-01-15 12:00	1294.7	1324.9	1277.4	1313.7	22404
2018-01-15 16:00	1313.7	1314.8	1293.0	1308.8	19596
2018-01-15 20:00	1309.1	1314.5	1264.7	1271.6	19252
2018-01-16 00:00	1271.8	1274.9	1199.6	1221.5	23282
2018-01-16 04:00	1221.7	1234.5	1141.8	1141.8	20288
2018-01-16 08:00	1143.8	1161.0	980.9	1153.0	12662
2018-01-16 12:00	1153.2	1171.1	1038.2	1141.3	14784
2018-01-16 16:00	1139.9	1144.4	993.2	1060.0	12654
2018-01-16 20:00	1056.9	1071.5	857.0	1052.7	14108
2018-01-17 00:00	1051.1	1106.3	931.2	977.2	17510
2018-01-17 04:00	977.0	1025.8	940.5	998.5	14138
2018-01-17 08:00	998.5	1002.8	864.0	880.8	11308
2018-01-17 12:00	878.8	921.1	759.6	784.6	13778
2018-01-17 16:00	784.4	935.9	784.4	923.2	18650
2018-01-17 20:00	922.0	1064.3	910.3	1014.7	16422
2018-01-18 00:00	1020.8	1064.6	976.2	1011.0	20180
2018-01-18 04:00	1011.1	1036.3	935.6	942.1	15148
2018-01-18 08:00	938.1	1035.3	936.6	1022.4	27266
2018-01-18 12:00	1022.3	1083.8	1016.5	1078.4	28492
2018-01-18 16:00	1077.1	1082.2	1015.9	1060.9	26158
2018-01-18 20:00	1060.9	1082.2	978.5	999.7	24302
2018-01-19 00:00	998.2	1045.7	964.1	1003.9	23070
2018-01-19 04:00	1004.1	1040.4	988.0	1013.3	22618
2018-01-19 08:00	1013.1	1062.5	1006.2	1055.6	27648
2018-01-19 12:00	1057.4	1082.7	1035.2	1037.1	24796
2018-01-19 16:00	1037.0	1050.3	1002.4	1016.8	21994
2018-01-19 20:00	1016.8	1034.8	1006.7	1015.3	9472
2018-01-21 20:00	1025.6	1043.0	1008.2	1041.7	11448
2018-01-22 00:00	1041.6	1062.9	1019.9	1043.9	22268
2018-01-22 04:00	1044.1	1066.7	1035.7	1066.6	19722
2018-01-22 08:00	1066.5	1078.4	1036.7	1037.1	17088
2018-01-22 12:00	1036.8	1040.5	936.8	948.6	29064
2018-01-22 16:00	948.7	989.4	945.4	968.7	25632
2018-01-22 20:00	967.9	996.5	910.3	992.3	25144
2018-01-23 00:00	992.4	1006.5	977.4	997.9	21956
2018-01-23 04:00	997.7	1000.0	928.7	944.4	25026
2018-01-23 08:00	944.3	970.8	902.4	925.7	24224
2018-01-23 12:00	926.2	983.3	915.5	982.7	23416
2018-01-23 16:00	982.8	1015.9	978.3	981.7	22750
2018-01-23 20:00	981.6	1006.1	971.2	978.2	19620
2018-01-24 00:00	978.8	982.5	951.5	978.9	18276
2018-01-24 04:00	979.0	998.0	953.5	992.1	18272
2018-01-24 08:00	992.5	1007.8	981.8	1002.3	16854
2018-01-24 12:00	1002.2	1058.5	998.4	1008.5	23132
2018-01-24 16:00	1008.3	1028.8	999.7	1027.7	21042
2018-01-24 20:00	1027.6	1057.9	1022.8	1057.3	15808
2018-01-25 00:00	1055.7	1096.6	1044.6	1090.4	18778
2018-01-25 04:00	1090.5	1090.5	1059.1	1064.7	20236
2018-01-25 08:00	1064.7	1071.8	1037.6	1043.6	19192
2018-01-25 12:00	1043.9	1055.8	1017.0	1021.1	18164
2018-01-25 16:00	1021.5	1060.2	1021.4	1056.6	18456
2018-01-25 20:00	1056.8	1073.6	1037.8	1042.1	18558
2018-01-26 00:00	1040.2	1069.9	1038.6	1065.3	18284
2018-01-26 04:00	1065.2	1067.1	1035.1	1035.3	18468
2018-01-26 08:00	1035.2	1035.3	979.7	1003.4	26396
2018-01-26 12:00	1003.4	1045.3	998.3	1044.4	3326
2018-01-26 16:00	1044.7	1057.2	1026.3	1027.2	16
2018-01-26 20:00	1027.3	1040.9	1026.7	1031.2	8
2018-01-28 20:00	1224.9	1234.2	1219.6	1224.8	6
2018-01-29 00:00	1223.5	1234.3	1159.5	1181.0	14
2018-01-29 04:00	1181.1	1199.6	1156.5	1161.5	13
2018-01-29 08:00	1161.6	1183.7	1145.3	1162.9	14
2018-01-29 12:00	1163.0	1186.8	1161.7	1185.1	11
2018-01-29 16:00	1185.3	1194.8	1160.5	1161.1	11
2018-01-29 20:00	1161.0	1170.5	1147.9	1165.3	11
2018-01-30 00:00	1165.5	1168.3	1107.7	1122.6	13
2018-01-30 04:00	1122.9	1161.9	1121.9	1161.9	15
2018-01-30 08:00	1161.9	1168.7	1145.4	1155.7	13
2018-01-30 12:00	1155.4	1161.1	1094.9	1105.2	15
2018-01-30 16:00	1105.4	1119.3	1028.9	1088.3	19
2018-01-30 20:00	1086.8	1097.9	1045.6	1059.3	16
2018-01-31 00:00	1058.8	1081.9	1014.0	1062.9	18
2018-01-31 04:00	1062.8	1096.7	1042.9	1094.7	16
2018-01-31 08:00	1094.6	1103.3	1064.7	1099.7	16
2018-01-31 12:00	1099.7	1119.7	1077.8	1090.1	16
2018-01-31 16:00	1090.2	1109.3	1072.3	1086.0	16
2018-01-31 20:00	1086.6	1108.7	1083.0	1108.0	11
2018-02-01 00:00	1107.1	1147.2	1103.9	1127.7	15
2018-02-01 04:00	1127.9	1153.6	1119.5	1126.2	13
2018-02-01 08:00	1126.3	1126.6	1077.5	1106.0	16
2018-02-01 12:00	1105.9	1134.0	1056.9	1062.5	16
2018-02-01 16:00	1062.6	1071.9	988.4	993.6	17
2018-02-01 20:00	994.5	1039.1	945.4	1026.3	16
2018-02-02 00:00	1019.2	1026.3	944.5	963.9	18
2018-02-02 04:00	963.8	967.8	883.5	912.4	16
2018-02-02 08:00	912.2	915.2	801.2	802.8	16
2018-02-02 12:00	803.2	967.6	735.6	956.6	19
2018-02-02 16:00	957.8	971.1	860.1	882.0	15
2018-02-02 20:00	881.9	907.7	875.9	882.9	8
2018-02-04 20:00	805.2	844.8	803.2	821.0	8
2018-02-05 00:00	821.0	834.9	795.5	829.9	16
2018-02-05 04:00	829.9	852.3	808.2	812.3	15
2018-02-05 08:00	812.4	818.2	752.0	753.6	16
2018-02-05 12:00	753.3	781.6	699.6	723.3	17
2018-02-05 16:00	723.0	735.7	625.6	632.8	20
2018-02-05 20:00	631.6	746.9	625.5	688.8	24
2018-02-06 00:00	690.0	713.0	604.2	615.7	22
2018-02-06 04:00	615.5	635.0	560.1	567.0	22
2018-02-06 08:00	570.4	668.8	566.2	618.5	22
2018-02-06 12:00	618.5	751.4	614.8	737.1	24
2018-02-06 16:00	736.9	756.0	677.4	747.4	19
2018-02-06 20:00	747.2	796.9	740.6	779.4	17
2018-02-07 00:00	778.8	787.4	716.9	721.0	16
2018-02-07 04:00	720.6	772.7	712.0	769.9	17
2018-02-07 08:00	769.9	840.9	764.0	824.5	17
2018-02-07 12:00	824.6	854.7	800.1	813.3	19
2018-02-07 16:00	813.4	843.6	797.7	819.0	16
2018-02-07 20:00	819.1	827.0	741.7	745.8	18
2018-02-08 00:00	746.6	811.3	743.9	797.3	17
2018-02-08 04:00	797.4	826.9	789.1	826.3	16
2018-02-08 08:00	826.2	839.3	811.1	829.2	16
2018-02-08 12:00	829.1	832.7	796.9	797.0	16
2018-02-08 16:00	797.1	816.0	778.4	811.9	16
2018-02-08 20:00	811.8	812.1	792.3	808.3	15
2018-02-09 00:00	806.8	809.2	779.2	798.4	16
2018-02-09 04:00	798.6	804.5	775.4	803.9	14
2018-02-09 08:00	804.0	832.3	792.0	827.0	15
2018-02-09 12:00	826.9	854.4	818.4	839.2	14
2018-02-09 16:00	838.7	874.5	838.4	867.6	15
2018-02-09 20:00	867.7	873.9	848.8	856.4	7
2018-02-11 20:00	827.8	830.8	802.0	805.7	6
2018-02-12 00:00	805.5	843.1	805.3	840.1	14
2018-02-12 04:00	840.1	844.9	828.7	839.6	13
2018-02-12 08:00	839.5	865.8	839.5	851.8	15
2018-02-12 12:00	851.7	863.2	834.9	849.9	15
2018-02-12 16:00	850.0	862.5	848.5	862.2	16
2018-02-12 20:00	862.3	870.6	853.8	860.3	13
2018-02-13 00:00	859.5	863.3	840.3	848.6	12
2018-02-13 04:00	848.5	849.4	829.0	836.4	10
2018-02-13 08:00	836.3	836.4	817.6	828.5	15
2018-02-13 12:00	828.4	843.5	824.0	831.7	9
2018-02-13 16:00	831.6	841.2	831.1	836.3	9
2018-02-13 20:00	836.4	843.7	831.3	835.5	8
2018-02-14 00:00	834.5	848.3	834.5	848.2	9
2018-02-14 04:00	848.3	864.0	848.2	863.8	9
2018-02-14 08:00	863.9	867.1	851.7	867.0	8
2018-02-14 12:00	867.2	899.7	867.0	899.3	11
2018-02-14 16:00	899.5	914.6	891.9	901.7	11
2018-02-14 20:00	902.0	917.6	893.8	914.5	9
2018-02-15 00:00	913.8	926.1	900.0	922.8	11
2018-02-15 04:00	922.7	934.2	920.6	934.1	8
2018-02-15 08:00	934.0	942.3	898.0	907.1	13
2018-02-15 12:00	907.0	937.2	906.3	930.9	8
2018-02-15 16:00	930.7	934.6	917.9	922.6	10
2018-02-15 20:00	922.6	926.3	913.4	922.8	8
2018-02-16 00:00	922.3	940.5	920.5	927.1	8
2018-02-16 04:00	927.0	930.0	904.8	905.0	9
2018-02-16 08:00	904.9	925.5	903.2	916.8	12
2018-02-16 12:00	916.7	929.9	913.8	925.9	8
2018-02-16 16:00	926.0	933.1	920.0	928.1	8
2018-02-16 20:00	929.0	932.3	925.7	931.6	4
2018-02-18 20:00	923.5	925.0	906.9	908.0	4
2018-02-19 00:00	908.2	927.3	906.1	919.7	10
2018-02-19 04:00	920.0	939.6	918.1	938.2	8
2018-02-19 08:00	938.1	945.0	931.0	940.6	9
2018-02-19 12:00	940.8	947.5	936.0	947.5	8
2018-02-19 16:00	947.6	949.8	933.2	937.9	9
2018-02-19 20:00	938.0	939.1	927.9	934.8	8
2018-02-20 00:00	934.7	945.8	932.8	939.5	8
2018-02-20 04:00	939.6	952.8	938.7	943.7	8
2018-02-20 08:00	943.6	944.6	923.6	931.8	8
2018-02-20 12:00	932.0	941.9	929.6	932.4	8
2018-02-20 16:00	932.3	937.4	913.6	916.3	8
2018-02-20 20:00	916.2	916.8	870.9	878.8	11
2018-02-21 00:00	878.8	900.1	854.1	877.1	11
2018-02-21 04:00	877.0	887.2	860.9	883.9	10
2018-02-21 08:00	883.9	889.1	870.5	878.2	8
2018-02-21 12:00	878.3	888.1	827.6	834.6	13
2018-02-21 16:00	834.5	841.4	812.1	823.0	10
2018-02-21 20:00	823.1	839.4	813.4	834.1	10
2018-02-22 00:00	833.8	854.0	825.1	849.5	8
2018-02-22 04:00	849.6	865.7	839.4	845.6	10
2018-02-22 08:00	845.4	846.9	810.6	822.9	12
2018-02-22 12:00	822.8	828.6	786.1	807.3	14
2018-02-22 16:00	807.3	809.2	783.3	804.9	13
2018-02-22 20:00	805.0	811.1	796.9	799.0	9
2018-02-23 00:00	799.1	832.3	782.3	830.2	12
2018-02-23 04:00	830.3	840.5	812.9	833.0	14
2018-02-23 08:00	832.9	868.4	832.9	866.5	9
2018-02-23 12:00	866.6	876.8	856.7	859.8	10
2018-02-23 16:00	859.9	860.1	832.7	833.2	10
2018-02-23 20:00	833.1	837.4	820.4	826.6	5
2018-02-25 20:00	835.3	841.8	832.0	834.5	4
2018-02-26 00:00	834.4	852.1	833.8	843.5	8
2018-02-26 04:00	843.6	847.9	828.6	837.3	8
2018-02-26 08:00	837.3	857.4	831.5	854.7	8
2018-02-26 12:00	854.8	873.6	851.1	866.9	12
2018-02-26 16:00	866.9	870.9	853.7	858.0	11
2018-02-26 20:00	857.9	866.7	852.6	861.7	9
2018-02-27 00:00	862.9	867.5	855.9	863.4	10
2018-02-27 04:00	863.3	885.8	863.2	885.1	9
2018-02-27 08:00	885.3	889.6	871.1	879.1	10
2018-02-27 12:00	879.0	884.4	861.6	865.8	8
2018-02-27 16:00	865.7	874.4	863.0	872.4	9
2018-02-27 20:00	872.5	876.9	866.7	866.8	8
2018-02-28 00:00	865.7	882.4	865.6	880.4	9
2018-02-28 04:00	880.3	882.2	865.1	868.6	9
2018-02-28 08:00	868.6	870.5	855.3	860.5	12
2018-02-28 12:00	860.4	866.3	850.6	861.8	8
2018-02-28 16:00	861.9	863.5	857.1	862.7	9
2018-02-28 20:00	863.0	867.6	844.2	845.6	8
2018-03-01 00:00	845.2	854.0	841.4	850.6	8
2018-03-01 04:00	850.7	859.2	850.6	858.0	8
2018-03-01 08:00	858.1	866.9	858.0	863.6	8
2018-03-01 12:00	863.6	865.5	856.2	858.8	8
2018-03-01 16:00	858.7	874.2	857.8	868.6	8
2018-03-01 20:00	868.8	873.6	860.9	864.8	8
2018-03-02 00:00	865.0	870.0	861.7	867.4	8
2018-03-02 04:00	867.5	868.2	862.5	864.1	8
2018-03-02 08:00	864.2	866.0	853.6	854.3	8
2018-03-02 12:00	854.2	859.4	846.9	848.7	8
2018-03-02 16:00	848.6	851.5	844.4	845.6	8
2018-03-02 20:00	845.7	853.0	844.9	851.1	4
2018-03-04 20:00	858.2	859.8	854.8	859.7	4
2018-03-05 00:00	858.7	861.8	857.4	861.6	8
2018-03-05 04:00	861.5	863.1	857.0	859.9	8
2018-03-05 08:00	860.0	861.7	855.7	861.5	8
2018-03-05 12:00	861.6	863.6	850.6	852.8	8
2018-03-05 16:00	852.7	857.0	848.5	852.5	8
2018-03-05 20:00	852.4	853.0	844.3	844.5	8
2018-03-06 00:00	843.6	844.7	833.3	838.7	8
2018-03-06 04:00	838.8	845.3	838.4	841.9	8
2018-03-06 08:00	841.8	843.6	824.2	827.3	8
2018-03-06 12:00	827.2	829.2	815.9	825.0	8
2018-03-06 16:00	825.1	825.4	798.0	806.8	8
2018-03-06 20:00	806.9	814.0	800.9	809.2	8
2018-03-07 00:00	809.1	819.5	805.4	807.3	8
2018-03-07 04:00	807.2	808.3	772.8	780.9	8
2018-03-07 08:00	781.0	787.1	771.0	784.9	8
2018-03-07 12:00	784.9	788.2	777.8	780.7	9
2018-03-07 16:00	780.6	782.0	719.4	736.3	14
2018-03-07 20:00	736.2	763.5	730.7	745.1	8
2018-03-08 00:00	744.0	757.1	729.1	729.7	9
2018-03-08 04:00	729.7	752.4	729.4	751.4	8
2018-03-08 08:00	751.3	766.7	749.7	758.4	8
2018-03-08 12:00	758.3	758.7	732.1	746.1	9
2018-03-08 16:00	746.2	746.3	693.4	708.3	10
2018-03-08 20:00	708.2	709.4	683.1	693.4	9
2018-03-09 00:00	693.2	701.4	663.0	677.5	12
2018-03-09 04:00	677.3	677.5	636.5	669.1	15
2018-03-09 08:00	669.2	680.5	649.3	680.5	13
2018-03-09 12:00	680.4	706.4	680.0	693.5	9
2018-03-09 16:00	693.6	700.3	675.7	683.2	13
2018-03-09 20:00	683.3	700.0	682.2	696.1	5
2018-03-11 20:00	714.4	722.9	712.1	715.9	4
2018-03-12 00:00	714.8	725.5	708.0	711.1	8
2018-03-12 04:00	710.9	724.6	709.8	721.7	8
2018-03-12 08:00	721.8	735.4	717.4	730.9	9
2018-03-12 12:00	731.0	732.0	688.2	689.7	9
2018-03-12 16:00	689.6	699.1	674.0	679.3	12
2018-03-12 20:00	679.4	694.4	673.4	692.3	10
2018-03-13 00:00	692.2	699.0	684.7	692.0	9
2018-03-13 04:00	692.1	709.3	689.2	695.9	8
2018-03-13 08:00	696.0	703.8	681.5	690.5	8
2018-03-13 12:00	690.3	691.0	677.7	682.4	9
2018-03-13 16:00	682.6	693.7	675.2	677.4	8
2018-03-13 20:00	677.3	686.2	675.0	684.4	8
2018-03-14 00:00	684.4	698.1	684.4	695.2	8
2018-03-14 04:00	694.9	695.3	683.9	685.4	8
2018-03-14 08:00	685.3	687.2	650.8	651.0	12
2018-03-14 12:00	651.0	659.1	645.7	648.7	8
2018-03-14 16:00	648.8	648.8	609.2	612.5	13
2018-03-14 20:00	612.5	613.5	581.1	607.6	12
2018-03-15 00:00	607.8	611.8	566.8	577.0	12
2018-03-15 04:00	577.1	589.7	570.1	587.0	8
2018-03-15 08:00	586.9	615.1	583.4	613.4	9
2018-03-15 12:00	613.3	615.3	584.6	595.3	10
2018-03-15 16:00	595.4	603.0	585.2	597.2	8
2018-03-15 20:00	597.3	609.7	596.3	605.7	8
2018-03-16 00:00	604.9	609.9	580.4	594.0	8
2018-03-16 04:00	594.1	607.8	593.3	604.3	8
2018-03-16 08:00	604.4	606.7	591.5	598.8	9
2018-03-16 12:00	598.9	621.0	594.3	617.4	9
2018-03-16 16:00	617.5	618.8	612.8	616.4	8
2018-03-16 20:00	616.5	616.6	606.4	608.5	2
2018-03-18 20:00	548.3	548.4	521.7	533.1	8
2018-03-19 00:00	533.1	554.0	515.3	522.9	13
2018-03-19 04:00	522.8	544.2	522.6	541.8	9
2018-03-19 08:00	541.7	547.4	511.3	533.7	13
2018-03-19 12:00	533.7	550.0	520.5	545.4	11
2018-03-19 16:00	545.3	553.9	524.2	531.5	13
2018-03-19 20:00	531.6	551.8	531.3	550.9	9
2018-03-20 00:00	551.0	551.1	537.0	549.7	9
2018-03-20 04:00	549.8	549.9	520.5	522.3	10
2018-03-20 08:00	522.2	529.6	512.3	528.4	10
2018-03-20 12:00	528.3	537.7	524.9	530.2	8
2018-03-20 16:00	530.3	555.5	529.9	555.4	9
2018-03-20 20:00	555.2	562.7	546.9	552.7	10
2018-03-21 00:00	552.7	565.8	549.1	565.6	8
2018-03-21 04:00	565.5	585.7	565.5	566.8	8
2018-03-21 08:00	566.7	578.5	563.4	576.2	8
2018-03-21 12:00	576.1	579.7	567.3	572.2	8
2018-03-21 16:00	572.1	572.1	540.7	555.8	12
2018-03-21 20:00	556.0	561.1	546.3	555.6	8
2018-03-22 00:00	555.7	573.4	554.5	564.8	8
2018-03-22 04:00	564.7	567.6	554.5	558.5	8
2018-03-22 08:00	558.5	563.5	530.4	531.1	10
2018-03-22 12:00	531.2	540.2	512.4	527.9	10
2018-03-22 16:00	527.8	534.5	521.9	526.5	9
2018-03-22 20:00	526.6	538.4	520.8	534.2	8
2018-03-23 00:00	535.0	535.6	505.3	510.3	8
2018-03-23 04:00	510.6	519.7	505.8	507.4	8
2018-03-23 08:00	507.5	520.4	507.1	520.4	8
2018-03-23 12:00	520.3	527.3	503.2	521.9	8
2018-03-23 16:00	522.0	524.8	516.5	522.3	8
2018-03-23 20:00	522.4	522.4	519.2	520.5	2
2018-03-25 20:00	527.3	530.6	514.6	518.4	4
2018-03-26 00:00	518.5	521.5	513.3	516.6	8
2018-03-26 04:00	516.7	518.6	512.0	512.5	8
2018-03-26 08:00	512.4	513.5	476.1	481.4	10
2018-03-26 12:00	481.5	490.4	472.3	478.5	12
2018-03-26 16:00	478.5	482.2	463.0	470.1	11
2018-03-26 20:00	470.0	492.2	467.3	481.5	9
2018-03-27 00:00	481.4	487.1	455.2	459.7	10
2018-03-27 04:00	459.5	464.9	446.2	460.8	11
2018-03-27 08:00	460.7	463.8	448.0	453.5	9
2018-03-27 12:00	453.6	467.9	443.4	463.6	8
2018-03-27 16:00	463.7	466.7	449.2	452.4	8
2018-03-27 20:00	452.5	457.9	441.9	444.1	9
2018-03-28 00:00	443.9	445.2	435.7	445.0	8
2018-03-28 04:00	444.9	455.2	441.6	448.5	8
2018-03-28 08:00	448.1	460.3	443.9	456.0	9
2018-03-28 12:00	456.0	457.3	440.4	441.3	8
2018-03-28 16:00	441.4	445.3	441.1	442.1	8
2018-03-28 20:00	442.2	445.9	437.7	441.3	10
2018-03-29 00:00	441.2	444.0	435.6	435.9	8
2018-03-29 04:00	435.8	435.8	408.5	409.0	11
2018-03-29 08:00	409.0	415.3	402.4	405.1	10
2018-03-29 12:00	404.8	411.4	392.3	402.8	12
2018-03-29 16:00	402.8	414.5	395.8	396.0	10
2018-03-29 20:00	396.1	398.7	376.3	380.2	15
2018-03-30 00:00	380.1	383.7	362.2	373.3	13
2018-03-30 04:00	373.2	404.9	361.2	401.1	15
2018-03-30 08:00	401.0	407.6	381.5	387.6	14
2018-03-30 12:00	387.7	393.4	367.9	376.6	10
2018-03-30 16:00	376.7	382.2	365.3	377.7	15
2018-03-30 20:00	377.9	384.7	374.3	382.2	4
2018-04-01 20:00	375.1	376.7	372.2	375.1	4
2018-04-02 00:00	375.2	383.0	372.1	380.4	9
2018-04-02 04:00	380.3	387.0	375.1	385.9	8
2018-04-02 08:00	386.0	390.4	384.1	387.7	8
2018-04-02 12:00	387.7	388.0	378.0	386.1	8
2018-04-02 16:00	386.0	387.1	377.1	378.7	8
2018-04-02 20:00	378.7	381.9	373.3	380.9	8
2018-04-03 00:00	380.8	389.1	377.0	387.6	8
2018-04-03 04:00	387.6	399.1	387.6	398.3	9
2018-04-03 08:00	398.2	401.4	393.3	395.2	8
2018-04-03 12:00	395.2	403.7	394.6	401.0	8
2018-04-03 16:00	400.9	415.7	399.7	410.1	8
2018-04-03 20:00	410.2	415.1	408.0	412.1	8
2018-04-04 00:00	412.1	413.4	396.4	399.1	8
2018-04-04 04:00	399.2	403.8	395.8	400.2	8
2018-04-04 08:00	400.1	401.6	376.4	381.6	8
2018-04-04 12:00	381.5	385.1	367.2	367.8	9
2018-04-04 16:00	367.9	380.2	367.8	378.2	9
2018-04-04 20:00	378.3	382.0	370.7	375.1	8
2018-04-05 00:00	375.0	376.0	363.6	375.9	8
2018-04-05 04:00	376.0	379.3	372.5	375.8	9
2018-04-05 08:00	375.9	380.9	374.9	376.1	8
2018-04-05 12:00	376.2	383.5	369.0	374.7	12
2018-04-05 16:00	374.6	376.3	370.7	373.3	10
2018-04-05 20:00	373.2	381.4	371.9	377.9	8
2018-04-06 00:00	378.0	382.0	373.7	374.3	8
2018-04-06 04:00	374.2	377.4	362.2	365.3	8
2018-04-06 08:00	365.2	367.9	359.8	365.4	9
2018-04-06 12:00	365.3	365.8	362.0	362.6	8
2018-04-06 16:00	362.7	368.9	362.5	367.2	8
2018-04-06 20:00	367.1	367.5	365.1	366.0	2
2018-04-08 20:00	394.6	398.7	394.5	396.8	4
2018-04-09 00:00	396.7	409.8	396.7	408.4	8
2018-04-09 04:00	408.2	415.5	405.0	415.3	8
2018-04-09 08:00	415.4	427.8	391.6	392.1	14
2018-04-09 12:00	392.0	395.6	384.4	393.6	9
2018-04-09 16:00	393.7	398.7	389.3	391.3	8
2018-04-09 20:00	391.4	395.4	385.7	395.4	8
2018-04-10 00:00	395.3	396.5	392.0	396.5	8
2018-04-10 04:00	396.3	399.2	391.3	392.9	8
2018-04-10 08:00	392.7	394.2	388.6	392.5	8
2018-04-10 12:00	392.5	403.9	392.0	402.7	8
2018-04-10 16:00	402.8	408.4	402.0	407.9	8
2018-04-10 20:00	408.0	414.6	405.1	411.7	8
2018-04-11 00:00	411.7	416.1	408.7	409.4	8
2018-04-11 04:00	409.6	416.4	409.0	413.1	8
2018-04-11 08:00	413.3	414.7	407.5	411.9	8
2018-04-11 12:00	411.8	420.8	410.3	417.4	8
2018-04-11 16:00	417.5	420.8	416.3	418.9	8
2018-04-11 20:00	419.1	429.8	416.9	426.8	8
2018-04-12 00:00	426.7	435.1	425.4	432.9	8
2018-04-12 04:00	433.0	433.7	410.2	418.9	9
2018-04-12 08:00	418.7	472.7	417.9	458.6	11
2018-04-12 12:00	458.5	467.1	451.6	461.0	12
2018-04-12 16:00	460.8	463.1	448.9	460.1	9
2018-04-12 20:00	459.9	494.8	459.4	491.1	13
2018-04-13 00:00	491.0	498.8	478.9	486.7	12
2018-04-13 04:00	486.6	514.8	480.3	508.8	9
2018-04-13 08:00	508.9	521.3	503.5	514.7	15
2018-04-13 12:00	514.6	525.5	505.6	514.0	12
2018-04-13 16:00	514.1	515.9	503.6	507.3	8
2018-04-13 20:00	507.2	507.4	486.2	489.6	3
2018-04-15 20:00	521.2	531.0	520.5	530.7	4
2018-04-16 00:00	530.8	534.0	507.4	513.8	11
2018-04-16 04:00	513.9	514.3	501.4	511.3	10
2018-04-16 08:00	511.4	514.1	506.1	508.8	8
2018-04-16 12:00	508.8	509.2	495.2	501.0	12
2018-04-16 16:00	500.9	507.1	497.9	500.3	11
2018-04-16 20:00	500.4	510.0	498.4	508.3	10
2018-04-17 00:00	508.1	508.8	500.7	504.2	8
2018-04-17 04:00	504.0	511.7	501.7	510.7	8
2018-04-17 08:00	510.7	516.4	509.9	513.8	9
2018-04-17 12:00	514.0	517.6	509.8	510.5	9
2018-04-17 16:00	510.6	513.4	498.6	500.6	9
2018-04-17 20:00	500.7	503.4	497.9	499.8	8
2018-04-18 00:00	499.8	505.6	498.4	503.4	8
2018-04-18 04:00	503.6	513.2	502.0	512.2	9
2018-04-18 08:00	512.1	512.9	509.2	512.7	8
2018-04-18 12:00	512.7	514.3	504.2	507.0	8
2018-04-18 16:00	506.9	513.9	506.7	513.9	8
2018-04-18 20:00	513.7	523.4	513.1	522.2	9
2018-04-19 00:00	522.1	535.5	518.1	532.6	8
2018-04-19 04:00	532.4	533.8	526.2	528.3	9
2018-04-19 08:00	528.2	533.1	526.9	533.0	8
2018-04-19 12:00	533.1	544.2	531.6	543.4	8
2018-04-19 16:00	543.5	560.7	543.4	554.3	8
2018-04-19 20:00	554.2	566.5	550.5	564.0	8
2018-04-20 00:00	563.9	583.3	563.9	570.2	10
2018-04-20 04:00	570.3	573.2	554.4	567.3	8
2018-04-20 08:00	567.2	587.3	566.1	586.4	9
2018-04-20 12:00	586.6	592.1	578.0	582.1	8
2018-04-20 16:00	582.0	591.8	580.3	590.1	8
2018-04-20 20:00	590.2	590.5	585.1	589.4	2
2018-04-22 20:00	633.7	634.3	614.1	617.7	6
2018-04-23 00:00	617.6	633.2	616.1	632.4	8
2018-04-23 04:00	632.4	638.2	627.1	636.3	8
2018-04-23 08:00	636.5	639.2	628.4	633.7	8
2018-04-23 12:00	633.6	644.9	633.6	641.2	8
2018-04-23 16:00	641.3	643.3	631.1	633.6	8
2018-04-23 20:00	633.5	640.7	631.6	640.4	8
2018-04-24 00:00	640.6	668.7	640.4	665.7	9
2018-04-24 04:00	665.7	681.1	665.6	675.3	8
2018-04-24 08:00	675.5	688.9	675.5	685.0	8
2018-04-24 12:00	684.9	708.4	684.6	697.3	10
2018-04-24 16:00	697.2	706.5	690.7	706.3	9
2018-04-24 20:00	706.1	706.8	698.1	700.1	10
2018-04-25 00:00	700.2	700.5	651.7	652.2	13
2018-04-25 04:00	652.1	665.5	624.9	656.8	17
2018-04-25 08:00	656.9	658.1	601.9	625.6	16
2018-04-25 12:00	625.7	635.8	590.4	618.1	18
2018-04-25 16:00	618.2	634.1	603.6	625.7	14
2018-04-25 20:00	625.8	644.8	605.2	614.0	12
2018-04-26 00:00	613.9	621.4	597.5	614.1	13
2018-04-26 04:00	614.0	633.2	611.2	628.1	12
2018-04-26 08:00	628.2	631.9	613.4	629.0	10
2018-04-26 12:00	628.9	635.0	622.9	624.6	8
2018-04-26 16:00	624.7	633.7	623.1	627.0	8
2018-04-26 20:00	627.0	662.3	626.4	659.0	10
2018-04-27 00:00	658.8	659.5	646.1	646.2	9
2018-04-27 04:00	646.3	654.7	643.6	653.7	8
2018-04-27 08:00	653.7	680.9	653.3	677.0	11
2018-04-27 12:00	676.9	682.0	663.6	670.6	10
2018-04-27 16:00	670.5	679.4	655.3	655.4	8
2018-04-27 20:00	655.2	660.1	642.7	646.6	4
2018-04-29 20:00	678.1	687.3	677.9	685.9	4
2018-04-30 00:00	686.0	690.0	673.8	674.3	9
2018-04-30 04:00	674.1	683.6	670.8	674.0	10
2018-04-30 08:00	674.1	688.9	671.2	682.4	9
2018-04-30 12:00	682.5	687.2	675.0	679.3	8
2018-04-30 16:00	679.2	682.0	673.8	675.1	8
2018-04-30 20:00	675.5	675.5	659.9	666.9	8
2018-05-01 00:00	667.2	667.4	625.2	637.9	11
2018-05-01 04:00	637.9	660.8	636.8	657.2	10
2018-05-01 08:00	657.3	670.6	655.0	655.2	8
2018-05-01 12:00	655.1	656.7	639.5	645.5	9
2018-05-01 16:00	645.5	661.8	645.4	658.4	8
2018-05-01 20:00	658.4	670.9	657.3	668.0	8
2018-05-02 00:00	667.9	674.4	660.5	669.9	8
2018-05-02 04:00	670.0	681.8	670.0	679.0	8
2018-05-02 08:00	678.9	682.0	673.6	677.8	8
2018-05-02 12:00	677.7	679.7	665.1	678.8	8
2018-05-02 16:00	678.7	679.8	668.4	671.9	8
2018-05-02 20:00	672.0	687.7	670.7	683.6	8
2018-05-03 00:00	683.7	718.0	682.7	711.9	10
2018-05-03 04:00	711.7	726.6	702.2	718.6	11
2018-05-03 08:00	718.7	720.6	705.5	717.3	8
2018-05-03 12:00	717.2	752.6	717.1	742.2	13
2018-05-03 16:00	742.1	771.3	741.8	757.7	14
2018-05-03 20:00	757.6	784.3	748.8	774.7	11
2018-05-04 00:00	774.9	777.2	756.0	765.6	13
2018-05-04 04:00	765.9	780.7	765.9	778.8	9
2018-05-04 08:00	778.7	801.7	778.2	795.4	12
2018-05-04 12:00	795.4	800.9	760.2	771.2	12
2018-05-04 16:00	771.1	780.0	762.4	777.4	9
2018-05-04 20:00	776.8	783.5	776.8	782.0	2
2018-05-06 20:00	780.2	787.6	778.8	786.1	7
2018-05-07 00:00	786.2	791.3	737.6	753.6	14
2018-05-07 04:00	753.7	757.0	724.1	730.9	10
2018-05-07 08:00	731.0	745.0	693.0	728.5	19
2018-05-07 12:00	728.4	737.3	694.3	725.0	17
2018-05-07 16:00	724.9	756.4	721.0	754.2	12
2018-05-07 20:00	754.3	761.2	732.0	749.4	11
2018-05-08 00:00	749.5	771.7	749.2	767.1	11
2018-05-08 04:00	767.5	767.5	743.5	755.9	8
2018-05-08 08:00	755.9	757.1	725.0	725.7	14
2018-05-08 12:00	725.4	737.6	716.8	732.3	10
2018-05-08 16:00	732.5	747.5	723.0	745.9	9
2018-05-08 20:00	746.0	754.0	736.4	744.6	8
2018-05-09 00:00	744.4	746.5	713.9	716.3	12
2018-05-09 04:00	716.3	721.2	706.4	713.3	9
2018-05-09 08:00	713.3	742.3	713.2	738.7	9
2018-05-09 12:00	738.8	747.2	738.1	744.6	8
2018-05-09 16:00	744.5	757.0	741.7	745.9	8
2018-05-09 20:00	745.8	752.7	739.1	747.3	8
2018-05-10 00:00	747.4	755.3	747.4	752.3	8
2018-05-10 04:00	752.2	764.1	749.6	759.3	9
2018-05-10 08:00	759.3	761.6	753.7	755.7	8
2018-05-10 12:00	755.5	763.0	753.7	756.8	8
2018-05-10 16:00	756.9	760.2	731.3	733.3	11
2018-05-10 20:00	733.3	737.3	719.2	720.8	9
2018-05-11 00:00	720.7	728.7	713.6	727.9	9
2018-05-11 04:00	727.8	732.3	681.1	689.7	11
2018-05-11 08:00	689.8	709.1	674.9	675.1	15
2018-05-11 12:00	675.0	686.0	663.8	677.8	14
2018-05-11 16:00	677.7	689.6	673.0	685.7	10
2018-05-11 20:00	685.8	687.9	666.5	671.0	3
2018-05-13 20:00	724.6	735.2	724.1	725.7	5
2018-05-14 00:00	725.9	729.7	691.5	692.1	11
2018-05-14 04:00	692.2	702.0	684.2	699.5	13
2018-05-14 08:00	699.6	711.0	695.0	709.2	12
2018-05-14 12:00	709.3	736.3	682.5	729.7	15
2018-05-14 16:00	729.9	734.6	723.9	730.3	8
2018-05-14 20:00	730.4	738.4	714.4	723.7	13
2018-05-15 00:00	723.5	732.2	717.1	724.1	9
2018-05-15 04:00	724.1	733.0	722.7	731.7	8
2018-05-15 08:00	731.6	735.2	718.9	728.0	9
2018-05-15 12:00	728.1	730.9	705.6	714.7	11
2018-05-15 16:00	714.6	722.7	703.4	709.6	10
2018-05-15 20:00	709.5	711.3	692.3	702.2	10
2018-05-16 00:00	702.2	704.8	672.3	676.3	13
2018-05-16 04:00	676.4	690.0	676.3	687.3	10
2018-05-16 08:00	687.3	707.2	681.8	702.1	12
2018-05-16 12:00	702.2	705.6	676.3	694.0	13
2018-05-16 16:00	694.1	700.4	687.5	693.0	12
2018-05-16 20:00	693.2	703.6	689.4	703.5	8
2018-05-17 00:00	703.4	715.2	702.8	706.6	11
2018-05-17 04:00	706.9	709.8	692.7	694.6	9
2018-05-17 08:00	694.6	699.7	693.2	696.3	8
2018-05-17 12:00	696.2	704.0	692.2	702.3	9
2018-05-17 16:00	702.2	703.3	676.6	680.3	9
2018-05-17 20:00	680.2	686.4	658.6	664.8	11
2018-05-18 00:00	664.9	670.7	654.0	666.2	9
2018-05-18 04:00	666.3	677.1	664.2	673.5	10
2018-05-18 08:00	673.7	681.2	672.3	676.9	9
2018-05-18 12:00	676.8	679.4	664.2	673.0	8
2018-05-18 16:00	672.8	687.6	668.9	685.6	10
2018-05-18 20:00	685.7	686.9	681.3	684.4	2
2018-05-20 20:00	715.4	716.2	708.2	712.1	4
2018-05-21 00:00	712.2	714.5	701.1	707.7	8
2018-05-21 04:00	707.8	715.7	707.1	713.7	8
2018-05-21 08:00	713.7	714.2	702.3	706.8	9
2018-05-21 12:00	706.7	706.9	692.5	697.0	8
2018-05-21 16:00	697.1	697.1	684.5	692.6	8
2018-05-21 20:00	692.6	697.2	690.5	693.6	8
2018-05-22 00:00	693.6	695.6	678.2	684.1	9
2018-05-22 04:00	684.2	694.4	680.7	690.0	8
2018-05-22 08:00	690.1	690.8	677.8	680.7	10
2018-05-22 12:00	680.6	683.0	673.4	675.9	8
2018-05-22 16:00	676.0	677.3	659.5	662.4	8
2018-05-22 20:00	662.5	662.9	635.2	638.1	11
2018-05-23 00:00	638.0	646.3	622.7	636.9	10
2018-05-23 04:00	637.0	638.7	616.1	617.1	9
2018-05-23 08:00	617.2	622.7	606.9	617.3	14
2018-05-23 12:00	617.2	624.1	590.8	595.9	9
2018-05-23 16:00	596.0	596.0	560.8	588.0	15
2018-05-23 20:00	588.1	594.1	566.7	573.7	12
2018-05-24 00:00	573.7	594.9	573.7	592.3	12
2018-05-24 04:00	592.3	605.9	586.4	587.2	11
2018-05-24 08:00	586.8	587.1	541.9	561.4	16
2018-05-24 12:00	561.5	590.2	551.5	590.1	13
2018-05-24 16:00	590.1	593.7	575.3	593.1	11
2018-05-24 20:00	593.2	600.7	580.3	599.0	8
2018-05-25 00:00	599.1	603.0	585.8	598.9	8
2018-05-25 04:00	598.9	612.7	582.6	590.7	11
2018-05-25 08:00	590.6	594.9	581.2	594.1	10
2018-05-25 12:00	594.3	603.5	588.8	595.6	8
2018-05-25 16:00	595.5	595.6	572.6	577.2	9
2018-05-25 20:00	577.3	580.1	573.2	580.1	2
2018-05-27 20:00	561.6	567.5	561.0	566.9	4
2018-05-28 00:00	567.1	571.6	564.7	567.5	8
2018-05-28 04:00	567.4	568.6	513.8	530.4	13
2018-05-28 08:00	530.5	533.7	522.9	526.6	10
2018-05-28 12:00	526.7	536.4	518.6	527.2	10
2018-05-28 16:00	527.3	529.3	518.1	523.7	9
2018-05-28 20:00	523.6	524.7	503.8	508.8	12
2018-05-29 00:00	508.7	521.9	507.9	521.5	9
2018-05-29 04:00	521.6	524.3	511.6	519.1	8
2018-05-29 08:00	519.1	552.3	514.4	549.7	10
2018-05-29 12:00	549.8	568.5	545.6	552.3	13
2018-05-29 16:00	552.3	567.0	551.6	561.1	11
2018-05-29 20:00	561.1	569.0	554.9	562.6	12
2018-05-30 00:00	562.6	581.7	561.0	565.7	11
2018-05-30 04:00	565.8	570.1	554.4	562.1	10
2018-05-30 08:00	562.2	571.9	554.8	567.0	8
2018-05-30 12:00	567.0	568.5	542.6	545.8	12
2018-05-30 16:00	545.6	548.2	538.6	544.9	10
2018-05-30 20:00	544.8	555.3	544.0	553.6	13
2018-05-31 00:00	553.5	563.5	550.7	559.2	13
2018-05-31 04:00	559.1	574.2	557.8	569.1	9
2018-05-31 08:00	569.2	573.0	563.1	571.5	8
2018-05-31 12:00	571.4	575.1	565.5	573.0	8
2018-05-31 16:00	572.8	582.3	570.3	571.8	8
2018-05-31 20:00	571.7	581.4	564.7	573.9	10
2018-06-01 00:00	573.8	578.0	564.7	569.2	8
2018-06-01 04:00	569.3	582.4	565.6	579.4	8
2018-06-01 08:00	579.1	585.7	567.7	568.0	8
2018-06-01 12:00	568.1	572.5	567.2	571.7	8
2018-06-01 16:00	571.6	574.5	561.2	568.8	8
2018-06-01 20:00	568.4	569.4	560.6	562.5	3
2018-06-03 20:00	615.5	615.8	612.6	615.5	4
2018-06-04 00:00	615.4	621.9	611.9	614.8	8
2018-06-04 04:00	614.7	615.6	600.0	603.9	8
2018-06-04 08:00	604.0	604.7	588.6	589.4	8
2018-06-04 12:00	589.6	594.3	578.4	583.0	8
2018-06-04 16:00	583.1	588.4	576.3	587.4	8
2018-06-04 20:00	587.6	595.8	583.3	587.9	8
2018-06-05 00:00	587.8	594.7	574.3	578.5	8
2018-06-05 04:00	578.3	584.4	573.0	582.0	8
2018-06-05 08:00	582.1	591.9	581.5	583.4	8
2018-06-05 12:00	583.4	595.0	579.5	594.7	8
2018-06-05 16:00	594.8	609.5	594.5	603.2	9
2018-06-05 20:00	603.3	606.9	598.9	604.8	8
2018-06-06 00:00	604.9	607.5	599.8	602.8	8
2018-06-06 04:00	602.7	607.8	595.4	602.9	8
2018-06-06 08:00	602.8	603.9	596.2	602.9	8
2018-06-06 12:00	602.9	608.4	599.9	607.3	8
2018-06-06 16:00	607.4	607.6	590.5	595.2	9
2018-06-06 20:00	595.3	605.3	590.9	602.8	8
2018-06-07 00:00	602.9	613.0	602.8	611.0	8
2018-06-07 04:00	611.1	611.1	600.2	604.7	8
2018-06-07 08:00	604.8	607.8	601.7	603.5	8
2018-06-07 12:00	603.4	606.4	599.3	602.4	8
2018-06-07 16:00	602.5	607.4	601.6	602.8	8
2018-06-07 20:00	602.8	603.0	595.9	601.0	8
2018-06-08 00:00	600.9	604.8	598.6	598.6	8
2018-06-08 04:00	598.7	602.1	595.7	597.2	8
2018-06-08 08:00	597.3	600.3	591.9	593.2	8
2018-06-08 12:00	593.3	596.6	589.9	596.5	8
2018-06-08 16:00	596.5	599.0	592.4	593.5	8
2018-06-08 20:00	593.4	595.7	593.0	595.3	2
2018-06-10 20:00	512.2	521.8	500.2	521.4	8
2018-06-11 00:00	521.3	530.6	508.0	527.9	13
2018-06-11 04:00	528.0	532.3	515.3	515.3	13
2018-06-11 08:00	515.2	531.3	514.7	531.1	12
2018-06-11 12:00	531.2	531.2	506.5	510.5	10
2018-06-11 16:00	510.4	521.8	506.9	515.6	11
2018-06-11 20:00	515.5	529.5	512.2	528.2	9
2018-06-12 00:00	528.1	529.8	521.1	521.8	8
2018-06-12 04:00	521.7	529.3	521.7	526.3	8
2018-06-12 08:00	526.4	535.2	524.2	528.6	9
2018-06-12 12:00	528.7	528.9	517.1	521.5	9
2018-06-12 16:00	521.4	521.7	482.6	489.2	12
2018-06-12 20:00	489.2	492.7	481.4	490.9	12
2018-06-13 00:00	491.0	498.0	489.0	494.6	8
2018-06-13 04:00	494.4	495.4	486.4	486.6	8
2018-06-13 08:00	486.7	486.8	460.0	472.4	13
2018-06-13 12:00	472.3	477.3	458.6	459.8	10
2018-06-13 16:00	459.7	476.3	446.9	464.9	16
2018-06-13 20:00	465.0	474.4	461.8	472.7	12
2018-06-14 00:00	472.6	491.5	465.8	482.8	14
2018-06-14 04:00	482.9	485.0	477.2	479.1	9
2018-06-14 08:00	479.2	486.7	479.1	484.3	10
2018-06-14 12:00	484.4	484.6	456.8	460.8	12
2018-06-14 16:00	460.7	522.8	460.6	516.8	17
2018-06-14 20:00	516.9	521.7	510.3	516.5	10
2018-06-15 00:00	516.5	517.7	507.0	509.2	8
2018-06-15 04:00	509.3	509.6	497.5	501.8	9
2018-06-15 08:00	501.9	503.0	486.0	492.4	11
2018-06-15 12:00	492.3	502.2	482.7	501.4	10
2018-06-15 16:00	501.3	508.9	493.0	493.2	9
2018-06-15 20:00	493.4	493.4	485.6	491.0	2
2018-06-17 20:00	495.4	496.0	490.7	493.1	4
2018-06-18 00:00	493.2	493.4	484.5	490.0	8
2018-06-18 04:00	490.1	491.0	488.0	490.5	8
2018-06-18 08:00	490.3	495.5	486.9	489.0	8
2018-06-18 12:00	489.1	494.4	488.9	493.5	8
2018-06-18 16:00	493.3	521.0	493.2	511.7	10
2018-06-18 20:00	511.6	516.1	511.5	514.3	8
2018-06-19 00:00	514.4	517.0	511.7	511.9	8
2018-06-19 04:00	511.9	515.7	511.7	515.7	8
2018-06-19 08:00	515.6	536.0	515.3	531.1	8
2018-06-19 12:00	531.0	544.2	529.1	532.1	9
2018-06-19 16:00	532.4	534.7	524.9	534.7	8
2018-06-19 20:00	534.6	535.6	527.0	535.1	8
2018-06-20 00:00	535.1	535.2	513.7	516.4	9
2018-06-20 04:00	516.5	521.6	513.9	521.3	8
2018-06-20 08:00	521.4	525.4	517.3	520.1	8
2018-06-20 12:00	520.0	537.2	516.7	531.9	11
2018-06-20 16:00	531.8	538.2	531.3	532.0	8
2018-06-20 20:00	531.8	532.9	528.9	532.8	8
2018-06-21 00:00	532.9	541.2	531.5	538.7	8
2018-06-21 04:00	538.6	539.9	533.2	536.7	8
2018-06-21 08:00	537.0	537.0	524.9	532.4	8
2018-06-21 12:00	532.3	532.4	523.3	525.4	8
2018-06-21 16:00	525.3	526.1	518.9	520.0	8
2018-06-21 20:00	519.9	524.4	519.7	522.4	8
2018-06-22 00:00	522.5	523.0	507.0	513.9	8
2018-06-22 04:00	513.8	513.9	493.1	496.3	8
2018-06-22 08:00	496.4	499.6	481.0	483.9	8
2018-06-22 12:00	484.5	484.5	458.6	470.2	8
2018-06-22 16:00	470.0	478.8	465.6	472.5	8
2018-06-22 20:00	472.7	472.7	453.8	460.3	3
2018-06-24 20:00	454.5	456.9	445.0	451.8	6
2018-06-25 00:00	451.7	454.0	442.0	447.2	8
2018-06-25 04:00	447.1	450.7	444.7	446.5	8
2018-06-25 08:00	446.4	464.5	445.5	462.4	8
2018-06-25 12:00	462.0	470.1	451.7	462.6	8
2018-06-25 16:00	462.7	468.2	456.2	457.6	8
2018-06-25 20:00	457.7	461.0	455.4	455.8	8
2018-06-26 00:00	455.9	458.1	450.8	455.8	8
2018-06-26 04:00	455.9	459.3	451.6	453.1	8
2018-06-26 08:00	453.1	453.1	442.1	446.9	8
2018-06-26 12:00	446.9	450.3	439.4	443.4	8
2018-06-26 16:00	443.6	447.0	434.9	435.8	8
2018-06-26 20:00	436.0	445.7	426.7	427.8	8
2018-06-27 00:00	427.8	431.7	422.9	425.3	8
2018-06-27 04:00	425.5	432.4	424.5	429.3	8
2018-06-27 08:00	429.4	439.3	429.2	431.8	8
2018-06-27 12:00	431.9	432.7	418.4	429.5	8
2018-06-27 16:00	429.4	435.0	426.6	434.6	8
2018-06-27 20:00	434.5	443.1	431.7	439.3	8
2018-06-28 00:00	439.2	441.0	428.1	429.8	8
2018-06-28 04:00	429.9	432.2	428.1	432.2	8
2018-06-28 08:00	432.3	433.2	429.5	432.8	8
2018-06-28 12:00	432.8	437.0	430.9	432.4	8
2018-06-28 16:00	432.2	436.6	431.5	433.5	8
2018-06-28 20:00	433.6	434.1	415.3	418.4	8
2018-06-29 00:00	418.8	422.2	417.3	418.9	8
2018-06-29 04:00	418.8	419.5	405.3	413.4	8
2018-06-29 08:00	413.5	416.9	407.2	408.2	8
2018-06-29 12:00	408.1	412.6	402.8	411.2	8
2018-06-29 16:00	411.1	411.7	405.7	407.0	8
2018-06-29 20:00	407.1	411.5	407.0	410.9	2
2018-07-01 20:00	448.9	451.9	447.7	450.3	6
2018-07-02 00:00	449.7	451.0	446.3	448.2	8
2018-07-02 04:00	448.0	449.1	441.6	448.6	8
2018-07-02 08:00	448.7	450.5	445.9	448.5	8
2018-07-02 12:00	448.6	474.8	446.6	471.4	8
2018-07-02 16:00	471.6	476.8	468.4	474.9	8
2018-07-02 20:00	475.0	479.3	472.3	473.9	8
2018-07-03 00:00	473.9	481.1	470.0	477.2	8
2018-07-03 04:00	477.0	484.0	475.6	477.2	8
2018-07-03 08:00	477.1	477.7	462.9	469.9	8
2018-07-03 12:00	469.8	470.7	463.7	466.9	8
2018-07-03 16:00	466.8	467.8	459.6	466.3	8
2018-07-03 20:00	465.9	468.3	458.0	459.5	8
2018-07-04 00:00	459.6	461.3	449.8	455.0	8
2018-07-04 04:00	455.0	460.1	454.7	459.0	8
2018-07-04 08:00	458.9	465.1	458.1	463.4	8
2018-07-04 12:00	463.5	479.7	463.5	471.2	8
2018-07-04 16:00	471.1	473.7	468.6	471.2	8
2018-07-04 20:00	470.3	472.7	461.8	464.6	8
2018-07-05 00:00	464.7	473.7	460.2	467.5	8
2018-07-05 04:00	467.6	471.9	467.3	469.4	8
2018-07-05 08:00	469.3	476.5	467.8	470.6	8
2018-07-05 12:00	470.7	474.1	462.8	469.0	8
2018-07-05 16:00	469.4	471.6	457.3	460.7	8
2018-07-05 20:00	460.6	466.7	459.5	465.9	8
2018-07-06 00:00	465.7	467.2	462.9	465.5	8
2018-07-06 04:00	465.4	465.9	449.8	453.8	8
2018-07-06 08:00	453.9	461.3	453.7	460.5	8
2018-07-06 12:00	460.6	468.0	460.5	466.2	8
2018-07-06 16:00	466.1	472.4	464.8	467.5	8
2018-07-06 20:00	466.6	467.5	466.0	466.2	2
2018-07-08 20:00	485.1	488.6	482.7	483.7	6
2018-07-09 00:00	483.7	485.6	477.5	480.6	8
2018-07-09 04:00	480.7	482.8	477.4	481.6	8
2018-07-09 08:00	481.7	482.2	476.6	480.2	8
2018-07-09 12:00	480.2	480.3	477.2	477.6	8
2018-07-09 16:00	477.7	478.3	470.4	474.8	8
2018-07-09 20:00	474.7	481.0	466.3	469.4	8
2018-07-10 00:00	469.0	471.0	455.3	457.1	8
2018-07-10 04:00	456.7	461.7	451.7	454.7	8
2018-07-10 08:00	454.7	456.7	426.4	432.8	8
2018-07-10 12:00	432.9	439.5	431.0	438.6	8
2018-07-10 16:00	438.5	440.7	432.1	435.7	8
2018-07-10 20:00	435.8	440.2	427.7	430.6	8
2018-07-11 00:00	430.7	438.2	429.5	430.6	8
2018-07-11 04:00	430.6	435.2	422.9	433.4	8
2018-07-11 08:00	433.3	445.1	433.2	440.7	8
2018-07-11 12:00	441.2	442.8	436.7	438.2	8
2018-07-11 16:00	438.1	438.2	431.3	434.5	8
2018-07-11 20:00	434.5	443.2	433.8	442.8	8
2018-07-12 00:00	442.9	443.1	435.5	437.9	8
2018-07-12 04:00	437.8	438.9	427.7	429.9	8
2018-07-12 08:00	429.9	433.2	424.4	426.3	8
2018-07-12 12:00	426.4	430.2	425.3	427.4	8
2018-07-12 16:00	427.4	432.0	424.6	425.7	8
2018-07-12 20:00	425.7	428.4	416.0	428.4	8
2018-07-13 00:00	428.3	435.5	427.4	435.2	8
2018-07-13 04:00	435.3	435.9	431.9	434.0	8
2018-07-13 08:00	433.9	435.7	433.9	434.9	8
2018-07-13 12:00	435.0	439.4	433.6	435.6	8
2018-07-13 16:00	435.8	438.9	426.1	427.6	8
2018-07-13 20:00	427.7	430.4	423.0	428.2	2
2018-07-15 20:00	450.2	450.8	445.8	447.2	6
2018-07-16 00:00	447.1	448.1	442.7	445.3	8
2018-07-16 04:00	445.2	452.9	444.4	450.2	8
2018-07-16 08:00	450.1	474.4	449.1	471.6	10
2018-07-16 12:00	471.7	474.3	467.1	470.7	8
2018-07-16 16:00	470.8	477.3	469.6	475.9	8
2018-07-16 20:00	475.8	477.6	472.0	476.6	8
2018-07-17 00:00	476.4	477.9	473.6	477.0	8
2018-07-17 04:00	477.1	479.2	468.1	471.1	8
2018-07-17 08:00	471.2	473.2	464.1	464.1	8
2018-07-17 12:00	464.2	471.3	463.8	470.8	8
2018-07-17 16:00	470.7	508.8	468.0	496.3	13
2018-07-17 20:00	496.5	501.3	496.3	496.5	8
2018-07-18 00:00	496.6	512.4	496.4	503.2	9
2018-07-18 04:00	503.3	504.1	498.0	501.8	8
2018-07-18 08:00	501.9	501.9	493.4	495.7	8
2018-07-18 12:00	495.6	498.0	487.3	491.1	9
2018-07-18 16:00	491.1	496.8	480.0	480.8	9
2018-07-18 20:00	480.7	480.9	467.5	476.8	10
2018-07-19 00:00	476.7	476.8	467.6	472.2	8
2018-07-19 04:00	472.3	475.8	471.8	473.8	8
2018-07-19 08:00	473.7	478.0	473.2	477.7	8
2018-07-19 12:00	477.9	481.4	463.9	465.6	8
2018-07-19 16:00	465.7	469.1	460.5	465.9	8
2018-07-19 20:00	465.8	474.1	464.2	466.3	8
2018-07-20 00:00	466.4	466.4	457.3	463.9	8
2018-07-20 04:00	464.0	464.1	450.5	455.9	8
2018-07-20 08:00	456.0	466.5	455.9	462.0	9
2018-07-20 12:00	462.1	463.0	454.2	455.1	8
2018-07-20 16:00	455.1	466.5	442.2	442.8	11
2018-07-20 20:00	442.6	444.5	440.4	442.6	2
2018-07-22 20:00	461.8	463.5	452.4	455.1	7
2018-07-23 00:00	455.0	465.8	452.9	463.0	10
2018-07-23 04:00	463.1	467.0	461.6	462.8	9
2018-07-23 08:00	462.7	462.9	455.9	459.2	8
2018-07-23 12:00	459.3	460.5	457.5	460.2	8
2018-07-23 16:00	460.2	460.5	448.2	448.8	8
2018-07-23 20:00	448.7	450.1	444.8	447.5	8
2018-07-24 00:00	447.4	450.7	446.1	447.8	8
2018-07-24 04:00	447.9	474.3	447.8	469.4	8
2018-07-24 08:00	469.3	473.8	463.8	473.0	9
2018-07-24 12:00	473.1	481.7	467.1	472.5	12
2018-07-24 16:00	472.6	475.2	469.2	473.7	8
2018-07-24 20:00	473.7	478.0	469.2	476.7	9
2018-07-25 00:00	476.7	482.2	473.2	476.9	8
2018-07-25 04:00	476.8	482.2	474.3	474.8	9
2018-07-25 08:00	474.9	474.9	465.1	467.1	8
2018-07-25 12:00	467.0	469.9	461.7	465.2	9
2018-07-25 16:00	465.2	471.4	464.4	471.4	8
2018-07-25 20:00	471.3	474.8	468.9	469.5	8
2018-07-26 00:00	469.4	474.0	469.3	473.4	8
2018-07-26 04:00	473.3	481.9	473.2	477.7	8
2018-07-26 08:00	477.8	481.1	474.2	475.0	8
2018-07-26 12:00	475.1	475.8	471.9	473.1	8
2018-07-26 16:00	473.1	477.0	471.0	476.6	8
2018-07-26 20:00	476.5	476.6	457.6	459.8	9
2018-07-27 00:00	459.9	463.0	459.7	460.8	8
2018-07-27 04:00	460.7	462.8	455.8	458.0	10
2018-07-27 08:00	457.9	464.3	457.9	459.8	8
2018-07-27 12:00	459.9	464.8	454.0	463.7	9
2018-07-27 16:00	463.8	467.3	463.0	465.2	8
2018-07-27 20:00	465.1	465.9	464.3	464.8	2
2018-07-29 20:00	463.4	467.2	462.1	464.1	6
2018-07-30 00:00	464.0	466.4	457.6	462.6	9
2018-07-30 04:00	462.5	462.7	459.9	461.2	8
2018-07-30 08:00	461.0	462.0	456.8	458.7	8
2018-07-30 12:00	458.6	460.3	453.4	453.6	8
2018-07-30 16:00	453.7	453.9	444.0	451.1	8
2018-07-30 20:00	451.2	455.5	449.5	454.2	8
2018-07-31 00:00	454.1	454.9	448.3	448.4	8
2018-07-31 04:00	448.5	449.7	447.1	447.3	8
2018-07-31 08:00	447.4	447.5	429.9	435.6	8
2018-07-31 12:00	435.5	435.7	425.6	428.1	10
2018-07-31 16:00	428.0	433.6	426.6	432.5	9
2018-07-31 20:00	432.6	432.6	425.7	429.5	9
2018-08-01 00:00	429.6	432.5	409.5	414.9	11
2018-08-01 04:00	414.9	419.4	412.6	418.9	8
2018-08-01 08:00	418.8	424.3	418.4	421.5	9
2018-08-01 12:00	421.4	422.9	420.0	422.0	5
2018-08-01 16:00	416.6	417.5	414.2	417.2	6
2018-08-01 20:00	417.2	418.8	405.6	417.2	9
2018-08-02 00:00	417.4	422.1	417.2	418.9	8
2018-08-02 04:00	418.8	419.5	416.0	418.7	8
2018-08-02 08:00	418.7	418.8	410.7	412.4	8
2018-08-02 12:00	412.3	412.8	407.0	409.5	8
2018-08-02 16:00	409.4	412.5	405.6	407.0	8
2018-08-02 20:00	406.9	409.8	406.7	408.6	8
2018-08-03 00:00	408.5	408.7	396.6	399.2	8
2018-08-03 04:00	399.1	406.2	395.4	406.2	8
2018-08-03 08:00	406.1	408.3	404.0	407.7	8
2018-08-03 12:00	407.8	412.8	406.8	411.5	8
2018-08-03 16:00	411.4	417.3	410.0	411.3	8
2018-08-03 20:00	411.2	415.2	411.1	413.3	2
2018-08-05 20:00	409.6	410.7	405.9	406.4	6
2018-08-06 00:00	406.5	410.5	406.3	408.5	8
2018-08-06 04:00	408.4	410.1	405.1	406.3	8
2018-08-06 08:00	406.4	406.5	403.7	405.4	8
2018-08-06 12:00	405.5	405.5	401.4	403.8	8
2018-08-06 16:00	403.9	403.9	401.0	401.7	8
2018-08-06 20:00	401.8	404.6	398.9	402.6	8
2018-08-07 00:00	402.5	404.5	400.6	402.6	8
2018-08-07 04:00	402.7	407.6	402.5	405.9	8
2018-08-07 08:00	406.0	408.0	405.7	407.6	8
2018-08-07 12:00	407.6	407.7	405.4	406.4	8
2018-08-07 16:00	406.5	406.8	391.7	392.0	8
2018-08-07 20:00	392.1	392.1	367.0	375.7	8
2018-08-08 00:00	375.6	378.0	368.6	374.2	8
2018-08-08 04:00	374.3	374.3	365.2	366.0	8
2018-08-08 08:00	366.1	367.3	363.3	366.3	8
2018-08-08 12:00	366.2	367.0	354.9	364.9	8
2018-08-08 16:00	365.0	365.8	345.6	360.8	8
2018-08-08 20:00	360.7	360.9	348.1	353.0	8
2018-08-09 00:00	352.9	358.6	352.9	356.5	8
2018-08-09 04:00	356.6	361.0	355.8	357.2	8
2018-08-09 08:00	357.3	358.3	355.3	355.6	8
2018-08-09 12:00	355.6	365.7	348.6	360.3	8
2018-08-09 16:00	360.2	362.4	359.3	360.1	8
2018-08-09 20:00	360.0	367.9	359.7	361.2	8
2018-08-10 00:00	361.1	363.3	356.1	358.0	8
2018-08-10 04:00	357.9	359.7	355.5	358.8	8
2018-08-10 08:00	358.6	359.2	353.8	355.1	8
2018-08-10 12:00	355.0	361.1	354.3	357.6	8
2018-08-10 16:00	357.5	357.9	352.4	353.2	8
2018-08-10 20:00	353.1	353.2	340.6	340.8	2
2018-08-12 20:00	317.7	319.2	315.1	315.9	6
2018-08-13 00:00	315.8	318.0	315.8	317.1	8
2018-08-13 04:00	317.1	318.2	311.1	314.9	8
2018-08-13 08:00	315.0	319.8	314.8	316.4	8
2018-08-13 12:00	316.3	317.5	295.9	297.7	8
2018-08-13 16:00	297.8	300.2	282.7	286.7	8
2018-08-13 20:00	286.7	287.8	278.9	281.7	8
2018-08-14 00:00	281.7	281.8	248.3	265.3	8
2018-08-14 04:00	265.4	269.4	259.2	267.3	8
2018-08-14 08:00	267.3	267.4	257.2	258.9	8
2018-08-14 12:00	258.9	265.3	250.2	257.8	8
2018-08-14 16:00	257.7	261.2	251.4	259.3	8
2018-08-14 20:00	259.1	278.6	256.1	276.0	8
2018-08-15 00:00	276.2	288.9	275.8	283.4	8
2018-08-15 04:00	283.3	285.0	276.4	282.2	8
2018-08-15 08:00	282.1	286.3	277.4	281.7	8
2018-08-15 12:00	281.6	294.4	279.9	291.8	8
2018-08-15 16:00	291.9	302.2	285.4	286.0	8
2018-08-15 20:00	286.1	289.8	274.9	278.8	8
2018-08-16 00:00	278.9	283.2	275.9	279.3	8
2018-08-16 04:00	279.2	290.2	278.8	287.0	8
2018-08-16 08:00	287.0	296.4	286.5	293.3	8
2018-08-16 12:00	293.2	296.4	283.5	289.1	8
2018-08-16 16:00	289.0	291.6	286.6	289.1	8
2018-08-16 20:00	289.0	289.3	279.4	284.5	8
2018-08-17 00:00	284.6	297.3	283.0	294.7	8
2018-08-17 04:00	294.8	300.4	293.6	299.5	8
2018-08-17 08:00	299.6	302.2	294.4	296.5	8
2018-08-17 12:00	296.4	298.8	289.9	293.2	8
2018-08-17 16:00	293.3	305.2	293.3	300.1	8
2018-08-17 20:00	300.0	300.4	297.5	298.4	2
2018-08-19 20:00	299.1	299.8	296.6	297.3	6
2018-08-20 00:00	297.2	301.4	297.0	298.1	8
2018-08-20 04:00	298.1	298.6	293.0	294.3	8
2018-08-20 08:00	294.2	294.5	284.1	288.5	8
2018-08-20 12:00	288.4	289.9	280.0	284.2	8
2018-08-20 16:00	284.1	289.7	282.6	282.7	8
2018-08-20 20:00	282.8	283.9	267.1	268.4	8
2018-08-21 00:00	268.3	274.3	267.4	274.0	8
2018-08-21 04:00	274.1	278.1	271.8	276.8	8
2018-08-21 08:00	277.0	283.2	276.8	278.9	8
2018-08-21 12:00	278.8	279.6	270.5	273.1	8
2018-08-21 16:00	273.0	276.1	268.9	274.8	8
2018-08-21 20:00	274.8	279.5	273.2	278.8	8
2018-08-22 00:00	278.7	296.4	275.2	289.3	8
2018-08-22 04:00	289.2	290.2	280.1	280.2	8
2018-08-22 08:00	280.3	283.6	279.1	283.1	8
2018-08-22 12:00	283.0	283.4	273.4	273.5	8
2018-08-22 16:00	273.5	274.8	267.5	269.1	8
2018-08-22 20:00	269.2	270.2	257.5	267.9	8
2018-08-23 00:00	268.0	273.1	266.8	269.3	8
2018-08-23 04:00	269.2	272.0	267.3	271.6	8
2018-08-23 08:00	271.6	272.3	266.0	266.7	8
2018-08-23 12:00	266.6	272.6	266.4	270.0	8
2018-08-23 16:00	270.0	277.9	268.5	271.4	8
2018-08-23 20:00	271.4	275.8	269.2	273.6	8
2018-08-24 00:00	273.7	274.1	270.7	271.8	8
2018-08-24 04:00	271.7	274.4	270.8	273.4	8
2018-08-24 08:00	273.5	275.7	271.8	273.9	8
2018-08-24 12:00	274.0	274.7	268.1	269.5	8
2018-08-24 16:00	269.6	279.3	269.4	277.5	8
2018-08-24 20:00	277.4	278.4	277.2	277.7	2
2018-08-26 20:00	270.3	272.4	269.8	272.0	6
2018-08-27 00:00	272.0	272.2	269.6	269.9	8
2018-08-27 04:00	270.0	277.1	269.9	274.2	8
2018-08-27 08:00	274.3	274.7	272.9	273.9	8
2018-08-27 12:00	273.8	276.5	271.9	274.8	8
2018-08-27 16:00	274.9	276.0	274.1	275.7	8
2018-08-27 20:00	275.6	285.6	273.9	285.5	8
2018-08-28 00:00	285.5	285.5	280.5	281.3	8
2018-08-28 04:00	281.5	283.7	281.4	283.2	8
2018-08-28 08:00	283.1	286.3	282.3	285.8	8
2018-08-28 12:00	285.9	289.7	284.2	286.2	8
2018-08-28 16:00	286.4	292.4	284.8	291.0	8
2018-08-28 20:00	291.0	295.5	290.2	293.2	8
2018-08-29 00:00	293.3	294.6	288.2	289.0	8
2018-08-29 04:00	289.1	290.9	288.3	290.2	8
2018-08-29 08:00	290.1	293.8	288.8	292.8	8
2018-08-29 12:00	292.7	294.0	282.5	284.2	8
2018-08-29 16:00	284.3	287.3	282.0	285.6	8
2018-08-29 20:00	285.5	289.4	285.1	286.3	8
2018-08-30 00:00	286.4	288.5	282.1	284.7	8
2018-08-30 04:00	284.5	284.7	279.3	280.7	8
2018-08-30 08:00	280.8	281.0	273.9	274.8	8
2018-08-30 12:00	274.7	277.3	272.7	276.2	8
2018-08-30 16:00	276.1	276.9	270.1	272.9	8
2018-08-30 20:00	273.0	284.0	272.2	281.9	8
2018-08-31 00:00	281.7	282.0	276.0	278.5	8
2018-08-31 04:00	278.6	280.3	276.6	276.8	8
2018-08-31 08:00	276.7	279.2	276.1	278.5	8
2018-08-31 12:00	278.6	278.7	274.4	275.5	8
2018-08-31 16:00	275.6	282.0	275.3	281.0	8
2018-08-31 20:00	280.9	282.5	280.8	281.0	2
2018-09-02 20:00	291.3	293.2	290.0	292.7	6
2018-09-03 00:00	292.6	293.9	288.9	290.0	8
2018-09-03 04:00	289.9	290.0	285.1	287.2	8
2018-09-03 08:00	287.3	287.7	283.4	284.6	8
2018-09-03 12:00	284.5	288.0	284.1	287.2	8
2018-09-03 16:00	287.3	290.7	285.1	290.2	8
2018-09-03 20:00	290.1	290.2	285.8	286.5	8
2018-09-04 00:00	286.6	288.8	285.6	285.7	8
2018-09-04 04:00	285.5	285.5	280.1	284.5	8
2018-09-04 08:00	284.6	286.2	283.1	286.0	8
2018-09-04 12:00	286.1	290.0	285.0	286.8	8
2018-09-04 16:00	286.7	287.4	280.7	281.3	8
2018-09-04 20:00	281.1	284.5	280.5	282.9	8
2018-09-05 00:00	282.9	285.2	281.7	282.3	8
2018-09-05 04:00	282.2	282.7	281.1	281.2	8
2018-09-05 08:00	281.3	282.2	249.4	255.3	8
2018-09-05 12:00	255.4	259.2	251.1	253.5	8
2018-09-05 16:00	253.4	254.3	237.1	240.8	8
2018-09-05 20:00	240.9	244.6	224.3	225.8	8
2018-09-06 00:00	225.7	230.5	209.1	225.1	8
2018-09-06 04:00	225.0	226.7	219.6	225.0	8
2018-09-06 08:00	225.1	227.1	219.9	223.6	8
2018-09-06 12:00	223.5	229.5	220.9	224.0	8
2018-09-06 16:00	224.1	225.2	217.4	223.7	8
2018-09-06 20:00	223.7	228.6	221.5	227.3	8
2018-09-07 00:00	227.2	231.7	224.3	227.9	8
2018-09-07 04:00	227.9	229.1	222.6	223.2	8
2018-09-07 08:00	223.3	223.4	211.6	215.9	8
2018-09-07 12:00	215.8	221.2	212.6	213.6	8
2018-09-07 16:00	213.5	218.3	212.9	214.2	8
2018-09-07 20:00	214.0	215.7	213.5	215.4	2
2018-09-09 20:00	199.3	199.7	189.5	193.6	6
2018-09-10 00:00	193.5	200.2	193.5	196.8	8
2018-09-10 04:00	196.9	197.7	193.9	196.4	8
2018-09-10 08:00	196.3	196.5	191.7	194.4	8
2018-09-10 12:00	194.6	194.8	191.0	192.9	8
2018-09-10 16:00	192.8	194.2	185.1	193.6	8
2018-09-10 20:00	193.7	195.7	190.9	195.3	8
2018-09-11 00:00	195.2	197.1	193.1	193.4	8
2018-09-11 04:00	193.3	194.2	189.8	191.7	8
2018-09-11 08:00	191.8	192.9	187.5	188.8	8
2018-09-11 12:00	188.8	189.5	181.4	182.5	8
2018-09-11 16:00	182.3	183.6	174.4	180.9	8
2018-09-11 20:00	181.0	184.6	178.5	183.2	8
2018-09-12 00:00	183.3	183.3	172.6	175.1	8
2018-09-12 04:00	175.0	175.8	165.8	168.6	8
2018-09-12 08:00	168.7	172.8	165.8	168.8	8
2018-09-12 12:00	168.8	172.3	168.6	169.7	8
2018-09-12 16:00	169.6	180.1	168.5	178.3	8
2018-09-12 20:00	178.4	182.2	177.0	181.1	8
2018-09-13 00:00	181.2	190.5	181.1	187.7	8
2018-09-13 04:00	187.8	189.2	184.5	184.7	8
2018-09-13 08:00	184.8	193.4	184.5	193.3	8
2018-09-13 12:00	193.4	205.8	193.3	200.6	8
2018-09-13 16:00	200.7	210.0	199.5	200.9	8
2018-09-13 20:00	201.0	213.0	199.5	209.3	8
2018-09-14 00:00	209.4	222.3	206.9	216.8	8
2018-09-14 04:00	216.7	218.8	210.4	211.3	8
2018-09-14 08:00	211.2	211.7	201.6	206.9	8
2018-09-14 12:00	206.8	207.5	201.0	206.4	8
2018-09-14 16:00	206.3	218.5	206.3	217.5	8
2018-09-14 20:00	217.7	219.2	215.4	216.9	2
2018-09-16 20:00	220.1	220.5	216.7	218.2	6
2018-09-17 00:00	218.3	223.0	218.3	220.9	8
2018-09-17 04:00	221.0	221.1	214.7	216.1	8
2018-09-17 08:00	216.2	219.9	211.3	217.4	8
2018-09-17 12:00	217.3	217.4	201.3	204.6	8
2018-09-17 16:00	204.7	206.6	192.9	195.2	8
2018-09-17 20:00	195.1	196.2	190.6	194.2	8
2018-09-18 00:00	194.1	196.0	192.4	192.8	8
2018-09-18 04:00	192.7	199.0	192.7	198.3	8
2018-09-18 08:00	198.4	198.9	193.5	197.8	8
2018-09-18 12:00	198.0	212.7	196.5	209.5	8
2018-09-18 16:00	209.5	212.2	204.5	205.1	8
2018-09-18 20:00	205.1	209.3	203.7	206.9	8
2018-09-19 00:00	206.8	212.9	205.9	210.7	8
2018-09-19 04:00	210.7	211.2	207.8	209.4	8
2018-09-19 08:00	209.5	210.7	202.8	203.4	8
2018-09-19 12:00	203.5	209.2	201.4	207.5	8
2018-09-19 16:00	207.6	210.5	195.8	207.4	8
2018-09-19 20:00	207.5	211.1	206.5	207.9	8
2018-09-20 00:00	208.0	209.8	206.6	207.3	8
2018-09-20 04:00	207.3	207.6	205.2	207.2	8
2018-09-20 08:00	207.3	211.2	205.5	210.7	8
2018-09-20 12:00	210.6	213.5	207.5	208.5	8
2018-09-20 16:00	208.6	209.6	206.3	208.5	8
2018-09-20 20:00	208.6	225.7	205.4	222.6	8
2018-09-21 00:00	222.5	224.4	219.2	220.6	8
2018-09-21 04:00	220.7	225.5	219.6	224.5	8
2018-09-21 08:00	224.6	228.7	222.5	226.3	8
2018-09-21 12:00	226.2	229.6	223.0	224.4	8
2018-09-21 16:00	224.3	250.1	224.3	245.4	8
2018-09-21 20:00	245.4	247.9	240.8	241.0	2
2018-09-23 20:00	239.9	243.6	238.3	242.8	6
2018-09-24 00:00	242.6	244.0	240.8	243.0	8
2018-09-24 04:00	243.2	243.2	229.6	233.8	8
2018-09-24 08:00	233.9	234.0	228.4	231.0	8
2018-09-24 12:00	231.1	234.1	229.4	231.0	8
2018-09-24 16:00	230.9	235.3	230.9	232.1	8
2018-09-24 20:00	232.0	233.2	223.4	226.1	8
2018-09-25 00:00	226.2	226.2	217.0	219.5	8
2018-09-25 04:00	219.6	220.3	205.8	207.1	8
2018-09-25 08:00	207.0	211.5	201.7	205.0	8
2018-09-25 12:00	204.9	210.4	204.8	208.4	8
2018-09-25 16:00	208.5	211.2	204.3	208.0	8
2018-09-25 20:00	208.1	217.5	208.0	217.4	8
2018-09-26 00:00	217.5	217.7	205.6	207.2	8
2018-09-26 04:00	207.3	213.4	206.6	212.3	8
2018-09-26 08:00	212.4	215.4	208.9	215.1	8
2018-09-26 12:00	215.1	220.8	210.1	218.1	8
2018-09-26 16:00	218.3	219.7	214.6	215.3	8
2018-09-26 20:00	215.2	217.9	211.2	212.4	8
2018-09-27 00:00	212.4	217.6	212.1	215.8	8
2018-09-27 04:00	216.0	216.2	211.0	211.5	8
2018-09-27 08:00	211.5	215.0	208.4	214.0	8
2018-09-27 12:00	214.1	219.1	214.0	215.0	8
2018-09-27 16:00	215.1	226.9	215.0	226.5	8
2018-09-27 20:00	226.4	232.0	225.2	227.0	8
2018-09-28 00:00	227.1	229.9	226.4	227.5	8
2018-09-28 04:00	227.6	231.9	226.0	228.4	8
2018-09-28 08:00	228.4	228.4	218.8	222.1	8
2018-09-28 12:00	222.0	225.3	219.9	224.2	8
2018-09-28 16:00	224.2	224.8	213.3	220.5	8
2018-09-28 20:00	220.3	220.6	217.7	219.1	2
2018-09-30 20:00	226.3	232.8	225.4	230.8	6
2018-10-01 00:00	230.8	233.1	230.6	230.9	8
2018-10-01 04:00	231.0	231.2	227.3	227.7	8
2018-10-01 08:00	227.6	230.3	225.7	227.0	8
2018-10-01 12:00	227.1	229.0	223.0	225.7	8
2018-10-01 16:00	225.7	228.9	223.8	227.7	8
2018-10-01 20:00	227.6	230.0	226.8	229.3	8
2018-10-02 00:00	229.4	230.0	226.0	228.1	8
2018-10-02 04:00	228.2	229.4	227.2	227.7	8
2018-10-02 08:00	227.7	228.3	225.8	226.1	8
2018-10-02 12:00	226.1	227.1	224.0	225.5	8
2018-10-02 16:00	225.4	225.6	221.1	224.7	8
2018-10-02 20:00	224.5	226.2	223.3	223.9	8
2018-10-03 00:00	223.8	224.4	214.5	216.4	8
2018-10-03 04:00	216.2	218.9	214.9	215.9	8
2018-10-03 08:00	215.9	219.5	214.3	218.4	8
2018-10-03 12:00	218.5	221.9	216.1	219.5	8
2018-10-03 16:00	219.4	220.5	214.8	216.4	8
2018-10-03 20:00	216.4	219.5	214.3	218.7	8
2018-10-04 00:00	218.7	224.4	217.6	222.7	8
2018-10-04 04:00	222.6	224.4	220.7	220.9	8
2018-10-04 08:00	221.0	222.9	220.4	221.1	8
2018-10-04 12:00	221.1	223.1	220.7	221.6	8
2018-10-04 16:00	221.6	223.0	220.7	222.1	8
2018-10-04 20:00	221.9	222.4	218.1	220.4	8
2018-10-05 00:00	220.3	222.4	217.4	218.9	8
2018-10-05 04:00	218.7	220.4	218.3	219.0	8
2018-10-05 08:00	219.1	221.5	218.5	221.1	8
2018-10-05 12:00	220.9	223.0	220.8	222.2	8
2018-10-05 16:00	222.1	222.8	220.3	221.0	8
2018-10-05 20:00	221.1	221.9	221.0	221.2	2
2018-10-07 20:00	218.5	221.5	218.0	220.5	6
2018-10-08 00:00	220.6	221.1	218.8	219.8	8
2018-10-08 04:00	219.8	220.0	218.3	219.0	8
2018-10-08 08:00	218.9	221.8	218.5	220.3	8
2018-10-08 12:00	220.2	226.0	220.1	223.8	8
2018-10-08 16:00	223.8	225.8	222.9	225.4	8
2018-10-08 20:00	225.4	226.1	222.4	223.9	8
2018-10-09 00:00	223.9	224.6	222.4	223.7	8
2018-10-09 04:00	223.7	224.9	222.9	224.3	8
2018-10-09 08:00	224.3	224.8	221.1	222.1	8
2018-10-09 12:00	222.0	222.6	220.4	222.3	8
2018-10-09 16:00	222.3	223.4	221.3	222.5	8
2018-10-09 20:00	222.6	223.9	221.1	222.2	8
2018-10-10 00:00	222.1	222.5	219.3	219.9	8
2018-10-10 04:00	219.9	220.5	217.4	219.3	8
2018-10-10 08:00	219.2	220.1	218.3	219.5	8
2018-10-10 12:00	219.6	220.7	218.2	218.5	8
2018-10-10 16:00	218.6	221.3	218.0	220.2	8
2018-10-10 20:00	219.8	220.8	217.7	219.6	8
2018-10-11 00:00	219.7	219.9	193.3	198.3	12
2018-10-11 04:00	198.5	200.2	188.8	193.6	8
2018-10-11 08:00	193.9	196.1	191.4	192.7	8
2018-10-11 12:00	192.6	197.4	189.3	194.1	8
2018-10-11 16:00	194.0	197.4	193.6	194.9	8
2018-10-11 20:00	195.0	195.6	181.4	184.9	9
2018-10-12 00:00	184.8	190.9	183.1	190.5	9
2018-10-12 04:00	190.4	195.3	188.1	192.3	8
2018-10-12 08:00	192.4	192.8	189.1	190.0	8
2018-10-12 12:00	190.0	194.6	189.8	192.3	8
2018-10-12 16:00	192.0	193.5	189.5	191.4	8
2018-10-15 00:00	188.8	190.9	186.9	189.4	8
2018-10-15 04:00	189.4	225.1	188.5	204.0	12
2018-10-15 08:00	204.0	211.3	199.4	205.9	8
2018-10-15 12:00	206.0	208.5	199.4	203.2	8
2018-10-15 16:00	203.3	204.8	198.1	200.0	8
2018-10-15 20:00	199.4	207.9	197.3	204.7	8
2018-10-16 00:00	203.9	205.2	200.7	202.2	8
2018-10-16 04:00	202.6	208.9	200.7	205.1	8
2018-10-16 08:00	205.7	205.7	201.1	204.0	8
2018-10-16 12:00	204.1	205.5	201.9	204.0	8
2018-10-16 16:00	204.0	204.9	201.5	203.7	8
2018-10-16 20:00	203.7	208.2	201.1	205.5	8
2018-10-17 00:00	205.5	206.9	203.2	205.4	8
2018-10-17 04:00	205.3	206.7	202.4	204.3	8
2018-10-17 08:00	204.0	205.9	200.0	202.7	8
2018-10-17 12:00	202.7	205.3	200.6	203.7	8
2018-10-17 16:00	204.4	204.8	201.4	202.7	8
2018-10-17 20:00	202.4	208.0	200.3	204.5	8
2018-10-18 00:00	204.5	205.0	200.5	204.1	8
2018-10-18 04:00	204.1	204.8	201.6	203.0	8
2018-10-18 08:00	203.0	203.7	199.4	201.4	8
2018-10-18 12:00	201.4	202.9	196.9	200.3	8
2018-10-18 16:00	199.9	200.6	195.2	197.6	8
2018-10-18 20:00	197.0	200.3	194.0	197.5	8
2018-10-19 00:00	197.5	199.2	196.1	197.9	8
2018-10-19 04:00	197.9	198.9	195.0	196.6	8
2018-10-19 08:00	196.6	199.8	195.2	198.1	8
2018-10-19 12:00	197.1	198.8	195.4	198.1	8
2018-10-19 16:00	198.1	199.2	196.3	197.2	8
2018-10-19 20:00	196.7	197.0	196.6	197.0	1
2018-10-22 00:00	199.9	200.7	198.1	199.5	8
2018-10-22 04:00	199.5	201.2	196.5	196.6	8
2018-10-22 08:00	196.7	197.2	195.9	196.7	8
2018-10-22 12:00	196.8	196.9	194.7	195.7	8
2018-10-22 16:00	195.7	196.2	194.6	195.1	8
2018-10-22 20:00	195.2	196.7	195.1	196.2	8
2018-10-23 00:00	196.1	197.0	194.8	195.3	8
2018-10-23 04:00	195.4	195.9	195.2	195.3	8
2018-10-23 08:00	195.3	195.4	192.8	193.4	8
2018-10-23 12:00	193.4	194.6	193.4	193.6	8
2018-10-23 16:00	193.7	196.8	193.6	196.1	8
2018-10-23 20:00	196.0	196.6	195.6	196.0	8
2018-10-24 00:00	196.1	196.6	196.0	196.5	8
2018-10-24 04:00	196.5	197.5	196.1	196.7	8
2018-10-24 08:00	196.7	196.9	196.0	196.3	8
2018-10-24 12:00	196.3	196.9	195.5	195.5	8
2018-10-24 16:00	195.5	196.1	195.2	195.8	8
2018-10-24 20:00	195.8	196.7	195.3	195.6	8
2018-10-25 00:00	195.6	195.8	192.8	194.3	8
2018-10-25 04:00	194.2	194.5	193.8	194.4	8
2018-10-25 08:00	194.3	195.6	194.3	194.5	8
2018-10-25 12:00	194.5	195.3	194.1	194.5	8
2018-10-25 16:00	194.5	195.3	194.4	195.0	8
2018-10-25 20:00	195.0	195.4	194.6	194.6	8
2018-10-26 00:00	194.6	194.9	194.4	194.4	8
2018-10-26 04:00	194.4	195.1	193.6	193.9	8
2018-10-26 08:00	194.0	199.1	193.7	196.5	8
2018-10-26 12:00	196.4	196.5	194.2	194.9	8
2018-10-26 16:00	194.9	195.4	194.8	195.0	8
2018-10-29 00:00	197.4	197.6	197.1	197.2	8
2018-10-29 04:00	197.3	197.3	196.9	197.0	8
2018-10-29 08:00	197.0	197.2	194.6	195.6	8
2018-10-29 12:00	195.5	195.6	186.6	190.4	8
2018-10-29 16:00	190.3	190.4	188.0	188.5	8
2018-10-29 20:00	188.4	189.6	187.8	189.3	8
2018-10-30 00:00	189.2	190.1	188.8	189.5	8
2018-10-30 04:00	189.5	190.2	189.5	189.6	8
2018-10-30 08:00	189.7	189.7	188.8	189.6	8
2018-10-30 12:00	189.5	190.0	189.3	189.7	8
2018-10-30 16:00	189.7	189.7	188.0	188.5	8
2018-10-30 20:00	188.4	191.4	188.4	190.3	8
2018-10-31 00:00	190.3	190.6	190.0	190.1	8
2018-10-31 04:00	190.1	190.2	189.2	189.4	8
2018-10-31 08:00	189.4	189.9	188.9	189.7	8
2018-10-31 12:00	189.7	194.1	186.8	192.6	8
2018-10-31 16:00	192.5	192.5	190.8	191.5	8
2018-10-31 20:00	191.5	192.5	190.9	191.8	8
2018-11-01 00:00	191.9	192.0	191.2	191.2	8
2018-11-01 04:00	191.2	192.0	191.2	191.9	8
2018-11-01 08:00	192.0	192.0	191.4	191.5	8
2018-11-01 12:00	191.6	191.9	191.3	191.4	8
2018-11-01 16:00	191.3	192.3	191.2	191.8	8
2018-11-01 20:00	191.8	193.5	191.8	192.8	8
2018-11-02 00:00	192.7	194.7	192.7	193.5	8
2018-11-02 04:00	193.5	193.6	192.7	193.3	8
2018-11-02 08:00	193.3	193.3	192.7	193.3	8
2018-11-02 12:00	193.3	196.4	193.2	195.1	8
2018-11-02 16:00	195.1	195.7	194.5	195.2	8
2018-11-02 20:00	195.2	195.2	195.2	195.2	1
2018-11-05 00:00	205.1	205.2	202.0	202.1	8
2018-11-05 04:00	202.2	203.8	201.8	203.5	8
2018-11-05 08:00	203.5	203.5	201.7	202.1	8
2018-11-05 12:00	202.1	206.2	202.1	204.4	8
2018-11-05 16:00	204.4	204.4	200.5	201.3	8
2018-11-05 20:00	201.3	204.0	201.3	203.5	8
2018-11-06 00:00	203.5	204.0	202.1	202.2	8
2018-11-06 04:00	202.2	205.0	202.1	204.4	8
2018-11-06 08:00	204.4	209.9	204.4	205.5	8
2018-11-06 12:00	205.6	211.3	205.6	210.2	8
2018-11-06 16:00	210.2	210.4	207.6	207.9	8
2018-11-06 20:00	207.9	213.9	207.9	213.4	8
2018-11-07 00:00	213.6	217.7	213.1	214.5	8
2018-11-07 04:00	214.5	214.6	211.1	213.2	8
2018-11-07 08:00	213.3	216.7	212.7	214.1	8
2018-11-07 12:00	214.1	215.2	210.4	211.5	8
2018-11-07 16:00	211.5	213.3	211.3	211.5	8
2018-11-07 20:00	211.5	212.0	210.9	211.7	8
2018-11-08 00:00	211.6	213.1	207.0	207.0	8
2018-11-08 04:00	207.1	208.6	207.0	207.9	8
2018-11-08 08:00	207.9	209.1	207.6	208.1	8
2018-11-08 12:00	208.2	210.3	207.2	207.7	8
2018-11-08 16:00	207.7	207.7	205.5	206.8	8
2018-11-08 20:00	206.9	208.2	204.8	205.1	8
2018-11-09 00:00	205.3	206.4	205.1	206.3	8
2018-11-09 04:00	206.4	207.0	206.1	206.5	8
2018-11-09 08:00	206.5	207.1	203.3	204.1	8
2018-11-09 12:00	204.0	204.6	202.1	203.4	8
2018-11-09 16:00	203.4	203.9	202.5	203.1	8
2018-11-09 20:00	203.2	203.4	203.2	203.4	1
2018-11-12 00:00	204.7	206.1	204.6	204.8	8
2018-11-12 04:00	204.8	205.1	203.5	203.5	8
2018-11-12 08:00	203.5	204.7	203.1	204.6	8
2018-11-12 12:00	204.6	205.7	204.6	204.9	8
2018-11-12 16:00	204.9	205.1	203.2	203.9	8
2018-11-12 20:00	203.8	203.8	202.1	203.7	8
2018-11-13 00:00	203.6	203.7	200.1	201.8	8
2018-11-13 04:00	201.8	202.4	200.6	201.6	8
2018-11-13 08:00	201.6	201.6	199.4	201.2	8
2018-11-13 12:00	201.3	201.5	200.0	201.3	8
2018-11-13 16:00	201.3	202.3	197.9	198.9	8
2018-11-13 20:00	198.8	199.5	197.8	198.2	8
2018-11-14 00:00	198.2	199.0	197.3	198.8	8
2018-11-14 04:00	198.8	199.8	198.5	198.5	8
2018-11-14 08:00	198.6	198.9	191.3	193.9	8
2018-11-14 12:00	193.9	194.7	180.6	180.8	8
2018-11-14 16:00	180.8	183.5	163.8	169.9	10
2018-11-14 20:00	170.0	173.9	160.4	172.8	8
2018-11-15 00:00	172.7	175.8	167.6	170.7	8
2018-11-15 04:00	170.7	172.7	166.5	172.3	8
2018-11-15 08:00	172.3	172.7	164.4	167.0	8
2018-11-15 12:00	167.0	170.6	160.5	169.1	8
2018-11-15 16:00	169.0	174.0	165.6	173.8	8
2018-11-15 20:00	173.7	174.1	168.5	173.6	8
2018-11-16 00:00	173.8	174.4	170.8	172.9	8
2018-11-16 04:00	172.8	172.9	171.0	171.9	8
2018-11-16 08:00	171.9	172.8	168.7	171.4	8
2018-11-16 12:00	171.5	171.8	169.6	169.8	8
2018-11-16 16:00	169.8	171.8	168.2	168.3	8
2018-11-16 20:00	168.3	168.3	165.3	165.8	4
2018-11-18 20:00	169.2	170.9	168.4	170.8	4
2018-11-19 00:00	170.8	170.8	162.7	164.6	8
2018-11-19 04:00	164.6	164.6	154.6	154.7	8
2018-11-19 08:00	154.6	154.6	146.7	149.7	8
2018-11-19 12:00	149.7	151.1	145.8	149.0	8
2018-11-19 16:00	149.1	149.5	144.1	147.4	8
2018-11-19 20:00	147.4	149.5	137.4	140.4	8
2018-11-20 00:00	140.3	144.6	139.6	141.6	8
2018-11-20 04:00	141.5	142.4	128.2	129.6	8
2018-11-20 08:00	129.5	129.9	116.7	124.0	8
2018-11-20 12:00	123.9	138.6	123.9	138.5	8
2018-11-20 16:00	138.6	139.6	128.9	130.2	8
2018-11-20 20:00	130.1	130.1	117.0	122.6	8
2018-11-21 00:00	123.4	127.8	117.5	126.5	8
2018-11-21 04:00	126.4	127.8	121.0	126.3	8
2018-11-21 08:00	126.4	132.3	125.4	127.3	8
2018-11-21 12:00	127.4	132.2	126.0	129.4	8
2018-11-21 16:00	129.3	130.3	124.6	125.3	8
2018-11-21 20:00	125.2	130.8	123.8	129.6	8
2018-11-22 00:00	129.7	131.6	128.5	130.1	8
2018-11-22 04:00	130.2	130.6	127.6	128.6	8
2018-11-22 08:00	128.6	128.9	125.0	126.3	8
2018-11-22 12:00	126.3	126.3	122.0	125.0	8
2018-11-22 16:00	125.0	125.7	122.6	123.0	8
2018-11-22 20:00	123.1	125.3	117.5	118.3	8
2018-11-23 00:00	118.4	120.1	111.6	116.8	8
2018-11-23 04:00	116.9	119.3	113.9	117.4	8
2018-11-23 08:00	117.4	120.0	116.2	117.3	8
2018-11-23 12:00	117.5	117.9	113.4	115.2	8
2018-11-23 16:00	115.2	115.5	112.2	114.4	8
2018-11-23 20:00	114.3	115.8	113.6	115.0	4
2018-11-25 20:00	111.2	112.2	108.3	109.4	4
2018-11-26 00:00	109.4	111.8	107.1	109.0	8
2018-11-26 04:00	109.0	111.9	106.4	109.0	8
2018-11-26 08:00	109.0	109.3	106.4	108.1	8
2018-11-26 12:00	108.2	108.3	101.2	101.5	8
2018-11-26 16:00	101.5	105.5	97.7	103.4	8
2018-11-26 20:00	103.3	103.4	97.8	101.9	8
2018-11-27 00:00	101.8	102.1	97.6	99.0	8
2018-11-27 04:00	98.9	102.3	98.2	100.8	8
2018-11-27 08:00	100.7	100.8	94.2	96.9	8
2018-11-27 12:00	97.0	100.7	96.2	98.1	8
2018-11-27 16:00	98.1	101.9	97.5	100.6	8
2018-11-27 20:00	100.6	106.3	99.7	103.6	8
2018-11-28 00:00	103.7	106.3	103.6	106.0	8
2018-11-28 04:00	105.9	110.5	105.1	110.0	8
2018-11-28 08:00	109.9	110.5	107.7	108.7	8
2018-11-28 12:00	108.7	115.3	107.8	114.4	8
2018-11-28 16:00	114.5	119.9	112.2	118.3	8
2018-11-28 20:00	118.3	121.1	114.5	116.9	8
2018-11-29 00:00	117.4	118.1	111.2	111.4	8
2018-11-29 04:00	111.5	115.0	110.2	113.2	8
2018-11-29 08:00	113.2	118.4	112.9	116.2	8
2018-11-29 12:00	116.3	116.8	110.9	112.4	8
2018-11-29 16:00	112.4	115.5	110.8	111.9	8
2018-11-29 20:00	111.5	112.9	108.6	111.8	8
2018-11-30 00:00	111.7	114.4	109.5	113.2	8
2018-11-30 04:00	113.1	114.3	110.6	111.1	8
2018-11-30 08:00	111.1	112.7	106.3	107.4	8
2018-11-30 12:00	107.3	108.5	105.9	107.7	8
2018-11-30 16:00	107.7	109.4	107.1	108.5	8
2018-11-30 20:00	108.4	108.5	105.0	106.5	4
2018-12-02 20:00	111.4	112.0	109.5	110.3	4
2018-12-03 00:00	109.9	110.6	106.6	107.5	8
2018-12-03 04:00	107.5	107.7	105.9	107.0	8
2018-12-03 08:00	107.0	108.1	106.2	107.5	8
2018-12-03 12:00	107.5	108.3	101.0	101.7	8
2018-12-03 16:00	101.6	102.1	100.3	101.6	8
2018-12-03 20:00	101.6	104.0	100.8	102.6	8
2018-12-04 00:00	102.6	104.0	100.7	102.7	8
2018-12-04 04:00	102.6	106.3	100.2	106.3	8
2018-12-04 08:00	106.4	107.2	104.8	105.7	8
2018-12-04 12:00	105.3	107.5	104.8	106.3	8
2018-12-04 16:00	106.4	106.4	104.1	104.6	8
2018-12-04 20:00	104.7	104.7	103.0	104.1	8
2018-12-05 00:00	104.1	104.6	100.9	101.5	8
2018-12-05 04:00	101.5	102.4	100.3	101.1	8
2018-12-05 08:00	101.0	103.0	100.6	102.9	8
2018-12-05 12:00	102.9	103.3	100.5	100.5	8
2018-12-05 16:00	101.0	101.0	96.5	97.2	8
2018-12-05 20:00	97.2	97.9	95.6	95.7	8
2018-12-06 00:00	96.1	97.4	94.8	96.0	8
2018-12-06 04:00	96.0	98.4	89.8	97.3	8
2018-12-06 08:00	97.3	98.0	93.6	95.1	8
2018-12-06 12:00	95.1	96.9	90.4	92.0	8
2018-12-06 16:00	92.0	92.4	89.2	91.9	8
2018-12-06 20:00	91.9	92.0	84.2	84.2	8
2018-12-07 00:00	84.3	86.4	76.6	79.3	8
2018-12-07 04:00	78.8	83.3	78.4	81.1	8
2018-12-07 08:00	81.2	82.1	78.6	80.7	8
2018-12-07 12:00	80.7	83.3	79.5	80.2	8
2018-12-07 16:00	80.2	93.0	77.4	91.7	8
2018-12-07 20:00	91.8	92.0	85.4	88.2	4
2018-12-09 20:00	88.1	89.6	87.2	87.7	4
2018-12-10 00:00	88.7	90.4	86.8	88.0	8
2018-12-10 04:00	88.0	88.1	85.0	86.8	8
2018-12-10 08:00	86.7	87.9	85.3	87.1	8
2018-12-10 12:00	87.1	87.3	83.4	84.4	8
2018-12-10 16:00	84.4	86.8	82.6	83.8	8
2018-12-10 20:00	83.7	85.6	83.2	84.3	8
2018-12-11 00:00	85.1	85.1	83.2	84.6	8
2018-12-11 04:00	84.7	86.7	83.8	85.0	8
2018-12-11 08:00	85.0	85.9	81.6	82.3	8
2018-12-11 12:00	82.4	83.3	80.8	81.7	8
2018-12-11 16:00	81.8	82.9	80.6	82.3	8
2018-12-11 20:00	82.3	84.5	81.1	82.0	8
2018-12-12 00:00	82.9	83.6	81.3	82.5	8
2018-12-12 04:00	82.5	84.5	81.4	84.1	8
2018-12-12 08:00	84.2	86.2	82.9	85.0	8
2018-12-12 12:00	84.9	86.4	83.6	85.7	8
2018-12-12 16:00	85.6	86.5	84.7	85.3	8
2018-12-12 20:00	85.4	86.2	83.5	84.1	8
2018-12-13 00:00	84.8	84.9	83.1	84.1	8
2018-12-13 04:00	83.3	84.2	82.7	84.2	8
2018-12-13 08:00	84.2	84.9	83.1	84.0	8
2018-12-13 12:00	84.0	85.9	83.5	85.8	8
2018-12-13 16:00	85.9	85.9	81.6	82.1	8
2018-12-13 20:00	82.1	82.5	79.0	81.4	8
2018-12-14 00:00	81.3	82.1	79.5	81.3	8
2018-12-14 04:00	81.2	81.9	79.9	81.2	8
2018-12-14 08:00	81.2	81.7	79.5	80.6	8
2018-12-14 12:00	80.7	81.5	79.7	80.8	8
2018-12-14 16:00	80.7	80.9	77.8	79.2	8
2018-12-14 20:00	79.1	79.2	76.8	76.9	4
2018-12-16 20:00	79.0	80.1	78.6	79.5	4
2018-12-17 00:00	79.4	80.5	78.8	79.9	8
2018-12-17 04:00	79.8	81.5	79.0	81.2	8
2018-12-17 08:00	81.3	81.8	80.1	80.9	8
2018-12-17 12:00	81.0	86.0	80.9	84.9	8
2018-12-17 16:00	85.0	92.2	84.8	90.9	8
2018-12-17 20:00	90.9	91.7	88.5	89.3	8
2018-12-18 00:00	89.5	91.0	88.1	90.3	8
2018-12-18 04:00	90.3	90.3	87.7	88.8	8
2018-12-18 08:00	88.9	89.0	87.0	88.7	8
2018-12-18 12:00	88.7	91.6	87.8	89.2	8
2018-12-18 16:00	89.3	90.6	88.0	89.1	8
2018-12-18 20:00	89.2	96.9	88.1	96.0	8
2018-12-19 00:00	96.0	100.0	94.9	98.5	8
2018-12-19 04:00	98.5	98.7	95.5	96.4	8
2018-12-19 08:00	96.4	99.7	95.9	99.3	8
2018-12-19 12:00	99.2	103.1	97.1	97.9	8
2018-12-19 16:00	97.8	100.7	97.4	98.3	8
2018-12-19 20:00	98.2	98.8	93.6	94.4	8
2018-12-20 00:00	94.8	97.3	93.8	95.7	8
2018-12-20 04:00	95.6	96.8	94.8	96.5	8
2018-12-20 08:00	96.5	105.8	96.5	103.2	9
2018-12-20 12:00	103.1	105.4	101.8	103.8	9
2018-12-20 16:00	103.6	112.2	103.3	107.9	9
2018-12-20 20:00	107.8	110.3	103.9	109.5	10
2018-12-21 00:00	109.9	114.3	106.5	109.4	8
2018-12-21 04:00	109.3	109.6	105.0	109.1	9
2018-12-21 08:00	109.0	111.2	107.6	110.6	8
2018-12-21 12:00	110.5	112.3	106.2	107.1	8
2018-12-21 16:00	107.0	108.4	102.0	102.3	8
2018-12-21 20:00	102.2	104.2	100.5	103.0	4
2018-12-23 20:00	125.0	125.7	123.2	124.9	4
2018-12-24 00:00	124.7	146.2	124.5	145.0	12
2018-12-24 04:00	145.0	146.3	139.9	142.1	9
2018-12-24 08:00	141.9	143.2	136.8	139.3	8
2018-12-24 12:00	139.3	154.1	138.3	140.5	9
2018-12-24 16:00	140.4	143.7	127.3	132.1	13
2018-12-24 20:00	132.2	138.0	131.6	137.3	4
2018-12-25 20:00	125.2	126.6	121.5	123.8	4
2018-12-26 00:00	123.9	131.7	122.2	128.4	11
2018-12-26 04:00	128.4	129.9	124.9	126.6	8
2018-12-26 08:00	126.6	126.7	120.8	122.6	8
2018-12-26 12:00	122.7	125.4	118.8	120.3	8
2018-12-26 16:00	120.3	125.6	119.5	124.6	8
2018-12-26 20:00	124.6	127.1	121.8	125.5	10
2018-12-27 00:00	125.5	127.0	120.9	121.1	8
2018-12-27 04:00	121.0	122.4	116.4	118.7	9
2018-12-27 08:00	118.7	121.1	118.1	119.7	8
2018-12-27 12:00	119.6	120.8	117.7	118.2	8
2018-12-27 16:00	118.1	119.6	109.3	110.2	10
2018-12-27 20:00	110.1	111.6	107.6	109.5	8
2018-12-28 00:00	109.5	110.9	108.3	109.4	8
2018-12-28 04:00	109.4	112.8	108.4	111.9	9
2018-12-28 08:00	111.9	113.9	111.3	113.4	8
2018-12-28 12:00	113.4	123.8	109.0	122.9	8
2018-12-28 16:00	122.9	133.4	122.9	130.4	8
2018-12-28 20:00	130.4	131.8	128.0	129.3	4
2018-12-30 20:00	133.1	134.8	132.5	133.9	4
2018-12-31 00:00	133.2	134.2	128.6	130.1	8
2018-12-31 04:00	130.1	131.0	129.4	130.4	8
2018-12-31 08:00	130.5	131.9	129.2	130.0	8
2018-12-31 12:00	129.9	132.8	129.5	131.2	8
2018-12-31 16:00	131.2	132.0	124.3	126.5	8
2018-12-31 20:00	126.6	127.1	125.2	125.6	4
2019-01-01 20:00	132.7	135.9	131.9	134.8	4
2019-01-02 00:00	134.5	136.0	133.9	134.5	8
2019-01-02 04:00	134.4	139.8	134.3	139.7	9
2019-01-02 08:00	139.6	145.0	139.6	143.7	8
2019-01-02 12:00	143.8	147.9	142.4	144.4	8
2019-01-02 16:00	144.4	148.1	143.6	146.6	8
2019-01-02 20:00	146.7	151.8	145.4	148.4	8
2019-01-03 00:00	148.5	149.1	145.5	147.7	8
2019-01-03 04:00	147.8	149.6	146.7	147.8	8
2019-01-03 08:00	147.8	147.8	141.0	142.8	9
2019-01-03 12:00	142.9	145.2	142.1	144.2	8
2019-01-03 16:00	144.2	144.4	139.6	141.3	8
2019-01-03 20:00	141.4	144.1	141.2	142.3	8
2019-01-04 00:00	142.7	147.0	140.5	146.7	8
2019-01-04 04:00	146.8	150.8	145.5	148.7	8
2019-01-04 08:00	148.6	149.8	145.4	145.6	8
2019-01-04 12:00	145.7	146.9	140.9	143.1	9
2019-01-04 16:00	143.0	144.6	142.2	144.4	8
2019-01-04 20:00	144.3	150.4	143.3	149.1	4
2019-01-06 20:00	150.8	151.6	149.3	150.8	4
2019-01-07 00:00	150.8	152.2	148.7	150.0	8
2019-01-07 04:00	150.0	150.7	149.4	150.2	8
2019-01-07 08:00	150.1	150.6	145.0	147.8	8
2019-01-07 12:00	147.9	149.1	146.2	147.2	8
2019-01-07 16:00	147.1	148.6	145.8	147.8	8
2019-01-07 20:00	147.8	148.0	143.9	145.4	8
2019-01-08 00:00	145.4	146.9	141.5	143.0	8
2019-01-08 04:00	143.0	143.7	142.0	143.1	8
2019-01-08 08:00	143.1	146.5	142.7	146.2	8
2019-01-08 12:00	146.1	148.0	144.7	145.1	8
2019-01-08 16:00	145.2	145.5	143.7	144.7	8
2019-01-08 20:00	144.6	145.1	143.4	144.0	8
2019-01-09 00:00	144.6	147.8	143.4	146.8	8
2019-01-09 04:00	146.7	147.4	145.3	146.0	8
2019-01-09 08:00	146.1	146.8	145.4	146.0	8
2019-01-09 12:00	145.9	146.1	143.9	144.6	8
2019-01-09 16:00	144.6	145.5	144.3	144.9	8
2019-01-09 20:00	144.8	146.5	143.6	144.4	8
2019-01-10 00:00	144.2	145.9	144.0	144.6	8
2019-01-10 04:00	144.6	144.9	129.5	131.6	10
2019-01-10 08:00	131.5	131.6	124.1	127.6	10
2019-01-10 12:00	127.7	128.2	124.9	126.0	8
2019-01-10 16:00	126.0	126.0	117.4	122.1	8
2019-01-10 20:00	122.1	123.2	120.9	121.1	8
2019-01-11 00:00	121.1	123.7	119.5	122.2	8
2019-01-11 04:00	122.1	123.1	120.7	123.0	8
2019-01-11 08:00	123.0	123.3	117.0	119.3	8
2019-01-11 12:00	119.3	123.0	117.2	120.2	8
2019-01-11 16:00	120.3	122.8	119.9	120.6	8
2019-01-11 20:00	120.5	122.0	119.2	120.4	4
2019-01-13 20:00	110.5	110.9	109.8	110.5	4
2019-01-14 00:00	110.5	113.0	110.3	112.3	8
2019-01-14 04:00	112.3	113.3	111.9	112.3	8
2019-01-14 08:00	112.4	112.7	110.9	111.4	8
2019-01-14 12:00	111.5	124.3	111.2	123.7	8
2019-01-14 16:00	123.6	126.4	122.3	124.1	9
2019-01-14 20:00	124.2	124.9	121.3	123.4	8
2019-01-15 00:00	122.4	124.9	122.4	123.2	8
2019-01-15 04:00	123.2	123.8	122.6	123.3	8
2019-01-15 08:00	123.4	123.6	120.3	121.6	8
2019-01-15 12:00	121.6	125.5	120.0	121.2	9
2019-01-15 16:00	121.1	122.6	120.2	121.0	8
2019-01-15 20:00	121.0	121.1	112.2	115.1	9
2019-01-16 00:00	115.3	115.7	114.5	115.6	8
2019-01-16 04:00	115.7	116.6	115.0	115.3	8
2019-01-16 08:00	115.2	118.9	115.1	117.7	8
2019-01-16 12:00	117.6	122.7	116.0	117.2	9
2019-01-16 16:00	117.1	119.8	114.7	117.1	8
2019-01-16 20:00	117.0	118.4	116.2	117.2	8
2019-01-17 00:00	117.3	117.7	114.8	115.8	8
2019-01-17 04:00	115.9	117.3	115.4	116.3	8
2019-01-17 08:00	116.3	116.9	112.7	115.9	8
2019-01-17 12:00	116.0	117.1	114.3	116.3	8
2019-01-17 16:00	116.2	119.0	115.3	117.4	8
2019-01-17 20:00	117.3	118.6	116.4	117.5	8
2019-01-18 00:00	117.4	117.9	116.7	116.9	8
2019-01-18 04:00	117.0	117.2	116.0	117.2	8
2019-01-18 08:00	117.3	117.6	115.4	116.2	8
2019-01-18 12:00	116.2	116.8	114.5	116.7	8
2019-01-18 16:00	116.6	116.7	113.5	114.7	8
2019-01-18 20:00	114.7	115.3	114.6	114.9	4
2019-01-20 20:00	112.6	113.3	112.4	112.8	4
2019-01-21 00:00	112.5	113.1	112.0	112.2	8
2019-01-21 04:00	112.2	112.2	109.2	111.4	8
2019-01-21 08:00	111.4	113.2	110.6	112.9	8
2019-01-21 12:00	113.0	113.5	111.1	112.0	8
2019-01-21 16:00	111.9	112.4	111.1	111.9	8
2019-01-21 20:00	111.9	111.9	110.0	111.2	8
2019-01-22 00:00	111.3	112.8	111.0	111.7	8
2019-01-22 04:00	111.7	111.9	110.6	111.2	8
2019-01-22 08:00	111.2	111.8	106.7	110.2	8
2019-01-22 12:00	110.1	114.2	109.9	113.6	8
2019-01-22 16:00	113.7	114.9	112.7	113.7	8
2019-01-22 20:00	113.7	114.3	112.6	113.3	8
2019-01-23 00:00	113.3	114.2	113.3	113.9	8
2019-01-23 04:00	113.5	113.9	112.8	113.2	8
2019-01-23 08:00	113.2	113.4	112.0	113.3	8
2019-01-23 12:00	113.3	114.3	111.7	111.8	8
2019-01-23 16:00	111.9	112.9	111.2	111.2	8
2019-01-23 20:00	111.1	112.0	110.1	111.9	8
2019-01-24 00:00	111.9	112.0	110.3	110.5	8
2019-01-24 04:00	110.5	111.4	110.1	111.2	8
2019-01-24 08:00	111.2	111.9	109.3	111.5	8
2019-01-24 12:00	111.5	112.3	110.7	111.3	8
2019-01-24 16:00	111.4	112.4	110.4	112.1	8
2019-01-24 20:00	112.2	112.6	111.2	111.8	8
2019-01-25 00:00	111.8	112.0	111.3	111.8	8
2019-01-25 04:00	111.8	112.0	110.8	111.2	8
2019-01-25 08:00	111.2	112.6	109.8	110.9	8
2019-01-25 12:00	110.8	112.0	110.2	111.0	8
2019-01-25 16:00	111.0	111.1	109.7	110.3	8
2019-01-25 20:00	110.2	110.7	109.5	110.6	4
2019-01-27 20:00	107.9	108.6	106.7	107.0	4
2019-01-28 00:00	107.6	107.9	102.8	103.0	8
2019-01-28 04:00	103.0	103.7	100.7	102.1	8
2019-01-28 08:00	102.1	102.1	98.4	99.0	8
2019-01-28 12:00	99.0	99.7	96.4	98.5	8
2019-01-28 16:00	98.5	99.5	97.4	99.5	8
2019-01-28 20:00	99.5	102.1	98.5	100.9	8
2019-01-29 00:00	101.0	101.4	99.0	99.4	8
2019-01-29 04:00	99.4	100.0	97.7	98.3	8
2019-01-29 08:00	98.3	100.1	97.7	99.0	8
2019-01-29 12:00	99.0	100.7	98.7	100.6	8
2019-01-29 16:00	100.7	101.6	99.5	100.4	8
2019-01-29 20:00	100.4	101.1	99.0	99.0	8
2019-01-30 00:00	99.5	100.2	98.5	99.9	8
2019-01-30 04:00	100.0	100.7	99.3	100.2	8
2019-01-30 08:00	99.7	101.1	99.3	100.0	8
2019-01-30 12:00	100.1	104.8	99.5	103.9	8
2019-01-30 16:00	104.0	104.4	102.6	103.2	8
2019-01-30 20:00	103.3	103.7	102.3	103.3	8
2019-01-31 00:00	103.0	105.6	103.0	104.1	8
2019-01-31 04:00	104.1	104.4	103.1	104.1	8
2019-01-31 08:00	103.4	104.2	101.0	101.9	8
2019-01-31 12:00	101.9	102.3	100.3	101.5	8
2019-01-31 16:00	101.6	101.7	100.0	101.3	8
2019-01-31 20:00	101.4	102.2	100.6	100.8	8
2019-02-01 00:00	101.3	101.8	98.6	99.8	8
2019-02-01 04:00	99.7	100.2	98.3	99.2	8
2019-02-01 08:00	99.4	102.5	98.5	101.6	8
2019-02-01 12:00	101.7	102.6	100.6	102.3	8
2019-02-01 16:00	101.5	102.5	99.9	101.5	8
2019-02-01 20:00	100.8	102.3	100.8	102.1	4
2019-02-03 20:00	100.1	102.5	99.9	101.9	4
2019-02-04 00:00	102.1	102.8	100.5	101.8	8
2019-02-04 04:00	101.9	102.5	100.7	102.1	8
2019-02-04 08:00	102.1	103.7	100.7	101.4	8
2019-02-04 12:00	101.3	102.5	100.9	102.1	8
2019-02-04 16:00	102.2	102.7	101.1	102.7	8
2019-02-04 20:00	102.7	103.0	100.9	102.2	8
2019-02-05 00:00	101.5	102.3	100.3	101.8	8
2019-02-05 04:00	101.9	102.3	100.6	102.0	8
2019-02-05 08:00	102.0	102.7	101.1	102.3	8
2019-02-05 12:00	102.3	102.4	100.8	101.4	8
2019-02-05 16:00	101.6	101.9	100.3	101.6	8
2019-02-05 20:00	101.6	102.3	100.6	101.1	8
2019-02-06 00:00	102.1	102.8	95.9	97.9	8
2019-02-06 04:00	98.0	98.4	96.7	98.2	8
2019-02-06 08:00	98.3	98.3	96.3	97.2	8
2019-02-06 12:00	97.2	98.4	96.1	98.3	8
2019-02-06 16:00	98.2	100.7	97.7	98.7	8
2019-02-06 20:00	98.6	100.1	97.7	98.3	8
2019-02-07 00:00	98.7	100.3	98.2	100.0	8
2019-02-07 04:00	100.0	100.2	98.6	99.9	8
2019-02-07 08:00	100.0	100.9	98.9	99.6	8
2019-02-07 12:00	99.6	100.1	98.3	99.3	8
2019-02-07 16:00	99.3	99.5	97.9	99.1	8
2019-02-07 20:00	99.1	99.6	98.0	99.2	8
2019-02-08 00:00	98.8	99.6	97.6	99.5	8
2019-02-08 04:00	99.5	99.9	98.3	99.2	8
2019-02-08 08:00	99.3	104.3	98.6	102.9	8
2019-02-08 12:00	103.0	107.0	102.0	107.0	8
2019-02-08 16:00	106.8	117.8	105.8	114.4	10
2019-02-08 20:00	114.5	114.5	112.1	112.4	4
2019-02-10 20:00	112.4	120.6	112.4	119.0	4
2019-02-11 00:00	120.0	120.5	114.2	115.2	9
2019-02-11 04:00	115.1	115.5	113.5	115.3	8
2019-02-11 08:00	115.4	116.1	113.8	114.9	8
2019-02-11 12:00	115.0	118.1	114.0	115.9	8
2019-02-11 16:00	116.0	116.8	114.3	116.1	8
2019-02-11 20:00	116.1	116.6	114.4	115.3	8
2019-02-12 00:00	115.6	116.4	112.8	115.1	8
2019-02-12 04:00	115.2	115.9	114.1	115.8	8
2019-02-12 08:00	115.8	115.8	113.5	114.9	8
2019-02-12 12:00	115.0	116.1	113.4	114.0	8
2019-02-12 16:00	114.1	117.8	113.7	116.6	8
2019-02-12 20:00	116.7	117.7	114.7	116.4	8
2019-02-13 00:00	116.4	117.6	115.5	117.5	8
2019-02-13 04:00	117.5	120.5	116.3	117.8	8
2019-02-13 08:00	117.8	118.2	116.1	117.0	8
2019-02-13 12:00	117.0	117.5	115.2	115.3	8
2019-02-13 16:00	115.2	116.3	114.9	115.4	8
2019-02-13 20:00	114.9	116.5	114.9	116.1	8
2019-02-14 00:00	116.1	118.3	115.5	117.3	8
2019-02-14 04:00	117.4	118.6	115.4	115.9	8
2019-02-14 08:00	115.9	116.8	114.4	115.0	8
2019-02-14 12:00	114.5	116.7	114.5	116.5	8
2019-02-14 16:00	116.5	117.0	115.4	115.8	8
2019-02-14 20:00	115.8	116.1	114.4	114.9	8
2019-02-15 00:00	114.9	116.2	114.4	116.0	8
2019-02-15 04:00	115.6	117.7	115.5	116.7	8
2019-02-15 08:00	116.8	117.4	115.6	116.3	8
2019-02-15 12:00	115.9	118.5	114.6	115.6	8
2019-02-15 16:00	115.2	115.9	115.0	115.6	8
2019-02-15 20:00	115.6	116.1	115.0	115.4	4
2019-02-17 20:00	124.1	129.6	124.1	127.3	4
2019-02-18 00:00	127.7	132.8	126.5	132.2	8
2019-02-18 04:00	132.2	133.3	129.7	131.0	8
2019-02-18 08:00	131.1	134.8	130.6	134.6	8
2019-02-18 12:00	134.6	141.3	134.0	139.0	8
2019-02-18 16:00	139.1	143.2	138.0	139.6	8
2019-02-18 20:00	139.6	140.5	135.6	140.1	8
2019-02-19 00:00	140.1	144.6	139.5	140.8	8
2019-02-19 04:00	140.8	143.0	139.6	142.9	8
2019-02-19 08:00	142.4	143.3	139.3	140.7	8
2019-02-19 12:00	140.8	143.3	140.7	142.3	8
2019-02-19 16:00	142.4	142.9	139.6	141.9	8
2019-02-19 20:00	141.9	141.9	137.7	137.7	8
2019-02-20 00:00	138.1	139.0	135.1	137.0	8
2019-02-20 04:00	136.6	138.4	135.1	137.9	8
2019-02-20 08:00	137.9	141.7	137.1	140.6	8
2019-02-20 12:00	140.6	143.0	139.3	139.8	8
2019-02-20 16:00	139.8	142.6	139.4	141.1	8
2019-02-20 20:00	141.2	144.1	139.9	142.4	8
2019-02-21 00:00	142.2	143.4	139.6	142.7	8
2019-02-21 04:00	142.6	144.3	140.4	142.1	8
2019-02-21 08:00	142.1	142.2	137.1	139.0	8
2019-02-21 12:00	139.0	139.9	137.9	139.1	8
2019-02-21 16:00	138.6	139.2	137.1	138.6	8
2019-02-21 20:00	138.7	140.2	137.8	139.9	8
2019-02-22 00:00	139.9	141.6	138.7	140.5	8
2019-02-22 04:00	140.6	141.2	137.7	138.9	8
2019-02-22 08:00	138.9	142.0	137.9	141.5	8
2019-02-22 12:00	141.5	143.2	140.5	142.0	8
2019-02-22 16:00	142.1	143.1	141.1	142.7	8
2019-02-22 20:00	142.7	142.8	141.2	142.0	4
2019-02-24 20:00	133.9	134.1	126.3	126.8	16
2019-02-25 00:00	126.7	133.8	126.3	132.9	25
2019-02-25 04:00	132.8	134.1	130.6	131.1	15
2019-02-25 08:00	131.2	133.5	129.9	131.9	8
2019-02-25 12:00	132.0	133.8	130.6	132.3	8
2019-02-25 16:00	132.3	136.6	131.6	134.9	8
2019-02-25 20:00	134.9	135.3	130.8	133.2	8
2019-02-26 00:00	133.2	133.6	131.5	133.1	8
2019-02-26 04:00	133.1	133.4	130.1	131.9	8
2019-02-26 08:00	131.8	132.3	128.5	130.9	8
2019-02-26 12:00	130.4	132.2	129.2	131.6	8
2019-02-26 16:00	131.7	131.7	129.2	130.3	8
2019-02-26 20:00	130.3	131.7	129.3	131.4	8
2019-02-27 00:00	131.4	131.4	129.5	130.8	8
2019-02-27 04:00	130.8	133.4	130.2	133.2	8
2019-02-27 08:00	133.3	134.1	132.3	133.6	8
2019-02-27 12:00	133.6	135.4	131.6	132.4	8
2019-02-27 16:00	132.4	132.7	129.6	130.7	8
2019-02-27 20:00	130.6	130.6	121.7	129.9	8
2019-02-28 00:00	129.9	132.8	128.6	131.2	8
2019-02-28 04:00	131.2	132.3	129.1	130.7	8
2019-02-28 08:00	130.8	132.6	130.1	132.1	8
2019-02-28 12:00	132.1	134.2	127.4	132.0	8
2019-02-28 16:00	132.1	133.2	129.2	131.2	8
2019-02-28 20:00	131.1	131.1	129.2	130.2	8
2019-03-01 00:00	130.2	131.5	129.8	131.2	8
2019-03-01 04:00	131.2	131.4	129.6	130.8	8
2019-03-01 08:00	130.8	131.4	129.9	130.7	8
2019-03-01 12:00	130.7	131.2	129.5	131.1	8
2019-03-01 16:00	131.0	133.2	130.3	131.8	8
2019-03-01 20:00	131.8	131.9	130.8	131.7	4
2019-03-03 20:00	125.8	126.5	123.2	124.8	4
2019-03-04 00:00	125.5	126.0	122.6	123.8	8
2019-03-04 04:00	123.9	123.9	121.2	122.1	8
2019-03-04 08:00	122.1	122.3	118.3	119.9	8
2019-03-04 12:00	120.0	122.0	118.8	121.0	8
2019-03-04 16:00	120.5	121.7	119.5	120.8	8
2019-03-04 20:00	120.9	122.6	119.7	120.8	8
2019-03-05 00:00	120.9	121.6	119.8	120.9	8
2019-03-05 04:00	120.2	123.4	120.2	122.7	8
2019-03-05 08:00	122.8	124.0	121.9	123.3	8
2019-03-05 12:00	123.3	130.3	122.7	129.2	8
2019-03-05 16:00	129.3	133.2	128.9	132.1	8
2019-03-05 20:00	132.1	132.1	129.2	132.0	8
2019-03-06 00:00	132.0	134.6	129.0	130.5	8
2019-03-06 04:00	129.9	133.0	129.2	132.4	8
2019-03-06 08:00	132.4	135.9	130.9	134.0	8
2019-03-06 12:00	134.0	134.0	130.1	133.1	8
2019-03-06 16:00	133.1	133.1	131.0	132.1	8
2019-03-06 20:00	132.1	133.1	130.8	132.7	8
2019-03-07 00:00	132.7	134.7	132.1	133.5	8
2019-03-07 04:00	134.1	135.3	131.8	133.1	8
2019-03-07 08:00	133.1	133.2	130.3	131.7	8
2019-03-07 12:00	131.7	133.2	130.6	131.8	8
2019-03-07 16:00	131.9	132.9	131.4	132.5	8
2019-03-07 20:00	132.5	133.5	131.0	131.8	8
2019-03-08 00:00	131.8	132.3	130.0	130.8	8
2019-03-08 04:00	130.3	133.0	130.0	131.0	8
2019-03-08 08:00	130.5	131.8	129.9	131.2	8
2019-03-08 12:00	131.2	132.6	130.4	132.1	8
2019-03-08 16:00	132.1	133.2	130.9	133.2	8
2019-03-08 20:00	133.3	134.3	130.5	130.5	4
2019-03-10 20:00	130.4	131.3	129.6	129.6	6
2019-03-11 00:00	129.7	131.0	129.7	130.9	8
2019-03-11 04:00	130.2	130.9	127.8	128.5	8
2019-03-11 08:00	128.4	129.1	126.4	127.1	8
2019-03-11 12:00	127.1	127.7	125.6	126.7	8
2019-03-11 16:00	126.7	127.9	126.1	126.6	8
2019-03-11 20:00	126.7	129.1	126.2	127.6	8
2019-03-12 00:00	127.7	128.3	124.4	125.0	8
2019-03-12 04:00	124.4	125.7	123.5	125.6	8
2019-03-12 08:00	125.6	130.0	125.6	128.7	8
2019-03-12 12:00	128.7	129.4	127.1	127.8	8
2019-03-12 16:00	127.8	128.2	126.1	127.4	8
2019-03-12 20:00	127.4	128.9	126.8	127.8	8
2019-03-13 00:00	127.9	128.5	126.8	127.9	8
2019-03-13 04:00	127.9	128.0	126.0	127.5	8
2019-03-13 08:00	127.4	127.6	125.3	126.7	8
2019-03-13 12:00	126.7	128.3	125.7	127.0	8
2019-03-13 16:00	127.1	127.2	125.8	126.9	8
2019-03-13 20:00	126.9	127.1	125.6	126.8	8
2019-03-14 00:00	126.8	127.5	126.0	126.8	8
2019-03-14 04:00	126.8	127.2	125.6	126.4	8
2019-03-14 08:00	126.5	126.9	125.6	126.4	8
2019-03-14 12:00	126.4	130.1	124.5	127.1	8
2019-03-14 16:00	127.2	127.4	126.1	127.0	8
2019-03-14 20:00	127.1	127.1	126.1	127.0	8
2019-03-15 00:00	127.0	128.8	126.5	127.9	8
2019-03-15 04:00	128.0	128.7	127.3	128.1	8
2019-03-15 08:00	128.1	129.8	127.4	129.6	8
2019-03-15 12:00	129.7	132.1	128.1	131.6	8
2019-03-15 16:00	131.7	132.5	130.6	131.8	8
2019-03-15 20:00	131.8	131.9	130.9	130.9	2
2019-03-17 20:00	134.7	134.8	133.0	133.7	6
2019-03-18 00:00	133.7	136.8	133.0	135.2	8
2019-03-18 04:00	134.6	135.5	131.5	132.7	8
2019-03-18 08:00	132.7	133.2	131.1	132.4	8
2019-03-18 12:00	132.5	133.1	131.5	132.7	8
2019-03-18 16:00	132.7	132.9	131.5	132.4	8
2019-03-18 20:00	132.5	133.4	131.8	132.6	8
2019-03-19 00:00	132.6	134.3	131.8	132.8	8
2019-03-19 04:00	132.9	133.0	131.4	132.6	8
2019-03-19 08:00	132.7	133.7	131.7	132.8	8
2019-03-19 12:00	132.1	133.7	132.1	133.0	8
2019-03-19 16:00	133.0	134.0	132.3	133.4	8
2019-03-19 20:00	133.4	133.7	132.2	133.6	8
2019-03-20 00:00	133.8	134.0	131.6	132.5	8
2019-03-20 04:00	131.9	133.0	131.6	132.6	8
2019-03-20 08:00	132.6	133.7	131.1	133.3	8
2019-03-20 12:00	133.3	133.7	132.4	133.2	8
2019-03-20 16:00	133.2	133.7	132.1	133.1	8
2019-03-20 20:00	133.1	135.0	132.6	134.4	8
2019-03-21 00:00	134.4	134.8	132.8	134.0	8
2019-03-21 04:00	133.3	134.6	133.1	134.4	8
2019-03-21 08:00	134.4	134.4	133.1	134.0	8
2019-03-21 12:00	134.1	134.6	127.9	130.2	8
2019-03-21 16:00	130.1	130.4	128.8	129.6	8
2019-03-21 20:00	129.7	131.3	129.6	130.0	8
2019-03-22 00:00	130.0	130.6	129.3	130.1	8
2019-03-22 04:00	130.1	130.9	129.3	130.8	8
2019-03-22 08:00	130.8	131.7	130.1	131.1	8
2019-03-22 12:00	131.1	132.5	130.3	131.3	8
2019-03-22 16:00	131.9	132.6	130.8	132.4	8
2019-03-22 20:00	132.4	132.4	131.3	131.5	2
2019-03-24 20:00	130.5	131.4	130.0	131.0	6
2019-03-25 00:00	131.1	131.8	130.0	131.2	8
2019-03-25 04:00	130.6	131.3	130.1	130.9	8
2019-03-25 08:00	130.3	130.9	130.0	130.7	8
2019-03-25 12:00	130.8	130.8	128.1	128.9	8
2019-03-25 16:00	128.8	129.5	126.4	127.8	8
2019-03-25 20:00	127.8	129.0	126.5	128.1	8
2019-03-26 00:00	128.7	129.4	128.1	128.9	8
2019-03-26 04:00	128.9	129.1	127.4	128.4	8
2019-03-26 08:00	128.4	129.0	127.5	128.3	8
2019-03-26 12:00	128.3	128.6	126.7	128.5	8
2019-03-26 16:00	128.6	129.3	127.4	128.9	8
2019-03-26 20:00	129.0	129.1	127.8	128.1	8
2019-03-27 00:00	128.8	132.6	128.1	131.9	8
2019-03-27 04:00	132.0	133.2	131.3	132.4	8
2019-03-27 08:00	131.8	134.2	131.5	133.9	8
2019-03-27 12:00	133.8	133.9	132.1	133.4	8
2019-03-27 16:00	133.5	133.6	132.3	133.3	8
2019-03-27 20:00	133.4	135.3	132.1	134.1	8
2019-03-28 00:00	134.7	134.7	133.0	133.5	8
2019-03-28 04:00	133.5	133.6	132.4	133.5	8
2019-03-28 08:00	133.5	133.5	131.9	132.6	8
2019-03-28 12:00	132.7	133.6	132.0	133.4	8
2019-03-28 16:00	132.7	133.4	131.8	132.7	8
2019-03-28 20:00	132.7	133.1	131.9	133.1	8
2019-03-29 00:00	133.1	134.0	132.4	133.6	8
2019-03-29 04:00	133.7	134.0	132.1	133.8	8
2019-03-29 08:00	133.8	137.4	132.7	136.2	8
2019-03-29 12:00	136.2	136.3	134.7	136.2	8
2019-03-29 16:00	135.5	136.6	135.2	136.4	8
2019-03-29 20:00	135.6	136.5	135.5	135.5	2
2019-03-31 20:00	136.6	137.1	135.6	136.8	6
2019-04-01 00:00	136.8	138.5	134.6	138.2	8
2019-04-01 04:00	138.3	138.3	136.9	137.7	9
2019-04-01 08:00	137.7	138.1	136.3	137.0	8
2019-04-01 12:00	137.0	137.9	136.0	137.0	8
2019-04-01 16:00	137.0	137.2	135.1	135.8	8
2019-04-01 20:00	135.9	137.3	134.7	136.7	8
2019-04-02 00:00	136.6	137.7	135.9	137.1	8
2019-04-02 04:00	137.0	151.1	136.2	146.7	8
2019-04-02 08:00	146.7	149.5	146.5	148.7	8
2019-04-02 12:00	148.7	157.0	148.2	151.2	8
2019-04-02 16:00	151.3	157.2	149.8	156.7	8
2019-04-02 20:00	156.8	163.0	154.4	160.2	8
2019-04-03 00:00	160.3	172.7	160.3	168.7	8
2019-04-03 04:00	168.6	168.6	158.4	163.2	8
2019-04-03 08:00	163.3	164.0	160.0	163.4	8
2019-04-03 12:00	163.3	167.5	162.6	165.6	8
2019-04-03 16:00	165.5	172.9	165.5	169.6	8
2019-04-03 20:00	169.7	175.6	148.4	156.9	10
2019-04-04 00:00	156.9	160.5	154.3	155.8	8
2019-04-04 04:00	155.8	159.8	155.3	158.3	8
2019-04-04 08:00	158.3	159.4	154.8	157.3	8
2019-04-04 12:00	157.4	158.3	154.9	156.9	8
2019-04-04 16:00	156.8	156.8	149.0	150.3	8
2019-04-04 20:00	150.4	154.8	149.4	153.2	8
2019-04-05 00:00	153.3	154.9	151.5	152.8	8
2019-04-05 04:00	152.9	161.0	152.9	158.2	8
2019-04-05 08:00	158.1	161.6	157.8	160.1	8
2019-04-05 12:00	160.0	163.9	157.7	159.5	8
2019-04-05 16:00	159.6	161.0	158.3	159.6	8
2019-04-05 20:00	159.5	161.1	158.8	158.8	2
2019-04-07 20:00	169.1	172.0	167.4	170.4	6
2019-04-08 00:00	170.5	182.8	169.4	177.1	8
2019-04-08 04:00	177.2	181.2	174.5	176.4	8
2019-04-08 08:00	176.4	177.6	170.0	170.0	8
2019-04-08 12:00	170.1	177.0	169.8	176.9	8
2019-04-08 16:00	176.8	179.4	172.1	173.4	8
2019-04-08 20:00	173.4	178.8	172.7	176.1	8
2019-04-09 00:00	176.1	176.4	172.1	173.2	8
2019-04-09 04:00	173.2	174.0	170.0	172.6	8
2019-04-09 08:00	172.5	174.1	170.6	174.0	8
2019-04-09 12:00	174.1	174.9	171.7	172.3	8
2019-04-09 16:00	172.3	173.2	171.7	172.3	8
2019-04-09 20:00	172.3	174.1	170.3	171.4	8
2019-04-10 00:00	171.4	176.8	170.6	175.0	8
2019-04-10 04:00	175.1	178.9	174.9	176.1	8
2019-04-10 08:00	176.1	176.9	175.0	175.0	8
2019-04-10 12:00	175.5	177.7	174.1	175.9	8
2019-04-10 16:00	176.0	180.8	174.4	176.9	8
2019-04-10 20:00	176.8	177.8	166.2	173.1	8
2019-04-11 00:00	173.2	173.5	164.6	166.1	8
2019-04-11 04:00	165.9	168.0	164.5	166.5	8
2019-04-11 08:00	166.4	166.6	156.2	159.5	8
2019-04-11 12:00	159.6	160.8	157.4	159.2	8
2019-04-11 16:00	159.2	162.2	158.6	161.5	8
2019-04-11 20:00	161.4	161.7	158.2	160.5	8
2019-04-12 00:00	160.6	160.8	155.1	160.1	8
2019-04-12 04:00	160.2	161.1	158.1	159.5	8
2019-04-12 08:00	159.5	163.1	156.5	161.1	8
2019-04-12 12:00	161.2	162.2	159.3	159.9	8
2019-04-12 16:00	159.8	162.1	159.3	160.0	8
2019-04-12 20:00	160.1	160.1	158.4	158.8	2
2019-04-14 20:00	160.2	164.7	160.2	163.7	6
2019-04-15 00:00	163.8	165.0	162.6	163.3	8
2019-04-15 04:00	163.3	164.4	162.3	163.0	8
2019-04-15 08:00	163.1	163.2	160.7	161.7	8
2019-04-15 12:00	161.7	163.0	159.8	162.0	8
2019-04-15 16:00	162.1	162.2	151.7	154.0	8
2019-04-15 20:00	154.1	156.9	152.9	155.7	8
2019-04-16 00:00	155.6	157.4	154.8	156.5	8
2019-04-16 04:00	156.6	158.9	155.9	158.1	8
2019-04-16 08:00	158.2	159.3	157.1	158.3	8
2019-04-16 12:00	158.3	160.2	155.6	159.3	8
2019-04-16 16:00	159.4	163.3	158.6	161.2	8
2019-04-16 20:00	161.1	162.5	159.9	162.0	8
2019-04-17 00:00	161.9	164.0	160.8	162.2	8
2019-04-17 04:00	162.3	162.9	161.1	162.2	8
2019-04-17 08:00	162.3	163.0	160.1	162.6	8
2019-04-17 12:00	162.6	163.0	160.3	161.4	8
2019-04-17 16:00	161.4	162.4	160.1	162.2	8
2019-04-17 20:00	162.1	163.0	160.6	161.6	8
2019-04-18 00:00	162.1	169.3	161.4	168.3	8
2019-04-18 04:00	168.4	169.2	166.5	167.7	8
2019-04-18 08:00	167.7	167.7	165.6	166.4	8
2019-04-18 12:00	166.4	169.2	166.0	168.0	8
2019-04-18 16:00	168.0	171.6	166.9	170.4	8
2019-04-18 20:00	170.3	171.5	167.3	169.7	8
2019-04-19 00:00	169.7	169.7	165.0	167.2	8
2019-04-19 04:00	167.3	168.4	166.3	168.2	8
2019-04-19 08:00	168.3	169.6	166.6	168.7	8
2019-04-19 12:00	168.7	169.1	166.7	168.4	8
2019-04-19 16:00	168.4	169.8	167.1	168.6	8
2019-04-19 20:00	168.6	169.0	167.5	167.6	2
2019-04-21 20:00	163.7	166.0	163.7	165.4	6
2019-04-22 00:00	165.3	166.3	163.4	163.9	8
2019-04-22 04:00	164.0	166.5	163.9	165.7	8
2019-04-22 08:00	165.7	167.9	164.8	167.1	8
2019-04-22 12:00	167.0	169.2	165.9	166.4	8
2019-04-22 16:00	166.5	169.1	164.2	168.1	8
2019-04-22 20:00	168.1	168.3	166.2	166.5	8
2019-04-23 00:00	167.0	168.4	165.4	167.7	8
2019-04-23 04:00	167.8	171.7	167.2	171.1	8
2019-04-23 08:00	171.2	172.5	169.4	170.1	8
2019-04-23 12:00	170.2	170.9	168.6	169.2	8
2019-04-23 16:00	169.3	170.2	167.3	168.5	8
2019-04-23 20:00	168.4	168.7	164.5	165.9	8
2019-04-24 00:00	165.8	166.6	162.5	165.1	8
2019-04-24 04:00	165.1	166.1	157.6	160.1	8
2019-04-24 08:00	160.2	161.3	158.2	160.4	8
2019-04-24 12:00	160.5	161.1	159.0	160.0	8
2019-04-24 16:00	160.1	160.3	155.8	158.6	8
2019-04-24 20:00	158.6	161.4	158.1	161.2	8
2019-04-25 00:00	161.2	162.0	158.3	159.5	8
2019-04-25 04:00	159.5	160.3	157.1	158.7	8
2019-04-25 08:00	158.8	159.9	157.4	159.9	8
2019-04-25 12:00	159.8	159.9	158.5	159.6	8
2019-04-25 16:00	159.6	160.9	159.2	160.0	8
2019-04-25 20:00	160.1	160.8	142.6	147.6	9
2019-04-26 00:00	147.6	151.3	144.0	148.2	8
2019-04-26 04:00	148.2	150.6	146.8	147.8	8
2019-04-26 08:00	147.8	148.6	146.3	146.8	8
2019-04-26 12:00	146.9	148.3	146.0	147.0	8
2019-04-26 16:00	146.9	147.7	144.9	145.7	8
2019-04-26 20:00	145.8	147.0	145.7	146.7	2
2019-04-28 20:00	149.3	149.3	148.3	148.8	6
2019-04-29 00:00	148.8	149.9	148.1	149.7	8
2019-04-29 04:00	149.8	150.3	148.5	149.2	8
2019-04-29 08:00	149.2	149.4	145.6	147.5	8
2019-04-29 12:00	147.0	147.6	144.4	146.9	8
2019-04-29 16:00	147.0	150.0	146.9	148.2	8
2019-04-29 20:00	148.2	148.4	146.7	147.9	8
2019-04-30 00:00	147.9	151.0	147.5	150.1	8
2019-04-30 04:00	150.1	151.6	149.0	150.7	8
2019-04-30 08:00	150.7	153.0	149.5	153.0	8
2019-04-30 12:00	152.9	153.9	151.4	152.8	8
2019-04-30 16:00	152.7	152.8	151.1	151.7	8
2019-04-30 20:00	151.6	156.5	151.0	155.9	8
2019-05-01 00:00	155.9	158.3	155.2	156.0	8
2019-05-01 04:00	155.5	156.1	154.6	155.8	8
2019-05-01 08:00	155.8	155.8	153.4	155.0	8
2019-05-01 12:00	155.1	155.1	152.9	154.1	8
2019-05-01 16:00	154.2	155.9	152.1	153.0	8
2019-05-01 20:00	153.0	154.2	151.8	153.9	8
2019-05-02 00:00	153.8	154.3	152.6	154.3	8
2019-05-02 04:00	154.3	155.4	153.1	154.7	8
2019-05-02 08:00	154.7	155.2	153.3	153.9	8
2019-05-02 12:00	154.0	154.2	151.4	154.1	8
2019-05-02 16:00	154.1	154.3	152.1	153.3	8
2019-05-02 20:00	152.8	156.1	152.5	154.2	8
2019-05-03 00:00	154.3	156.0	152.8	154.6	8
2019-05-03 04:00	154.6	157.4	153.9	156.1	8
2019-05-03 08:00	156.1	164.5	155.4	161.5	8
2019-05-03 12:00	161.4	162.9	161.1	161.8	8
2019-05-03 16:00	161.9	162.2	159.6	161.1	8
2019-05-03 20:00	160.6	161.8	160.6	160.9	2
2019-05-05 20:00	156.8	157.1	156.2	156.3	7
2019-05-06 00:00	156.4	157.0	153.6	154.1	21
2019-05-06 04:00	154.1	155.0	153.3	154.1	10
2019-05-06 08:00	154.1	159.5	152.9	158.8	8
2019-05-06 12:00	158.8	164.3	157.1	163.8	8
2019-05-06 16:00	163.9	171.3	163.9	168.9	8
2019-05-06 20:00	169.0	169.3	166.7	166.8	8
2019-05-07 00:00	166.8	176.2	166.8	173.5	8
2019-05-07 04:00	173.4	173.5	169.8	171.1	8
2019-05-07 08:00	171.1	173.1	170.0	171.8	8
2019-05-07 12:00	171.8	173.6	164.0	167.5	8
2019-05-07 16:00	167.5	169.1	163.9	165.3	8
2019-05-07 20:00	164.6	169.0	161.1	161.9	8
2019-05-08 00:00	161.9	163.4	158.2	161.7	8
2019-05-08 04:00	161.8	165.4	161.7	163.4	8
2019-05-08 08:00	163.5	165.2	162.5	164.6	8
2019-05-08 12:00	164.6	165.1	162.0	164.3	8
2019-05-08 16:00	164.4	164.8	161.7	163.8	8
2019-05-08 20:00	163.8	167.8	162.5	165.4	8
2019-05-09 00:00	165.5	169.1	164.6	166.5	8
2019-05-09 04:00	166.5	167.5	164.1	165.2	8
2019-05-09 08:00	164.5	166.7	164.1	165.0	8
2019-05-09 12:00	165.0	165.0	162.0	163.1	8
2019-05-09 16:00	163.1	163.7	160.8	162.8	8
2019-05-09 20:00	162.7	167.3	161.6	166.0	8
2019-05-10 00:00	166.1	167.8	163.3	166.2	8
2019-05-10 04:00	166.2	171.3	165.8	170.1	8
2019-05-10 08:00	170.1	171.1	166.8	167.9	8
2019-05-10 12:00	167.0	168.2	165.8	167.9	8
2019-05-10 16:00	168.0	171.9	166.8	170.7	8
2019-05-10 20:00	169.8	171.7	165.2	166.6	2
2019-05-12 20:00	186.1	186.8	181.3	184.1	6
2019-05-13 00:00	184.1	186.9	181.4	185.0	8
2019-05-13 04:00	185.1	188.3	182.6	183.4	8
2019-05-13 08:00	183.5	189.2	181.9	187.9	8
2019-05-13 12:00	187.9	199.8	187.4	198.2	8
2019-05-13 16:00	198.1	204.4	195.2	197.8	8
2019-05-13 20:00	197.8	201.6	187.7	192.0	11
2019-05-14 00:00	192.1	206.4	191.1	205.1	8
2019-05-14 04:00	205.2	210.8	203.5	210.8	8
2019-05-14 08:00	210.7	211.2	199.0	202.5	8
2019-05-14 12:00	202.6	206.7	199.4	199.5	8
2019-05-14 16:00	199.4	205.1	195.8	200.1	8
2019-05-14 20:00	200.2	216.5	199.0	213.2	9
2019-05-15 00:00	213.3	226.2	213.1	225.8	8
2019-05-15 04:00	225.8	230.9	221.0	223.4	8
2019-05-15 08:00	223.5	233.1	221.7	228.3	8
2019-05-15 12:00	228.3	235.3	224.0	235.0	8
2019-05-15 16:00	235.1	240.9	233.0	238.4	8
2019-05-15 20:00	238.5	246.5	232.5	244.8	8
2019-05-16 00:00	244.7	269.7	243.8	265.5	8
2019-05-16 04:00	265.2	265.4	248.0	257.0	9
2019-05-16 08:00	257.1	260.1	239.2	245.8	9
2019-05-16 12:00	245.9	275.8	238.3	274.3	9
2019-05-16 16:00	274.2	274.2	251.0	255.8	12
2019-05-16 20:00	255.8	268.4	249.1	260.5	11
2019-05-17 00:00	260.5	265.2	220.4	234.5	11
2019-05-17 04:00	234.5	242.1	229.4	235.5	9
2019-05-17 08:00	235.6	236.6	220.5	224.9	8
2019-05-17 12:00	224.9	237.1	219.2	225.6	8
2019-05-17 16:00	225.5	232.6	219.7	228.4	9
2019-05-17 20:00	228.3	229.8	226.5	228.3	3
2019-05-19 20:00	253.1	260.5	252.2	256.9	6
2019-05-20 00:00	256.8	256.8	241.8	250.9	8
2019-05-20 04:00	250.9	252.3	244.0	245.5	8
2019-05-20 08:00	245.4	248.7	242.0	243.8	8
2019-05-20 12:00	243.8	245.6	235.3	244.0	8
2019-05-20 16:00	244.1	245.5	239.8	243.9	8
2019-05-20 20:00	243.9	253.8	243.4	248.2	9
2019-05-21 00:00	248.3	252.9	245.6	247.5	8
2019-05-21 04:00	247.5	249.9	243.7	248.0	8
2019-05-21 08:00	247.9	252.2	245.0	246.5	8
2019-05-21 12:00	246.6	252.8	244.8	247.5	8
2019-05-21 16:00	247.5	254.1	246.3	252.9	8
2019-05-21 20:00	253.0	260.2	248.1	250.6	10
2019-05-22 00:00	250.5	257.2	250.5	252.0	8
2019-05-22 04:00	252.0	255.3	249.4	252.5	8
2019-05-22 08:00	251.7	254.2	246.3	248.3	8
2019-05-22 12:00	248.4	253.5	246.2	252.5	8
2019-05-22 16:00	252.6	253.0	245.9	249.8	8
2019-05-22 20:00	249.9	250.6	236.2	239.5	11
2019-05-23 00:00	239.4	241.0	236.6	239.6	8
2019-05-23 04:00	239.7	239.8	229.7	231.1	8
2019-05-23 08:00	231.0	235.0	227.1	232.0	8
2019-05-23 12:00	232.1	240.8	230.6	238.6	8
2019-05-23 16:00	238.5	240.6	234.7	237.9	8
2019-05-23 20:00	238.0	244.5	237.7	241.4	8
2019-05-24 00:00	241.5	243.1	238.7	241.1	8
2019-05-24 04:00	241.2	245.1	237.7	243.4	8
2019-05-24 08:00	243.5	249.9	243.4	248.7	8
2019-05-24 12:00	248.8	251.3	245.9	249.7	8
2019-05-24 16:00	249.6	251.9	245.6	248.7	8
2019-05-24 20:00	248.6	249.8	247.5	248.9	2
2019-05-27 00:00	264.1	268.2	261.0	265.1	8
2019-05-27 04:00	265.1	266.4	263.0	264.7	8
2019-05-27 08:00	264.7	264.8	260.4	262.5	8
2019-05-27 12:00	262.6	270.1	262.6	266.6	8
2019-05-27 16:00	266.7	275.5	261.0	265.1	9
2019-05-27 20:00	265.1	270.4	262.1	267.2	8
2019-05-28 00:00	267.3	270.8	265.1	267.3	8
2019-05-28 04:00	267.4	268.4	263.2	266.3	8
2019-05-28 08:00	266.3	267.2	263.4	266.5	8
2019-05-28 12:00	266.5	267.8	261.3	267.2	8
2019-05-28 16:00	267.3	272.3	264.5	266.3	8
2019-05-28 20:00	266.4	269.6	265.5	267.0	8
2019-05-29 00:00	266.9	267.0	262.9	264.1	8
2019-05-29 04:00	264.2	264.7	256.2	260.7	8
2019-05-29 08:00	260.7	266.5	259.8	263.7	8
2019-05-29 12:00	263.6	270.1	262.9	268.0	8
2019-05-29 16:00	268.0	270.0	265.8	267.9	8
2019-05-29 20:00	268.0	268.6	263.5	265.3	8
2019-05-30 00:00	265.3	281.7	263.2	278.5	8
2019-05-30 04:00	278.6	283.7	277.2	279.1	8
2019-05-30 08:00	279.1	281.8	276.9	279.1	8
2019-05-30 12:00	278.3	283.8	278.0	282.9	8
2019-05-30 16:00	283.0	284.6	261.0	265.0	10
2019-05-30 20:00	265.1	265.1	235.0	250.4	11
2019-05-31 00:00	250.5	253.9	246.8	248.9	8
2019-05-31 04:00	248.9	251.6	241.2	250.8	8
2019-05-31 08:00	250.8	252.5	248.6	250.5	8
2019-05-31 12:00	250.6	258.7	249.8	253.5	10
2019-05-31 16:00	253.5	260.0	250.6	257.0	8
2019-05-31 20:00	257.1	258.5	255.8	257.7	2
2019-06-02 20:00	263.8	266.8	262.1	265.1	4
2019-06-03 00:00	265.1	266.0	260.3	265.2	8
2019-06-03 04:00	265.3	265.5	252.4	257.3	11
2019-06-03 08:00	257.4	259.7	255.3	258.2	8
2019-06-03 12:00	258.3	259.9	250.8	255.5	8
2019-06-03 16:00	255.5	257.8	254.1	257.1	8
2019-06-03 20:00	257.2	257.7	243.3	245.5	10
2019-06-04 00:00	245.4	245.4	234.3	239.5	9
2019-06-04 04:00	239.6	244.2	237.7	240.5	8
2019-06-04 08:00	240.6	243.8	240.1	240.8	8
2019-06-04 12:00	240.9	246.7	240.6	244.5	8
2019-06-04 16:00	244.5	245.4	229.8	232.2	10
2019-06-04 20:00	232.2	237.0	228.8	236.8	8
2019-06-05 00:00	236.9	239.5	235.4	237.8	8
2019-06-05 04:00	237.0	243.4	236.3	241.6	8
2019-06-05 08:00	241.7	243.8	239.4	241.1	8
2019-06-05 12:00	241.1	241.8	233.4	235.2	8
2019-06-05 16:00	235.2	244.2	234.9	241.0	8
2019-06-05 20:00	240.9	244.8	237.8	242.0	8
2019-06-06 00:00	242.0	243.5	240.3	243.1	8
2019-06-06 04:00	243.1	243.1	239.5	239.7	8
2019-06-06 08:00	239.7	243.0	238.1	242.4	8
2019-06-06 12:00	241.7	242.8	237.0	239.1	8
2019-06-06 16:00	239.2	239.6	231.8	234.5	8
2019-06-06 20:00	234.5	246.7	233.8	245.2	8
2019-06-07 00:00	245.3	247.3	241.0	242.6	8
2019-06-07 04:00	242.7	246.1	240.8	244.2	8
2019-06-07 08:00	244.3	246.1	242.6	243.6	8
2019-06-07 12:00	243.5	245.5	241.9	245.1	8
2019-06-07 16:00	245.1	250.1	243.9	244.7	8
2019-06-07 20:00	244.7	246.0	242.6	242.8	2
2019-06-09 20:00	226.4	228.3	222.7	227.3	4
2019-06-10 00:00	227.3	231.2	223.3	230.3	8
2019-06-10 04:00	230.4	233.7	228.1	232.6	8
2019-06-10 08:00	232.6	240.2	228.5	238.8	8
2019-06-10 12:00	238.9	242.7	237.4	239.3	8
2019-06-10 16:00	239.4	242.5	237.7	241.0	8
2019-06-10 20:00	241.1	244.1	238.5	243.7	8
2019-06-11 00:00	243.7	244.9	239.5	241.2	8
2019-06-11 04:00	241.1	243.1	239.2	242.2	8
2019-06-11 08:00	242.3	243.1	234.2	236.3	8
2019-06-11 12:00	236.3	238.2	234.4	235.8	8
2019-06-11 16:00	235.7	240.1	233.4	239.6	8
2019-06-11 20:00	239.6	244.0	238.9	241.1	8
2019-06-12 00:00	241.2	246.7	238.8	244.5	8
2019-06-12 04:00	244.6	245.7	242.5	244.2	8
2019-06-12 08:00	244.2	245.9	241.8	244.8	8
2019-06-12 12:00	244.8	252.5	243.4	251.0	8
2019-06-12 16:00	251.0	256.4	250.2	253.3	8
2019-06-12 20:00	253.2	259.4	249.5	258.7	8
2019-06-13 00:00	258.8	260.4	254.3	255.5	8
2019-06-13 04:00	254.7	256.5	253.8	255.8	8
2019-06-13 08:00	255.9	256.0	251.4	253.4	8
2019-06-13 12:00	253.5	258.2	252.0	256.4	8
2019-06-13 16:00	256.4	257.9	253.8	255.3	8
2019-06-13 20:00	255.3	257.9	250.2	251.1	8
2019-06-14 00:00	251.1	253.1	248.2	249.6	8
2019-06-14 04:00	249.6	252.0	248.4	252.0	8
2019-06-14 08:00	252.1	253.6	249.8	250.6	8
2019-06-14 12:00	250.6	254.5	249.0	252.6	8
2019-06-14 16:00	252.6	254.1	250.3	251.6	8
2019-06-14 20:00	251.6	254.1	251.5	253.8	2
2019-06-16 20:00	261.9	267.3	261.7	264.1	6
2019-06-17 00:00	264.2	269.8	264.1	266.2	8
2019-06-17 04:00	266.2	266.7	262.7	265.3	8
2019-06-17 08:00	265.3	269.8	265.0	268.4	8
2019-06-17 12:00	268.5	271.3	264.8	265.3	8
2019-06-17 16:00	265.2	269.8	265.2	268.6	8
2019-06-17 20:00	268.7	271.6	266.7	269.7	8
2019-06-18 00:00	269.8	270.1	264.7	266.8	8
2019-06-18 04:00	266.9	267.6	261.3	263.7	8
2019-06-18 08:00	263.8	266.3	261.9	262.9	8
2019-06-18 12:00	262.8	264.7	259.3	262.6	8
2019-06-18 16:00	262.6	262.7	257.6	260.1	8
2019-06-18 20:00	260.1	260.7	256.5	260.2	8
2019-06-19 00:00	260.1	263.1	258.5	261.5	8
2019-06-19 04:00	261.6	264.9	261.0	264.8	8
2019-06-19 08:00	263.9	265.9	261.9	263.2	8
2019-06-19 12:00	263.3	263.5	260.2	262.7	8
2019-06-19 16:00	262.6	263.8	261.5	262.7	8
2019-06-19 20:00	262.6	265.6	261.4	264.7	8
2019-06-20 00:00	264.8	267.1	263.0	266.1	8
2019-06-20 04:00	265.3	266.5	263.3	264.1	8
2019-06-20 08:00	264.0	264.3	261.8	263.7	8
2019-06-20 12:00	263.7	266.1	262.2	265.4	8
2019-06-20 16:00	265.4	265.8	262.6	264.5	8
2019-06-20 20:00	264.4	270.3	264.2	267.9	8
2019-06-21 00:00	268.0	280.7	267.7	276.4	8
2019-06-21 04:00	276.4	283.9	274.9	283.0	8
2019-06-21 08:00	283.0	287.4	280.6	284.9	8
2019-06-21 12:00	284.8	286.3	278.9	280.9	8
2019-06-21 16:00	281.0	292.7	281.0	291.6	21
2019-06-21 20:00	290.5	291.7	286.4	291.0	13
2019-06-23 20:00	309.4	313.6	300.5	303.4	35
2019-06-24 00:00	303.5	303.5	292.2	298.9	52
2019-06-24 04:00	299.0	304.3	297.0	303.5	36
2019-06-24 08:00	303.4	306.8	301.8	304.9	37
2019-06-24 12:00	303.8	306.8	301.5	304.5	35
2019-06-24 16:00	303.4	309.9	302.4	303.7	46
2019-06-24 20:00	303.8	309.1	301.0	307.8	34
2019-06-25 00:00	306.7	309.8	305.2	306.1	33
2019-06-25 04:00	307.2	311.7	306.3	310.0	39
2019-06-25 08:00	310.1	311.6	307.0	308.9	34
2019-06-25 12:00	309.0	309.7	301.8	306.6	40
2019-06-25 16:00	306.6	309.3	305.1	305.1	27
2019-06-25 20:00	305.1	314.3	305.1	312.4	37
2019-06-26 00:00	313.4	331.0	310.7	326.7	48
2019-06-26 04:00	326.8	334.2	322.5	324.6	67
2019-06-26 08:00	324.7	335.8	323.9	335.8	47
2019-06-26 12:00	335.9	346.3	335.0	342.2	59
2019-06-26 16:00	342.3	353.2	338.8	347.7	85
2019-06-26 20:00	347.5	360.3	313.0	331.5	114
2019-06-27 00:00	331.6	340.3	323.0	331.5	79
2019-06-27 04:00	331.4	333.8	314.0	319.2	70
2019-06-27 08:00	319.1	319.3	294.9	309.5	94
2019-06-27 12:00	309.4	310.9	294.1	303.7	82
2019-06-27 16:00	303.6	306.8	277.1	284.6	109
2019-06-27 20:00	284.5	295.9	271.3	290.5	94
2019-06-28 00:00	290.4	298.8	286.7	291.6	71
2019-06-28 04:00	291.7	299.4	287.2	293.5	62
2019-06-28 08:00	293.7	305.9	292.8	303.5	63
2019-06-28 12:00	304.5	304.7	295.0	302.1	58
2019-06-28 16:00	302.2	309.5	298.8	306.2	60
2019-06-28 20:00	307.3	308.3	300.7	302.7	16
2019-06-30 20:00	299.2	299.3	282.7	287.1	45
2019-07-01 00:00	287.2	298.2	284.1	295.0	55
2019-07-01 04:00	295.1	296.4	287.6	290.1	56
2019-07-01 08:00	290.0	295.2	288.3	290.3	46
2019-07-01 12:00	291.4	292.6	274.6	281.3	68
2019-07-01 16:00	280.3	284.0	275.5	278.4	51
2019-07-01 20:00	278.5	292.8	278.4	290.5	56
2019-07-02 00:00	290.6	292.9	281.3	284.8	42
2019-07-02 04:00	283.8	285.8	268.2	273.5	62
2019-07-02 08:00	273.4	282.0	267.3	271.9	63
2019-07-02 12:00	271.8	286.5	271.1	286.2	62
2019-07-02 16:00	286.1	287.8	280.2	285.2	53
2019-07-02 20:00	285.3	290.4	282.1	288.0	48
2019-07-03 00:00	287.1	295.1	287.1	292.1	50
2019-07-03 04:00	292.2	297.9	290.8	291.8	44
2019-07-03 08:00	290.9	293.2	287.2	288.3	44
2019-07-03 12:00	289.3	293.0	288.2	292.2	38
2019-07-03 16:00	291.2	292.5	285.9	289.9	42
2019-07-03 20:00	288.9	300.4	288.2	298.9	42
2019-07-04 00:00	298.8	300.2	292.8	294.0	31
2019-07-04 04:00	294.9	295.7	289.8	292.0	32
2019-07-04 08:00	291.9	293.7	288.5	291.4	36
2019-07-04 12:00	290.4	294.4	290.3	291.4	33
2019-07-04 16:00	291.3	293.7	289.5	291.2	39
2019-07-04 20:00	292.3	292.3	277.1	279.6	45
2019-07-05 00:00	279.7	283.6	276.8	281.1	40
2019-07-05 04:00	282.0	284.7	279.1	281.3	32
2019-07-05 08:00	281.3	291.8	279.3	290.3	34
2019-07-05 12:00	290.4	291.1	284.4	285.3	36
2019-07-05 16:00	286.4	289.7	283.9	286.9	43
2019-07-05 20:00	286.8	287.3	281.3	283.7	15
2019-07-07 20:00	302.7	307.7	301.1	303.1	23
2019-07-08 00:00	302.1	305.6	298.4	302.2	31
2019-07-08 04:00	302.1	306.5	299.9	305.1	20
2019-07-08 08:00	305.0	308.6	301.8	303.9	36
2019-07-08 12:00	303.9	306.5	301.4	306.0	28
2019-07-08 16:00	306.1	307.7	301.7	307.3	35
2019-07-08 20:00	307.4	311.9	304.7	310.2	30
2019-07-09 00:00	310.1	315.5	307.1	310.9	36
2019-07-09 04:00	312.0	315.0	306.8	309.2	34
2019-07-09 08:00	309.3	312.3	306.8	308.1	38
2019-07-09 12:00	308.0	309.9	302.8	305.0	31
2019-07-09 16:00	305.0	308.3	301.0	304.1	32
2019-07-09 20:00	304.0	306.1	299.2	304.7	33
2019-07-10 00:00	304.6	311.7	303.0	307.0	41
2019-07-10 04:00	308.0	309.0	302.7	303.8	28
2019-07-10 08:00	303.9	307.3	302.9	305.0	28
2019-07-10 12:00	304.0	307.7	278.7	285.2	57
2019-07-10 16:00	285.1	287.7	278.8	284.4	60
2019-07-10 20:00	284.3	287.1	280.4	285.6	57
2019-07-11 00:00	284.4	285.6	277.4	279.8	55
2019-07-11 04:00	279.7	280.3	259.3	270.9	64
2019-07-11 08:00	269.8	271.4	264.0	269.7	49
2019-07-11 12:00	269.8	271.4	264.5	265.4	45
2019-07-11 16:00	265.4	272.8	264.2	270.0	52
2019-07-11 20:00	269.0	270.8	260.0	265.6	53
2019-07-12 00:00	265.7	271.3	262.4	265.0	44
2019-07-12 04:00	264.9	271.5	263.2	270.0	40
2019-07-12 08:00	269.0	276.9	268.5	272.0	34
2019-07-12 12:00	272.0	273.7	266.8	267.8	43
2019-07-12 16:00	267.8	272.7	267.0	271.1	42
2019-07-12 20:00	271.2	275.5	270.4	274.1	11
2019-07-14 20:00	232.5	237.0	219.7	223.0	34
2019-07-15 00:00	222.9	223.7	199.9	219.3	81
2019-07-15 04:00	219.2	224.1	214.3	223.5	50
2019-07-15 08:00	222.4	225.8	218.5	222.5	41
2019-07-15 12:00	222.6	228.8	216.9	227.0	51
2019-07-15 16:00	227.1	232.6	219.7	229.3	57
2019-07-15 20:00	229.2	231.7	223.6	225.2	53
2019-07-16 00:00	225.1	231.5	222.5	223.6	47
2019-07-16 04:00	224.7	226.5	219.5	222.4	46
2019-07-16 08:00	223.6	226.3	218.6	221.4	48
2019-07-16 12:00	220.3	221.8	211.3	217.7	59
2019-07-16 16:00	217.8	217.8	187.7	201.2	91
2019-07-16 20:00	200.1	204.8	192.7	195.7	75
2019-07-17 00:00	195.8	200.2	190.7	194.9	58
2019-07-17 04:00	193.9	201.4	192.6	201.1	41
2019-07-17 08:00	201.0	202.7	189.4	193.1	49
2019-07-17 12:00	193.2	213.1	191.5	210.2	53
2019-07-17 16:00	210.1	216.9	208.2	209.0	60
2019-07-17 20:00	209.1	214.8	206.2	208.3	59
2019-07-18 00:00	208.4	211.5	203.0	208.3	37
2019-07-18 04:00	208.4	219.3	207.4	213.5	43
2019-07-18 08:00	213.4	216.1	209.4	213.0	42
2019-07-18 12:00	213.1	223.0	203.1	221.8	70
2019-07-18 16:00	221.9	224.2	218.2	220.8	54
2019-07-18 20:00	220.9	226.9	219.2	222.1	46
2019-07-19 00:00	223.2	223.7	217.4	219.8	48
2019-07-19 04:00	219.7	222.4	216.0	221.6	39
2019-07-19 08:00	221.5	223.5	211.7	213.6	58
2019-07-19 12:00	212.5	219.8	210.2	216.0	55
2019-07-19 16:00	215.9	217.0	212.8	215.8	38
2019-07-19 20:00	214.7	217.6	214.7	217.4	10
2019-07-21 20:00	219.1	223.7	219.1	221.5	18
2019-07-22 00:00	221.4	225.2	220.0	222.0	28
2019-07-22 04:00	223.1	223.6	219.1	221.8	34
2019-07-22 08:00	221.9	222.3	215.1	220.2	36
2019-07-22 12:00	220.1	220.2	210.4	210.4	41
2019-07-22 16:00	210.3	213.9	208.5	210.0	39
2019-07-22 20:00	209.9	215.3	208.3	214.1	34
2019-07-23 00:00	213.1	214.3	210.3	212.2	23
2019-07-23 04:00	213.3	213.6	207.1	209.1	33
2019-07-23 08:00	208.0	210.2	204.8	209.0	30
2019-07-23 12:00	207.9	210.0	205.3	205.5	30
2019-07-23 16:00	206.5	216.2	204.9	212.7	32
2019-07-23 20:00	212.6	215.8	207.4	208.9	29
2019-07-24 00:00	209.0	209.1	197.9	201.2	38
2019-07-24 04:00	201.0	203.9	198.9	202.7	27
2019-07-24 08:00	202.6	205.4	201.0	204.1	26
2019-07-24 12:00	203.1	213.2	202.4	212.9	35
2019-07-24 16:00	212.8	213.0	204.4	208.4	40
2019-07-24 20:00	208.5	215.1	207.5	213.4	41
2019-07-25 00:00	213.5	222.8	211.7	219.4	36
2019-07-25 04:00	219.3	220.5	216.6	218.0	24
2019-07-25 08:00	217.0	220.7	216.9	219.8	26
2019-07-25 12:00	219.7	221.9	215.3	217.0	40
2019-07-25 16:00	218.0	220.6	214.0	215.1	36
2019-07-25 20:00	215.0	217.6	212.8	216.2	33
2019-07-26 00:00	216.1	216.2	209.2	211.8	41
2019-07-26 04:00	210.8	213.5	209.2	212.2	22
2019-07-26 08:00	212.2	215.5	211.3	214.3	22
2019-07-26 12:00	214.2	214.9	210.7	213.5	31
2019-07-26 16:00	212.4	217.6	211.8	216.0	29
2019-07-26 20:00	215.9	217.2	214.3	215.2	7
2019-07-28 20:00	203.4	210.3	194.7	208.2	35
2019-07-29 00:00	208.3	212.2	205.0	209.5	31
2019-07-29 04:00	208.4	210.6	207.0	209.0	23
2019-07-29 08:00	207.9	209.4	203.0	204.0	24
2019-07-29 12:00	204.0	207.7	203.8	205.0	29
2019-07-29 16:00	204.9	209.6	203.2	206.3	35
2019-07-29 20:00	205.3	209.1	205.0	207.6	24
2019-07-30 00:00	206.5	208.4	201.2	202.4	24
2019-07-30 04:00	203.5	205.4	201.7	203.9	23
2019-07-30 08:00	203.9	207.1	203.4	206.1	24
2019-07-30 12:00	206.0	211.5	204.6	208.6	23
2019-07-30 16:00	209.8	210.5	206.3	208.0	24
2019-07-30 20:00	208.1	208.4	204.6	206.7	25
2019-07-31 00:00	206.8	210.1	205.5	207.8	20
2019-07-31 04:00	208.9	210.8	207.1	209.1	22
2019-07-31 08:00	207.9	210.7	207.9	208.8	17
2019-07-31 12:00	208.8	214.8	208.8	213.0	32
2019-07-31 16:00	214.2	215.1	210.8	211.4	26
2019-07-31 20:00	212.6	215.8	211.2	214.5	20
2019-08-01 00:00	215.5	215.9	208.3	211.1	23
2019-08-01 04:00	211.0	211.2	207.9	210.8	22
2019-08-01 08:00	210.9	210.9	208.2	210.7	16
2019-08-01 12:00	210.6	211.8	208.7	210.7	18
2019-08-01 16:00	210.8	213.8	209.1	212.0	23
2019-08-01 20:00	211.9	215.0	211.9	213.4	21
2019-08-02 00:00	213.3	214.8	211.7	211.9	16
2019-08-02 04:00	212.9	219.8	211.8	217.4	16
2019-08-02 08:00	217.4	218.8	215.1	215.1	19
2019-08-02 12:00	215.1	218.0	215.1	217.0	16
2019-08-02 16:00	217.1	217.9	211.9	212.9	28
2019-08-02 20:00	212.9	214.1	210.9	212.7	7
2019-08-04 20:00	217.7	220.7	216.1	218.7	14
2019-08-05 00:00	219.8	228.0	218.8	225.6	35
2019-08-05 04:00	226.6	227.7	224.0	225.3	25
2019-08-05 08:00	224.3	233.9	224.2	230.8	28
2019-08-05 12:00	229.7	231.4	225.7	229.4	28
2019-08-05 16:00	228.4	233.1	227.5	229.3	27
2019-08-05 20:00	228.1	230.4	227.1	229.8	20
2019-08-06 00:00	229.9	229.9	223.4	224.4	19
2019-08-06 04:00	225.5	232.1	223.5	230.4	24
2019-08-06 08:00	229.3	236.5	224.3	226.3	37
2019-08-06 12:00	226.2	227.4	222.5	224.0	29
2019-08-06 16:00	224.9	227.5	223.4	223.6	25
2019-08-06 20:00	224.6	224.8	218.6	222.9	27
2019-08-07 00:00	222.8	224.2	220.1	223.2	22
2019-08-07 04:00	223.3	224.9	220.7	221.8	24
2019-08-07 08:00	220.7	225.0	219.2	224.9	21
2019-08-07 12:00	223.9	228.1	219.6	221.1	35
2019-08-07 16:00	221.0	221.6	217.2	220.7	28
2019-08-07 20:00	219.7	223.8	218.7	223.0	34
2019-08-08 00:00	221.9	223.4	220.5	221.4	18
2019-08-08 04:00	222.5	222.9	219.6	222.4	19
2019-08-08 08:00	222.5	223.5	219.9	221.0	24
2019-08-08 12:00	220.9	222.1	217.2	218.3	21
2019-08-08 16:00	218.2	218.3	211.5	213.1	24
2019-08-08 20:00	214.1	218.7	211.9	217.8	20
2019-08-09 00:00	216.8	218.2	213.1	214.3	16
2019-08-09 04:00	213.3	214.9	210.9	211.9	16
2019-08-09 08:00	211.9	215.3	203.6	207.1	27
2019-08-09 12:00	205.9	208.9	204.5	205.8	23
2019-08-09 16:00	204.8	208.0	202.7	205.3	27
2019-08-09 20:00	206.5	207.3	204.8	206.2	5
2019-08-11 20:00	211.1	213.6	208.9	213.1	11
2019-08-12 00:00	213.2	213.5	208.7	209.6	17
2019-08-12 04:00	210.7	211.2	207.4	208.5	15
2019-08-12 08:00	208.5	209.6	205.9	206.5	16
2019-08-12 12:00	207.5	209.2	206.0	207.5	18
2019-08-12 16:00	207.5	209.8	207.0	208.2	18
2019-08-12 20:00	209.3	209.7	206.5	207.1	12
2019-08-13 00:00	208.1	208.2	205.0	205.6	16
2019-08-13 04:00	206.8	206.9	204.6	206.6	13
2019-08-13 08:00	205.5	208.0	204.0	206.6	16
2019-08-13 12:00	207.6	207.9	199.8	200.6	26
2019-08-13 16:00	201.6	205.0	200.4	203.3	19
2019-08-13 20:00	203.2	206.8	202.0	205.4	19
2019-08-14 00:00	204.3	206.1	201.9	204.6	23
2019-08-14 04:00	204.7	204.9	202.8	204.2	15
2019-08-14 08:00	203.2	204.4	200.8	203.4	20
2019-08-14 12:00	203.3	204.2	199.7	201.1	24
2019-08-14 16:00	202.3	203.1	178.9	182.0	49
2019-08-14 20:00	183.1	187.0	180.8	183.3	25
2019-08-15 00:00	183.2	186.0	179.8	180.9	29
2019-08-15 04:00	181.0	181.8	170.6	177.0	38
2019-08-15 08:00	175.9	182.4	175.7	180.8	30
2019-08-15 12:00	181.8	184.3	177.2	183.4	32
2019-08-15 16:00	183.3	184.9	178.7	180.5	25
2019-08-15 20:00	180.4	186.7	180.3	185.0	24
2019-08-16 00:00	184.9	185.0	181.4	182.7	18
2019-08-16 04:00	183.7	184.0	176.3	177.5	26
2019-08-16 08:00	177.6	182.7	175.2	179.4	36
2019-08-16 12:00	179.4	183.8	178.0	182.9	25
2019-08-16 16:00	183.0	183.9	180.5	181.9	21
2019-08-16 20:00	181.9	183.3	180.8	181.0	6
2019-08-18 20:00	190.9	193.9	190.2	190.5	12
2019-08-19 00:00	190.5	194.0	188.9	192.2	19
2019-08-19 04:00	193.3	198.4	190.3	198.3	23
2019-08-19 08:00	198.2	199.7	195.2	197.2	18
2019-08-19 12:00	196.2	199.5	195.3	198.5	19
2019-08-19 16:00	197.4	199.2	193.3	195.2	22
2019-08-19 20:00	194.1	200.5	194.1	199.3	20
2019-08-20 00:00	199.4	199.8	194.0	194.4	16
2019-08-20 04:00	195.5	197.7	194.3	197.2	12
2019-08-20 08:00	197.3	197.3	191.1	193.4	21
2019-08-20 12:00	193.4	194.5	190.9	194.2	18
2019-08-20 16:00	194.0	195.5	191.9	193.2	17
2019-08-20 20:00	192.1	195.5	190.6	193.5	15
2019-08-21 00:00	193.4	194.0	186.0	186.5	24
2019-08-21 04:00	186.4	187.5	182.2	183.5	22
2019-08-21 08:00	182.5	185.9	182.5	184.8	17
2019-08-21 12:00	184.7	184.8	177.1	179.8	24
2019-08-21 16:00	179.9	183.0	176.9	182.5	19
2019-08-21 20:00	182.7	184.2	179.8	184.0	15
2019-08-22 00:00	184.2	186.9	178.8	180.1	21
2019-08-22 04:00	181.0	183.5	179.9	181.9	18
2019-08-22 08:00	182.0	185.5	180.1	182.0	20
2019-08-22 12:00	182.0	190.2	181.6	187.9	21
2019-08-22 16:00	188.0	192.0	186.3	188.9	27
2019-08-22 20:00	188.8	191.8	186.4	186.4	23
2019-08-23 00:00	186.4	191.4	184.8	187.6	23
2019-08-23 04:00	187.6	190.8	186.4	190.4	17
2019-08-23 08:00	189.4	190.3	184.6	186.0	17
2019-08-23 12:00	186.0	193.6	185.7	191.7	19
2019-08-23 16:00	191.8	192.5	189.1	190.2	13
2019-08-23 20:00	191.4	191.4	188.1	189.7	7
2019-08-25 20:00	179.9	183.6	178.9	183.4	10
2019-08-26 00:00	183.5	191.2	182.5	187.4	26
2019-08-26 04:00	187.5	188.2	185.9	186.1	15
2019-08-26 08:00	186.1	187.7	184.9	187.4	11
2019-08-26 12:00	186.3	187.8	184.0	185.4	11
2019-08-26 16:00	184.3	186.1	181.7	183.1	14
2019-08-26 20:00	183.1	185.9	181.6	185.3	15
2019-08-27 00:00	184.2	185.4	180.9	183.1	15
2019-08-27 04:00	183.2	183.8	181.2	182.1	9
2019-08-27 08:00	183.2	183.5	181.4	181.7	9
2019-08-27 12:00	181.7	186.0	180.7	184.0	15
2019-08-27 16:00	185.1	185.6	182.8	184.2	11
2019-08-27 20:00	183.1	184.4	180.4	182.8	11
2019-08-28 00:00	182.9	184.0	180.6	182.4	10
2019-08-28 04:00	181.2	184.0	179.8	182.3	12
2019-08-28 08:00	183.5	183.5	181.2	183.0	8
2019-08-28 12:00	182.9	185.0	181.7	183.0	10
2019-08-28 16:00	183.0	184.2	162.9	166.9	33
2019-08-28 20:00	168.1	170.9	166.1	169.8	15
2019-08-29 00:00	168.7	170.4	164.8	166.0	18
2019-08-29 04:00	165.1	167.8	162.6	163.7	18
2019-08-29 08:00	163.7	166.0	163.7	164.6	11
2019-08-29 12:00	164.6	164.8	159.7	163.9	8
2019-08-29 16:00	164.0	167.5	162.4	165.0	8
2019-08-29 20:00	165.1	165.8	164.1	164.7	8
2019-08-30 00:00	164.8	165.9	161.7	164.0	8
2019-08-30 04:00	164.0	164.3	163.2	163.2	8
2019-08-30 08:00	163.2	166.3	162.7	165.6	8
2019-08-30 12:00	165.5	165.9	164.8	165.1	8
2019-08-30 16:00	165.1	165.3	161.7	164.6	8
2019-08-30 20:00	164.7	165.7	164.4	165.0	2
2019-09-01 20:00	166.4	168.4	166.2	167.1	6
2019-09-02 00:00	167.2	167.8	166.5	167.0	8
2019-09-02 04:00	167.1	167.5	166.5	167.2	8
2019-09-02 08:00	167.2	169.5	166.5	169.4	10
2019-09-02 12:00	169.5	171.4	167.5	168.8	15
2019-09-02 16:00	168.9	176.1	168.8	175.0	21
2019-09-02 20:00	173.9	178.6	173.9	175.5	20
2019-09-03 00:00	175.7	177.9	173.1	175.9	14
2019-09-03 04:00	174.8	176.7	173.5	173.8	10
2019-09-03 08:00	174.9	175.2	171.3	173.2	12
2019-09-03 12:00	174.2	179.9	172.6	178.4	21
2019-09-03 16:00	178.3	179.0	175.3	176.4	15
2019-09-03 20:00	176.4	178.7	174.1	174.9	18
2019-09-04 00:00	175.0	176.8	173.3	175.5	13
2019-09-04 04:00	176.5	177.4	173.5	173.9	9
2019-09-04 08:00	173.9	175.5	172.2	173.6	11
2019-09-04 12:00	173.6	175.0	171.1	171.5	16
2019-09-04 16:00	172.7	175.2	171.3	174.7	17
2019-09-04 20:00	174.8	175.5	169.9	170.8	18
2019-09-05 00:00	171.8	171.9	169.6	170.5	11
2019-09-05 04:00	171.5	172.6	170.0	170.6	9
2019-09-05 08:00	171.6	172.0	166.4	167.5	14
2019-09-05 12:00	167.4	169.3	167.0	168.9	13
2019-09-05 16:00	169.0	170.0	166.9	168.7	15
2019-09-05 20:00	167.6	172.7	167.5	169.8	11
2019-09-06 00:00	171.0	172.3	169.1	170.5	10
2019-09-06 04:00	170.5	173.9	170.5	171.3	9
2019-09-06 08:00	171.3	175.5	171.1	174.0	15
2019-09-06 12:00	172.9	174.7	172.1	172.7	14
2019-09-06 16:00	173.7	173.8	165.5	166.4	20
2019-09-06 20:00	166.4	167.5	162.0	165.7	7
2019-09-08 20:00	176.1	179.2	175.6	178.5	7
2019-09-09 00:00	178.4	178.8	173.5	175.3	14
2019-09-09 04:00	174.2	176.0	172.0	174.2	12
2019-09-09 08:00	174.0	183.1	172.6	178.9	18
2019-09-09 12:00	178.9	180.5	177.1	178.4	16
2019-09-09 16:00	178.5	178.8	174.9	177.8	19
2019-09-09 20:00	176.6	179.7	175.2	177.5	14
2019-09-10 00:00	176.5	181.5	176.5	179.5	15
2019-09-10 04:00	178.3	180.5	177.3	178.5	12
2019-09-10 08:00	178.5	179.5	176.3	177.1	11
2019-09-10 12:00	177.1	178.7	174.6	176.2	14
2019-09-10 16:00	176.3	177.5	172.6	174.8	16
2019-09-10 20:00	173.7	176.9	173.2	176.7	12
2019-09-11 00:00	176.5	179.2	174.9	176.5	13
2019-09-11 04:00	175.5	176.7	172.5	175.7	15
2019-09-11 08:00	174.6	177.5	173.4	175.5	10
2019-09-11 12:00	174.6	175.7	171.4	171.7	14
2019-09-11 16:00	172.7	175.0	170.8	172.0	17
2019-09-11 20:00	172.0	176.1	171.8	174.2	12
2019-09-12 00:00	174.3	175.9	173.3	173.8	11
2019-09-12 04:00	174.9	175.3	172.4	173.0	8
2019-09-12 08:00	173.0	175.7	173.0	174.0	8
2019-09-12 12:00	174.0	177.3	174.0	175.7	11
2019-09-12 16:00	176.9	177.0	174.7	176.3	8
2019-09-12 20:00	176.4	179.7	175.3	178.0	11
2019-09-13 00:00	177.9	178.7	176.0	176.5	9
2019-09-13 04:00	176.5	177.7	174.8	174.9	9
2019-09-13 08:00	175.9	177.0	174.4	175.4	13
2019-09-13 12:00	176.4	176.8	174.4	174.6	12
2019-09-13 16:00	174.6	176.0	173.7	175.5	13
2019-09-13 20:00	174.5	177.9	174.3	177.9	4
2019-09-15 20:00	185.1	187.2	184.3	185.2	8
2019-09-16 00:00	185.2	192.6	185.2	190.2	16
2019-09-16 04:00	191.2	192.2	188.7	190.1	10
2019-09-16 08:00	190.1	191.7	189.3	189.3	14
2019-09-16 12:00	189.3	190.3	184.5	186.7	15
2019-09-16 16:00	186.6	189.3	185.0	187.4	11
2019-09-16 20:00	187.4	196.5	187.3	193.5	21
2019-09-17 00:00	194.7	196.1	192.0	193.4	13
2019-09-17 04:00	194.5	196.1	192.7	195.5	12
2019-09-17 08:00	195.7	195.8	192.7	194.0	13
2019-09-17 12:00	194.0	199.8	193.9	198.9	20
2019-09-17 16:00	197.7	208.0	197.6	207.1	29
2019-09-17 20:00	207.2	212.1	203.8	204.8	26
2019-09-18 00:00	204.9	210.9	203.7	207.3	19
2019-09-18 04:00	208.4	214.3	207.2	212.0	21
2019-09-18 08:00	213.0	213.1	206.8	208.7	19
2019-09-18 12:00	208.6	212.1	206.6	210.8	20
2019-09-18 16:00	210.9	211.3	206.3	208.1	21
2019-09-18 20:00	208.2	210.2	205.9	206.1	18
2019-09-19 00:00	206.1	207.2	198.4	200.4	24
2019-09-19 04:00	201.5	203.4	198.9	202.8	14
2019-09-19 08:00	202.9	205.6	201.2	203.6	17
2019-09-19 12:00	202.5	208.6	202.5	208.6	16
2019-09-19 16:00	208.7	221.4	206.9	218.8	32
2019-09-19 20:00	218.9	220.4	213.9	217.8	30
2019-09-20 00:00	216.7	219.1	212.7	216.5	22
2019-09-20 04:00	216.6	216.6	212.6	213.3	20
2019-09-20 08:00	213.3	215.3	211.3	215.3	17
2019-09-20 12:00	214.2	216.9	211.0	213.9	18
2019-09-20 16:00	213.8	215.0	209.0	213.5	23
2019-09-20 20:00	212.4	213.8	212.0	213.1	5
2019-09-22 20:00	204.3	209.2	203.4	208.1	14
2019-09-23 00:00	208.2	208.6	203.1	205.0	18
2019-09-23 04:00	203.9	206.3	203.0	204.3	18
2019-09-23 08:00	204.3	207.7	204.3	206.2	13
2019-09-23 12:00	206.1	207.1	201.0	206.2	24
2019-09-23 16:00	206.3	207.4	201.9	202.7	16
2019-09-23 20:00	201.6	203.0	195.1	198.0	30
2019-09-24 00:00	196.9	199.5	195.4	197.0	19
2019-09-24 04:00	198.0	198.5	194.2	194.7	16
2019-09-24 08:00	194.8	196.2	190.9	194.2	19
2019-09-24 12:00	193.1	194.3	183.6	189.0	34
2019-09-24 16:00	187.9	190.3	151.3	163.1	61
2019-09-24 20:00	163.0	169.4	158.1	163.3	85
2019-09-25 00:00	163.2	172.0	163.0	167.5	38
2019-09-25 04:00	166.5	168.5	159.8	161.3	29
2019-09-25 08:00	161.4	166.3	158.7	163.6	37
2019-09-25 12:00	162.6	166.5	160.5	162.5	29
2019-09-25 16:00	162.4	167.4	161.6	164.7	26
2019-09-25 20:00	165.9	170.3	164.4	165.9	27
2019-09-26 00:00	165.9	167.2	163.1	165.4	15
2019-09-26 04:00	165.5	167.0	163.8	165.1	13
2019-09-26 08:00	166.0	167.9	164.8	165.7	16
2019-09-26 12:00	165.6	166.5	154.9	156.5	38
2019-09-26 16:00	155.3	162.5	149.2	162.0	46
2019-09-26 20:00	160.8	164.7	158.2	162.9	22
2019-09-27 00:00	161.8	163.5	159.9	162.3	19
2019-09-27 04:00	161.2	164.4	159.7	162.5	14
2019-09-27 08:00	162.5	164.3	160.2	162.3	13
2019-09-27 12:00	161.2	164.0	157.4	161.0	22
2019-09-27 16:00	161.2	165.7	159.4	164.4	22
2019-09-27 20:00	164.5	168.7	163.4	168.0	6
2019-09-29 20:00	164.4	169.0	164.2	165.2	14
2019-09-30 00:00	165.2	167.3	163.4	165.5	14
2019-09-30 04:00	165.5	165.5	161.2	163.7	23
2019-09-30 08:00	162.6	172.0	162.3	169.9	26
2019-09-30 12:00	168.9	176.3	167.9	176.3	27
2019-09-30 16:00	175.1	178.1	173.1	173.9	19
2019-09-30 20:00	174.0	178.7	171.8	178.2	20
2019-10-01 00:00	178.1	182.8	174.3	179.7	30
2019-10-01 04:00	179.8	181.0	175.7	178.2	18
2019-10-01 08:00	177.1	178.2	173.9	177.8	20
2019-10-01 12:00	177.9	179.8	172.9	176.4	31
2019-10-01 16:00	175.3	177.4	170.5	172.4	31
2019-10-01 20:00	173.4	175.4	171.3	173.0	23
2019-10-02 00:00	172.0	174.9	170.7	172.0	16
2019-10-02 04:00	173.0	173.5	170.1	171.2	15
2019-10-02 08:00	171.2	174.5	171.2	174.2	13
2019-10-02 12:00	174.3	175.8	170.9	172.8	13
2019-10-02 16:00	172.9	175.3	171.2	175.0	15
2019-10-02 20:00	173.9	178.5	172.7	177.8	13
2019-10-03 00:00	177.9	178.2	175.4	175.5	11
2019-10-03 04:00	175.4	177.4	172.4	174.5	13
2019-10-03 08:00	173.4	175.3	171.6	173.4	16
2019-10-03 12:00	172.3	174.0	166.7	167.8	17
2019-10-03 16:00	168.8	171.3	167.0	169.4	19
2019-10-03 20:00	169.5	173.5	168.2	172.0	17
2019-10-04 00:00	170.9	172.1	168.3	169.0	17
2019-10-04 04:00	169.0	171.5	167.2	171.3	11
2019-10-04 08:00	171.4	172.5	168.3	171.9	14
2019-10-04 12:00	171.8	173.2	169.8	171.2	14
2019-10-04 16:00	172.3	175.8	170.7	173.8	16
2019-10-04 20:00	175.0	176.5	173.4	174.2	5
2019-10-06 20:00	166.9	168.3	164.3	167.0	11
2019-10-07 00:00	165.0	169.8	164.6	168.8	19
2019-10-07 04:00	168.9	169.5	166.2	167.4	13
2019-10-07 08:00	167.5	173.4	167.5	170.7	18
2019-10-07 12:00	171.8	175.8	170.8	174.9	20
2019-10-07 16:00	173.7	179.5	172.9	177.5	24
2019-10-07 20:00	176.5	179.4	174.8	177.3	18
2019-10-08 00:00	176.2	182.2	175.9	178.5	19
2019-10-08 04:00	179.5	180.5	177.0	177.1	15
2019-10-08 08:00	177.1	178.9	175.7	177.8	20
2019-10-08 12:00	177.7	178.8	174.3	176.2	22
2019-10-08 16:00	176.1	177.4	174.4	174.7	19
2019-10-08 20:00	175.9	178.3	173.2	177.7	17
2019-10-09 00:00	176.7	179.3	175.3	175.5	12
2019-10-09 04:00	176.5	179.0	175.4	177.0	12
2019-10-09 08:00	178.1	181.2	176.5	180.4	17
2019-10-09 12:00	179.3	190.9	177.6	186.9	31
2019-10-09 16:00	187.0	192.0	186.5	189.0	25
2019-10-09 20:00	188.1	192.9	186.6	190.2	22
2019-10-10 00:00	190.1	191.4	187.9	189.4	16
2019-10-10 04:00	190.5	191.8	188.3	189.5	12
2019-10-10 08:00	189.7	190.0	184.0	185.8	21
2019-10-10 12:00	185.8	189.9	184.2	189.4	19
2019-10-10 16:00	188.3	190.7	186.2	189.2	16
2019-10-10 20:00	188.1	190.7	186.7	188.7	15
2019-10-11 00:00	187.7	190.4	185.3	188.9	17
2019-10-11 04:00	189.9	194.5	181.5	182.4	32
2019-10-11 08:00	183.4	183.6	179.8	181.2	19
2019-10-11 12:00	181.3	183.0	179.4	181.7	17
2019-10-11 16:00	181.5	181.9	176.5	177.9	21
2019-10-11 20:00	178.9	179.4	177.3	178.8	4
2019-10-13 20:00	176.4	179.2	176.1	178.0	10
2019-10-14 00:00	177.0	180.0	176.5	179.5	13
2019-10-14 04:00	179.4	181.2	177.9	179.8	12
2019-10-14 08:00	179.7	181.0	178.6	179.7	13
2019-10-14 12:00	179.6	180.4	177.5	177.7	11
2019-10-14 16:00	178.7	184.8	176.9	183.0	22
2019-10-14 20:00	182.9	184.2	181.6	183.8	13
2019-10-15 00:00	183.9	185.4	181.0	182.0	15
2019-10-15 04:00	181.0	182.5	179.3	179.5	12
2019-10-15 08:00	179.4	181.5	178.3	179.7	12
2019-10-15 12:00	179.7	181.4	177.4	180.7	19
2019-10-15 16:00	180.5	180.7	174.3	176.0	22
2019-10-15 20:00	176.0	177.7	173.8	176.4	15
2019-10-16 00:00	176.4	178.1	175.1	176.4	13
2019-10-16 04:00	176.5	177.2	174.3	175.7	11
2019-10-16 08:00	174.6	176.4	172.0	173.5	16
2019-10-16 12:00	172.4	173.7	168.9	169.1	20
2019-10-16 16:00	170.0	171.8	168.4	170.4	16
2019-10-16 20:00	170.3	172.6	169.1	171.5	10
2019-10-17 00:00	171.4	171.5	169.3	169.5	13
2019-10-17 04:00	170.5	171.4	168.6	170.2	10
2019-10-17 08:00	170.2	174.4	170.2	172.2	19
2019-10-17 12:00	172.1	174.9	171.6	173.2	14
2019-10-17 16:00	173.2	176.0	172.3	172.5	15
2019-10-17 20:00	172.5	174.5	171.2	174.2	14
2019-10-18 00:00	174.3	174.4	171.5	171.8	15
2019-10-18 04:00	171.8	173.2	168.6	169.7	20
2019-10-18 08:00	168.6	169.7	165.3	168.9	18
2019-10-18 12:00	169.0	169.7	166.9	169.2	12
2019-10-18 16:00	168.1	172.5	168.1	171.4	14
2019-10-18 20:00	170.3	171.5	169.5	170.0	3
2019-10-20 20:00	170.9	172.9	170.3	171.4	8
2019-10-21 00:00	172.4	172.5	170.1	170.6	10
2019-10-21 04:00	171.5	171.9	169.7	169.9	9
2019-10-21 08:00	170.0	175.0	169.4	173.3	12
2019-10-21 12:00	173.2	174.2	168.1	169.9	17
2019-10-21 16:00	169.8	170.7	167.9	169.4	13
2019-10-21 20:00	169.4	171.7	169.2	171.2	11
2019-10-22 00:00	170.2	172.4	169.6	171.0	11
2019-10-22 04:00	172.0	172.3	169.5	169.6	12
2019-10-22 08:00	169.6	171.7	168.6	170.1	9
2019-10-22 12:00	170.2	170.9	167.3	169.3	12
2019-10-22 16:00	169.4	171.0	167.9	169.0	11
2019-10-22 20:00	168.0	169.9	166.7	168.2	20
2019-10-23 00:00	168.3	168.4	161.0	162.4	16
2019-10-23 04:00	163.5	164.0	161.9	162.1	14
2019-10-23 08:00	163.3	164.5	162.0	163.3	13
2019-10-23 12:00	162.3	164.0	152.8	155.0	41
2019-10-23 16:00	154.9	158.5	150.4	157.7	23
2019-10-23 20:00	156.7	159.7	154.8	159.3	17
2019-10-24 00:00	159.4	159.9	155.9	157.2	15
2019-10-24 04:00	156.1	158.5	155.2	156.4	15
2019-10-24 08:00	156.4	159.0	155.7	158.2	14
2019-10-24 12:00	158.1	160.9	157.0	157.8	13
2019-10-24 16:00	158.8	160.0	157.4	159.2	13
2019-10-24 20:00	158.1	159.2	155.8	156.5	13
2019-10-25 00:00	156.4	159.0	156.4	157.5	12
2019-10-25 04:00	157.6	159.9	156.4	158.7	15
2019-10-25 08:00	159.9	163.9	157.8	162.5	15
2019-10-25 12:00	161.5	177.0	161.5	173.3	26
2019-10-25 16:00	173.4	184.5	173.4	177.9	53
2019-10-25 20:00	178.0	179.2	176.3	178.0	6
2019-10-27 20:00	182.5	185.3	179.6	180.2	18
2019-10-28 00:00	180.2	186.9	179.7	182.0	33
2019-10-28 04:00	182.1	183.0	177.4	180.3	29
2019-10-28 08:00	179.3	182.9	177.1	182.3	22
2019-10-28 12:00	182.2	182.3	177.9	179.2	22
2019-10-28 16:00	180.4	180.8	176.8	180.4	19
2019-10-28 20:00	180.3	182.0	177.8	179.0	17
2019-10-29 00:00	178.9	182.7	177.6	180.0	17
2019-10-29 04:00	181.0	184.2	180.0	182.2	22
2019-10-29 08:00	182.2	186.1	180.9	184.9	20
2019-10-29 12:00	185.0	186.0	180.8	183.0	24
2019-10-29 16:00	182.0	185.0	181.4	184.9	20
2019-10-29 20:00	184.8	190.2	183.9	186.9	29
2019-10-30 00:00	186.8	189.1	185.0	187.0	27
2019-10-30 04:00	186.9	187.3	181.1	182.6	24
2019-10-30 08:00	182.5	184.6	178.3	179.4	26
2019-10-30 12:00	180.5	181.5	176.4	179.4	21
2019-10-30 16:00	179.3	180.5	176.6	179.3	19
2019-10-30 20:00	180.5	181.0	177.7	179.3	14
2019-10-31 00:00	179.2	182.5	177.5	178.7	18
2019-10-31 04:00	179.7	181.0	177.9	178.3	16
2019-10-31 08:00	178.3	179.8	174.2	177.5	22
2019-10-31 12:00	176.4	182.0	176.4	178.0	23
2019-10-31 16:00	178.0	181.5	177.9	180.3	16
2019-10-31 20:00	180.4	180.5	176.0	178.3	19
2019-11-01 00:00	178.2	179.9	176.4	177.4	15
2019-11-01 04:00	177.5	178.7	176.2	177.7	9
2019-11-01 08:00	177.5	180.2	176.6	177.8	19
2019-11-01 12:00	177.9	179.5	175.9	176.2	17
2019-11-01 16:00	176.1	178.5	174.3	177.2	13
2019-11-01 20:00	178.3	181.7	177.4	181.4	5
2019-11-03 20:00	176.7	179.6	175.4	177.5	10
2019-11-04 00:00	177.5	178.9	176.7	177.2	11
2019-11-04 04:00	177.2	179.2	176.4	177.6	15
2019-11-04 08:00	178.7	182.0	177.3	180.9	13
2019-11-04 12:00	182.0	184.2	180.5	182.5	17
2019-11-04 16:00	182.4	185.3	181.9	182.2	12
2019-11-04 20:00	182.2	186.5	181.3	183.1	19
2019-11-05 00:00	183.2	184.5	181.3	182.0	14
2019-11-05 04:00	182.0	184.0	178.9	180.9	20
2019-11-05 08:00	180.8	183.2	179.2	181.9	21
2019-11-05 12:00	182.0	188.1	181.8	187.5	19
2019-11-05 16:00	186.5	189.4	185.1	186.0	19
2019-11-05 20:00	186.0	187.7	184.5	184.7	15
2019-11-06 00:00	185.9	187.8	183.8	186.8	13
2019-11-06 04:00	185.8	191.5	185.8	188.6	17
2019-11-06 08:00	189.5	190.2	186.0	187.1	14
2019-11-06 12:00	187.1	188.6	185.2	187.8	19
2019-11-06 16:00	186.7	187.8	184.9	186.4	12
2019-11-06 20:00	186.5	189.3	184.1	187.1	14
2019-11-07 00:00	188.2	189.3	184.3	186.3	17
2019-11-07 04:00	186.4	187.0	183.6	184.6	15
2019-11-07 08:00	184.7	185.8	180.8	183.3	14
2019-11-07 12:00	183.4	184.0	181.2	181.4	12
2019-11-07 16:00	182.4	183.8	180.9	182.9	12
2019-11-07 20:00	181.8	184.2	180.7	183.4	15
2019-11-08 00:00	182.3	185.0	182.0	183.5	11
2019-11-08 04:00	183.6	184.9	180.1	180.4	15
2019-11-08 08:00	181.4	181.5	178.6	180.5	20
2019-11-08 12:00	179.6	180.8	177.0	179.9	21
2019-11-08 16:00	178.8	181.2	177.9	179.6	14
2019-11-08 20:00	179.6	181.4	179.5	179.7	4
2019-11-10 20:00	185.5	187.2	184.7	185.8	9
2019-11-11 00:00	184.8	187.0	184.7	184.7	9
2019-11-11 04:00	184.8	186.0	181.6	182.5	18
2019-11-11 08:00	182.5	183.5	180.4	182.2	18
2019-11-11 12:00	182.2	184.0	181.1	182.3	12
2019-11-11 16:00	182.4	183.3	181.0	183.2	12
2019-11-11 20:00	182.2	183.2	179.7	180.5	10
2019-11-12 00:00	180.5	183.0	180.0	181.1	9
2019-11-12 04:00	181.1	183.7	181.0	182.9	10
2019-11-12 08:00	181.8	183.0	180.8	182.4	10
2019-11-12 12:00	182.5	184.2	178.3	180.2	21
2019-11-12 16:00	180.2	182.4	179.9	182.4	11
2019-11-12 20:00	182.3	184.0	181.2	183.9	10
2019-11-13 00:00	182.8	184.0	181.2	181.3	9
2019-11-13 04:00	181.2	183.0	181.0	181.4	9
2019-11-13 08:00	181.4	185.0	181.2	182.7	9
2019-11-13 12:00	182.7	184.0	181.4	182.4	11
2019-11-13 16:00	183.4	186.3	182.4	183.5	11
2019-11-13 20:00	183.5	185.9	182.7	184.8	11
2019-11-14 00:00	184.7	185.4	182.6	184.0	10
2019-11-14 04:00	183.1	184.2	180.4	181.7	14
2019-11-14 08:00	180.6	182.1	179.6	180.5	12
2019-11-14 12:00	180.5	182.9	179.2	180.9	13
2019-11-14 16:00	181.0	181.5	178.9	179.1	13
2019-11-14 20:00	179.1	182.5	179.1	180.4	9
2019-11-15 00:00	180.4	181.8	176.8	177.6	15
2019-11-15 04:00	177.6	180.1	177.2	179.0	9
2019-11-15 08:00	178.1	183.4	178.0	178.8	14
2019-11-15 12:00	178.8	181.0	174.0	175.5	16
2019-11-15 16:00	175.4	176.9	173.6	176.3	15
2019-11-15 20:00	175.3	176.5	174.9	176.4	3
2019-11-17 20:00	180.1	182.1	179.4	179.7	9
2019-11-18 00:00	179.7	180.9	178.2	179.0	11
2019-11-18 04:00	179.0	180.8	178.4	178.9	10
2019-11-18 08:00	178.9	180.5	177.6	177.9	12
2019-11-18 12:00	177.9	179.5	176.3	176.6	12
2019-11-18 16:00	177.5	178.5	171.3	174.3	20
2019-11-18 20:00	175.2	175.4	172.9	173.8	13
2019-11-19 00:00	173.8	175.0	172.5	172.6	10
2019-11-19 04:00	172.7	174.0	171.1	172.7	10
2019-11-19 08:00	171.6	173.9	169.7	171.3	13
2019-11-19 12:00	171.2	172.4	169.3	170.7	18
2019-11-19 16:00	171.7	172.5	169.0	169.8	17
2019-11-19 20:00	169.8	173.0	168.5	172.7	14
2019-11-20 00:00	171.6	173.7	170.8	171.5	12
2019-11-20 04:00	171.5	174.2	170.5	172.3	10
2019-11-20 08:00	172.3	173.9	169.3	171.7	11
2019-11-20 12:00	171.5	173.9	170.1	172.7	11
2019-11-20 16:00	171.6	174.0	169.1	170.2	13
2019-11-20 20:00	171.2	172.5	169.5	170.2	10
2019-11-21 00:00	170.2	172.4	169.5	170.9	9
2019-11-21 04:00	171.9	172.0	169.5	170.0	10
2019-11-21 08:00	171.2	171.2	163.5	163.5	21
2019-11-21 12:00	163.6	165.9	152.8	157.8	25
2019-11-21 16:00	156.7	158.7	153.9	155.9	16
2019-11-21 20:00	155.9	157.8	154.1	156.7	13
2019-11-22 00:00	156.7	159.9	155.8	155.8	13
2019-11-22 04:00	156.9	158.0	149.6	154.7	19
2019-11-22 08:00	153.6	158.8	142.0	145.7	53
2019-11-22 12:00	144.6	147.0	135.0	144.0	47
2019-11-22 16:00	145.0	150.0	142.6	148.8	37
2019-11-22 20:00	150.0	152.0	147.7	149.6	11
2019-11-24 20:00	140.5	141.6	134.9	136.9	16
2019-11-25 00:00	137.0	139.4	132.5	133.4	30
2019-11-25 04:00	133.5	133.5	127.8	131.4	27
2019-11-25 08:00	132.5	143.9	130.5	139.5	30
2019-11-25 12:00	138.4	147.3	138.3	146.8	43
2019-11-25 16:00	146.9	148.6	142.6	144.0	25
2019-11-25 20:00	144.1	145.3	140.6	142.9	18
2019-11-26 00:00	143.0	146.9	140.3	145.3	19
2019-11-26 04:00	146.4	146.9	141.6	143.8	20
2019-11-26 08:00	142.7	144.9	140.1	143.0	19
2019-11-26 12:00	142.1	143.9	139.7	142.7	14
2019-11-26 16:00	142.6	143.4	139.9	141.0	13
2019-11-26 20:00	141.0	145.9	141.0	143.6	14
2019-11-27 00:00	143.7	145.7	140.9	141.2	19
2019-11-27 04:00	141.2	144.9	139.9	142.1	17
2019-11-27 08:00	143.3	144.0	136.9	143.5	27
2019-11-27 12:00	142.5	148.7	142.0	147.9	24
2019-11-27 16:00	146.8	152.7	145.1	150.0	34
2019-11-27 20:00	150.1	152.8	148.2	149.9	22
2019-11-28 00:00	150.0	151.8	148.3	149.4	22
2019-11-28 04:00	148.3	150.4	146.6	148.3	18
2019-11-28 08:00	148.2	150.0	146.2	147.6	14
2019-11-28 12:00	147.6	151.7	146.3	151.1	13
2019-11-28 16:00	151.0	151.5	149.0	151.0	17
2019-11-28 20:00	149.9	151.5	145.3	146.9	16
2019-11-29 00:00	146.9	150.3	146.4	149.5	16
2019-11-29 04:00	148.5	150.2	147.2	148.8	16
2019-11-29 08:00	148.8	152.4	148.3	150.7	17
2019-11-29 12:00	149.7	154.3	147.8	154.0	32
2019-11-29 16:00	153.0	154.7	150.2	150.3	17
2019-11-29 20:00	151.3	152.3	150.1	150.2	5
2019-12-01 20:00	146.0	149.1	145.7	147.9	12
2019-12-02 00:00	146.8	148.5	145.9	147.2	13
2019-12-02 04:00	147.0	147.5	143.0	144.3	16
2019-12-02 08:00	144.3	147.3	143.2	145.7	13
2019-12-02 12:00	144.7	146.7	143.5	145.4	14
2019-12-02 16:00	145.5	145.9	142.8	144.5	10
2019-12-02 20:00	143.6	146.7	143.5	145.8	10
2019-12-03 00:00	144.7	147.0	144.5	145.2	11
2019-12-03 04:00	145.2	146.5	144.1	144.3	12
2019-12-03 08:00	144.3	145.9	141.9	142.6	12
2019-12-03 12:00	142.6	146.0	142.5	144.1	11
2019-12-03 16:00	144.1	145.7	143.6	143.8	9
2019-12-03 20:00	143.8	145.2	143.1	143.2	10
2019-12-04 00:00	143.2	144.3	139.6	140.6	17
2019-12-04 04:00	140.5	141.8	139.4	140.1	14
2019-12-04 08:00	140.1	143.5	139.7	141.7	14
2019-12-04 12:00	141.7	149.3	141.7	145.1	24
2019-12-04 16:00	145.1	146.9	145.1	146.8	9
2019-12-04 20:00	145.7	147.2	140.8	142.4	22
2019-12-05 00:00	142.5	143.0	139.9	140.9	14
2019-12-05 04:00	140.9	143.5	140.3	142.5	16
2019-12-05 08:00	141.6	144.0	141.3	142.5	11
2019-12-05 12:00	142.4	145.9	142.4	143.0	14
2019-12-05 16:00	143.0	145.0	142.4	143.6	15
2019-12-05 20:00	143.7	145.5	143.5	144.0	11
2019-12-06 00:00	144.0	145.5	143.0	143.2	8
2019-12-06 04:00	144.2	144.9	143.1	143.7	9
2019-12-06 08:00	143.7	144.8	142.2	142.4	11
2019-12-06 12:00	142.4	144.8	142.2	143.1	10
2019-12-06 16:00	143.2	146.7	142.9	144.3	14
2019-12-06 20:00	145.4	145.4	143.9	144.9	2
2019-12-08 20:00	147.1	148.5	146.5	146.5	6
2019-12-09 00:00	146.5	148.2	145.6	146.4	12
2019-12-09 04:00	146.4	147.9	145.2	146.4	9
2019-12-09 08:00	146.3	146.6	144.8	145.1	9
2019-12-09 12:00	145.1	148.4	143.5	145.0	13
2019-12-09 16:00	144.9	145.3	143.1	144.3	14
2019-12-09 20:00	144.2	144.8	142.6	144.2	12
2019-12-10 00:00	143.1	145.0	142.6	142.9	11
2019-12-10 04:00	143.0	144.3	142.5	143.0	9
2019-12-10 08:00	143.0	144.3	142.5	143.0	9
2019-12-10 12:00	143.1	144.3	140.9	141.0	10
2019-12-10 16:00	141.0	142.5	140.3	140.7	9
2019-12-10 20:00	141.7	142.9	139.9	141.4	9
2019-12-11 00:00	141.4	143.3	140.9	141.2	8
2019-12-11 04:00	141.2	142.5	140.7	141.4	8
2019-12-11 08:00	141.4	143.0	141.2	141.3	9
2019-12-11 12:00	141.3	143.0	137.9	138.6	11
2019-12-11 16:00	138.6	140.4	138.0	139.5	10
2019-12-11 20:00	138.5	140.2	138.3	139.1	9
2019-12-12 00:00	139.1	141.0	135.4	137.8	14
2019-12-12 04:00	137.8	139.4	137.4	137.6	8
2019-12-12 08:00	137.6	141.2	136.8	139.8	11
2019-12-12 12:00	140.9	141.5	138.2	140.7	11
2019-12-12 16:00	140.5	142.4	139.3	141.8	9
2019-12-12 20:00	141.9	142.7	140.3	140.6	8
2019-12-13 00:00	140.6	142.0	140.0	141.4	8
2019-12-13 04:00	140.3	141.7	139.9	141.1	8
2019-12-13 08:00	141.0	141.3	139.2	141.1	10
2019-12-13 12:00	140.1	141.5	139.6	140.3	10
2019-12-13 16:00	140.4	142.0	140.2	140.3	9
2019-12-13 20:00	141.5	141.5	139.9	141.4	2
2019-12-15 20:00	138.8	139.8	138.0	138.2	6
2019-12-16 00:00	138.2	139.5	136.9	137.0	11
2019-12-16 04:00	137.0	138.5	136.6	137.9	10
2019-12-16 08:00	136.8	138.0	136.1	137.8	9
2019-12-16 12:00	136.8	138.9	136.4	137.5	10
2019-12-16 16:00	136.6	137.8	126.3	128.5	26
2019-12-16 20:00	127.4	129.5	127.0	129.4	13
2019-12-17 00:00	129.3	129.5	127.0	127.6	9
2019-12-17 04:00	128.5	128.8	126.5	127.8	8
2019-12-17 08:00	126.7	129.0	126.6	129.0	9
2019-12-17 12:00	129.2	129.2	123.5	124.1	16
2019-12-17 16:00	124.2	125.3	118.9	119.6	20
2019-12-17 20:00	119.7	120.1	116.7	118.8	20
2019-12-18 00:00	118.9	122.4	117.5	120.7	14
2019-12-18 04:00	120.8	121.1	116.9	117.5	11
2019-12-18 08:00	117.6	120.7	117.3	118.6	11
2019-12-18 12:00	118.5	125.5	113.3	124.4	38
2019-12-18 16:00	124.5	131.1	121.9	125.8	21
2019-12-18 20:00	125.9	131.6	124.4	129.9	32
2019-12-19 00:00	130.0	131.0	123.8	126.0	21
2019-12-19 04:00	125.0	125.9	123.3	124.5	8
2019-12-19 08:00	124.4	125.3	121.9	122.9	13
2019-12-19 12:00	123.0	124.7	121.9	124.2	15
2019-12-19 16:00	124.3	125.5	122.4	124.5	13
2019-12-19 20:00	123.4	125.3	122.0	124.0	14
2019-12-20 00:00	124.0	125.5	122.3	123.8	9
2019-12-20 04:00	123.7	124.2	121.9	123.0	9
2019-12-20 08:00	123.1	124.3	122.6	124.2	9
2019-12-20 12:00	123.2	126.2	123.0	124.3	9
2019-12-20 16:00	123.3	125.4	122.8	124.0	8
2019-12-20 20:00	124.0	125.5	123.9	125.4	2
2019-12-22 20:00	131.5	131.5	129.8	130.7	6
2019-12-23 00:00	130.7	133.5	130.7	132.4	8
2019-12-23 04:00	132.5	132.5	129.7	130.3	8
2019-12-23 08:00	130.3	131.9	130.1	131.3	8
2019-12-23 12:00	131.4	132.3	130.9	131.8	12
2019-12-23 16:00	131.8	132.8	127.0	127.5	23
2019-12-23 20:00	127.5	127.5	124.6	126.2	15
2019-12-24 00:00	126.3	126.9	125.7	126.0	8
2019-12-24 04:00	126.0	126.6	125.1	125.4	9
2019-12-24 08:00	125.4	127.3	125.1	126.9	13
2019-12-24 12:00	127.0	128.0	125.5	126.2	12
2019-12-24 16:00	126.1	126.8	125.2	126.1	14
2019-12-24 20:00	126.1	126.5	125.7	126.4	6
2019-12-25 20:00	124.0	124.0	123.1	123.3	7
2019-12-26 00:00	123.4	123.7	122.6	122.6	8
2019-12-26 04:00	122.7	123.2	122.6	123.0	8
2019-12-26 08:00	123.1	124.2	123.0	123.3	9
2019-12-26 12:00	123.3	124.8	123.2	124.4	11
2019-12-26 16:00	124.5	130.5	123.9	127.2	22
2019-12-26 20:00	127.3	127.8	122.6	123.9	22
2019-12-27 00:00	123.8	124.8	123.4	124.6	11
2019-12-27 04:00	124.5	124.6	122.4	122.9	11
2019-12-27 08:00	122.8	123.3	120.6	121.7	10
2019-12-27 12:00	121.6	124.7	121.1	124.3	16
2019-12-27 16:00	124.2	125.1	122.8	123.5	15
2019-12-27 20:00	123.7	123.9	123.5	123.9	2
2019-12-29 20:00	133.3	134.1	131.2	132.7	6
2019-12-30 00:00	132.8	132.9	131.5	132.2	9
2019-12-30 04:00	132.4	134.3	132.3	133.6	9
2019-12-30 08:00	133.6	133.7	130.6	131.3	13
2019-12-30 12:00	131.4	131.8	128.4	128.5	14
2019-12-30 16:00	128.5	130.0	128.4	129.3	9
2019-12-30 20:00	129.2	130.7	129.1	129.5	10
2019-12-31 00:00	129.4	129.8	128.8	129.4	10
2019-12-31 04:00	129.3	131.0	129.1	130.1	10
2019-12-31 08:00	130.3	130.3	129.4	130.0	12
2019-12-31 12:00	130.0	131.7	127.2	127.7	15
2019-12-31 16:00	127.7	128.4	126.3	126.3	15
2019-12-31 20:00	126.3	126.9	126.1	126.7	5
2020-01-01 20:00	130.0	130.3	127.8	128.5	6
2020-01-02 00:00	128.6	128.6	126.8	127.0	10
2020-01-02 04:00	126.9	127.9	126.7	127.1	9
2020-01-02 08:00	127.0	128.2	127.0	127.5	8
2020-01-02 12:00	127.6	128.0	126.9	127.7	9
2020-01-02 16:00	127.7	127.8	124.4	125.6	17
2020-01-02 20:00	125.6	126.0	124.9	125.2	9
2020-01-03 00:00	125.1	125.7	123.9	125.0	11
2020-01-03 04:00	124.9	128.2	124.9	127.0	15
2020-01-03 08:00	127.0	131.2	127.0	130.8	17
2020-01-03 12:00	130.9	132.2	129.5	130.9	13
2020-01-03 16:00	131.0	133.2	130.4	131.7	16
2020-01-03 20:00	131.7	132.4	131.4	131.8	3
2020-01-05 20:00	136.3	136.3	132.5	133.7	9
2020-01-06 00:00	133.7	138.0	133.2	137.8	17
2020-01-06 04:00	138.0	138.2	137.0	137.2	8
2020-01-06 08:00	137.3	141.3	137.2	139.8	13
2020-01-06 12:00	139.7	141.4	137.6	138.6	16
2020-01-06 16:00	138.7	140.2	138.5	139.7	11
2020-01-06 20:00	139.8	142.9	139.5	142.7	18
2020-01-07 00:00	142.8	143.7	141.8	142.0	19
2020-01-07 04:00	142.0	142.2	140.8	141.3	10
2020-01-07 08:00	141.2	142.3	140.9	141.0	11
2020-01-07 12:00	140.9	140.9	137.6	137.9	15
2020-01-07 16:00	137.9	142.6	137.4	141.8	26
2020-01-07 20:00	141.7	143.5	139.8	141.4	19
2020-01-08 00:00	141.4	146.4	141.3	143.1	26
2020-01-08 04:00	143.2	143.8	141.4	142.0	12
2020-01-08 08:00	142.0	143.0	141.3	141.9	16
2020-01-08 12:00	142.0	142.0	138.8	139.8	22
2020-01-08 16:00	139.9	140.2	136.2	136.3	23
2020-01-08 20:00	136.3	139.8	135.5	139.0	14
2020-01-09 00:00	139.1	139.9	137.9	138.4	15
2020-01-09 04:00	138.3	138.8	137.2	138.3	15
2020-01-09 08:00	138.3	138.5	136.1	136.7	14
2020-01-09 12:00	136.5	137.3	136.0	136.4	9
2020-01-09 16:00	136.5	136.9	133.8	135.9	13
2020-01-09 20:00	135.8	137.8	134.7	136.2	19
2020-01-10 00:00	136.1	136.3	134.7	135.3	11
2020-01-10 04:00	135.3	135.3	133.7	134.9	11
2020-01-10 08:00	134.9	137.3	133.8	136.7	15
2020-01-10 12:00	136.6	141.2	136.4	140.9	18
2020-01-10 16:00	140.8	143.6	139.2	142.1	18
2020-01-10 20:00	142.1	142.5	141.7	141.9	3
2020-01-12 20:00	143.1	145.0	142.8	144.9	7
2020-01-13 00:00	145.0	145.4	141.2	141.7	8
2020-01-13 04:00	141.6	142.3	140.5	141.1	8
2020-01-13 08:00	141.1	142.4	140.8	141.0	9
2020-01-13 12:00	141.1	142.0	140.8	141.2	9
2020-01-13 16:00	141.1	142.3	140.9	141.8	9
2020-01-13 20:00	141.8	143.0	141.8	142.0	9
2020-01-14 00:00	141.9	147.9	141.9	147.4	22
2020-01-14 04:00	147.5	149.3	146.5	147.4	18
2020-01-14 08:00	147.4	150.2	147.4	149.9	16
2020-01-14 12:00	149.9	156.2	149.1	154.5	38
2020-01-14 16:00	154.5	169.1	151.7	164.1	72
2020-01-14 20:00	164.2	166.6	159.3	164.3	40
2020-01-15 00:00	164.2	170.2	161.0	161.0	52
2020-01-15 04:00	160.9	161.7	157.5	159.5	32
2020-01-15 08:00	159.4	165.9	159.0	162.6	26
2020-01-15 12:00	162.5	167.2	160.3	160.8	40
2020-01-15 16:00	160.7	163.5	158.9	162.8	30
2020-01-15 20:00	162.8	165.5	162.1	164.7	25
2020-01-16 00:00	164.7	165.7	157.0	158.1	42
2020-01-16 04:00	158.1	160.8	157.6	159.0	21
2020-01-16 08:00	159.0	162.2	157.8	162.2	21
2020-01-16 12:00	162.1	163.7	158.5	160.7	29
2020-01-16 16:00	160.8	162.4	158.7	161.7	24
2020-01-16 20:00	161.6	164.1	160.8	162.5	21
2020-01-17 00:00	162.6	165.5	160.5	163.3	25
2020-01-17 04:00	163.4	169.7	163.1	169.2	39
2020-01-17 08:00	169.3	172.6	168.0	168.1	30
2020-01-17 12:00	168.1	168.3	163.3	166.5	27
2020-01-17 16:00	166.4	171.9	165.3	167.2	41
2020-01-17 20:00	167.3	168.6	166.6	167.3	10
2020-01-19 20:00	162.8	165.8	161.9	165.2	19
2020-01-20 00:00	165.1	165.8	163.4	163.9	18
2020-01-20 04:00	163.9	164.5	162.7	163.7	13
2020-01-20 08:00	163.8	164.4	160.8	161.1	13
2020-01-20 12:00	161.2	165.2	159.5	165.0	33
2020-01-20 16:00	165.1	166.0	164.2	165.9	12
2020-01-20 20:00	166.0	167.7	164.9	165.0	15
2020-01-21 00:00	164.9	166.5	163.8	166.4	12
2020-01-21 04:00	166.5	166.9	164.3	164.7	12
2020-01-21 08:00	164.6	166.7	164.0	166.0	14
2020-01-21 12:00	166.0	167.4	165.4	166.3	13
2020-01-21 16:00	166.4	166.7	163.1	163.2	17
2020-01-21 20:00	163.2	168.3	163.2	167.7	21
2020-01-22 00:00	167.7	168.3	166.0	166.8	11
2020-01-22 04:00	166.8	169.4	166.8	167.2	17
2020-01-22 08:00	167.2	167.5	165.3	166.0	20
2020-01-22 12:00	166.0	166.2	164.1	165.5	12
2020-01-22 16:00	165.4	167.0	164.7	165.9	18
2020-01-22 20:00	165.8	166.3	165.5	166.1	10
2020-01-23 00:00	166.0	166.2	162.3	163.2	22
2020-01-23 04:00	163.2	163.2	160.6	162.8	20
2020-01-23 08:00	162.7	163.5	160.4	160.5	31
2020-01-23 12:00	160.6	161.7	159.0	161.1	24
2020-01-23 16:00	161.1	161.3	157.2	158.7	24
2020-01-23 20:00	158.7	161.5	157.9	160.9	16
2020-01-24 00:00	160.8	161.5	156.1	157.3	20
2020-01-24 04:00	157.2	158.0	156.4	157.2	15
2020-01-24 08:00	157.2	158.9	153.6	158.5	21
2020-01-24 12:00	158.5	161.1	158.0	160.6	29
2020-01-24 16:00	160.7	162.7	158.8	162.0	21
2020-01-24 20:00	162.0	162.5	160.8	161.5	6
2020-01-26 20:00	164.8	166.0	164.6	165.9	12
2020-01-27 00:00	166.0	167.7	165.4	165.8	20
2020-01-27 04:00	165.8	166.6	164.4	165.4	22
2020-01-27 08:00	165.3	166.7	163.3	166.4	24
2020-01-27 12:00	166.5	168.9	166.2	168.0	27
2020-01-27 16:00	167.9	169.7	167.1	169.3	30
2020-01-27 20:00	169.2	170.2	167.7	168.2	24
2020-01-28 00:00	168.3	172.0	168.3	171.2	28
2020-01-28 04:00	171.3	171.8	169.1	170.3	20
2020-01-28 08:00	170.2	171.3	168.4	170.0	23
2020-01-28 12:00	170.1	172.8	168.6	170.5	29
2020-01-28 16:00	170.5	171.0	168.4	169.4	22
2020-01-28 20:00	169.3	174.8	169.3	174.4	20
2020-01-29 00:00	174.3	175.8	173.7	174.8	22
2020-01-29 04:00	174.9	176.8	174.3	176.3	19
2020-01-29 08:00	176.4	176.6	172.9	174.3	24
2020-01-29 12:00	174.4	174.8	173.1	173.3	16
2020-01-29 16:00	173.4	175.2	172.8	174.9	20
2020-01-29 20:00	174.9	175.4	171.6	171.8	19
2020-01-30 00:00	171.7	172.0	168.9	171.4	26
2020-01-30 04:00	171.3	174.4	171.3	173.9	20
2020-01-30 08:00	174.0	174.8	172.3	173.3	17
2020-01-30 12:00	173.3	175.7	173.2	175.7	22
2020-01-30 16:00	175.6	180.4	173.4	179.7	41
2020-01-30 20:00	179.7	185.2	179.7	182.9	29
2020-01-31 00:00	183.0	183.9	180.5	181.4	22
2020-01-31 04:00	181.4	181.8	179.0	180.3	22
2020-01-31 08:00	180.2	181.4	178.3	178.9	20
2020-01-31 12:00	178.9	178.9	173.5	178.0	29
2020-01-31 16:00	177.9	178.7	175.6	177.6	17
2020-01-31 20:00	177.5	179.0	177.4	178.8	5
2020-02-02 20:00	190.5	190.7	186.4	186.6	15
2020-02-03 00:00	186.7	193.5	185.5	189.5	34
2020-02-03 04:00	189.6	190.3	187.6	188.1	21
2020-02-03 08:00	188.1	188.7	185.7	187.8	17
2020-02-03 12:00	187.9	188.8	185.4	185.5	19
2020-02-03 16:00	185.6	188.4	184.9	188.4	23
2020-02-03 20:00	188.3	190.0	186.3	187.9	18
2020-02-04 00:00	188.0	189.9	186.1	186.2	20
2020-02-04 04:00	186.3	187.2	184.3	186.4	21
2020-02-04 08:00	186.3	186.5	182.8	185.0	33
2020-02-04 12:00	184.9	186.8	182.8	186.4	22
2020-02-04 16:00	186.3	187.6	185.6	185.6	18
2020-02-04 20:00	185.6	187.3	184.6	186.6	16
2020-02-05 00:00	186.7	188.2	186.0	187.5	19
2020-02-05 04:00	187.6	190.0	186.9	188.8	18
2020-02-05 08:00	188.7	195.9	188.2	195.7	23
2020-02-05 12:00	195.6	197.5	193.9	197.1	27
2020-02-05 16:00	197.2	203.7	196.8	200.6	40
2020-02-05 20:00	200.7	206.2	200.6	202.3	30
2020-02-06 00:00	202.3	204.8	199.6	204.8	31
2020-02-06 04:00	204.8	210.2	203.1	207.5	29
2020-02-06 08:00	207.4	209.1	205.7	208.7	33
2020-02-06 12:00	208.8	214.6	204.6	210.8	57
2020-02-06 16:00	210.8	212.7	209.2	209.9	35
2020-02-06 20:00	210.0	212.4	209.3	211.3	30
2020-02-07 00:00	211.4	219.0	211.3	215.1	42
2020-02-07 04:00	215.2	217.6	214.3	216.9	35
2020-02-07 08:00	216.8	222.8	215.5	218.5	34
2020-02-07 12:00	218.6	222.0	215.8	219.7	47
2020-02-07 16:00	219.6	221.0	217.9	219.5	31
2020-02-07 20:00	219.6	220.0	217.2	217.3	6
2020-02-09 20:00	223.1	227.5	223.0	227.2	14
2020-02-10 00:00	227.3	228.0	223.0	223.8	32
2020-02-10 04:00	223.9	224.1	218.0	222.3	40
2020-02-10 08:00	222.4	222.4	215.3	216.7	37
2020-02-10 12:00	216.8	223.5	215.8	221.9	31
2020-02-10 16:00	221.8	222.8	218.7	219.2	35
2020-02-10 20:00	219.3	223.4	219.2	221.3	22
2020-02-11 00:00	221.4	221.9	216.7	217.2	38
2020-02-11 04:00	217.2	219.0	216.3	216.8	26
2020-02-11 08:00	216.8	221.4	216.5	221.2	24
2020-02-11 12:00	221.3	229.5	220.5	228.1	37
2020-02-11 16:00	228.2	238.1	227.4	237.7	54
2020-02-11 20:00	237.7	238.0	234.8	236.3	26
2020-02-12 00:00	236.4	246.8	236.3	243.6	47
2020-02-12 04:00	243.7	256.0	243.5	252.8	42
2020-02-12 08:00	252.7	256.8	248.3	254.8	52
2020-02-12 12:00	254.8	257.2	250.7	253.5	48
2020-02-12 16:00	253.6	265.9	252.7	264.3	52
2020-02-12 20:00	264.4	274.3	261.8	264.6	53
2020-02-13 00:00	264.7	273.6	264.0	268.2	52
2020-02-13 04:00	268.3	272.7	264.4	265.1	45
2020-02-13 08:00	265.2	267.1	254.8	261.0	64
2020-02-13 12:00	261.0	276.3	259.6	269.1	73
2020-02-13 16:00	269.2	271.0	262.6	267.3	56
2020-02-13 20:00	267.3	267.7	260.8	266.8	40
2020-02-14 00:00	266.9	268.8	262.8	265.1	42
2020-02-14 04:00	265.2	266.8	258.6	260.9	44
2020-02-14 08:00	260.9	271.0	260.5	269.4	45
2020-02-14 12:00	269.3	273.3	267.2	271.5	46
2020-02-14 16:00	271.4	284.2	270.9	281.7	54
2020-02-14 20:00	281.8	282.5	279.7	281.6	11
2020-02-16 20:00	251.2	261.9	249.1	257.6	31
2020-02-17 00:00	257.5	259.9	245.3	248.3	63
2020-02-17 04:00	248.2	252.3	241.1	247.3	72
2020-02-17 08:00	247.4	252.4	241.6	246.9	66
2020-02-17 12:00	247.0	257.1	242.4	255.4	72
2020-02-17 16:00	255.4	261.5	253.6	259.4	56
2020-02-17 20:00	259.5	267.1	256.5	266.4	33
2020-02-18 00:00	266.5	270.3	262.2	267.7	46
2020-02-18 04:00	267.8	270.0	264.6	267.6	35
2020-02-18 08:00	267.5	267.6	261.1	266.4	49
2020-02-18 12:00	266.4	273.9	257.7	273.1	58
2020-02-18 16:00	273.2	284.3	272.4	283.7	63
2020-02-18 20:00	283.8	284.9	275.9	281.8	58
2020-02-19 00:00	281.9	282.0	276.6	279.1	49
2020-02-19 04:00	279.1	280.0	274.2	275.6	41
2020-02-19 08:00	275.5	282.3	273.6	282.2	56
2020-02-19 12:00	282.3	282.8	276.9	278.3	38
2020-02-19 16:00	278.4	285.4	275.5	275.7	53
2020-02-19 20:00	275.8	276.4	250.2	257.0	86
2020-02-20 00:00	256.9	262.7	255.6	259.2	55
2020-02-20 04:00	259.2	260.4	255.8	259.3	40
2020-02-20 08:00	259.3	259.3	250.9	252.0	56
2020-02-20 12:00	252.0	257.9	245.5	253.7	69
2020-02-20 16:00	253.8	258.4	244.2	254.4	84
2020-02-20 20:00	254.5	260.8	252.6	255.9	46
2020-02-21 00:00	255.8	261.7	252.7	260.9	43
2020-02-21 04:00	260.9	262.7	257.8	258.9	36
2020-02-21 08:00	258.8	262.0	256.4	260.6	35
2020-02-21 12:00	260.6	265.3	260.5	264.0	41
2020-02-21 16:00	264.1	267.0	261.5	262.9	40
2020-02-21 20:00	263.0	264.2	259.0	262.6	16
2020-02-23 20:00	269.2	275.1	268.9	273.9	17
2020-02-24 00:00	274.0	276.4	264.6	266.8	45
2020-02-24 04:00	266.8	267.6	262.5	266.3	35
2020-02-24 08:00	266.2	270.5	263.9	270.4	30
2020-02-24 12:00	270.5	271.3	264.9	266.2	42
2020-02-24 16:00	266.1	269.1	255.3	261.5	49
2020-02-24 20:00	261.4	264.9	257.8	263.9	30
2020-02-25 00:00	264.0	264.7	259.1	260.1	28
2020-02-25 04:00	260.1	260.9	253.6	256.0	34
2020-02-25 08:00	255.9	261.8	254.5	261.1	40
2020-02-25 12:00	261.1	263.2	248.6	250.1	59
2020-02-25 16:00	250.2	253.2	244.3	248.4	54
2020-02-25 20:00	248.5	251.4	243.1	244.9	43
2020-02-26 00:00	244.9	248.3	234.2	237.0	57
2020-02-26 04:00	236.9	240.4	235.3	235.9	33
2020-02-26 08:00	235.8	238.0	232.6	233.6	40
2020-02-26 12:00	233.7	239.5	224.1	224.5	73
2020-02-26 16:00	224.5	230.4	213.9	227.9	88
2020-02-26 20:00	228.0	229.8	220.2	222.0	49
2020-02-27 00:00	222.1	222.2	208.3	217.0	79
2020-02-27 04:00	217.1	224.5	215.2	223.6	51
2020-02-27 08:00	223.7	229.5	221.7	225.0	59
2020-02-27 12:00	225.1	231.4	223.5	229.5	61
2020-02-27 16:00	229.6	236.8	229.5	233.2	55
2020-02-27 20:00	233.3	233.3	220.7	226.0	60
2020-02-28 00:00	226.1	233.1	225.2	228.3	53
2020-02-28 04:00	228.2	229.4	221.3	222.5	54
2020-02-28 08:00	222.6	225.2	215.3	218.8	65
2020-02-28 12:00	218.9	225.8	212.2	225.4	75
2020-02-28 16:00	225.5	226.6	218.7	220.8	66
2020-02-28 20:00	220.9	224.7	220.5	221.9	15
2020-03-01 20:00	212.6	219.5	211.7	215.8	23
2020-03-02 00:00	215.9	220.4	214.2	217.2	42
2020-03-02 04:00	217.1	221.2	217.1	218.3	35
2020-03-02 08:00	218.2	224.0	217.9	223.2	35
2020-03-02 12:00	223.3	228.1	220.9	226.8	41
2020-03-02 16:00	226.9	233.0	226.2	230.8	43
2020-03-02 20:00	230.7	232.2	228.0	230.5	27
2020-03-03 00:00	230.6	230.8	226.3	230.2	33
2020-03-03 04:00	230.1	230.2	224.9	225.3	26
2020-03-03 08:00	225.3	230.5	224.5	229.9	28
2020-03-03 12:00	230.0	231.2	221.1	223.2	47
2020-03-03 16:00	223.1	224.1	218.5	222.0	41
2020-03-03 20:00	221.9	223.8	220.2	222.2	19
2020-03-04 00:00	222.2	227.2	220.9	224.5	40
2020-03-04 04:00	224.6	226.6	222.7	225.1	29
2020-03-04 08:00	225.0	225.7	220.1	221.7	26
2020-03-04 12:00	221.7	224.0	219.5	220.4	34
2020-03-04 16:00	220.4	222.2	218.9	221.0	24
2020-03-04 20:00	220.9	223.1	219.5	223.0	20
2020-03-05 00:00	222.9	227.0	222.9	225.2	39
2020-03-05 04:00	225.3	228.3	225.0	226.6	28
2020-03-05 08:00	226.6	231.7	226.2	231.0	33
2020-03-05 12:00	230.9	232.8	228.0	230.2	34
2020-03-05 16:00	230.2	232.2	229.4	231.6	29
2020-03-05 20:00	231.7	231.7	225.2	227.1	28
2020-03-06 00:00	227.2	229.5	226.1	227.8	26
2020-03-06 04:00	228.0	236.1	227.5	234.3	37
2020-03-06 08:00	234.4	240.1	232.9	238.9	35
2020-03-06 12:00	238.8	238.9	233.6	233.7	34
2020-03-06 16:00	233.8	237.8	233.7	236.7	24
2020-03-06 20:00	236.6	238.1	236.6	237.7	5
2020-03-08 20:00	208.2	210.7	194.5	197.9	43
2020-03-09 00:00	198.0	206.0	196.4	200.1	82
2020-03-09 04:00	200.2	206.7	194.8	204.3	83
2020-03-09 08:00	204.4	207.1	197.9	199.6	52
2020-03-09 12:00	199.7	203.5	188.3	192.7	81
2020-03-09 16:00	192.8	199.2	189.8	196.0	70
2020-03-09 20:00	196.0	201.7	193.6	201.1	40
2020-03-10 00:00	201.0	203.2	198.4	200.9	33
2020-03-10 04:00	201.0	202.3	195.7	197.4	29
2020-03-10 08:00	197.5	203.5	196.1	201.7	38
2020-03-10 12:00	201.8	204.7	194.6	195.0	44
2020-03-10 16:00	194.9	200.8	194.0	200.7	39
2020-03-10 20:00	200.8	202.5	198.4	199.0	36
2020-03-11 00:00	199.0	201.5	198.3	200.3	25
2020-03-11 04:00	200.4	200.5	195.9	197.5	28
2020-03-11 08:00	197.4	199.3	193.2	195.2	36
2020-03-11 12:00	195.1	197.0	188.9	190.4	32
2020-03-11 16:00	190.3	192.4	180.1	188.5	71
2020-03-11 20:00	188.6	194.2	186.7	193.0	44
2020-03-12 00:00	193.1	194.0	180.2	181.2	58
2020-03-12 04:00	181.2	181.2	166.6	169.7	57
2020-03-12 08:00	169.8	170.4	126.4	134.6	113
2020-03-12 12:00	134.6	141.6	124.5	139.3	143
2020-03-12 16:00	139.4	143.8	133.0	136.4	95
2020-03-12 20:00	136.3	137.1	100.7	107.3	120
2020-03-13 00:00	107.4	143.8	87.7	129.1	141
2020-03-13 04:00	129.1	129.1	107.2	126.4	104
2020-03-13 08:00	126.4	134.6	120.7	127.2	82
2020-03-13 12:00	127.3	139.1	114.8	123.3	103
2020-03-13 16:00	123.2	130.1	114.2	128.1	107
2020-03-13 20:00	128.2	129.8	125.3	127.4	26
2020-03-15 20:00	118.4	132.1	118.4	121.8	44
2020-03-16 00:00	121.7	122.2	118.3	120.5	32
2020-03-16 04:00	120.5	120.5	104.1	105.2	51
2020-03-16 08:00	105.1	110.0	99.2	102.5	74
2020-03-16 12:00	102.5	114.2	100.9	113.3	98
2020-03-16 16:00	113.4	114.0	107.6	108.7	73
2020-03-16 20:00	108.7	110.2	105.7	109.8	60
2020-03-17 00:00	109.9	119.6	108.0	116.6	66
2020-03-17 04:00	116.5	118.9	114.1	117.1	35
2020-03-17 08:00	117.0	118.9	113.1	114.8	40
2020-03-17 12:00	114.7	117.2	111.3	116.4	45
2020-03-17 16:00	116.5	118.8	115.6	116.4	37
2020-03-17 20:00	116.5	118.9	114.5	114.5	32
2020-03-18 00:00	114.6	116.8	113.9	116.3	26
2020-03-18 04:00	116.4	116.7	109.7	110.9	27
2020-03-18 08:00	110.8	112.7	109.0	111.6	40
2020-03-18 12:00	111.7	116.1	108.7	114.7	51
2020-03-18 16:00	114.8	115.2	111.6	115.0	46
2020-03-18 20:00	115.0	117.3	113.6	117.0	28
2020-03-19 00:00	117.1	118.9	114.2	114.8	28
2020-03-19 04:00	114.9	118.8	114.4	117.7	20
2020-03-19 08:00	117.8	124.1	117.2	123.0	38
2020-03-19 12:00	123.1	128.2	122.8	127.2	52
2020-03-19 16:00	127.3	139.7	125.8	135.2	71
2020-03-19 20:00	135.2	142.0	134.0	135.2	39
2020-03-20 00:00	135.2	138.8	132.5	133.4	31
2020-03-20 04:00	133.4	139.3	132.3	138.4	26
2020-03-20 08:00	138.5	151.7	138.4	144.8	88
2020-03-20 12:00	144.7	145.3	135.5	141.5	67
2020-03-20 16:00	141.6	143.5	128.8	129.8	64
2020-03-20 20:00	129.9	129.9	114.6	123.9	30
2020-03-22 20:00	122.7	127.2	119.3	120.8	40
2020-03-23 00:00	120.7	124.6	118.0	123.8	49
2020-03-23 04:00	123.9	125.0	122.3	122.4	35
2020-03-23 08:00	122.5	123.5	119.2	121.7	35
2020-03-23 12:00	121.7	136.5	121.7	128.0	83
2020-03-23 16:00	128.1	131.6	127.8	129.0	48
2020-03-23 20:00	128.9	135.3	128.7	135.2	53
2020-03-24 00:00	135.2	136.5	132.9	133.0	49
2020-03-24 04:00	132.9	136.3	131.5	134.7	37
2020-03-24 08:00	134.6	142.6	134.5	139.8	57
2020-03-24 12:00	139.9	139.9	133.1	135.0	53
2020-03-24 16:00	134.9	138.7	133.2	138.4	45
2020-03-24 20:00	138.4	139.2	135.0	137.4	39
2020-03-25 00:00	137.3	140.3	133.7	134.8	50
2020-03-25 04:00	134.7	137.8	134.1	137.0	31
2020-03-25 08:00	137.1	141.2	131.4	133.0	57
2020-03-25 12:00	133.1	136.8	132.2	134.3	44
2020-03-25 16:00	134.3	135.4	133.6	134.4	27
2020-03-25 20:00	134.5	135.0	132.2	134.7	24
2020-03-26 00:00	134.8	136.7	133.9	135.9	30
2020-03-26 04:00	135.8	137.5	132.6	133.5	27
2020-03-26 08:00	133.5	135.0	132.8	133.3	19
2020-03-26 12:00	133.2	134.5	132.0	133.3	30
2020-03-26 16:00	133.2	134.1	132.4	134.0	19
2020-03-26 20:00	133.9	138.7	133.9	137.4	30
2020-03-27 00:00	137.5	140.2	136.9	138.2	29
2020-03-27 04:00	138.3	139.4	134.9	136.4	25
2020-03-27 08:00	136.4	136.4	133.5	134.5	20
2020-03-27 12:00	134.5	135.0	133.1	134.7	23
2020-03-27 16:00	134.6	136.0	133.7	135.3	17
2020-03-27 20:00	135.4	136.0	134.7	136.0	3
2020-03-29 20:00	124.0	124.9	122.6	122.9	14
2020-03-30 00:00	122.9	125.6	122.5	125.5	21
2020-03-30 04:00	125.5	130.2	125.1	128.9	29
2020-03-30 08:00	128.9	133.6	128.9	132.4	17
2020-03-30 12:00	132.5	132.9	129.8	130.8	19
2020-03-30 16:00	130.9	131.9	130.0	130.9	17
2020-03-30 20:00	130.9	134.0	130.5	130.8	31
2020-03-31 00:00	130.7	132.8	129.5	130.8	22
2020-03-31 04:00	130.8	131.0	128.9	130.5	18
2020-03-31 08:00	130.4	132.0	129.8	130.5	17
2020-03-31 12:00	130.6	132.3	129.8	131.5	22
2020-03-31 16:00	131.4	132.3	130.4	132.0	16
2020-03-31 20:00	132.2	133.7	131.4	131.4	16
2020-04-01 00:00	131.6	132.0	129.9	131.5	17
2020-04-01 04:00	131.7	131.9	130.3	131.2	13
2020-04-01 08:00	130.9	131.2	130.0	130.9	15
2020-04-01 12:00	130.9	131.8	129.0	129.8	22
2020-04-01 16:00	129.8	129.8	127.4	128.7	17
2020-04-01 20:00	128.6	135.6	128.4	134.5	29
2020-04-02 00:00	134.6	137.3	134.0	135.1	21
2020-04-02 04:00	135.2	136.7	134.3	136.2	16
2020-04-02 08:00	136.1	136.7	135.2	136.4	17
2020-04-02 12:00	136.4	138.4	134.8	138.0	26
2020-04-02 16:00	138.0	148.5	137.8	139.4	62
2020-04-02 20:00	139.5	141.5	137.0	139.9	32
2020-04-03 00:00	139.8	141.2	139.0	140.0	19
2020-04-03 04:00	140.1	143.7	139.5	143.4	19
2020-04-03 08:00	143.5	145.3	141.7	144.9	27
2020-04-03 12:00	144.8	145.0	139.0	140.0	31
2020-04-03 16:00	139.9	141.0	136.4	140.9	28
2020-04-03 20:00	141.0	141.4	138.9	139.1	5
2020-04-05 20:00	140.6	142.3	140.4	141.2	12
2020-04-06 00:00	141.3	143.6	141.2	142.6	21
2020-04-06 04:00	142.7	149.9	142.7	148.2	33
2020-04-06 08:00	148.2	154.2	147.8	153.0	31
2020-04-06 12:00	153.0	160.1	152.4	160.0	33
2020-04-06 16:00	160.1	166.0	159.2	163.8	53
2020-04-06 20:00	163.7	170.5	160.2	170.0	30
2020-04-07 00:00	170.1	175.0	166.1	169.5	51
2020-04-07 04:00	169.5	173.0	167.2	172.5	28
2020-04-07 08:00	172.5	174.2	170.3	171.1	26
2020-04-07 12:00	171.0	173.7	165.9	167.8	36
2020-04-07 16:00	167.7	172.0	167.5	167.7	31
2020-04-07 20:00	167.6	167.7	160.7	163.0	42
2020-04-08 00:00	162.9	171.7	162.0	170.7	34
2020-04-08 04:00	170.8	173.1	167.5	168.8	32
2020-04-08 08:00	168.9	169.5	164.5	167.3	32
2020-04-08 12:00	167.2	169.0	165.0	167.7	25
2020-04-08 16:00	167.6	170.2	166.8	169.0	25
2020-04-08 20:00	168.9	172.3	168.9	171.9	21
2020-04-09 00:00	171.9	172.0	168.4	168.8	18
2020-04-09 04:00	168.7	171.2	166.7	171.2	17
2020-04-09 08:00	171.2	172.0	165.4	166.5	20
2020-04-09 12:00	166.4	170.4	163.8	168.5	33
2020-04-09 16:00	168.6	169.3	166.6	167.8	20
2020-04-09 20:00	167.8	169.6	167.0	168.2	17
2020-04-10 00:00	168.2	168.8	161.6	162.0	26
2020-04-10 04:00	161.9	162.5	155.2	156.8	50
2020-04-10 08:00	156.7	158.0	154.7	156.5	26
2020-04-10 12:00	156.4	157.3	150.8	151.8	39
2020-04-10 16:00	151.7	157.7	151.0	157.0	32
2020-04-10 20:00	156.9	157.7	156.4	157.7	5
2020-04-12 20:00	162.6	163.2	157.0	157.3	22
2020-04-13 00:00	157.3	157.3	148.3	150.9	45
2020-04-13 04:00	151.0	152.4	149.8	151.0	22
2020-04-13 08:00	150.9	155.3	149.2	154.2	27
2020-04-13 12:00	154.2	154.2	149.8	152.8	33
2020-04-13 16:00	152.9	154.3	151.8	153.4	22
2020-04-13 20:00	153.5	157.9	153.5	155.3	28
2020-04-14 00:00	155.2	157.3	154.4	156.8	23
2020-04-14 04:00	156.8	157.7	155.0	155.3	21
2020-04-14 08:00	155.4	157.0	154.2	155.5	22
2020-04-14 12:00	155.5	160.0	154.8	158.7	31
2020-04-14 16:00	158.7	160.7	157.8	158.8	30
2020-04-14 20:00	158.8	159.3	156.1	157.0	20
2020-04-15 00:00	157.0	159.2	154.5	158.9	26
2020-04-15 04:00	159.0	159.9	157.9	158.2	20
2020-04-15 08:00	158.1	158.5	155.4	156.1	21
2020-04-15 12:00	156.1	156.4	153.8	154.3	28
2020-04-15 16:00	154.2	156.7	154.0	155.5	18
2020-04-15 20:00	155.5	156.5	150.5	151.2	24
2020-04-16 00:00	151.2	152.2	146.8	151.7	33
2020-04-16 04:00	151.5	166.3	150.8	163.2	47
2020-04-16 08:00	163.3	173.1	163.2	168.5	62
2020-04-16 12:00	168.7	171.4	167.0	171.3	36
2020-04-16 16:00	171.4	171.8	168.0	171.2	36
2020-04-16 20:00	171.1	173.7	168.7	171.0	37
2020-04-17 00:00	171.1	172.0	168.6	170.0	29
2020-04-17 04:00	170.2	170.2	166.9	168.4	26
2020-04-17 08:00	168.4	171.4	167.4	168.0	23
2020-04-17 12:00	168.1	169.5	167.3	168.5	23
2020-04-17 16:00	168.4	170.0	167.8	169.6	18
2020-04-17 20:00	169.7	170.0	169.2	169.3	4
2020-04-19 20:00	180.0	182.2	178.2	178.8	27
2020-04-20 00:00	178.7	183.0	177.3	182.8	36
2020-04-20 04:00	182.8	185.2	181.0	182.8	32
2020-04-20 08:00	182.8	182.8	174.2	174.5	39
2020-04-20 12:00	174.5	179.3	172.0	178.0	39
2020-04-20 16:00	178.1	178.8	165.9	166.0	67
2020-04-20 20:00	166.0	171.9	165.3	168.9	41
2020-04-21 00:00	168.8	172.2	168.3	170.4	36
2020-04-21 04:00	170.5	173.4	169.7	171.8	28
2020-04-21 08:00	171.9	172.0	166.9	168.0	39
2020-04-21 12:00	167.9	172.2	167.7	169.0	39
2020-04-21 16:00	169.0	172.1	168.5	170.7	41
2020-04-21 20:00	170.6	171.9	168.8	169.5	23
2020-04-22 00:00	169.5	171.0	168.5	170.3	27
2020-04-22 04:00	170.3	174.7	169.5	173.9	26
2020-04-22 08:00	173.9	174.7	173.0	174.3	19
2020-04-22 12:00	174.4	181.8	173.5	181.5	40
2020-04-22 16:00	181.6	182.8	179.3	180.4	29
2020-04-22 20:00	180.4	181.8	179.5	181.5	18
2020-04-23 00:00	181.7	185.6	180.2	181.2	34
2020-04-23 04:00	181.2	182.2	177.0	178.4	31
2020-04-23 08:00	178.4	182.8	177.8	182.3	27
2020-04-23 12:00	182.2	192.8	181.8	188.0	61
2020-04-23 16:00	188.0	189.5	185.5	187.9	34
2020-04-23 20:00	188.0	189.5	181.7	184.0	26
2020-04-24 00:00	184.0	188.0	183.7	186.9	30
2020-04-24 04:00	186.8	188.4	185.0	188.1	27
2020-04-24 08:00	188.1	188.3	183.9	184.7	36
2020-04-24 12:00	184.6	186.5	183.4	186.0	29
2020-04-24 16:00	186.2	187.7	185.0	187.2	25
2020-04-24 20:00	187.2	187.8	186.5	186.5	7
2020-04-26 20:00	195.7	196.3	192.7	196.3	15
2020-04-27 00:00	196.3	197.8	195.1	195.8	38
2020-04-27 04:00	195.8	196.4	192.2	194.8	26
2020-04-27 08:00	194.7	195.8	193.1	194.5	26
2020-04-27 12:00	194.6	194.9	188.2	191.5	37
2020-04-27 16:00	191.4	192.9	189.8	192.7	25
2020-04-27 20:00	192.7	195.8	191.9	195.2	23
2020-04-28 00:00	195.3	195.4	191.2	193.3	22
2020-04-28 04:00	193.4	194.5	190.9	194.0	23
2020-04-28 08:00	194.0	195.8	192.4	194.7	20
2020-04-28 12:00	194.8	196.3	192.8	194.2	28
2020-04-28 16:00	194.1	195.8	193.8	194.3	18
2020-04-28 20:00	194.3	196.4	193.8	195.2	17
2020-04-29 00:00	195.3	198.3	195.2	196.9	25
2020-04-29 04:00	197.0	206.0	196.3	204.2	38
2020-04-29 08:00	204.3	208.7	203.7	206.5	39
2020-04-29 12:00	206.5	210.1	206.4	208.8	43
2020-04-29 16:00	208.8	217.8	208.1	214.7	82
2020-04-29 20:00	214.6	215.6	211.6	214.1	45
2020-04-30 00:00	214.2	224.7	212.9	224.4	50
2020-04-30 04:00	224.4	225.9	215.4	218.9	79
2020-04-30 08:00	218.8	219.4	201.3	210.4	84
2020-04-30 12:00	210.3	212.0	204.9	206.8	64
2020-04-30 16:00	206.8	211.4	200.9	210.0	82
2020-04-30 20:00	210.1	211.0	203.8	204.7	52
2020-05-01 00:00	204.6	209.0	204.6	207.4	49
2020-05-01 04:00	207.4	213.6	207.4	211.4	43
2020-05-01 08:00	211.4	215.9	210.3	214.0	46
2020-05-01 12:00	214.0	214.3	208.2	208.3	55
2020-05-01 16:00	208.2	210.4	206.9	207.8	47
2020-05-01 20:00	207.8	208.5	206.7	208.3	10
2020-05-03 20:00	205.9	210.1	205.7	208.6	23
2020-05-04 00:00	208.5	209.4	200.7	202.2	45
2020-05-04 04:00	202.2	202.2	193.6	198.0	54
2020-05-04 08:00	198.0	201.0	196.6	198.3	43
2020-05-04 12:00	198.4	205.8	197.9	204.8	46
2020-05-04 16:00	204.9	205.6	201.2	202.5	39
2020-05-04 20:00	202.4	207.8	202.4	205.3	43
2020-05-05 00:00	205.4	207.3	203.1	204.7	28
2020-05-05 04:00	204.8	210.6	204.8	207.2	40
2020-05-05 08:00	207.1	208.4	199.9	202.0	39
2020-05-05 12:00	202.0	204.6	201.0	202.3	33
2020-05-05 16:00	202.2	203.5	201.7	203.0	26
2020-05-05 20:00	202.9	204.6	202.5	203.9	33
2020-05-06 00:00	204.0	207.5	200.7	205.3	29
2020-05-06 04:00	205.4	207.2	204.5	206.3	27
2020-05-06 08:00	206.4	209.5	205.0	209.0	41
2020-05-06 12:00	209.1	209.7	205.3	207.0	33
2020-05-06 16:00	206.9	207.6	203.2	203.3	26
2020-05-06 20:00	203.2	205.3	196.8	197.6	33
2020-05-07 00:00	197.5	207.0	195.4	204.7	43
2020-05-07 04:00	204.6	205.5	201.5	203.5	21
2020-05-07 08:00	203.4	204.8	202.0	202.7	21
2020-05-07 12:00	202.8	207.6	202.3	204.7	44
2020-05-07 16:00	204.8	213.7	203.0	211.6	70
2020-05-07 20:00	211.7	212.9	209.5	210.9	45
2020-05-08 00:00	211.0	215.4	209.8	211.6	41
2020-05-08 04:00	211.7	211.7	205.7	208.1	34
2020-05-08 08:00	208.1	210.8	207.5	210.2	27
2020-05-08 12:00	210.1	211.6	208.0	210.2	33
2020-05-08 16:00	210.3	213.7	209.4	211.7	27
2020-05-08 20:00	211.8	213.1	211.0	213.0	5
2020-05-10 20:00	187.3	189.1	183.7	186.2	32
2020-05-11 00:00	186.1	189.7	186.1	187.2	32
2020-05-11 04:00	187.1	187.5	184.2	185.8	28
2020-05-11 08:00	185.7	188.5	182.4	187.5	49
2020-05-11 12:00	187.6	192.1	184.9	187.0	52
2020-05-11 16:00	186.9	187.5	174.9	185.9	87
2020-05-11 20:00	186.0	186.8	182.3	184.4	43
2020-05-12 00:00	184.4	188.0	184.2	187.0	30
2020-05-12 04:00	187.1	187.9	185.5	186.5	28
2020-05-12 08:00	186.5	189.5	186.3	189.4	26
2020-05-12 12:00	189.5	190.8	187.0	189.5	29
2020-05-12 16:00	189.7	190.8	188.1	188.1	27
2020-05-12 20:00	188.2	189.4	185.5	188.3	55
2020-05-13 00:00	188.4	191.3	188.0	189.4	64
2020-05-13 04:00	189.4	189.5	188.3	188.5	21
2020-05-13 08:00	188.4	189.7	186.9	189.5	21
2020-05-13 12:00	189.7	197.2	189.1	196.8	32
2020-05-13 16:00	196.9	197.9	194.0	195.5	25
2020-05-13 20:00	195.5	199.7	195.3	198.3	36
2020-05-14 00:00	198.4	199.6	195.3	197.6	21
2020-05-14 04:00	197.7	199.3	194.2	198.4	23
2020-05-14 08:00	198.3	204.7	197.3	200.8	47
2020-05-14 12:00	201.0	201.7	199.2	200.9	23
2020-05-14 16:00	200.9	203.0	194.8	202.0	31
2020-05-14 20:00	202.2	203.8	200.5	201.8	29
2020-05-15 00:00	201.9	202.5	195.5	197.8	36
2020-05-15 04:00	197.8	200.4	196.8	199.7	20
2020-05-15 08:00	199.6	200.0	197.2	199.3	23
2020-05-15 12:00	199.2	199.3	195.0	196.2	25
2020-05-15 16:00	196.1	197.4	192.5	193.0	33
2020-05-15 20:00	193.0	193.5	190.1	191.8	11
2020-05-17 20:00	206.3	208.1	204.5	205.4	22
2020-05-18 00:00	205.5	214.6	205.5	213.5	46
2020-05-18 04:00	213.6	215.4	211.9	212.5	38
2020-05-18 08:00	212.4	213.6	207.7	210.4	30
2020-05-18 12:00	210.3	211.4	208.5	209.6	26
2020-05-18 16:00	209.6	211.8	207.3	211.5	38
2020-05-18 20:00	211.5	213.8	210.9	213.3	37
2020-05-19 00:00	213.2	213.4	207.9	208.6	43
2020-05-19 04:00	208.5	211.0	207.7	209.8	28
2020-05-19 08:00	209.9	214.3	209.9	211.2	40
2020-05-19 12:00	211.2	211.3	209.0	210.6	33
2020-05-19 16:00	210.7	213.0	209.7	209.9	23
2020-05-19 20:00	209.8	213.4	208.7	213.2	29
2020-05-20 00:00	213.3	213.4	210.8	211.3	31
2020-05-20 04:00	211.2	214.1	210.3	211.7	32
2020-05-20 08:00	211.7	212.8	211.0	211.3	27
2020-05-20 12:00	211.4	213.2	204.6	206.3	37
2020-05-20 16:00	206.2	208.5	205.0	207.9	25
2020-05-20 20:00	207.9	209.3	207.4	208.4	26
2020-05-21 00:00	208.3	210.0	207.1	207.5	29
2020-05-21 04:00	207.5	208.2	206.7	206.7	25
2020-05-21 08:00	206.8	207.9	202.9	206.0	31
2020-05-21 12:00	206.1	206.1	194.7	197.5	47
2020-05-21 16:00	197.4	198.5	190.0	196.8	43
2020-05-21 20:00	196.9	199.0	195.9	197.0	27
2020-05-22 00:00	197.0	198.2	194.6	195.4	32
2020-05-22 04:00	195.5	200.9	194.8	200.0	28
2020-05-22 08:00	200.1	202.4	199.1	201.6	24
2020-05-22 12:00	201.5	203.9	199.5	203.6	23
2020-05-22 16:00	203.7	207.8	203.0	206.1	35
2020-05-22 20:00	206.2	207.6	205.2	206.7	10
2020-05-24 20:00	204.7	206.2	197.9	198.1	24
2020-05-25 00:00	198.1	201.5	196.5	200.8	33
2020-05-25 04:00	200.7	202.7	199.7	202.4	24
2020-05-25 08:00	202.6	203.4	199.8	200.8	31
2020-05-25 12:00	200.9	202.8	200.5	201.0	29
2020-05-25 16:00	201.1	204.2	200.8	203.2	25
2020-05-25 20:00	203.3	203.5	201.8	202.6	17
2020-05-26 00:00	202.5	203.5	201.1	202.9	22
2020-05-26 04:00	202.9	202.9	200.2	202.0	18
2020-05-26 08:00	202.0	202.7	200.0	200.4	20
2020-05-26 12:00	200.3	201.0	195.4	195.9	26
2020-05-26 16:00	196.0	198.9	195.2	197.6	22
2020-05-26 20:00	197.5	201.1	197.5	199.3	17
2020-05-27 00:00	199.4	200.9	199.2	200.0	20
2020-05-27 04:00	200.1	202.6	199.7	201.3	16
2020-05-27 08:00	201.3	205.3	201.2	205.0	28
2020-05-27 12:00	205.1	206.2	203.7	204.5	23
2020-05-27 16:00	204.6	206.1	204.4	205.0	20
2020-05-27 20:00	205.0	206.9	203.6	206.9	26
2020-05-28 00:00	206.9	207.4	204.7	204.8	26
2020-05-28 04:00	204.7	205.4	203.2	203.6	23
2020-05-28 08:00	203.7	206.3	203.0	206.1	26
2020-05-28 12:00	206.2	213.2	205.9	212.8	33
2020-05-28 16:00	212.9	214.1	212.0	213.2	25
2020-05-28 20:00	213.3	219.1	212.1	218.8	31
2020-05-29 00:00	218.9	223.2	218.8	220.2	35
2020-05-29 04:00	220.1	220.8	217.7	219.7	21
2020-05-29 08:00	219.7	221.9	216.0	217.3	24
2020-05-29 12:00	217.3	219.2	216.6	217.9	24
2020-05-29 16:00	217.8	220.9	217.7	218.2	28
2020-05-29 20:00	218.3	219.0	217.9	218.5	5
2020-05-31 20:00	233.7	234.8	228.2	229.9	35
2020-06-01 00:00	229.8	238.3	229.2	237.2	58
2020-06-01 04:00	237.2	240.8	235.6	237.1	52
2020-06-01 08:00	237.0	237.5	233.9	234.4	46
2020-06-01 12:00	234.3	239.4	233.4	236.5	44
2020-06-01 16:00	236.6	238.7	236.1	236.3	33
2020-06-01 20:00	236.4	249.9	235.7	246.9	70
2020-06-02 00:00	247.0	247.7	244.5	245.7	34
2020-06-02 04:00	245.8	247.8	245.1	247.2	16
2020-06-02 08:00	247.1	251.8	246.5	250.3	22
2020-06-02 12:00	250.4	251.3	224.3	231.9	62
2020-06-02 16:00	231.9	235.3	230.8	234.7	28
2020-06-02 20:00	234.6	237.9	233.3	236.1	37
2020-06-03 00:00	236.2	237.0	233.4	234.2	31
2020-06-03 04:00	234.3	235.8	232.0	235.3	38
2020-06-03 08:00	235.4	239.1	234.7	238.2	32
2020-06-03 12:00	238.3	238.9	235.6	237.7	33
2020-06-03 16:00	237.8	241.4	237.1	239.2	32
2020-06-03 20:00	239.1	243.7	238.6	243.1	34
2020-06-04 00:00	243.0	245.1	241.7	243.8	41
2020-06-04 04:00	243.9	244.0	240.8	241.8	30
2020-06-04 08:00	241.8	242.3	234.7	241.4	40
2020-06-04 12:00	241.5	244.7	240.2	243.6	42
2020-06-04 16:00	243.7	244.2	238.5	239.8	37
2020-06-04 20:00	239.9	243.1	237.7	241.7	36
2020-06-05 00:00	241.6	243.8	240.2	241.5	39
2020-06-05 04:00	241.5	242.8	240.7	242.1	33
2020-06-05 08:00	242.2	246.4	239.5	241.4	47
2020-06-05 12:00	241.5	241.7	237.7	240.2	40
2020-06-05 16:00	240.1	241.3	239.5	240.5	33
2020-06-05 20:00	240.5	240.9	238.5	240.0	8
2020-06-07 20:00	240.6	243.9	240.1	243.2	20
2020-06-08 00:00	243.3	244.0	241.7	242.7	36
2020-06-08 04:00	242.5	243.3	241.9	242.2	24
2020-06-08 08:00	242.3	243.3	241.2	242.2	23
2020-06-08 12:00	242.2	242.3	239.5	241.6	28
2020-06-08 16:00	241.5	241.8	240.0	240.7	24
2020-06-08 20:00	240.6	246.4	240.4	245.0	26
2020-06-09 00:00	245.1	248.5	237.3	241.7	39
2020-06-09 04:00	241.6	242.4	241.1	241.8	20
2020-06-09 08:00	241.9	242.2	239.8	241.9	22
2020-06-09 12:00	242.0	243.3	241.0	241.9	20
2020-06-09 16:00	242.0	242.2	239.3	241.7	18
2020-06-09 20:00	241.8	243.9	240.9	242.5	29
2020-06-10 00:00	242.6	243.4	241.9	242.3	24
2020-06-10 04:00	242.2	243.5	241.5	242.1	17
2020-06-10 08:00	242.2	242.4	240.7	241.0	15
2020-06-10 12:00	241.0	242.5	240.8	242.1	15
2020-06-10 16:00	242.2	249.0	240.8	245.3	40
2020-06-10 20:00	245.4	247.2	244.6	246.5	26
2020-06-11 00:00	246.6	248.9	246.5	246.8	26
2020-06-11 04:00	246.8	247.4	243.6	244.5	17
2020-06-11 08:00	244.4	245.3	242.5	243.7	13
2020-06-11 12:00	243.7	243.7	236.1	237.1	36
2020-06-11 16:00	237.0	237.9	224.3	230.6	53
2020-06-11 20:00	230.6	231.7	227.3	228.6	30
2020-06-12 00:00	228.7	232.6	226.5	231.7	23
2020-06-12 04:00	231.8	234.8	230.7	233.8	18
2020-06-12 08:00	233.8	236.1	233.8	235.8	24
2020-06-12 12:00	235.9	237.9	234.0	234.7	29
2020-06-12 16:00	234.6	235.8	232.5	235.2	24
2020-06-12 20:00	235.3	236.9	234.9	236.0	6
2020-06-14 20:00	232.6	232.6	228.2	229.9	17
2020-06-15 00:00	230.0	230.5	223.1	223.8	25
2020-06-15 04:00	223.8	225.6	216.6	222.6	36
2020-06-15 08:00	222.7	223.1	220.3	221.6	17
2020-06-15 12:00	221.7	225.0	218.6	224.9	28
2020-06-15 16:00	225.0	232.2	224.2	230.9	37
2020-06-15 20:00	230.8	231.8	228.2	229.5	20
2020-06-16 00:00	229.4	232.9	227.3	231.8	24
2020-06-16 04:00	231.9	232.1	229.8	231.3	19
2020-06-16 08:00	231.2	234.0	230.5	232.7	26
2020-06-16 12:00	232.6	234.5	230.0	231.3	31
2020-06-16 16:00	231.2	232.7	231.0	232.5	21
2020-06-16 20:00	232.4	234.2	231.9	233.7	18
2020-06-17 00:00	233.8	234.2	230.4	231.3	19
2020-06-17 04:00	231.2	233.5	230.6	233.1	21
2020-06-17 08:00	233.2	233.3	231.6	231.9	17
2020-06-17 12:00	232.0	235.6	229.2	229.6	28
2020-06-17 16:00	229.7	230.8	227.8	227.8	20
2020-06-17 20:00	227.6	232.7	226.2	232.1	30
2020-06-18 00:00	232.2	232.9	231.1	231.7	19
2020-06-18 04:00	231.8	232.3	230.6	231.8	15
2020-06-18 08:00	231.8	232.4	230.5	231.4	16
2020-06-18 12:00	231.5	231.7	229.3	229.4	19
2020-06-18 16:00	229.5	230.5	228.1	229.6	13
2020-06-18 20:00	229.5	230.9	226.1	229.5	21
2020-06-19 00:00	229.4	229.6	224.9	225.8	22
2020-06-19 04:00	225.7	227.6	225.3	226.5	11
2020-06-19 08:00	226.5	229.6	225.8	228.5	17
2020-06-19 12:00	228.6	230.3	228.5	229.2	15
2020-06-19 16:00	229.1	229.4	226.2	227.2	17
2020-06-19 20:00	227.2	227.8	226.3	227.7	3
2020-06-21 20:00	227.4	228.3	225.5	226.3	9
2020-06-22 00:00	226.2	232.8	225.8	232.6	19
2020-06-22 04:00	232.7	234.3	232.0	233.3	14
2020-06-22 08:00	233.2	235.2	233.1	234.9	11
2020-06-22 12:00	235.0	240.2	234.7	240.0	22
2020-06-22 16:00	240.1	243.7	239.7	240.9	31
2020-06-22 20:00	241.0	245.3	240.3	241.7	26
2020-06-23 00:00	241.8	243.2	239.3	241.1	19
2020-06-23 04:00	241.1	242.9	239.6	242.7	15
2020-06-23 08:00	242.7	242.7	240.3	241.8	16
2020-06-23 12:00	241.7	242.9	239.8	242.9	19
2020-06-23 16:00	242.8	243.4	241.2	242.3	17
2020-06-23 20:00	242.3	242.8	240.7	241.5	17
2020-06-24 00:00	241.6	244.4	241.3	243.7	15
2020-06-24 04:00	243.8	247.6	240.3	240.6	20
2020-06-24 08:00	240.6	241.7	235.7	236.2	25
2020-06-24 12:00	236.2	239.1	229.3	230.4	31
2020-06-24 16:00	230.3	233.4	229.8	232.1	21
2020-06-24 20:00	232.0	234.0	231.7	232.8	16
2020-06-25 00:00	232.7	233.6	225.7	227.7	22
2020-06-25 04:00	227.8	230.7	227.6	229.5	24
2020-06-25 08:00	229.6	233.6	229.6	232.6	19
2020-06-25 12:00	232.7	233.2	229.9	232.0	25
2020-06-25 16:00	231.9	232.9	230.8	232.1	15
2020-06-25 20:00	232.2	233.2	229.7	230.8	15
2020-06-26 00:00	230.7	231.8	229.1	230.5	12
2020-06-26 04:00	230.5	231.3	226.4	227.1	17
2020-06-26 08:00	227.2	230.5	226.6	228.9	22
2020-06-26 12:00	229.0	230.3	225.9	228.3	27
2020-06-26 16:00	228.3	228.6	226.4	228.4	19
2020-06-26 20:00	228.5	229.1	228.2	228.5	5
2020-06-28 20:00	223.2	224.0	222.3	223.3	11
2020-06-29 00:00	223.4	225.1	222.2	222.8	16
2020-06-29 04:00	222.7	224.3	220.8	221.0	16
2020-06-29 08:00	221.0	222.7	219.4	221.8	16
2020-06-29 12:00	221.8	223.3	219.9	222.3	21
2020-06-29 16:00	222.4	225.5	221.8	224.5	17
2020-06-29 20:00	224.6	228.4	224.5	226.3	26
2020-06-30 00:00	226.4	227.1	225.3	225.4	14
2020-06-30 04:00	225.4	225.9	224.2	225.0	11
2020-06-30 08:00	225.0	226.1	224.4	226.0	13
2020-06-30 12:00	226.0	226.0	221.3	224.7	23
2020-06-30 16:00	224.8	224.9	222.8	223.5	17
2020-06-30 20:00	223.5	224.9	223.2	224.0	16
2020-07-01 00:00	224.0	224.4	222.6	223.9	14
2020-07-01 04:00	224.0	224.9	223.4	224.1	14
2020-07-01 08:00	224.0	227.3	224.0	226.2	15
2020-07-01 12:00	226.2	228.0	225.3	228.0	16
2020-07-01 16:00	228.1	231.2	227.4	229.7	21
2020-07-01 20:00	229.6	230.8	228.9	229.6	17
2020-07-02 00:00	229.5	230.6	229.0	229.6	15
2020-07-02 04:00	229.5	230.2	226.3	227.1	19
2020-07-02 08:00	227.0	227.9	225.3	226.6	12
2020-07-02 12:00	226.5	229.8	223.4	223.5	25
2020-07-02 16:00	223.5	225.1	221.5	224.1	26
2020-07-02 20:00	224.0	226.9	223.5	224.9	18
2020-07-03 00:00	224.8	226.7	223.9	224.7	12
2020-07-03 04:00	224.8	226.0	224.2	225.6	13
2020-07-03 08:00	225.7	226.6	224.2	225.5	15
2020-07-03 12:00	225.6	226.7	224.7	225.4	17
2020-07-03 16:00	225.5	225.8	224.2	224.8	10
2020-07-03 20:00	224.8	225.3	224.3	225.2	2
2020-07-05 20:00	223.3	226.7	222.1	226.2	10
2020-07-06 00:00	226.2	227.4	225.5	226.4	10
2020-07-06 04:00	226.4	232.6	226.2	231.1	13
2020-07-06 08:00	231.2	234.3	230.9	234.2	10
2020-07-06 12:00	234.3	237.3	233.1	237.1	15
2020-07-06 16:00	237.2	239.2	236.3	236.9	11
2020-07-06 20:00	237.0	240.4	235.8	240.1	12
2020-07-07 00:00	240.1	242.2	236.5	237.7	11
2020-07-07 04:00	237.7	237.9	234.4	235.5	9
2020-07-07 08:00	235.4	236.4	233.1	236.0	10
2020-07-07 12:00	236.0	238.2	235.0	237.3	9
2020-07-07 16:00	237.4	238.8	236.1	236.4	10
2020-07-07 20:00	236.5	238.4	234.9	237.9	10
2020-07-08 00:00	238.0	240.8	236.4	240.3	10
2020-07-08 04:00	240.4	241.0	236.6	239.2	10
2020-07-08 08:00	239.3	243.0	238.5	242.6	11
2020-07-08 12:00	242.7	246.2	239.8	244.4	16
2020-07-08 16:00	244.5	247.4	243.6	247.2	10
2020-07-08 20:00	247.3	247.4	244.3	245.6	11
2020-07-09 00:00	245.6	245.6	241.6	243.3	10
2020-07-09 04:00	243.2	246.0	242.8	245.2	8
2020-07-09 08:00	245.2	245.2	242.8	244.9	8
2020-07-09 12:00	244.8	246.1	236.4	238.4	17
2020-07-09 16:00	238.4	239.3	236.8	238.5	12
2020-07-09 20:00	238.4	240.6	237.9	240.4	8
2020-07-10 00:00	240.4	240.5	238.3	239.0	9
2020-07-10 04:00	238.9	238.9	234.1	236.1	10
2020-07-10 08:00	236.2	238.6	236.1	236.2	9
2020-07-10 12:00	236.3	239.2	236.3	239.0	8
2020-07-10 16:00	239.1	239.2	236.9	237.9	8
2020-07-10 20:00	238.0	238.4	237.6	237.7	2
2020-07-12 20:00	237.2	241.5	236.7	241.3	6
2020-07-13 00:00	241.4	242.1	239.8	240.0	8
2020-07-13 04:00	240.1	241.5	239.9	241.1	8
2020-07-13 08:00	241.2	243.4	241.2	243.0	8
2020-07-13 12:00	242.9	243.6	240.6	241.0	8
2020-07-13 16:00	241.1	242.1	235.7	236.7	8
2020-07-13 20:00	236.6	238.3	236.0	237.8	8
2020-07-14 00:00	237.8	238.4	236.6	237.0	8
2020-07-14 04:00	237.0	237.2	235.3	236.7	8
2020-07-14 08:00	236.8	239.0	236.1	238.9	8
2020-07-14 12:00	239.0	239.5	236.9	238.7	8
2020-07-14 16:00	238.8	240.0	237.9	239.8	8
2020-07-14 20:00	239.9	240.4	238.3	238.8	8
2020-07-15 00:00	238.9	239.8	237.6	237.6	8
2020-07-15 04:00	237.6	238.6	237.0	238.0	8
2020-07-15 08:00	237.9	238.4	236.6	237.4	8
2020-07-15 12:00	237.3	238.3	236.1	236.5	8
2020-07-15 16:00	236.4	236.9	234.9	235.5	8
2020-07-15 20:00	235.6	237.3	235.5	236.8	8
2020-07-16 00:00	236.9	237.6	236.2	236.6	8
2020-07-16 04:00	236.7	237.1	228.4	230.7	8
2020-07-16 08:00	230.6	231.3	228.3	229.8	8
2020-07-16 12:00	229.9	231.6	229.8	231.3	8
2020-07-16 16:00	231.3	232.7	230.1	230.6	8
2020-07-16 20:00	230.7	232.4	230.2	231.9	8
2020-07-17 00:00	232.0	232.7	231.1	231.4	8
2020-07-17 04:00	231.5	232.1	230.0	231.3	8
2020-07-17 08:00	231.3	231.9	230.2	231.5	8
2020-07-17 12:00	231.6	232.9	230.9	231.5	8
2020-07-17 16:00	231.5	232.0	230.7	231.5	8
2020-07-17 20:00	231.5	232.0	230.8	230.8	2
2020-07-19 20:00	234.1	238.3	233.5	237.6	6
2020-07-20 00:00	237.7	238.2	236.2	237.2	8
2020-07-20 04:00	237.2	237.6	236.6	236.8	8
2020-07-20 08:00	236.9	237.7	235.6	236.0	8
2020-07-20 12:00	235.9	236.6	235.7	236.4	8
2020-07-20 16:00	236.3	237.3	232.6	233.8	8
2020-07-20 20:00	233.8	235.2	233.4	234.5	8
2020-07-21 00:00	234.4	235.8	234.0	235.4	8
2020-07-21 04:00	235.5	241.1	235.1	240.3	8
2020-07-21 08:00	240.4	241.8	239.7	241.7	8
2020-07-21 12:00	241.8	243.6	241.3	242.2	8
2020-07-21 16:00	242.1	245.4	241.9	244.0	8
2020-07-21 20:00	244.0	244.4	242.5	244.2	8
2020-07-22 00:00	244.2	244.3	242.0	243.0	8
2020-07-22 04:00	242.9	243.0	240.3	240.8	8
2020-07-22 08:00	240.8	243.0	240.3	242.6	8
2020-07-22 12:00	242.5	243.7	241.3	243.1	8
2020-07-22 16:00	243.2	244.2	242.0	243.7	8
2020-07-22 20:00	243.8	267.8	243.3	262.7	9
2020-07-23 00:00	262.7	264.8	262.0	262.6	8
2020-07-23 04:00	262.7	262.7	258.9	261.2	8
2020-07-23 08:00	261.3	263.5	260.9	263.0	8
2020-07-23 12:00	263.0	268.0	260.8	267.0	8
2020-07-23 16:00	266.9	279.0	266.4	273.2	11
2020-07-23 20:00	273.3	274.7	270.2	274.0	8
2020-07-24 00:00	273.9	274.0	270.4	271.6	8
2020-07-24 04:00	271.5	272.3	266.9	269.5	8
2020-07-24 08:00	269.6	275.1	268.3	273.8	8
2020-07-24 12:00	273.7	278.0	270.9	276.9	8
2020-07-24 16:00	276.9	283.0	273.9	281.9	8
2020-07-24 20:00	282.0	285.4	280.5	284.9	2
2020-07-26 20:00	308.2	311.6	308.2	309.8	6
2020-07-27 00:00	309.8	328.1	309.7	323.8	11
2020-07-27 04:00	323.7	326.5	319.1	319.2	9
2020-07-27 08:00	319.2	324.8	315.7	324.0	8
2020-07-27 12:00	324.1	325.6	310.5	312.0	10
2020-07-27 16:00	312.0	324.2	311.9	323.1	10
2020-07-27 20:00	323.2	332.3	314.8	320.8	12
2020-07-28 00:00	320.9	325.8	315.1	318.2	13
2020-07-28 04:00	318.2	320.4	313.9	314.5	9
2020-07-28 08:00	314.5	316.6	304.8	315.7	11
2020-07-28 12:00	315.8	320.8	311.0	320.8	9
2020-07-28 16:00	320.9	321.9	313.0	317.3	10
2020-07-28 20:00	317.2	320.3	314.7	315.9	8
2020-07-29 00:00	316.0	317.8	311.4	315.0	8
2020-07-29 04:00	315.1	321.5	313.1	320.0	8
2020-07-29 08:00	320.0	323.8	318.7	321.8	9
2020-07-29 12:00	321.7	323.7	318.1	320.4	9
2020-07-29 16:00	320.5	322.1	319.0	320.4	8
2020-07-29 20:00	320.5	322.2	314.4	316.6	9
2020-07-30 00:00	316.6	318.1	314.3	314.9	8
2020-07-30 04:00	314.8	318.7	312.9	317.4	8
2020-07-30 08:00	317.5	318.5	315.3	316.5	8
2020-07-30 12:00	316.6	318.2	314.4	317.6	8
2020-07-30 16:00	317.7	334.3	316.7	332.1	10
2020-07-30 20:00	332.2	340.9	332.2	333.5	11
2020-07-31 00:00	333.6	335.1	327.5	327.9	8
2020-07-31 04:00	328.0	337.2	327.8	335.7	8
2020-07-31 08:00	335.8	345.2	334.7	342.5	9
2020-07-31 12:00	342.4	346.5	337.7	343.3	8
2020-07-31 16:00	343.2	344.6	339.3	342.4	9
2020-08-02 08:00	371.1	372.1	371.1	371.2	1
2020-08-02 20:00	371.8	379.3	366.8	370.5	9
2020-08-03 00:00	370.4	384.3	365.4	378.0	12
2020-08-03 04:00	378.1	385.7	377.7	383.3	8
2020-08-03 08:00	383.3	390.3	378.7	389.5	8
2020-08-03 12:00	389.3	396.5	385.2	392.4	9
2020-08-03 16:00	392.4	396.6	388.1	392.5	8
2020-08-03 20:00	392.4	393.2	379.1	384.6	9
2020-08-04 00:00	384.7	401.6	384.7	389.5	10
2020-08-04 04:00	389.5	394.2	387.5	393.3	8
2020-08-04 08:00	393.3	395.6	381.5	384.2	9
2020-08-04 12:00	384.1	390.0	379.5	388.8	9
2020-08-04 16:00	388.9	390.7	383.7	385.4	8
2020-08-04 20:00	385.3	392.7	385.3	388.2	8
2020-08-05 00:00	388.1	390.3	383.0	387.7	8
2020-08-05 04:00	387.8	392.3	385.9	388.5	8
2020-08-05 08:00	388.6	396.3	387.6	396.0	8
2020-08-05 12:00	396.1	400.3	390.6	394.4	8
2020-08-05 16:00	394.5	400.7	392.8	397.6	9
2020-08-05 20:00	397.5	406.2	392.8	399.6	9
2020-08-06 00:00	399.6	402.4	393.6	394.2	8
2020-08-06 04:00	394.2	395.9	391.3	393.8	8
2020-08-06 08:00	393.8	396.7	392.1	393.3	8
2020-08-06 12:00	393.4	399.5	393.2	398.1	8
2020-08-06 16:00	398.0	399.1	393.4	395.6	8
2020-08-06 20:00	395.6	396.8	389.7	393.5	8
2020-08-07 00:00	393.6	396.9	392.6	394.2	8
2020-08-07 04:00	394.3	394.8	391.8	392.7	8
2020-08-07 08:00	392.6	396.2	390.9	392.8	8
2020-08-07 12:00	392.8	394.1	377.9	384.1	10
2020-08-07 16:00	384.2	385.6	363.2	373.3	12
2020-08-09 20:00	391.7	392.9	386.0	388.8	6
2020-08-10 00:00	388.8	397.2	388.8	396.3	8
2020-08-10 04:00	396.4	398.5	392.4	394.1	8
2020-08-10 08:00	394.2	395.6	384.6	389.9	9
2020-08-10 12:00	389.9	396.0	389.1	395.8	8
2020-08-10 16:00	395.9	397.2	392.0	394.3	8
2020-08-10 20:00	394.2	397.0	390.4	394.3	8
2020-08-11 00:00	394.4	396.7	391.6	392.7	8
2020-08-11 04:00	392.8	394.7	387.3	389.7	8
2020-08-11 08:00	389.7	391.1	386.5	390.1	8
2020-08-11 12:00	390.0	390.0	376.2	380.7	10
2020-08-11 16:00	380.7	384.8	374.9	378.8	9
2020-08-11 20:00	378.8	379.9	364.9	377.2	11
2020-08-12 00:00	377.3	378.6	371.0	375.8	8
2020-08-12 04:00	375.8	379.1	364.9	377.6	8
2020-08-12 08:00	377.7	383.4	376.1	380.2	8
2020-08-12 12:00	380.3	385.7	378.5	383.6	8
2020-08-12 16:00	383.7	387.5	379.5	385.6	8
2020-08-12 20:00	385.7	387.9	381.0	385.6	8
2020-08-13 00:00	385.7	393.4	385.1	393.2	8
2020-08-13 04:00	393.1	394.8	387.5	388.3	8
2020-08-13 08:00	388.2	396.1	375.3	392.4	9
2020-08-13 12:00	392.4	393.9	383.1	391.2	8
2020-08-13 16:00	391.1	393.8	386.4	392.5	8
2020-08-13 20:00	392.5	430.1	392.5	423.5	12
2020-08-14 00:00	423.6	429.4	416.9	420.0	8
2020-08-14 04:00	420.1	424.4	418.2	421.6	8
2020-08-14 08:00	421.6	427.5	420.7	426.8	8
2020-08-14 12:00	426.9	435.9	421.0	435.5	9
2020-08-14 16:00	435.5	443.0	432.8	439.6	9
2020-08-16 20:00	429.0	433.2	428.2	432.2	6
2020-08-17 00:00	432.1	433.4	420.3	424.2	8
2020-08-17 04:00	424.1	424.6	418.7	422.4	8
2020-08-17 08:00	422.4	428.3	421.9	426.9	8
2020-08-17 12:00	427.0	440.1	422.7	439.9	11
2020-08-17 16:00	440.0	445.4	434.1	436.2	9
2020-08-17 20:00	436.3	438.7	427.0	429.7	8
2020-08-18 00:00	429.6	432.6	426.6	429.0	8
2020-08-18 04:00	429.0	429.2	425.1	428.1	8
2020-08-18 08:00	428.1	430.2	425.7	425.8	8
2020-08-18 12:00	425.9	428.9	413.1	418.6	10
2020-08-18 16:00	418.5	424.9	415.2	422.3	8
2020-08-18 20:00	422.4	427.8	420.5	420.7	8
2020-08-19 00:00	420.7	425.2	413.8	414.1	8
2020-08-19 04:00	414.2	415.6	400.5	411.9	10
2020-08-19 08:00	411.9	414.5	407.3	411.6	8
2020-08-19 12:00	411.5	413.9	404.8	408.4	8
2020-08-19 16:00	408.3	410.6	394.2	394.4	10
2020-08-19 20:00	394.4	407.6	392.2	406.0	9
2020-08-20 00:00	406.1	413.8	405.0	405.5	8
2020-08-20 04:00	405.5	407.7	400.8	402.7	8
2020-08-20 08:00	402.6	410.5	402.0	409.9	8
2020-08-20 12:00	410.0	414.6	407.1	414.2	8
2020-08-20 16:00	414.1	416.8	412.5	413.1	8
2020-08-20 20:00	413.1	417.7	412.6	414.5	8
2020-08-21 00:00	414.4	417.2	408.2	414.5	8
2020-08-21 04:00	414.4	415.0	410.1	411.1	8
2020-08-21 08:00	411.2	411.2	402.7	404.0	8
2020-08-21 12:00	404.0	406.2	398.1	402.8	8
2020-08-21 16:00	402.8	405.1	393.0	396.1	9
2020-08-23 20:00	391.4	392.2	388.8	389.2	6
2020-08-24 00:00	389.2	392.4	386.1	391.6	8
2020-08-24 04:00	391.7	397.3	390.1	396.9	8
2020-08-24 08:00	397.0	406.9	396.9	405.3	8
2020-08-24 12:00	405.3	407.0	399.3	401.4	8
2020-08-24 16:00	401.5	404.0	396.9	401.7	8
2020-08-24 20:00	401.8	408.8	399.2	406.4	8
2020-08-25 00:00	406.3	407.6	398.9	399.8	8
2020-08-25 04:00	399.8	401.4	390.5	393.4	8
2020-08-25 08:00	393.5	397.1	388.3	393.5	8
2020-08-25 12:00	393.6	393.6	378.8	384.1	8
2020-08-25 16:00	384.0	385.1	368.5	378.1	10
2020-08-25 20:00	378.1	383.3	374.5	381.6	8
2020-08-26 00:00	381.7	386.2	376.2	384.8	8
2020-08-26 04:00	384.8	385.9	377.8	379.7	8
2020-08-26 08:00	379.8	384.1	378.7	380.8	8
2020-08-26 12:00	380.9	389.1	376.0	389.0	8
2020-08-26 16:00	388.9	391.8	385.0	385.7	8
2020-08-26 20:00	385.7	388.9	383.9	384.4	8
2020-08-27 00:00	384.4	387.7	381.4	382.5	8
2020-08-27 04:00	382.6	385.0	378.9	384.2	8
2020-08-27 08:00	384.1	386.3	380.5	380.5	8
2020-08-27 12:00	380.5	395.4	379.4	382.3	10
2020-08-27 16:00	382.3	385.1	370.2	376.3	9
2020-08-27 20:00	376.3	382.0	375.2	381.6	8
2020-08-28 00:00	381.6	386.9	378.2	385.7	8
2020-08-28 04:00	385.8	390.3	384.8	385.6	8
2020-08-28 08:00	385.7	392.7	384.9	392.0	8
2020-08-28 12:00	392.1	395.5	388.6	394.7	8
2020-08-28 16:00	394.8	396.3	391.5	394.6	8
2020-08-29 08:00	395.6	396.9	395.2	396.4	1
2020-08-29 20:00	402.3	402.9	402.3	402.6	1
2020-08-30 08:00	401.8	402.4	401.3	402.4	1
2020-08-30 20:00	421.1	428.1	418.8	427.2	6
2020-08-31 00:00	427.1	428.8	422.5	423.5	8
2020-08-31 04:00	423.4	426.2	416.7	419.3	8
2020-08-31 08:00	419.3	433.1	417.0	430.7	8
2020-08-31 12:00	430.8	437.5	429.6	432.6	8
2020-08-31 16:00	432.7	437.0	430.1	435.4	8
2020-08-31 20:00	435.3	436.7	427.7	432.3	8
2020-09-01 00:00	432.4	442.8	428.0	442.1	8
2020-09-01 04:00	442.2	464.8	440.8	461.9	10
2020-09-01 08:00	462.0	471.9	456.6	467.5	8
2020-09-01 12:00	467.5	484.6	459.7	480.7	10
2020-09-01 16:00	480.7	481.9	472.7	474.4	9
2020-09-01 20:00	474.5	487.1	470.8	474.1	8
2020-09-02 00:00	474.1	477.5	463.9	468.4	9
2020-09-02 04:00	468.4	479.7	464.5	465.4	8
2020-09-02 08:00	465.4	470.5	422.8	440.5	12
2020-09-02 12:00	440.5	446.9	425.2	431.2	10
2020-09-02 16:00	431.3	436.7	419.9	434.6	9
2020-09-02 20:00	434.6	443.5	430.1	438.5	8
2020-09-03 00:00	438.4	449.4	436.5	441.7	8
2020-09-03 04:00	441.7	444.3	423.0	436.2	10
2020-09-03 08:00	436.2	437.8	420.0	421.7	10
2020-09-03 12:00	421.7	424.4	391.2	402.0	15
2020-09-03 16:00	402.0	406.2	390.3	400.4	12
2020-09-03 20:00	400.5	406.4	372.1	380.6	11
2020-09-04 00:00	380.6	390.3	374.0	381.7	11
2020-09-04 04:00	381.7	387.4	374.3	384.9	8
2020-09-04 08:00	384.7	399.9	384.6	394.5	8
2020-09-04 12:00	394.5	398.3	358.6	383.4	11
2020-09-04 16:00	383.4	391.2	375.3	390.2	10
2020-09-04 20:00	389.8	391.3	382.9	383.7	16
2020-09-05 00:00	383.7	392.8	383.1	385.4	16
2020-09-05 04:00	385.4	387.6	376.5	378.8	16
2020-09-05 08:00	378.8	378.8	345.9	354.2	16
2020-09-05 12:00	354.2	358.5	333.3	355.4	25
2020-09-05 16:00	355.4	357.7	309.3	321.3	16
2020-09-05 20:00	321.3	335.6	315.2	333.1	16
2020-09-06 00:00	333.1	341.0	320.6	326.3	16
2020-09-06 04:00	326.3	340.4	314.6	338.6	16
2020-09-06 08:00	338.6	353.7	335.7	352.5	16
2020-09-06 12:00	352.5	356.3	335.5	342.6	16
2020-09-06 16:00	342.6	353.6	338.8	351.6	16
2020-09-06 20:00	351.6	358.7	346.7	351.2	12
2020-09-07 00:00	351.3	356.9	342.8	346.6	8
2020-09-07 04:00	346.7	349.6	336.7	342.0	8
2020-09-07 08:00	341.9	347.9	331.0	334.1	10
2020-09-07 12:00	334.2	345.6	321.8	344.6	15
2020-09-07 16:00	344.7	351.4	342.9	344.2	10
2020-09-07 20:00	344.1	353.7	340.5	351.9	9
2020-09-08 00:00	352.0	355.1	345.6	347.3	8
2020-09-08 04:00	347.3	348.9	342.5	345.2	8
2020-09-08 08:00	345.3	349.1	329.5	332.0	12
2020-09-08 12:00	331.9	343.3	330.3	339.7	12
2020-09-08 16:00	339.8	344.6	330.9	332.7	9
2020-09-08 20:00	332.7	338.5	323.8	335.7	11
2020-09-09 00:00	335.6	339.7	329.1	332.4	8
2020-09-09 04:00	332.5	340.9	330.6	340.7	8
2020-09-09 08:00	340.6	348.5	338.3	346.0	8
2020-09-09 12:00	346.1	353.3	343.6	351.1	8
2020-09-09 16:00	351.2	357.6	347.5	354.7	8
2020-09-09 20:00	354.8	355.7	348.9	349.5	9
2020-09-10 00:00	349.5	370.3	348.9	369.1	8
2020-09-10 04:00	369.1	374.0	360.1	362.6	8
2020-09-10 08:00	362.5	366.9	360.0	364.1	8
2020-09-10 12:00	364.0	376.2	363.9	369.8	8
2020-09-10 16:00	369.9	371.8	360.2	361.8	8
2020-09-10 20:00	361.8	367.7	361.4	366.5	8
2020-09-11 00:00	366.4	370.4	355.4	355.6	8
2020-09-11 04:00	355.5	362.9	354.3	360.9	8
2020-09-11 08:00	360.8	367.2	359.6	360.8	8
2020-09-11 12:00	360.8	369.4	360.2	368.5	8
2020-09-11 16:00	368.6	371.1	363.3	367.4	8
2020-09-11 20:00	367.3	373.4	366.4	371.9	8
2020-09-12 00:00	372.0	372.7	365.5	367.1	8
2020-09-12 04:00	367.0	370.3	363.5	366.8	8
2020-09-12 08:00	366.8	369.9	364.6	369.1	8
2020-09-12 12:00	369.2	373.1	364.7	371.5	8
2020-09-12 16:00	371.6	383.6	370.3	383.1	8
2020-09-12 20:00	383.2	386.6	380.5	386.2	8
2020-09-13 00:00	386.1	387.6	381.4	387.2	8
2020-09-13 04:00	387.3	388.7	384.1	385.7	8
2020-09-13 08:00	385.8	387.1	370.0	370.6	8
2020-09-13 12:00	370.6	371.2	358.2	359.1	8
2020-09-13 16:00	359.0	362.2	352.2	361.6	8
2020-09-13 20:00	361.7	365.4	358.5	365.0	8
2020-09-14 00:00	365.0	366.1	354.4	363.9	8
2020-09-14 04:00	364.1	368.6	360.7	368.0	8
2020-09-14 08:00	368.1	368.8	360.3	367.3	8
2020-09-14 12:00	367.4	382.7	365.5	381.7	8
2020-09-14 16:00	381.8	383.0	371.2	373.1	8
2020-09-14 20:00	373.2	378.2	369.8	375.8	8
2020-09-15 00:00	375.7	380.9	372.9	374.7	8
2020-09-15 04:00	374.7	375.7	371.1	374.0	8
2020-09-15 08:00	374.1	377.5	366.3	375.1	8
2020-09-15 12:00	375.2	377.0	361.7	364.4	8
2020-09-15 16:00	364.4	367.7	361.0	362.9	8
2020-09-15 20:00	362.8	366.8	361.5	362.6	8
2020-09-16 00:00	362.5	363.3	353.5	358.1	8
2020-09-16 04:00	358.0	365.1	357.4	364.1	8
2020-09-16 08:00	364.2	364.6	359.4	363.2	8
2020-09-16 12:00	363.2	369.7	361.6	369.2	8
2020-09-16 16:00	369.3	372.2	363.1	363.8	8
2020-09-16 20:00	363.9	367.3	362.5	363.7	8
2020-09-17 00:00	363.6	383.5	362.0	375.4	8
2020-09-17 04:00	375.3	381.2	374.8	378.5	8
2020-09-17 08:00	378.6	382.4	373.4	381.5	8
2020-09-17 12:00	381.6	382.2	374.2	378.7	8
2020-09-17 16:00	378.8	388.7	377.0	387.9	8
2020-09-17 20:00	388.0	392.7	385.4	388.0	8
2020-09-18 00:00	388.1	391.2	383.9	385.7	8
2020-09-18 04:00	385.6	387.2	380.8	384.9	8
2020-09-18 08:00	384.9	387.2	382.9	383.9	8
2020-09-18 12:00	383.9	385.7	378.7	380.7	8
2020-09-18 16:00	380.7	382.6	374.1	377.4	8
2020-09-18 20:00	377.5	382.7	376.6	382.5	8
2020-09-19 00:00	382.6	383.2	379.5	380.7	8
2020-09-19 04:00	380.8	381.1	376.3	376.3	8
2020-09-19 08:00	376.2	385.9	375.6	385.4	8
2020-09-19 12:00	385.4	386.8	381.9	383.2	8
2020-09-19 16:00	383.1	384.9	380.2	383.2	8
2020-09-19 20:00	383.1	384.5	381.5	383.6	8
2020-09-20 00:00	383.6	383.6	378.0	379.6	8
2020-09-20 04:00	379.7	380.5	378.5	379.4	8
2020-09-20 08:00	379.3	380.3	376.3	377.7	8
2020-09-20 12:00	377.7	377.8	369.1	369.2	8
2020-09-20 16:00	369.2	371.5	363.5	369.7	8
2020-09-20 20:00	369.6	370.7	364.6	369.4	8
2020-09-21 00:00	369.5	375.4	367.3	373.3	8
2020-09-21 04:00	373.4	374.0	368.1	368.4	8
2020-09-21 08:00	368.4	369.2	347.3	350.8	8
2020-09-21 12:00	350.9	350.9	329.5	338.6	8
2020-09-21 16:00	338.6	344.4	334.6	343.8	8
2020-09-21 20:00	343.9	348.0	338.5	338.6	8
2020-09-22 00:00	338.5	344.0	336.1	341.8	8
2020-09-22 04:00	341.9	345.2	334.1	334.5	8
2020-09-22 08:00	334.7	341.0	334.7	337.9	8
2020-09-22 12:00	338.0	342.9	335.2	339.7	8
2020-09-22 16:00	339.7	342.9	339.0	342.2	8
2020-09-22 20:00	342.1	345.4	339.4	342.8	8
2020-09-23 00:00	342.8	343.1	339.4	339.6	8
2020-09-23 04:00	339.7	340.2	331.4	334.1	8
2020-09-23 08:00	334.1	338.9	332.7	337.1	8
2020-09-23 12:00	337.0	342.0	336.0	337.0	8
2020-09-23 16:00	336.9	339.7	324.2	326.0	8
2020-09-23 20:00	326.3	327.5	312.1	319.1	8
2020-09-24 00:00	319.0	324.9	315.2	323.3	8
2020-09-24 04:00	323.4	327.5	322.0	326.4	8
2020-09-24 08:00	326.5	339.1	323.5	336.7	8
2020-09-24 12:00	336.6	343.5	331.5	343.3	8
2020-09-24 16:00	343.1	347.6	341.8	344.4	8
2020-09-24 20:00	344.4	351.7	343.1	347.5	8
2020-09-25 00:00	347.4	348.8	343.2	343.4	8
2020-09-25 04:00	343.3	344.6	338.4	341.5	8
2020-09-25 08:00	341.4	343.2	336.3	342.2	8
2020-09-25 12:00	342.1	347.0	339.1	345.6	8
2020-09-25 16:00	345.7	354.1	343.7	352.5	8
2020-09-25 20:00	352.6	356.4	348.4	350.1	8
2020-09-26 00:00	350.2	352.1	348.0	348.9	8
2020-09-26 04:00	349.0	354.4	347.2	349.3	8
2020-09-26 08:00	349.2	351.4	346.2	350.2	8
2020-09-26 12:00	350.2	353.1	344.5	350.7	8
2020-09-26 16:00	350.8	354.2	349.2	350.8	8
2020-09-26 20:00	350.9	353.9	349.5	352.4	8
2020-09-27 00:00	352.5	360.5	352.2	357.9	8
2020-09-27 04:00	358.0	360.5	351.2	352.8	8
2020-09-27 08:00	352.8	352.8	347.3	347.4	8
2020-09-27 12:00	347.5	355.0	345.7	354.0	8
2020-09-27 16:00	353.9	355.5	350.0	352.4	8
2020-09-27 20:00	352.5	356.3	350.8	356.0	8
2020-09-28 00:00	356.1	359.3	355.3	356.5	8
2020-09-28 04:00	356.6	358.7	353.3	355.7	8
2020-09-28 08:00	355.7	358.5	354.5	356.5	8
2020-09-28 12:00	356.4	365.6	355.5	363.4	8
2020-09-28 16:00	363.5	366.8	359.5	361.6	8
2020-09-28 20:00	361.8	362.4	350.4	352.3	8
2020-09-29 00:00	352.3	353.9	350.2	351.4	8
2020-09-29 04:00	351.3	354.3	348.6	353.2	8
2020-09-29 08:00	353.2	357.4	352.4	355.8	8
2020-09-29 12:00	355.9	358.2	353.2	353.6	8
2020-09-29 16:00	353.5	355.8	350.1	354.7	8
2020-09-29 20:00	354.8	358.9	354.8	358.4	8
2020-09-30 00:00	358.4	358.5	353.7	354.0	8
2020-09-30 04:00	353.9	355.1	351.9	353.2	8
2020-09-30 08:00	353.2	354.6	350.9	351.1	8
2020-09-30 12:00	351.1	356.2	349.8	356.0	8
2020-09-30 16:00	355.9	357.3	353.0	353.9	8
2020-09-30 20:00	353.8	360.0	353.4	358.1	8
2020-10-01 00:00	358.2	362.5	357.2	360.8	8
2020-10-01 04:00	360.7	362.7	358.9	362.6	8
2020-10-01 08:00	362.9	368.9	361.6	367.1	8
2020-10-01 12:00	367.2	367.6	359.4	359.6	8
2020-10-01 16:00	359.6	359.6	344.0	351.6	8
2020-10-01 20:00	351.6	351.6	347.9	351.3	8
2020-10-02 00:00	351.2	352.4	348.5	351.5	8
2020-10-02 04:00	351.6	352.9	338.8	340.7	8
2020-10-02 08:00	340.7	341.7	333.0	335.8	8
2020-10-02 12:00	335.6	345.2	335.3	341.7	8
2020-10-02 16:00	341.6	344.0	340.1	342.0	8
2020-10-02 20:00	342.0	346.3	339.5	343.7	8
2020-10-03 00:00	343.8	347.1	341.8	345.9	8
2020-10-03 04:00	345.9	346.4	342.8	344.2	8
2020-10-03 08:00	344.1	348.0	342.6	346.0	8
2020-10-03 12:00	346.1	346.2	344.2	345.9	8
2020-10-03 16:00	346.0	349.5	345.3	348.6	8
2020-10-03 20:00	348.7	349.1	344.1	344.5	8
2020-10-04 00:00	344.4	345.7	342.5	344.3	8
2020-10-04 04:00	344.4	348.1	344.1	346.7	8
2020-10-04 08:00	346.8	347.7	344.0	346.1	8
2020-10-04 12:00	346.0	348.0	343.3	345.3	8
2020-10-04 16:00	345.3	352.3	345.0	351.3	8
2020-10-04 20:00	351.4	352.7	349.4	350.9	8
2020-10-05 00:00	350.8	354.9	349.9	350.5	8
2020-10-05 04:00	350.6	351.1	347.3	349.5	8
2020-10-05 08:00	349.6	351.1	348.4	349.1	8
2020-10-05 12:00	349.1	353.2	348.5	351.3	8
2020-10-05 16:00	351.4	352.4	348.1	350.0	8
2020-10-05 20:00	350.0	352.9	349.7	352.3	8
2020-10-06 00:00	352.3	353.7	350.4	352.2	8
2020-10-06 04:00	352.1	353.3	349.2	349.3	8
2020-10-06 08:00	349.2	350.9	342.3	344.5	8
2020-10-06 12:00	344.5	351.4	339.6	349.7	8
2020-10-06 16:00	349.8	350.5	337.8	339.0	8
2020-10-06 20:00	338.9	339.8	335.2	339.1	8
2020-10-07 00:00	339.2	339.3	331.6	335.3	8
2020-10-07 04:00	335.2	341.0	334.6	339.7	8
2020-10-07 08:00	339.8	340.6	335.7	337.8	8
2020-10-07 12:00	337.9	341.4	337.8	339.1	8
2020-10-07 16:00	339.3	341.3	335.5	339.4	8
2020-10-07 20:00	339.4	340.6	337.7	340.1	8
2020-10-08 00:00	340.2	340.9	336.9	337.7	8
2020-10-08 04:00	337.7	338.9	333.3	334.6	8
2020-10-08 08:00	334.5	338.0	332.6	336.0	8
2020-10-08 12:00	336.1	349.7	335.6	347.8	8
2020-10-08 16:00	347.9	351.2	347.6	350.0	8
2020-10-08 20:00	350.0	352.0	348.3	349.6	8
2020-10-09 00:00	349.6	350.3	346.9	348.5	8
2020-10-09 04:00	348.4	349.4	346.0	348.9	8
2020-10-09 08:00	348.9	360.4	347.8	357.6	8
2020-10-09 12:00	357.5	364.4	356.9	363.9	8
2020-10-09 16:00	363.9	365.0	360.9	362.0	8
2020-10-09 20:00	362.1	366.5	360.8	363.3	8
2020-10-10 00:00	363.3	376.3	363.0	374.2	8
2020-10-10 04:00	374.2	374.9	371.7	373.4	8
2020-10-10 08:00	373.4	374.6	366.9	370.5	8
2020-10-10 12:00	370.6	374.3	369.3	371.4	8
2020-10-10 16:00	371.3	374.1	370.6	372.2	8
2020-10-10 20:00	372.1	373.9	368.2	369.3	8
2020-10-11 00:00	369.3	371.8	367.6	369.1	8
2020-10-11 04:00	369.2	372.0	368.1	370.6	8
2020-10-11 08:00	370.7	375.8	369.6	372.8	8
2020-10-11 12:00	372.9	374.5	369.7	373.5	8
2020-10-11 16:00	373.6	374.7	371.1	371.5	8
2020-10-11 20:00	371.4	373.4	369.7	372.7	8
2020-10-12 00:00	372.8	374.0	371.1	372.5	8
2020-10-12 04:00	372.4	373.8	369.0	372.6	8
2020-10-12 08:00	372.7	373.8	364.1	364.9	8
2020-10-12 12:00	364.9	385.7	364.6	384.1	8
2020-10-12 16:00	384.3	388.0	383.5	386.6	8
2020-10-12 20:00	386.5	393.6	383.9	385.3	8
2020-10-13 00:00	385.2	386.9	380.4	381.4	8
2020-10-13 04:00	381.4	384.6	379.6	381.5	8
2020-10-13 08:00	381.4	385.9	377.3	382.9	8
2020-10-13 12:00	383.0	383.9	373.1	377.6	8
2020-10-13 16:00	377.7	379.0	374.6	376.8	8
2020-10-13 20:00	376.7	381.7	376.6	379.7	8
2020-10-14 00:00	379.8	383.8	378.5	380.2	8
2020-10-14 04:00	380.1	382.0	378.7	380.9	8
2020-10-14 08:00	381.0	381.8	376.5	377.7	8
2020-10-14 12:00	377.7	386.1	373.8	374.4	8
2020-10-14 16:00	374.3	376.0	371.9	373.9	8
2020-10-14 20:00	373.9	378.4	373.5	377.4	8
2020-10-15 00:00	377.5	377.9	374.1	375.4	8
2020-10-15 04:00	375.4	379.8	374.2	377.3	8
2020-10-15 08:00	377.4	378.3	369.2	370.6	8
2020-10-15 12:00	370.6	376.3	368.6	375.1	8
2020-10-15 16:00	375.2	377.6	372.8	377.1	8
2020-10-15 20:00	377.2	380.4	375.1	376.4	8
2020-10-16 00:00	376.2	378.6	374.4	376.8	8
2020-10-16 04:00	376.7	376.8	363.7	367.7	8
2020-10-16 08:00	367.7	370.0	360.0	368.6	8
2020-10-16 12:00	368.6	368.8	364.1	365.6	8
2020-10-16 16:00	365.5	367.8	364.0	364.0	8
2020-10-16 20:00	364.0	365.6	362.5	363.5	8
2020-10-17 00:00	363.6	366.7	361.5	366.2	8
2020-10-17 04:00	366.3	367.3	365.0	366.0	8
2020-10-17 08:00	366.1	366.8	364.4	366.6	8
2020-10-17 12:00	366.7	368.8	363.2	366.3	8
2020-10-17 16:00	366.3	366.5	364.4	365.3	8
2020-10-17 20:00	365.3	367.3	364.3	366.8	8
2020-10-18 00:00	366.8	368.5	365.8	367.1	8
2020-10-18 04:00	367.2	372.6	366.8	372.5	8
2020-10-18 08:00	372.6	374.0	370.5	371.3	8
2020-10-18 12:00	371.4	375.8	371.3	374.2	8
2020-10-18 16:00	374.3	375.4	373.3	374.2	8
2020-10-18 20:00	374.1	377.2	373.4	377.0	8
2020-10-19 00:00	376.9	378.3	371.5	371.6	8
2020-10-19 04:00	371.6	374.3	371.4	373.5	8
2020-10-19 08:00	373.5	376.1	372.9	374.5	8
2020-10-19 12:00	374.6	382.8	374.3	382.4	8
2020-10-19 16:00	382.5	383.1	376.9	378.0	8
2020-10-19 20:00	378.1	379.0	375.6	378.0	8
2020-10-20 00:00	377.9	379.5	376.4	378.5	8
2020-10-20 04:00	378.6	378.8	373.1	374.1	8
2020-10-20 08:00	374.2	376.1	364.4	366.6	8
2020-10-20 12:00	366.5	372.0	365.6	369.9	8
2020-10-20 16:00	369.8	371.5	366.7	367.3	8
2020-10-20 20:00	367.3	369.1	365.4	367.4	8
2020-10-21 00:00	367.3	378.7	366.5	377.0	8
2020-10-21 04:00	377.1	381.4	376.6	377.9	8
2020-10-21 08:00	377.9	379.6	375.0	378.1	8
2020-10-21 12:00	378.2	391.3	376.4	391.1	8
2020-10-21 16:00	391.0	398.3	389.9	390.2	8
2020-10-21 20:00	390.3	400.8	388.6	389.8	8
2020-10-22 00:00	389.8	397.0	389.7	391.5	8
2020-10-22 04:00	391.4	395.3	390.8	393.9	8
2020-10-22 08:00	393.8	415.0	391.4	414.0	8
2020-10-22 12:00	414.1	415.8	406.8	413.5	8
2020-10-22 16:00	413.6	418.2	412.4	414.9	8
2020-10-22 20:00	415.0	420.0	411.1	413.0	8
2020-10-23 00:00	413.0	414.7	408.1	412.5	8
2020-10-23 04:00	412.5	415.6	410.9	411.6	8
2020-10-23 08:00	411.6	417.8	410.5	415.5	8
2020-10-23 12:00	415.6	417.4	410.1	410.4	8
2020-10-23 16:00	410.3	411.8	400.3	407.8	8
2020-10-23 20:00	407.8	408.6	405.7	407.6	8
2020-10-24 00:00	407.8	412.1	405.5	409.9	8
2020-10-24 04:00	409.9	411.4	408.6	408.8	8
2020-10-24 08:00	408.9	412.9	406.7	412.8	8
2020-10-24 12:00	412.9	414.9	409.7	412.6	8
2020-10-24 16:00	412.7	413.2	410.5	411.8	8
2020-10-24 20:00	411.9	412.0	407.0	410.8	8
2020-10-25 00:00	410.7	414.7	409.0	413.7	8
2020-10-25 04:00	413.8	416.0	403.8	408.4	8
2020-10-25 08:00	408.4	408.4	403.5	405.7	8
2020-10-25 12:00	405.6	407.7	404.4	404.8	8
2020-10-25 16:00	404.7	407.3	401.7	406.7	8
2020-10-25 20:00	406.8	407.3	403.4	404.6	8
2020-10-26 00:00	404.6	409.8	401.6	407.6	8
2020-10-26 04:00	407.5	407.7	403.1	403.6	8
2020-10-26 08:00	403.5	406.3	400.3	403.4	8
2020-10-26 12:00	403.4	405.7	390.3	392.4	8
2020-10-26 16:00	392.4	394.1	381.4	390.2	8
2020-10-26 20:00	390.3	393.2	389.0	391.7	8
2020-10-27 00:00	391.7	394.7	390.4	391.6	8
2020-10-27 04:00	391.7	393.6	390.8	392.9	8
2020-10-27 08:00	392.9	401.8	388.7	400.8	8
2020-10-27 12:00	401.0	405.2	399.2	404.6	8
2020-10-27 16:00	404.6	409.1	401.2	405.0	8
2020-10-27 20:00	405.0	405.4	400.1	402.1	8
2020-10-28 00:00	402.0	407.8	401.4	404.6	8
2020-10-28 04:00	404.4	405.8	393.0	395.4	8
2020-10-28 08:00	395.4	397.1	385.2	385.4	8
2020-10-28 12:00	385.4	390.2	379.2	386.2	8
2020-10-28 16:00	386.2	386.3	379.2	383.2	8
2020-10-28 20:00	383.3	388.8	381.2	386.9	8
2020-10-29 00:00	386.9	390.4	385.1	390.3	8
2020-10-29 04:00	390.4	390.9	385.5	385.7	8
2020-10-29 08:00	385.7	387.3	381.5	381.6	8
2020-10-29 12:00	381.7	391.3	379.3	389.3	8
2020-10-29 16:00	389.3	392.5	387.3	387.3	8
2020-10-29 20:00	387.2	388.6	382.1	385.9	8
2020-10-30 00:00	385.9	390.6	382.2	383.7	8
2020-10-30 04:00	383.6	385.3	374.1	377.3	8
2020-10-30 08:00	377.4	382.7	372.2	378.3	8
2020-10-30 12:00	378.3	381.0	375.6	380.8	8
2020-10-30 16:00	380.7	382.9	378.5	382.1	8
2020-10-30 20:00	382.1	383.5	379.7	380.8	8
2020-10-31 00:00	380.9	385.8	378.7	381.0	8
2020-10-31 04:00	381.1	383.4	379.1	382.2	8
2020-10-31 08:00	382.3	392.0	382.3	388.4	8
2020-10-31 12:00	388.3	391.2	385.6	388.4	8
2020-10-31 16:00	388.3	389.5	382.5	383.8	8
2020-10-31 20:00	383.7	387.0	383.1	385.0	8
2020-11-01 00:00	384.9	388.9	383.5	384.8	8
2020-11-01 04:00	384.8	387.5	383.3	387.4	8
2020-11-01 08:00	387.5	387.9	384.3	385.2	8
2020-11-01 12:00	385.2	388.5	384.6	386.9	8
2020-11-01 16:00	387.0	388.6	386.4	387.4	8
2020-11-01 20:00	387.4	396.2	387.4	395.2	8
2020-11-02 00:00	395.3	402.9	395.2	397.9	8
2020-11-02 04:00	397.9	399.3	396.0	398.0	8
2020-11-02 08:00	398.0	398.0	380.5	383.1	8
2020-11-02 12:00	382.9	385.8	376.8	383.8	8
2020-11-02 16:00	383.7	385.5	382.8	385.1	8
2020-11-02 20:00	385.1	387.2	380.0	381.8	8
2020-11-03 00:00	381.9	384.2	370.3	372.8	8
2020-11-03 04:00	372.7	374.6	369.0	374.0	8
2020-11-03 08:00	374.0	380.7	373.0	378.1	8
2020-11-03 12:00	378.1	383.5	376.4	380.1	8
2020-11-03 16:00	380.0	382.7	378.8	382.0	8
2020-11-03 20:00	382.0	388.8	379.7	386.7	8
2020-11-04 00:00	386.8	387.2	379.8	385.0	8
2020-11-04 04:00	385.0	385.2	375.8	376.8	8
2020-11-04 08:00	376.7	382.4	375.6	379.9	8
2020-11-04 12:00	379.9	383.2	378.0	382.5	8
2020-11-04 16:00	382.6	407.5	381.9	401.2	8
2020-11-04 20:00	401.3	403.2	396.9	401.5	8
2020-11-05 00:00	401.4	405.6	399.6	403.4	8
2020-11-05 04:00	403.5	404.6	399.2	401.8	8
2020-11-05 08:00	401.8	405.4	395.3	402.0	8
2020-11-05 12:00	402.0	414.2	398.8	413.2	8
2020-11-05 16:00	413.3	416.7	406.5	412.3	8
2020-11-05 20:00	412.4	419.6	411.2	415.5	8
2020-11-06 00:00	415.5	440.3	413.9	425.6	8
2020-11-06 04:00	425.8	435.4	425.7	435.2	8
2020-11-06 08:00	435.1	445.2	424.8	442.1	8
2020-11-06 12:00	442.2	444.9	433.0	434.4	8
2020-11-06 16:00	434.4	444.6	434.2	440.3	8
2020-11-06 20:00	440.4	456.7	435.9	454.4	8
2020-11-07 00:00	454.5	466.8	453.7	457.2	8
2020-11-07 04:00	457.0	459.7	454.5	454.9	8
2020-11-07 08:00	455.0	462.8	451.6	461.5	8
2020-11-07 12:00	461.4	463.8	437.9	446.4	10
2020-11-07 16:00	446.3	452.7	423.1	429.4	13
2020-11-07 20:00	429.4	438.1	424.6	433.9	9
2020-11-08 00:00	433.9	442.0	430.9	436.7	8
2020-11-08 04:00	436.7	440.7	433.9	434.3	8
2020-11-08 08:00	434.4	444.8	434.4	443.8	8
2020-11-08 12:00	443.9	455.3	440.7	452.6	8
2020-11-08 16:00	452.7	458.5	447.6	450.6	8
2020-11-08 20:00	450.5	455.9	445.0	452.8	8
2020-11-09 00:00	452.8	456.5	449.9	450.7	8
2020-11-09 04:00	450.7	452.3	443.0	443.6	8
2020-11-09 08:00	443.5	457.6	440.2	456.8	8
2020-11-09 12:00	456.9	457.4	435.4	436.2	8
2020-11-09 16:00	435.9	446.3	432.7	445.3	8
2020-11-09 20:00	445.3	449.2	440.6	443.0	8
2020-11-10 00:00	443.3	448.4	437.6	448.1	8
2020-11-10 04:00	448.1	451.8	444.6	447.7	8
2020-11-10 08:00	447.7	453.7	443.6	446.4	8
2020-11-10 12:00	446.4	449.2	439.3	442.0	8
2020-11-10 16:00	441.9	448.0	440.7	446.9	8
2020-11-10 20:00	447.0	453.2	446.5	449.2	8
2020-11-11 00:00	449.2	465.1	448.3	461.9	8
2020-11-11 04:00	462.0	464.7	456.4	461.1	8
2020-11-11 08:00	461.2	462.8	454.5	458.8	8
2020-11-11 12:00	458.8	462.0	457.1	461.0	8
2020-11-11 16:00	461.0	475.0	461.0	467.2	8
2020-11-11 20:00	467.2	467.4	459.2	462.1	8
2020-11-12 00:00	462.1	463.1	451.3	456.8	8
2020-11-12 04:00	456.9	465.0	456.4	463.8	8
2020-11-12 08:00	463.8	468.9	455.2	459.3	8
2020-11-12 12:00	459.3	464.6	454.1	460.5	8
2020-11-12 16:00	460.4	460.7	451.3	455.8	8
2020-11-12 20:00	455.9	463.8	455.0	461.3	8
2020-11-13 00:00	461.2	466.1	460.1	462.9	8
2020-11-13 04:00	463.0	463.9	456.4	459.4	8
2020-11-13 08:00	459.3	467.3	456.8	463.1	8
2020-11-13 12:00	463.0	472.9	461.9	468.4	8
2020-11-13 16:00	468.5	473.6	463.9	472.5	8
2020-11-13 20:00	472.4	476.4	468.4	475.1	8
2020-11-14 00:00	475.3	476.0	468.0	469.6	8
2020-11-14 04:00	469.7	469.9	463.3	465.2	8
2020-11-14 08:00	465.1	465.9	452.5	457.1	8
2020-11-14 12:00	457.2	460.8	455.2	457.3	8
2020-11-14 16:00	457.2	460.0	450.4	458.4	8
2020-11-14 20:00	458.5	462.0	456.6	459.2	8
2020-11-15 00:00	459.3	461.3	455.3	456.6	8
2020-11-15 04:00	456.6	460.1	455.2	459.1	8
2020-11-15 08:00	459.2	460.9	453.7	453.7	8
2020-11-15 12:00	453.7	457.8	452.8	454.6	8
2020-11-15 16:00	454.7	455.5	441.4	443.6	8
2020-11-15 20:00	443.6	449.7	438.8	447.0	8
2020-11-16 00:00	446.9	450.0	444.3	448.3	8
2020-11-16 04:00	448.2	455.2	447.3	453.5	8
2020-11-16 08:00	453.6	455.1	448.5	450.6	8
2020-11-16 12:00	450.7	459.2	449.9	458.1	8
2020-11-16 16:00	458.1	463.1	456.0	460.9	8
2020-11-16 20:00	461.0	464.7	456.1	459.3	8
2020-11-17 00:00	459.2	467.7	458.6	461.0	8
2020-11-17 04:00	461.0	465.1	460.1	464.7	8
2020-11-17 08:00	464.6	465.9	460.3	465.0	8
2020-11-17 12:00	465.1	473.5	463.6	473.3	8
2020-11-17 16:00	473.2	483.5	471.7	481.7	8
2020-11-17 20:00	481.9	483.2	475.3	481.1	8
2020-11-18 00:00	481.0	487.3	480.7	487.0	8
2020-11-18 04:00	487.1	494.1	460.0	476.8	8
2020-11-18 08:00	476.8	481.3	472.6	479.8	8
2020-11-18 12:00	479.8	479.8	462.8	473.0	8
2020-11-18 16:00	472.9	475.3	467.8	471.8	8
2020-11-18 20:00	471.6	479.7	468.3	477.4	8
2020-11-19 00:00	477.5	479.4	472.8	476.6	8
2020-11-19 04:00	476.7	476.8	469.4	470.7	8
2020-11-19 08:00	470.8	473.0	463.6	472.8	8
2020-11-19 12:00	472.9	477.3	471.7	474.5	8
2020-11-19 16:00	474.5	475.9	470.2	473.0	8
2020-11-19 20:00	472.9	475.5	467.7	470.2	8
2020-11-20 00:00	470.3	486.8	469.6	483.7	8
2020-11-20 04:00	483.6	492.8	480.4	490.7	8
2020-11-20 08:00	490.5	507.1	488.9	504.1	8
2020-11-20 12:00	504.1	509.8	500.4	503.6	8
2020-11-20 16:00	503.7	513.1	502.5	508.8	8
2020-11-20 20:00	508.9	511.2	502.4	508.4	8
2020-11-21 00:00	508.5	516.9	505.2	506.6	8
2020-11-21 04:00	506.6	510.7	500.7	508.7	8
2020-11-21 08:00	508.6	516.4	506.4	507.9	8
2020-11-21 12:00	508.0	538.1	505.3	536.0	13
2020-11-21 16:00	536.1	545.8	531.5	540.3	11
2020-11-21 20:00	540.3	551.8	534.4	550.8	9
2020-11-22 00:00	550.9	560.0	534.9	547.8	12
2020-11-22 04:00	547.7	547.9	532.8	540.7	9
2020-11-22 08:00	540.6	543.2	510.4	520.9	12
2020-11-22 12:00	520.8	533.4	518.3	532.9	11
2020-11-22 16:00	533.0	573.1	531.1	571.7	14
2020-11-22 20:00	571.8	579.9	554.6	559.1	10
2020-11-23 00:00	559.2	576.3	548.9	572.4	8
2020-11-23 04:00	572.5	585.8	571.5	579.8	8
2020-11-23 08:00	579.9	596.5	579.6	590.0	8
2020-11-23 12:00	589.8	605.2	577.2	589.1	8
2020-11-23 16:00	589.1	600.7	580.9	596.8	8
2020-11-23 20:00	596.8	609.9	591.9	607.6	8
2020-11-24 00:00	607.5	620.5	599.6	612.5	8
2020-11-24 04:00	612.4	619.0	588.6	604.1	8
2020-11-24 08:00	604.2	621.8	592.5	605.8	8
2020-11-24 12:00	605.7	606.4	592.4	606.2	8
2020-11-24 16:00	606.3	612.8	601.8	606.2	8
2020-11-24 20:00	606.3	611.3	596.3	603.9	8
2020-11-25 00:00	603.8	604.9	581.4	583.6	8
2020-11-25 04:00	583.6	595.5	578.7	591.8	8
2020-11-25 08:00	591.8	603.3	591.4	600.2	8
2020-11-25 12:00	600.1	602.3	589.8	592.5	8
2020-11-25 16:00	592.6	596.1	581.2	584.6	8
2020-11-25 20:00	584.5	587.7	553.1	567.9	8
2020-11-26 00:00	567.9	575.7	504.8	531.9	9
2020-11-26 04:00	531.5	535.3	508.5	515.6	8
2020-11-26 08:00	515.4	518.9	481.4	511.2	9
2020-11-26 12:00	511.1	524.6	499.8	506.2	8
2020-11-26 16:00	506.3	510.6	481.6	499.1	9
2020-11-26 20:00	499.1	523.0	499.0	518.8	8
2020-11-27 00:00	518.8	529.5	514.3	518.1	8
2020-11-27 04:00	518.2	527.7	513.8	515.8	8
2020-11-27 08:00	515.8	516.0	500.6	506.0	8
2020-11-27 12:00	505.8	514.6	493.5	494.7	8
2020-11-27 16:00	494.8	507.6	492.6	505.4	8
2020-11-27 20:00	505.2	517.1	503.2	516.9	8
2020-11-28 00:00	517.0	518.9	511.1	513.6	8
2020-11-28 04:00	513.7	514.4	507.6	512.3	8
2020-11-28 08:00	512.2	518.6	505.4	517.4	8
2020-11-28 12:00	517.4	532.0	515.0	532.0	8
2020-11-28 16:00	532.1	545.3	532.1	544.8	8
2020-11-28 20:00	544.9	546.5	534.1	536.2	8
2020-11-29 00:00	536.2	542.4	529.5	542.0	8
2020-11-29 04:00	541.9	541.9	534.5	539.8	8
2020-11-29 08:00	539.8	556.6	539.4	549.8	8
2020-11-29 12:00	549.8	555.0	545.5	552.7	8
2020-11-29 16:00	552.8	555.7	547.4	550.1	8
2020-11-29 20:00	550.1	575.6	550.0	574.9	8
2020-11-30 00:00	575.1	591.8	575.1	587.1	8
2020-11-30 04:00	587.2	587.6	579.0	584.0	8
2020-11-30 08:00	584.1	590.2	569.4	587.1	8
2020-11-30 12:00	587.2	612.0	587.2	594.9	9
2020-11-30 16:00	595.0	613.1	593.9	600.9	9
2020-11-30 20:00	601.0	615.3	597.6	615.3	8
2020-12-01 00:00	615.4	616.0	601.7	603.7	8
2020-12-01 04:00	603.6	610.8	600.3	609.4	8
2020-12-01 08:00	609.5	634.8	596.5	614.6	8
2020-12-01 12:00	614.4	617.9	562.4	603.0	10
2020-12-01 16:00	603.0	607.5	583.7	598.4	8
2020-12-01 20:00	598.3	600.3	582.1	584.3	8
2020-12-02 00:00	584.2	596.1	574.1	584.5	8
2020-12-02 04:00	584.5	597.2	575.5	596.6	8
2020-12-02 08:00	596.5	603.1	591.6	597.1	8
2020-12-02 12:00	597.0	598.1	584.0	588.2	8
2020-12-02 16:00	588.2	596.7	582.3	595.4	8
2020-12-02 20:00	595.4	600.7	593.4	596.0	8
2020-12-03 00:00	596.0	598.9	588.0	594.2	8
2020-12-03 04:00	594.1	598.1	584.8	597.0	8
2020-12-03 08:00	596.9	614.3	594.4	612.4	8
2020-12-03 12:00	612.5	618.2	604.4	617.8	8
2020-12-03 16:00	617.9	622.3	607.6	612.6	8
2020-12-03 20:00	612.7	617.8	609.3	615.2	8
2020-12-04 00:00	615.1	619.0	600.8	601.5	8
2020-12-04 04:00	601.4	607.1	599.3	603.7	8
2020-12-04 08:00	603.8	612.0	584.0	585.1	8
2020-12-04 12:00	585.1	594.3	579.7	586.3	8
2020-12-04 16:00	586.3	591.9	580.5	589.6	8
2020-12-04 20:00	589.6	589.7	564.3	565.9	8
2020-12-05 00:00	565.9	576.9	559.4	574.4	8
2020-12-05 04:00	574.5	587.4	573.9	583.5	8
2020-12-05 08:00	583.4	595.7	583.4	587.9	8
2020-12-05 12:00	588.0	592.9	582.8	591.0	8
2020-12-05 16:00	590.9	594.4	588.2	593.3	8
2020-12-05 20:00	593.2	595.5	588.8	595.2	8
2020-12-06 00:00	595.1	605.7	593.0	595.3	8
2020-12-06 04:00	595.2	599.9	593.2	598.9	8
2020-12-06 08:00	599.1	599.9	584.7	591.4	8
2020-12-06 12:00	591.5	595.0	581.5	593.1	8
2020-12-06 16:00	593.2	596.4	590.4	594.0	8
2020-12-06 20:00	593.9	602.2	588.9	600.3	8
2020-12-07 00:00	600.4	601.8	590.1	593.4	8
2020-12-07 04:00	593.5	600.0	591.4	599.4	8
2020-12-07 08:00	599.5	599.5	588.8	589.0	8
2020-12-07 12:00	588.9	596.2	588.7	593.1	8
2020-12-07 16:00	593.0	594.4	582.9	585.7	8
2020-12-07 20:00	585.6	591.8	583.1	589.9	8
2020-12-08 00:00	589.9	589.9	585.0	587.0	8
2020-12-08 04:00	587.1	593.7	586.4	586.5	8
2020-12-08 08:00	586.6	587.5	569.3	572.1	8
2020-12-08 12:00	571.9	579.5	567.4	572.5	8
2020-12-08 16:00	572.6	576.3	568.9	569.2	8
2020-12-08 20:00	569.3	571.2	547.6	553.0	8
2020-12-09 00:00	552.9	554.7	541.2	550.2	8
2020-12-09 04:00	550.1	550.6	535.4	536.5	8
2020-12-09 08:00	536.5	564.1	528.6	560.4	8
2020-12-09 12:00	560.3	575.4	558.7	566.3	8
2020-12-09 16:00	566.3	574.8	560.9	567.0	8
2020-12-09 20:00	567.1	576.4	565.0	571.7	8
2020-12-10 00:00	571.6	574.1	563.6	566.0	8
2020-12-10 04:00	565.9	569.8	558.3	561.9	8
2020-12-10 08:00	562.0	567.2	550.7	553.4	8
2020-12-10 12:00	553.3	561.1	546.3	555.9	8
2020-12-10 16:00	555.8	563.7	553.4	563.7	8
2020-12-10 20:00	563.9	566.8	556.1	557.3	8
2020-12-11 00:00	557.3	558.7	538.7	545.6	8
2020-12-11 04:00	545.7	547.1	534.5	539.8	8
2020-12-11 08:00	539.8	546.2	534.1	537.1	8
2020-12-11 12:00	537.0	553.3	535.3	552.8	8
2020-12-11 16:00	552.7	552.8	541.5	544.6	8
2020-12-11 20:00	544.7	549.9	542.7	546.0	7
2020-12-12 00:00	551.9	555.9	549.5	553.0	7
2020-12-12 04:00	552.9	558.8	551.8	557.3	8
2020-12-12 08:00	557.5	558.9	552.1	557.3	8
2020-12-12 12:00	557.4	558.2	549.7	552.6	8
2020-12-12 16:00	552.6	567.6	550.0	566.9	8
2020-12-12 20:00	567.0	572.2	564.7	566.4	8
2020-12-13 00:00	566.4	568.0	561.8	563.7	8
2020-12-13 04:00	563.9	578.3	562.7	577.2	8
2020-12-13 08:00	577.3	584.9	575.2	583.6	9
2020-12-13 12:00	583.7	587.9	578.3	582.9	8
2020-12-13 16:00	583.0	592.9	583.0	589.5	8
2020-12-13 20:00	589.3	591.2	582.1	588.8	8
2020-12-14 00:00	588.7	590.1	580.1	588.8	8
2020-12-14 04:00	588.7	589.7	581.2	584.2	8
2020-12-14 08:00	584.3	587.6	574.0	577.9	8
2020-12-14 12:00	577.8	586.7	574.2	582.2	8
2020-12-14 16:00	582.0	584.6	578.4	583.4	8
2020-12-14 20:00	583.5	587.1	581.2	584.7	8
2020-12-15 00:00	584.8	595.3	584.0	591.1	8
2020-12-15 04:00	591.2	591.7	577.8	584.5	8
2020-12-15 08:00	584.4	587.9	578.6	584.1	8
2020-12-15 12:00	584.0	587.7	581.2	584.6	8
2020-12-15 16:00	584.5	591.4	582.6	590.9	8
2020-12-15 20:00	591.0	591.7	584.2	587.5	8
2020-12-16 00:00	587.6	588.1	580.8	582.1	8
2020-12-16 04:00	582.0	585.2	579.6	583.6	8
2020-12-16 08:00	583.5	595.4	582.4	592.4	8
2020-12-16 12:00	592.3	624.6	589.9	619.6	8
2020-12-16 16:00	619.7	628.1	615.8	621.6	8
2020-12-16 20:00	621.7	637.9	620.3	636.1	8
2020-12-17 00:00	636.1	651.1	633.7	635.3	8
2020-12-17 04:00	635.2	647.8	634.7	646.9	8
2020-12-17 08:00	646.8	668.1	635.4	660.7	8
2020-12-17 12:00	660.8	666.4	653.4	664.5	8
2020-12-17 16:00	664.5	675.1	628.6	646.8	8
2020-12-17 20:00	646.7	651.7	625.8	641.6	8
2020-12-18 00:00	641.5	653.2	628.0	642.0	8
2020-12-18 04:00	641.9	647.5	639.1	644.1	8
2020-12-18 08:00	644.1	662.8	640.7	648.9	8
2020-12-18 12:00	648.8	653.0	630.7	636.6	8
2020-12-18 16:00	636.7	646.8	633.1	643.7	8
2020-12-18 20:00	643.8	653.9	642.5	652.6	8
2020-12-19 00:00	652.7	658.4	644.3	653.8	8
2020-12-19 04:00	653.7	656.2	645.5	647.2	8
2020-12-19 08:00	647.3	655.4	644.8	649.4	8
2020-12-19 12:00	649.5	659.3	648.3	654.2	9
2020-12-19 16:00	654.1	668.3	654.1	657.8	12
2020-12-19 20:00	657.7	667.4	654.7	656.7	8
2020-12-20 00:00	656.6	656.6	641.5	644.7	10
2020-12-20 04:00	644.6	655.5	639.8	655.1	8
2020-12-20 08:00	655.0	659.3	648.0	650.6	8
2020-12-20 12:00	650.4	652.9	640.7	652.7	8
2020-12-20 16:00	652.8	653.7	643.6	648.4	8
2020-12-20 20:00	648.3	655.8	620.2	636.6	10
2020-12-21 00:00	636.5	646.3	632.7	643.7	8
2020-12-21 04:00	643.8	646.5	635.3	645.2	8
2020-12-21 08:00	645.3	646.5	602.7	604.6	8
2020-12-21 12:00	604.7	618.7	595.1	613.2	8
2020-12-21 16:00	613.2	618.1	600.7	609.8	8
2020-12-21 20:00	609.9	617.0	605.9	606.2	8
2020-12-22 00:00	606.3	612.5	600.6	608.4	8
2020-12-22 04:00	608.5	613.8	591.3	594.0	8
2020-12-22 08:00	593.9	611.2	586.4	609.9	8
2020-12-22 12:00	610.0	632.8	607.2	624.9	8
2020-12-22 16:00	625.0	632.2	620.4	624.5	8
2020-12-22 20:00	624.6	635.8	616.8	634.9	8
2020-12-23 00:00	634.8	637.0	619.1	621.8	8
2020-12-23 04:00	621.7	623.0	606.2	614.1	8
2020-12-23 08:00	614.2	618.8	591.1	600.3	8
2020-12-23 12:00	600.2	620.7	596.7	603.8	8
2020-12-23 16:00	603.7	611.3	594.8	608.5	8
2020-12-23 20:00	608.6	611.2	550.8	583.8	8
2020-12-24 00:00	583.7	585.5	564.1	573.6	8
2020-12-24 04:00	573.7	581.7	568.8	578.6	8
2020-12-24 08:00	578.7	584.1	572.6	581.0	8
2020-12-24 12:00	581.1	598.1	576.0	591.0	8
2020-12-24 16:00	591.1	595.6	584.3	593.1	8
2020-12-24 20:00	593.2	613.0	591.0	610.1	8
2020-12-25 00:00	610.2	613.5	602.1	603.5	9
2020-12-25 04:00	603.5	613.7	602.4	610.8	8
2020-12-25 08:00	610.9	631.3	610.7	627.1	9
2020-12-25 12:00	627.3	629.7	610.2	611.1	9
2020-12-25 16:00	611.1	621.7	605.6	617.2	8
2020-12-25 20:00	617.3	625.7	613.7	624.7	8
2020-12-26 00:00	624.7	634.8	618.9	631.6	8
2020-12-26 04:00	631.7	632.3	620.1	623.1	8
2020-12-26 08:00	623.0	629.4	613.4	620.5	8
2020-12-26 12:00	620.4	631.0	617.7	625.6	8
2020-12-26 16:00	625.7	647.5	624.8	643.0	10
2020-12-26 20:00	643.1	650.7	628.3	634.8	10
2020-12-27 00:00	634.8	650.4	632.8	640.9	11
2020-12-27 04:00	641.0	653.1	640.0	647.5	11
2020-12-27 08:00	647.5	651.2	623.8	635.9	12
2020-12-27 12:00	636.1	695.8	623.3	695.1	15
2020-12-27 16:00	695.2	712.9	679.9	703.1	16
2020-12-27 20:00	702.9	703.1	658.2	682.5	12
2020-12-28 00:00	682.4	716.1	679.3	701.4	8
2020-12-28 04:00	701.5	736.2	695.3	731.0	8
2020-12-28 08:00	730.9	738.3	717.7	729.1	8
2020-12-28 12:00	729.0	738.0	714.9	726.6	8
2020-12-28 16:00	726.7	745.4	724.0	741.7	8
2020-12-28 20:00	741.6	744.9	713.8	727.9	8
2020-12-29 00:00	727.8	737.8	697.1	697.2	8
2020-12-29 04:00	697.1	710.4	686.5	706.8	8
2020-12-29 08:00	706.9	731.8	706.9	728.6	8
2020-12-29 12:00	728.6	737.1	714.1	716.7	8
2020-12-29 16:00	716.9	730.1	702.3	728.4	8
2020-12-29 20:00	728.4	734.8	719.3	730.1	8
2020-12-30 00:00	730.2	745.1	728.6	731.4	8
2020-12-30 04:00	731.6	741.4	723.5	731.2	8
2020-12-30 08:00	731.3	735.2	715.6	723.7	8
2020-12-30 12:00	723.6	734.7	717.9	732.4	8
2020-12-30 16:00	732.3	756.9	725.9	751.9	8
2020-12-30 20:00	752.0	754.3	741.4	750.9	8
2020-12-31 00:00	751.1	754.0	727.3	741.9	8
2020-12-31 04:00	742.0	753.7	735.0	748.4	8
2020-12-31 08:00	748.5	751.5	735.4	743.8	8
2020-12-31 12:00	743.6	746.1	721.5	734.9	8
2020-12-31 16:00	735.0	741.7	723.8	737.8	8
2020-12-31 20:00	737.7	744.4	735.5	737.0	4
2021-01-01 20:00	727.8	731.6	725.8	728.8	4
2021-01-02 00:00	728.9	734.2	715.2	730.1	8
2021-01-02 04:00	730.2	739.7	726.0	735.1	8
2021-01-02 08:00	735.2	737.9	723.1	729.4	10
2021-01-02 12:00	729.4	771.7	728.0	768.3	14
2021-01-02 16:00	768.3	786.6	764.7	783.7	14
2021-01-02 20:00	783.9	784.7	751.6	773.1	14
2021-01-03 00:00	773.0	780.6	769.3	772.0	8
2021-01-03 04:00	772.0	803.5	768.8	798.3	12
2021-01-03 08:00	798.4	830.6	790.0	828.3	15
2021-01-03 12:00	828.4	920.7	825.7	917.5	18
2021-01-03 16:00	917.5	975.2	888.9	918.7	24
2021-01-03 20:00	919.0	1010.2	918.5	977.8	14
2021-01-04 00:00	978.0	1026.0	954.9	1021.6	11
2021-01-04 04:00	1021.6	1165.0	1015.1	1043.8	18
2021-01-04 08:00	1043.6	1077.9	883.7	975.6	25
2021-01-04 12:00	975.6	1056.1	955.3	1039.3	24
2021-01-04 16:00	1039.3	1046.7	983.7	1041.9	24
2021-01-04 20:00	1041.9	1049.0	992.1	1040.4	16
2021-01-05 00:00	1040.3	1133.6	995.2	1003.6	21
2021-01-05 04:00	1003.6	1029.0	974.2	1001.7	25
2021-01-05 08:00	1001.8	1048.4	1001.8	1041.0	17
2021-01-05 12:00	1041.2	1063.7	1001.8	1052.4	19
2021-01-05 16:00	1052.5	1109.2	1038.8	1098.8	16
2021-01-05 20:00	1098.4	1123.2	1078.7	1101.4	15
2021-01-06 00:00	1101.4	1112.1	1059.6	1076.4	16
2021-01-06 04:00	1076.3	1136.3	1074.4	1108.0	14
2021-01-06 08:00	1108.0	1167.5	1091.4	1153.2	17
2021-01-06 12:00	1153.1	1160.8	1123.0	1145.1	16
2021-01-06 16:00	1145.1	1210.4	1145.0	1161.8	18
2021-01-06 20:00	1161.8	1213.6	1119.8	1210.3	15
2021-01-07 00:00	1210.2	1226.1	1181.9	1215.8	13
2021-01-07 04:00	1215.8	1220.3	1181.9	1185.7	9
2021-01-07 08:00	1186.5	1205.1	1160.5	1201.4	17
2021-01-07 12:00	1201.4	1249.7	1197.9	1249.0	17
2021-01-07 16:00	1249.2	1287.4	1148.6	1233.1	22
2021-01-07 20:00	1233.1	1266.3	1202.6	1224.2	19
2021-01-08 00:00	1224.2	1231.2	1063.2	1151.0	27
2021-01-08 04:00	1151.1	1212.7	1126.7	1207.3	22
2021-01-08 08:00	1207.2	1269.3	1184.4	1254.7	24
2021-01-08 12:00	1254.7	1272.3	1171.8	1216.7	24
2021-01-08 16:00	1216.7	1240.8	1173.0	1183.0	23
2021-01-08 20:00	1183.0	1228.8	1135.4	1216.3	18
2021-01-09 00:00	1216.4	1233.0	1172.1	1226.0	17
2021-01-09 04:00	1225.9	1226.0	1172.0	1195.3	6
2021-01-09 08:00	1195.2	1237.0	1184.0	1220.5	17
2021-01-09 12:00	1220.5	1235.6	1209.2	1220.9	15
2021-01-09 16:00	1220.8	1236.6	1195.9	1229.8	11
2021-01-09 20:00	1229.7	1306.2	1220.1	1279.1	16
2021-01-10 00:00	1279.0	1342.9	1279.0	1313.5	19
2021-01-10 04:00	1313.5	1347.2	1308.9	1346.1	16
2021-01-10 08:00	1345.9	1349.8	1258.4	1261.3	22
2021-01-10 12:00	1261.3	1324.3	1241.5	1303.1	23
2021-01-10 16:00	1303.5	1323.9	1248.2	1258.6	19
2021-01-10 20:00	1258.7	1286.2	1158.6	1253.0	18
2021-01-11 00:00	1253.3	1257.9	1008.6	1101.5	27
2021-01-11 04:00	1101.5	1130.6	1007.4	1069.3	32
2021-01-11 08:00	1069.5	1147.8	1048.0	1064.9	25
2021-01-11 12:00	1064.9	1101.3	930.3	974.8	31
2021-01-11 16:00	974.8	1020.6	910.2	981.4	33
2021-01-11 20:00	981.4	1091.8	957.8	1086.6	24
2021-01-12 00:00	1086.5	1090.0	1039.5	1086.6	21
2021-01-12 04:00	1086.8	1148.5	1075.4	1139.0	23
2021-01-12 08:00	1139.0	1143.5	1065.9	1096.3	22
2021-01-12 12:00	1096.5	1108.3	1005.0	1051.6	23
2021-01-12 16:00	1051.6	1122.6	1051.2	1080.2	20
2021-01-12 20:00	1080.1	1084.6	1022.8	1047.7	21
2021-01-13 00:00	1047.7	1055.5	985.0	1043.0	25
2021-01-13 04:00	1043.1	1077.8	1008.4	1073.1	21
2021-01-13 08:00	1073.2	1092.6	1052.4	1058.7	19
2021-01-13 12:00	1058.6	1081.2	1044.1	1068.1	17
2021-01-13 16:00	1068.0	1106.7	1058.6	1100.2	16
2021-01-13 20:00	1100.3	1134.8	1090.8	1128.5	15
2021-01-14 00:00	1128.8	1146.4	1090.0	1094.4	16
2021-01-14 04:00	1094.4	1160.5	1086.2	1147.1	20
2021-01-14 08:00	1147.1	1172.8	1141.6	1164.9	18
2021-01-14 12:00	1165.0	1218.3	1147.9	1210.3	19
2021-01-14 16:00	1210.3	1244.2	1202.0	1229.0	16
2021-01-14 20:00	1229.0	1232.5	1159.7	1228.7	17
2021-01-15 00:00	1228.7	1253.2	1198.7	1216.0	19
2021-01-15 04:00	1216.0	1239.7	1173.1	1237.0	20
2021-01-15 08:00	1237.0	1243.9	1203.3	1222.8	19
2021-01-15 12:00	1223.0	1227.5	1124.8	1137.7	20
2021-01-15 16:00	1137.7	1172.6	1068.6	1130.7	26
2021-01-15 20:00	1130.8	1172.8	1109.5	1167.7	15
2021-01-16 00:00	1167.7	1196.4	1156.3	1177.5	14
2021-01-16 04:00	1177.3	1188.3	1149.9	1181.0	8
2021-01-16 08:00	1181.1	1223.3	1176.2	1217.0	12
2021-01-16 12:00	1217.1	1275.9	1187.4	1274.4	17
2021-01-16 16:00	1274.9	1291.3	1218.1	1251.6	19
2021-01-16 20:00	1251.6	1279.5	1198.8	1226.6	19
2021-01-17 00:00	1226.1	1256.3	1200.2	1239.4	17
2021-01-17 04:00	1239.4	1248.3	1168.8	1180.1	20
2021-01-17 08:00	1180.3	1226.2	1164.9	1218.5	20
2021-01-17 12:00	1218.6	1244.7	1190.2	1239.6	18
2021-01-17 16:00	1239.0	1248.8	1209.3	1215.7	16
2021-01-17 20:00	1215.8	1266.6	1215.8	1231.2	17
2021-01-18 00:00	1231.2	1244.5	1182.1	1191.8	19
2021-01-18 04:00	1191.8	1224.7	1186.0	1217.5	17
2021-01-18 08:00	1217.5	1231.2	1206.5	1223.2	16
2021-01-18 12:00	1223.2	1253.0	1221.1	1238.9	17
2021-01-18 16:00	1238.8	1246.3	1211.2	1226.1	17
2021-01-18 20:00	1226.1	1258.9	1222.5	1256.6	14
2021-01-19 00:00	1256.3	1344.6	1250.4	1321.2	22
2021-01-19 04:00	1321.1	1379.8	1302.7	1375.8	17
2021-01-19 08:00	1375.8	1432.3	1364.2	1429.9	23
2021-01-19 12:00	1429.9	1437.5	1376.5	1413.4	21
2021-01-19 16:00	1413.5	1435.6	1334.1	1357.8	17
2021-01-19 20:00	1357.8	1422.9	1349.5	1366.7	19
2021-01-20 00:00	1366.7	1406.3	1340.1	1344.1	22
2021-01-20 04:00	1344.1	1377.4	1319.1	1368.4	20
2021-01-20 08:00	1368.3	1372.0	1249.9	1262.7	23
2021-01-20 12:00	1262.7	1319.7	1235.6	1273.6	22
2021-01-20 16:00	1273.6	1347.9	1248.8	1344.2	19
2021-01-20 20:00	1344.3	1387.6	1303.3	1375.8	18
2021-01-21 00:00	1375.7	1387.4	1306.6	1325.4	21
2021-01-21 04:00	1325.4	1334.3	1278.3	1306.8	23
2021-01-21 08:00	1306.6	1309.5	1222.2	1234.1	23
2021-01-21 12:00	1234.3	1257.5	1182.4	1186.9	27
2021-01-21 16:00	1186.9	1236.5	1162.1	1229.5	22
2021-01-21 20:00	1229.5	1232.7	1082.7	1109.2	23
2021-01-22 00:00	1109.2	1162.1	1039.5	1158.9	33
2021-01-22 04:00	1159.1	1188.1	1130.2	1139.9	23
2021-01-22 08:00	1140.0	1208.8	1119.8	1196.4	25
2021-01-22 12:00	1196.2	1241.9	1192.8	1232.9	21
2021-01-22 16:00	1232.9	1272.3	1217.2	1267.4	21
2021-01-22 20:00	1267.6	1273.2	1217.2	1231.8	13
2021-01-23 00:00	1231.9	1241.7	1205.2	1231.5	13
2021-01-23 04:00	1231.3	1268.1	1228.5	1258.9	9
2021-01-23 08:00	1259.0	1271.3	1214.3	1218.3	21
2021-01-23 12:00	1218.2	1238.8	1196.2	1229.7	18
2021-01-23 16:00	1229.8	1262.9	1224.4	1257.2	16
2021-01-23 20:00	1257.3	1259.1	1223.5	1232.5	14
2021-01-24 00:00	1232.5	1292.2	1220.5	1292.2	16
2021-01-24 04:00	1292.2	1333.9	1287.7	1313.3	18
2021-01-24 08:00	1313.2	1348.8	1309.0	1343.0	16
2021-01-24 12:00	1343.1	1347.4	1298.5	1319.0	18
2021-01-24 16:00	1319.4	1364.6	1304.2	1325.4	22
2021-01-24 20:00	1325.4	1397.7	1324.5	1392.0	17
2021-01-25 00:00	1392.0	1473.6	1384.1	1425.6	17
2021-01-25 04:00	1425.7	1444.4	1391.6	1422.7	18
2021-01-25 08:00	1423.0	1426.2	1380.2	1410.2	19
2021-01-25 12:00	1410.3	1443.2	1399.2	1432.8	19
2021-01-25 16:00	1433.0	1440.9	1354.1	1381.4	23
2021-01-25 20:00	1381.1	1381.1	1292.4	1316.6	22
2021-01-26 00:00	1316.4	1376.2	1295.1	1311.7	22
2021-01-26 04:00	1311.6	1347.1	1301.8	1317.1	21
2021-01-26 08:00	1317.1	1343.5	1294.0	1312.2	21
2021-01-26 12:00	1312.2	1317.7	1244.0	1279.3	21
2021-01-26 16:00	1279.2	1352.5	1268.0	1340.5	23
2021-01-26 20:00	1340.5	1373.5	1324.8	1366.9	21
2021-01-27 00:00	1366.8	1372.8	1300.4	1308.7	20
2021-01-27 04:00	1308.6	1319.4	1274.9	1295.0	18
2021-01-27 08:00	1294.4	1301.9	1250.3	1250.3	18
2021-01-27 12:00	1250.3	1286.0	1205.4	1281.3	23
2021-01-27 16:00	1281.3	1308.9	1221.8	1268.5	27
2021-01-27 20:00	1268.3	1297.5	1235.8	1241.4	24
2021-01-28 00:00	1241.4	1291.8	1219.2	1289.1	23
2021-01-28 04:00	1288.9	1325.1	1271.6	1284.2	19
2021-01-28 08:00	1284.3	1308.2	1265.0	1301.4	19
2021-01-28 12:00	1301.3	1356.9	1292.5	1349.3	21
2021-01-28 16:00	1349.3	1355.5	1322.0	1335.2	15
2021-01-28 20:00	1335.2	1360.9	1325.4	1333.9	14
2021-01-29 00:00	1334.4	1376.5	1312.0	1322.3	14
2021-01-29 04:00	1322.5	1328.1	1286.1	1315.4	17
2021-01-29 08:00	1315.4	1430.0	1295.7	1418.9	23
2021-01-29 12:00	1418.9	1438.7	1374.7	1396.6	20
2021-01-29 16:00	1396.9	1408.2	1312.7	1345.7	24
2021-01-29 20:00	1345.9	1407.8	1331.7	1377.6	18
2021-01-30 00:00	1377.7	1403.8	1325.0	1340.7	13
2021-01-30 04:00	1340.9	1352.9	1324.3	1343.1	7
2021-01-30 08:00	1343.1	1352.5	1335.0	1338.4	17
2021-01-30 12:00	1338.0	1379.1	1328.9	1371.0	16
2021-01-30 16:00	1370.9	1378.3	1343.8	1370.7	16
2021-01-30 20:00	1370.7	1389.7	1368.5	1377.5	13
2021-01-31 00:00	1377.5	1379.3	1354.2	1356.4	15
2021-01-31 04:00	1356.5	1364.1	1340.2	1344.3	16
2021-01-31 08:00	1344.3	1356.1	1336.9	1352.5	16
2021-01-31 12:00	1352.5	1369.6	1292.3	1310.7	17
2021-01-31 16:00	1310.6	1319.1	1280.6	1304.8	18
2021-01-31 20:00	1304.7	1320.9	1291.8	1311.9	14
2021-02-01 00:00	1311.8	1322.4	1270.0	1315.4	17
2021-02-01 04:00	1315.3	1336.5	1301.6	1315.4	16
2021-02-01 08:00	1315.2	1344.1	1307.1	1335.5	16
2021-02-01 12:00	1335.6	1344.1	1301.1	1301.1	16
2021-02-01 16:00	1301.0	1332.6	1299.5	1331.0	11
2021-02-01 20:00	1330.9	1375.5	1328.3	1372.7	12
2021-02-02 00:00	1372.7	1408.4	1359.9	1367.8	16
2021-02-02 04:00	1367.7	1424.4	1366.4	1414.2	15
2021-02-02 08:00	1414.2	1456.6	1405.0	1417.6	16
2021-02-02 12:00	1417.7	1446.4	1407.8	1427.3	17
2021-02-02 16:00	1427.2	1514.9	1422.1	1514.7	19
2021-02-02 20:00	1514.7	1546.9	1499.3	1511.3	18
2021-02-03 00:00	1511.2	1547.6	1508.1	1539.0	16
2021-02-03 04:00	1539.2	1571.9	1538.9	1547.0	17
2021-02-03 08:00	1547.1	1560.1	1513.3	1536.5	17
2021-02-03 12:00	1536.6	1600.8	1524.0	1599.3	16
2021-02-03 16:00	1599.1	1650.8	1581.9	1617.3	18
2021-02-03 20:00	1617.3	1670.1	1602.1	1665.9	15
2021-02-04 00:00	1665.9	1696.4	1634.8	1645.1	16
2021-02-04 04:00	1645.3	1683.7	1636.1	1663.2	12
2021-02-04 08:00	1663.1	1684.9	1578.8	1612.4	19
2021-02-04 12:00	1612.4	1642.4	1556.3	1579.9	17
2021-02-04 16:00	1579.9	1664.6	1567.2	1654.4	18
2021-02-04 20:00	1654.5	1672.5	1588.9	1595.9	15
2021-02-05 00:00	1595.8	1652.5	1591.7	1639.9	16
2021-02-05 04:00	1639.7	1669.8	1623.3	1663.9	11
2021-02-05 08:00	1664.2	1677.1	1642.2	1662.4	16
2021-02-05 12:00	1662.6	1749.1	1657.4	1742.8	16
2021-02-05 16:00	1742.8	1761.1	1682.4	1709.8	22
2021-02-05 20:00	1709.8	1725.6	1695.2	1719.2	12
2021-02-06 00:00	1719.6	1743.0	1648.5	1682.7	14
2021-02-06 04:00	1682.4	1682.4	1645.1	1672.4	8
2021-02-06 08:00	1672.2	1716.8	1671.5	1678.6	17
2021-02-06 12:00	1678.7	1697.5	1663.9	1674.8	16
2021-02-06 16:00	1674.8	1715.8	1658.0	1708.1	15
2021-02-06 20:00	1708.2	1718.2	1674.0	1677.2	18
2021-02-07 00:00	1677.1	1692.4	1609.8	1626.8	21
2021-02-07 04:00	1626.8	1638.5	1587.6	1632.4	19
2021-02-07 08:00	1632.3	1656.1	1613.2	1625.3	21
2021-02-07 12:00	1625.2	1628.7	1525.6	1538.3	25
2021-02-07 16:00	1538.3	1590.8	1492.5	1566.3	25
2021-02-07 20:00	1566.3	1622.1	1554.6	1613.0	18
2021-02-08 00:00	1613.0	1631.0	1564.8	1580.6	20
2021-02-08 04:00	1580.6	1646.7	1578.4	1639.4	17
2021-02-08 08:00	1639.6	1666.0	1625.5	1661.1	17
2021-02-08 12:00	1661.6	1761.0	1643.9	1737.8	17
2021-02-08 16:00	1735.5	1776.8	1687.4	1696.0	15
2021-02-08 20:00	1695.8	1753.1	1692.6	1750.9	12
2021-02-09 00:00	1751.6	1765.9	1707.6	1735.3	15
2021-02-09 04:00	1735.2	1771.0	1728.6	1752.5	14
2021-02-09 08:00	1752.6	1822.2	1725.4	1752.8	17
2021-02-09 12:00	1752.6	1767.5	1715.9	1750.7	19
2021-02-09 16:00	1750.5	1773.5	1721.1	1773.5	21
2021-02-09 20:00	1772.6	1791.4	1749.6	1770.3	12
2021-02-10 00:00	1770.0	1825.2	1759.3	1810.1	15
2021-02-10 04:00	1810.4	1825.3	1768.5	1811.5	11
2021-02-10 08:00	1812.1	1836.9	1773.2	1794.0	13
2021-02-10 12:00	1793.8	1793.8	1679.0	1710.9	26
2021-02-10 16:00	1711.0	1748.1	1690.1	1742.8	20
2021-02-10 20:00	1743.1	1757.6	1704.4	1741.1	15
2021-02-11 00:00	1740.9	1749.9	1704.0	1742.0	14
2021-02-11 04:00	1742.1	1748.2	1717.7	1737.3	17
2021-02-11 08:00	1737.4	1789.0	1731.7	1762.0	18
2021-02-11 12:00	1762.5	1816.8	1762.5	1797.8	18
2021-02-11 16:00	1797.9	1810.1	1775.4	1790.7	15
2021-02-11 20:00	1790.6	1809.0	1757.8	1786.2	15
2021-02-12 00:00	1785.6	1806.5	1762.8	1764.3	15
2021-02-12 04:00	1764.1	1773.0	1739.3	1768.1	15
2021-02-12 08:00	1768.2	1782.2	1749.9	1777.1	14
2021-02-12 12:00	1776.9	1801.8	1751.8	1791.0	18
2021-02-12 16:00	1791.6	1852.5	1788.6	1842.6	21
2021-02-12 20:00	1842.5	1866.4	1832.2	1842.9	22
2021-02-13 00:00	1843.3	1873.0	1843.3	1865.0	21
2021-02-13 04:00	1864.9	1866.8	1807.8	1808.4	10
2021-02-13 08:00	1808.3	1839.2	1765.0	1780.3	21
2021-02-13 12:00	1780.5	1824.4	1763.6	1816.0	24
2021-02-13 16:00	1816.1	1822.8	1784.3	1798.9	25
2021-02-13 20:00	1799.0	1823.8	1788.8	1815.6	18
2021-02-14 00:00	1815.8	1846.0	1809.6	1811.1	23
2021-02-14 04:00	1811.4	1850.8	1802.5	1832.3	22
2021-02-14 08:00	1832.7	1846.5	1826.4	1831.0	21
2021-02-14 12:00	1831.3	1843.6	1786.1	1799.3	23
2021-02-14 16:00	1799.0	1813.8	1790.4	1804.5	17
2021-02-14 20:00	1803.9	1832.4	1800.2	1801.7	19
2021-02-15 00:00	1801.6	1812.3	1661.1	1727.2	35
2021-02-15 04:00	1727.6	1757.6	1689.0	1749.7	29
2021-02-15 08:00	1749.5	1795.2	1740.9	1787.3	20
2021-02-15 12:00	1787.5	1812.9	1776.3	1809.3	21
2021-02-15 16:00	1809.4	1832.2	1805.0	1823.2	21
2021-02-15 20:00	1823.7	1835.0	1761.0	1777.2	23
2021-02-16 00:00	1777.1	1824.3	1745.5	1818.6	21
2021-02-16 04:00	1818.4	1823.5	1778.3	1796.3	20
2021-02-16 08:00	1796.1	1806.7	1776.5	1781.0	21
2021-02-16 12:00	1781.2	1822.4	1759.3	1773.4	29
2021-02-16 16:00	1773.7	1779.6	1725.0	1752.4	26
2021-02-16 20:00	1752.0	1782.3	1730.0	1780.5	22
2021-02-17 00:00	1781.0	1784.2	1741.1	1752.2	22
2021-02-17 04:00	1752.1	1806.3	1732.2	1805.1	22
2021-02-17 08:00	1805.0	1821.0	1788.5	1806.0	17
2021-02-17 12:00	1806.0	1841.2	1802.0	1809.3	20
2021-02-17 16:00	1809.4	1838.9	1797.5	1835.5	17
2021-02-17 20:00	1835.9	1854.7	1822.9	1849.6	18
2021-02-18 00:00	1849.4	1915.8	1849.4	1890.9	22
2021-02-18 04:00	1891.0	1909.1	1876.9	1897.1	21
2021-02-18 08:00	1897.2	1926.2	1880.6	1896.9	27
2021-02-18 12:00	1897.0	1923.1	1879.7	1905.1	27
2021-02-18 16:00	1905.3	1936.5	1903.6	1920.9	21
2021-02-18 20:00	1920.5	1948.0	1913.5	1938.0	18
2021-02-19 00:00	1937.2	1948.7	1890.0	1907.3	21
2021-02-19 04:00	1907.5	1923.9	1896.0	1916.7	20
2021-02-19 08:00	1915.9	1937.8	1908.0	1931.2	17
2021-02-19 12:00	1931.5	1938.3	1913.6	1930.8	17
2021-02-19 16:00	1930.0	1972.8	1930.0	1953.4	18
2021-02-19 20:00	1953.5	1965.2	1947.2	1955.7	16
2021-02-20 00:00	1955.9	2017.5	1923.3	2013.9	20
2021-02-20 04:00	2014.4	2038.0	1982.6	1985.3	11
2021-02-20 08:00	1985.1	2011.9	1985.1	1998.3	17
2021-02-20 12:00	1998.5	2034.4	1961.7	1977.7	19
2021-02-20 16:00	1977.8	2021.1	1977.8	1992.5	17
2021-02-20 20:00	1992.8	1993.9	1811.1	1914.4	32
2021-02-21 00:00	1914.3	1954.8	1883.5	1933.2	22
2021-02-21 04:00	1933.1	1952.3	1905.4	1912.4	24
2021-02-21 08:00	1912.5	1973.1	1900.4	1960.7	21
2021-02-21 12:00	1960.8	1969.3	1936.4	1960.3	23
2021-02-21 16:00	1960.5	1974.6	1938.4	1964.8	21
2021-02-21 20:00	1964.4	1964.4	1901.4	1933.5	21
2021-02-22 00:00	1933.8	1936.6	1859.8	1869.3	28
2021-02-22 04:00	1869.2	1889.5	1835.3	1885.2	27
2021-02-22 08:00	1885.2	1887.6	1773.8	1800.0	26
2021-02-22 12:00	1800.1	1805.3	1535.0	1730.6	41
2021-02-22 16:00	1731.5	1761.1	1653.7	1746.1	35
2021-02-22 20:00	1745.6	1802.8	1740.9	1776.9	27
2021-02-23 00:00	1776.8	1780.6	1655.3	1678.2	37
2021-02-23 04:00	1678.1	1692.3	1550.4	1585.7	50
2021-02-23 08:00	1584.9	1597.8	1356.8	1449.2	63
2021-02-23 12:00	1449.1	1598.8	1424.2	1572.5	51
2021-02-23 16:00	1573.0	1605.8	1443.1	1443.1	54
2021-02-23 20:00	1443.5	1577.4	1431.5	1576.9	38
2021-02-24 00:00	1576.7	1639.5	1500.1	1636.7	42
2021-02-24 04:00	1636.6	1652.9	1608.5	1641.1	35
2021-02-24 08:00	1641.3	1712.1	1630.9	1676.5	32
2021-02-24 12:00	1676.0	1706.8	1590.5	1659.4	42
2021-02-24 16:00	1659.5	1674.8	1594.9	1597.8	31
2021-02-24 20:00	1597.8	1629.1	1553.5	1623.5	36
2021-02-25 00:00	1623.8	1656.4	1601.7	1603.8	30
2021-02-25 04:00	1603.7	1644.9	1586.9	1634.5	31
2021-02-25 08:00	1633.6	1637.9	1579.3	1622.1	29
2021-02-25 12:00	1622.0	1670.5	1611.3	1626.0	31
2021-02-25 16:00	1625.9	1634.9	1566.1	1584.3	35
2021-02-25 20:00	1584.0	1585.7	1457.0	1479.4	38
2021-02-26 00:00	1479.4	1512.1	1446.8	1490.1	43
2021-02-26 04:00	1490.0	1526.9	1399.5	1424.8	38
2021-02-26 08:00	1424.7	1492.5	1424.7	1480.1	34
2021-02-26 12:00	1480.4	1539.2	1456.3	1531.4	37
2021-02-26 16:00	1531.5	1560.8	1472.5	1476.4	27
2021-02-26 20:00	1475.8	1481.8	1409.7	1442.7	31
2021-02-27 00:00	1442.6	1514.2	1437.9	1489.1	23
2021-02-27 04:00	1489.6	1525.2	1479.8	1488.2	12
2021-02-27 08:00	1488.0	1489.7	1452.3	1467.3	26
2021-02-27 12:00	1467.7	1492.3	1444.5	1452.3	23
2021-02-27 16:00	1452.5	1513.9	1445.1	1511.6	23
2021-02-27 20:00	1511.5	1521.2	1424.6	1458.4	19
2021-02-28 00:00	1458.3	1467.8	1366.6	1368.6	18
2021-02-28 04:00	1368.8	1396.8	1314.5	1343.4	41
2021-02-28 08:00	1343.3	1382.2	1341.7	1369.7	24
2021-02-28 12:00	1369.8	1378.7	1293.0	1317.5	33
2021-02-28 16:00	1317.3	1395.9	1302.9	1390.8	27
2021-02-28 20:00	1390.8	1444.3	1384.6	1420.5	15
2021-03-01 00:00	1420.5	1457.0	1411.2	1435.5	24
2021-03-01 04:00	1435.5	1447.3	1419.7	1436.8	26
2021-03-01 08:00	1436.9	1530.8	1436.7	1525.2	24
2021-03-01 12:00	1525.4	1556.2	1510.2	1553.1	22
2021-03-01 16:00	1553.1	1563.9	1502.7	1511.6	18
2021-03-01 20:00	1511.6	1572.1	1505.7	1569.0	8
2021-03-02 00:00	1569.0	1603.8	1539.7	1554.7	11
2021-03-02 04:00	1554.7	1581.9	1530.4	1538.4	12
2021-03-02 08:00	1538.5	1572.5	1537.8	1567.5	13
2021-03-02 12:00	1567.7	1591.7	1549.0	1552.7	13
2021-03-02 16:00	1552.8	1561.8	1467.4	1478.2	17
2021-03-02 20:00	1478.1	1493.1	1454.8	1486.8	14
2021-03-03 00:00	1486.8	1526.7	1476.2	1521.9	8
2021-03-03 04:00	1521.9	1575.5	1520.9	1565.9	14
2021-03-03 08:00	1566.4	1613.1	1566.4	1605.7	20
2021-03-03 12:00	1605.5	1655.1	1581.5	1598.6	20
2021-03-03 16:00	1598.8	1633.3	1586.1	1604.9	17
2021-03-03 20:00	1605.2	1610.4	1563.6	1565.8	20
2021-03-04 00:00	1565.9	1623.3	1549.1	1554.2	10
2021-03-04 04:00	1554.4	1570.3	1533.0	1570.3	25
2021-03-04 08:00	1570.5	1587.4	1528.0	1560.8	18
2021-03-04 12:00	1560.8	1601.2	1544.7	1576.3	22
2021-03-04 16:00	1576.3	1598.5	1503.4	1524.1	15
2021-03-04 20:00	1524.2	1545.0	1503.7	1537.0	34
2021-03-05 00:00	1537.0	1538.8	1443.6	1480.9	25
2021-03-05 04:00	1480.9	1485.0	1459.6	1474.5	11
2021-03-05 08:00	1474.4	1479.5	1440.9	1479.0	20
2021-03-05 12:00	1478.9	1513.2	1459.6	1480.0	29
2021-03-05 16:00	1479.7	1535.7	1446.6	1532.7	28
2021-03-05 20:00	1532.9	1547.0	1523.0	1526.8	17
2021-03-06 00:00	1526.8	1546.8	1518.6	1529.1	19
2021-03-06 04:00	1529.5	1590.2	1518.8	1587.2	16
2021-03-06 08:00	1587.3	1594.2	1554.8	1561.6	28
2021-03-06 12:00	1561.5	1563.2	1511.7	1542.7	29
2021-03-06 16:00	1542.8	1625.0	1541.4	1619.0	33
2021-03-06 20:00	1619.0	1669.0	1618.9	1649.0	20
2021-03-07 00:00	1649.4	1684.6	1636.7	1648.0	23
2021-03-07 04:00	1648.3	1685.1	1645.7	1682.9	23
2021-03-07 08:00	1682.7	1693.9	1660.5	1676.5	23
2021-03-07 12:00	1676.5	1677.5	1629.6	1649.3	10
2021-03-07 16:00	1649.5	1676.7	1639.5	1656.7	11
2021-03-07 20:00	1656.7	1732.4	1632.0	1725.1	17
2021-03-08 00:00	1725.6	1750.6	1710.0	1722.7	23
2021-03-08 04:00	1722.6	1752.8	1682.0	1689.2	26
2021-03-08 08:00	1689.1	1726.1	1664.6	1721.9	33
2021-03-08 12:00	1721.5	1749.6	1704.3	1740.8	33
2021-03-08 16:00	1740.9	1777.9	1721.7	1772.2	23
2021-03-08 20:00	1772.5	1840.8	1763.3	1831.9	14
2021-03-09 00:00	1831.8	1856.6	1806.7	1847.5	18
2021-03-09 04:00	1847.8	1850.0	1808.9	1810.1	16
2021-03-09 08:00	1810.3	1838.4	1808.2	1826.1	14
2021-03-09 12:00	1826.1	1840.1	1799.0	1831.6	13
2021-03-09 16:00	1831.6	1844.9	1808.2	1827.5	8
2021-03-09 20:00	1827.5	1869.6	1817.1	1869.6	16
2021-03-10 00:00	1870.2	1878.0	1756.5	1775.4	21
2021-03-10 04:00	1775.1	1814.3	1766.4	1805.8	20
2021-03-10 08:00	1805.8	1837.3	1799.2	1812.9	21
2021-03-10 12:00	1812.8	1847.9	1808.5	1830.7	17
2021-03-10 16:00	1830.6	1867.1	1820.8	1837.0	23
2021-03-10 20:00	1836.8	1840.0	1761.1	1793.7	30
2021-03-11 00:00	1793.6	1805.7	1761.6	1799.8	13
2021-03-11 04:00	1800.0	1813.7	1764.2	1764.6	13
2021-03-11 08:00	1764.7	1780.5	1723.8	1778.7	15
2021-03-11 12:00	1778.7	1818.6	1766.9	1794.2	18
2021-03-11 16:00	1794.1	1816.7	1778.4	1791.5	17
2021-03-11 20:00	1792.2	1844.9	1789.3	1824.8	13
2021-03-12 00:00	1825.2	1839.9	1793.8	1815.8	10
2021-03-12 04:00	1815.8	1820.1	1785.0	1791.5	11
2021-03-12 08:00	1791.0	1801.9	1755.4	1772.1	13
2021-03-12 12:00	1772.1	1781.8	1720.0	1774.5	22
2021-03-12 16:00	1774.5	1782.7	1738.1	1738.5	22
2021-03-12 20:00	1738.5	1772.4	1723.6	1765.1	21
2021-03-13 00:00	1765.0	1765.8	1726.9	1757.2	25
2021-03-13 04:00	1757.2	1787.4	1746.8	1787.2	9
2021-03-13 08:00	1786.4	1886.0	1776.6	1868.7	23
2021-03-13 12:00	1868.8	1896.0	1855.3	1872.2	21
2021-03-13 16:00	1872.1	1925.5	1869.2	1925.1	16
2021-03-13 20:00	1925.6	1941.7	1893.5	1919.1	20
2021-03-14 00:00	1918.8	1929.1	1888.1	1907.9	18
2021-03-14 04:00	1907.2	1908.0	1877.6	1883.3	15
2021-03-14 08:00	1883.2	1913.4	1846.5	1876.7	15
2021-03-14 12:00	1876.8	1884.7	1845.4	1855.4	15
2021-03-14 16:00	1855.9	1876.1	1836.2	1868.8	8
2021-03-14 20:00	1868.7	1891.6	1845.8	1846.1	13
2021-03-15 00:00	1846.1	1887.9	1838.6	1882.1	14
2021-03-15 04:00	1882.3	1888.0	1772.5	1793.6	16
2021-03-15 08:00	1793.1	1808.3	1734.2	1768.0	18
2021-03-15 12:00	1768.0	1803.6	1743.9	1765.1	12
2021-03-15 16:00	1765.0	1793.1	1751.5	1785.2	17
2021-03-15 20:00	1785.4	1807.0	1777.7	1792.7	8
2021-03-16 00:00	1792.9	1802.3	1710.5	1746.1	16
2021-03-16 04:00	1746.0	1801.5	1734.6	1797.0	9
2021-03-16 08:00	1797.1	1817.6	1778.8	1789.3	16
2021-03-16 12:00	1789.5	1805.4	1762.8	1801.7	10
2021-03-16 16:00	1801.7	1811.5	1759.9	1782.8	14
2021-03-16 20:00	1782.8	1806.4	1780.0	1803.8	8
2021-03-17 00:00	1803.7	1810.7	1758.2	1765.5	8
2021-03-17 04:00	1765.5	1786.1	1762.9	1784.1	8
2021-03-17 08:00	1784.1	1793.1	1752.8	1757.5	8
2021-03-17 12:00	1757.7	1777.1	1741.5	1772.0	15
2021-03-17 16:00	1771.9	1838.0	1767.5	1826.3	18
2021-03-17 20:00	1826.3	1837.7	1808.4	1822.2	10
2021-03-18 00:00	1822.1	1847.7	1809.5	1832.7	8
2021-03-18 04:00	1832.9	1841.4	1808.3	1813.0	8
2021-03-18 08:00	1813.3	1819.4	1790.4	1797.8	25
2021-03-18 12:00	1797.7	1824.4	1780.7	1819.9	17
2021-03-18 16:00	1820.0	1829.7	1758.6	1766.6	27
2021-03-18 20:00	1766.6	1793.5	1759.6	1774.6	8
2021-03-19 00:00	1774.6	1784.3	1733.3	1778.9	12
2021-03-19 04:00	1779.0	1807.2	1771.9	1791.1	10
2021-03-19 08:00	1791.1	1819.1	1782.7	1816.9	22
2021-03-19 12:00	1817.0	1824.9	1798.0	1820.6	18
2021-03-19 16:00	1820.6	1827.5	1810.9	1825.9	8
2021-03-19 20:00	1825.8	1838.3	1802.5	1807.9	8
2021-03-20 00:00	1807.9	1834.1	1799.6	1831.3	8
2021-03-20 04:00	1831.4	1841.7	1816.4	1822.3	8
2021-03-20 08:00	1821.7	1843.5	1821.7	1840.5	8
2021-03-20 12:00	1840.5	1866.6	1834.0	1853.7	14
2021-03-20 16:00	1853.8	1857.1	1838.7	1846.4	8
2021-03-20 20:00	1846.6	1846.9	1801.2	1804.2	8
2021-03-21 00:00	1804.0	1815.2	1775.0	1785.9	11
2021-03-21 04:00	1785.9	1786.7	1766.4	1779.2	8
2021-03-21 08:00	1779.2	1784.8	1747.2	1771.1	8
2021-03-21 12:00	1771.1	1796.4	1758.0	1789.4	8
2021-03-21 16:00	1789.4	1798.0	1776.5	1796.1	8
2021-03-21 20:00	1796.2	1809.2	1776.4	1782.2	8
2021-03-22 00:00	1782.3	1785.5	1752.7	1782.3	8
2021-03-22 04:00	1782.3	1794.3	1777.4	1787.0	8
2021-03-22 08:00	1787.0	1805.6	1772.5	1794.3	8
2021-03-22 12:00	1794.3	1795.3	1766.4	1777.5	8
2021-03-22 16:00	1777.7	1782.1	1736.6	1737.6	8
2021-03-22 20:00	1737.6	1743.7	1655.8	1680.3	20
2021-03-23 00:00	1679.8	1712.0	1667.5	1701.0	15
2021-03-23 04:00	1701.1	1703.1	1650.4	1679.0	14
2021-03-23 08:00	1679.0	1695.2	1665.9	1685.1	8
2021-03-23 12:00	1685.1	1715.9	1685.1	1701.4	9
2021-03-23 16:00	1701.4	1719.9	1691.6	1704.3	13
2021-03-23 20:00	1704.1	1704.6	1656.6	1666.3	21
2021-03-24 00:00	1666.3	1683.0	1647.0	1677.2	15
2021-03-24 04:00	1677.2	1698.1	1658.2	1694.0	22
2021-03-24 08:00	1693.9	1716.8	1693.4	1713.4	11
2021-03-24 12:00	1713.4	1738.1	1710.4	1718.4	24
2021-03-24 16:00	1718.1	1723.0	1621.2	1633.4	15
2021-03-24 20:00	1633.4	1633.6	1544.0	1579.8	15
2021-03-25 00:00	1579.8	1594.7	1548.0	1570.3	12
2021-03-25 04:00	1570.3	1597.4	1562.0	1572.3	8
2021-03-25 08:00	1572.4	1620.1	1571.6	1591.3	12
2021-03-25 12:00	1591.3	1611.2	1553.0	1592.1	22
2021-03-25 16:00	1592.8	1616.2	1568.9	1603.2	33
2021-03-25 20:00	1603.0	1614.4	1577.7	1585.1	18
2021-03-26 00:00	1585.2	1627.6	1585.0	1617.3	23
2021-03-26 04:00	1617.4	1635.7	1608.8	1628.2	18
2021-03-26 08:00	1628.9	1637.2	1611.1	1615.5	25
2021-03-26 12:00	1615.5	1650.4	1611.2	1640.3	18
2021-03-26 16:00	1640.4	1668.0	1634.1	1664.0	8
2021-03-26 20:00	1664.0	1698.6	1661.2	1698.3	8
2021-03-27 00:00	1698.4	1717.3	1685.4	1692.2	8
2021-03-27 04:00	1692.4	1703.7	1682.6	1690.1	8
2021-03-27 08:00	1690.1	1700.0	1674.2	1679.8	8
2021-03-27 12:00	1679.8	1687.8	1664.6	1681.1	11
2021-03-27 16:00	1681.2	1709.8	1681.2	1703.4	18
2021-03-27 20:00	1703.6	1730.1	1701.3	1711.5	8
2021-03-28 00:00	1711.4	1715.7	1699.8	1709.3	8
2021-03-28 04:00	1709.3	1720.6	1707.1	1715.9	8
2021-03-28 08:00	1716.0	1723.8	1697.1	1700.8	11
2021-03-28 12:00	1700.9	1707.9	1681.0	1706.9	17
2021-03-28 16:00	1707.1	1711.9	1659.4	1672.7	16
2021-03-28 20:00	1672.7	1686.7	1661.9	1685.2	8
2021-03-29 00:00	1685.2	1698.5	1675.2	1694.0	8
2021-03-29 04:00	1694.2	1705.4	1683.1	1702.4	8
2021-03-29 08:00	1702.5	1772.8	1702.5	1761.6	13
2021-03-29 12:00	1761.7	1787.9	1759.2	1787.2	17
2021-03-29 16:00	1787.1	1839.1	1776.2	1813.5	18
2021-03-29 20:00	1813.6	1821.0	1797.3	1814.3	20
2021-03-30 00:00	1814.7	1824.9	1784.9	1793.5	13
2021-03-30 04:00	1793.5	1822.5	1785.6	1816.6	8
2021-03-30 08:00	1817.0	1848.6	1804.0	1847.8	13
2021-03-30 12:00	1848.4	1848.4	1825.0	1828.7	10
2021-03-30 16:00	1828.5	1857.0	1826.7	1857.0	11
2021-03-30 20:00	1857.0	1857.0	1832.9	1839.2	14
2021-03-31 00:00	1839.5	1861.4	1811.7	1821.4	13
2021-03-31 04:00	1821.4	1854.1	1801.5	1811.2	14
2021-03-31 08:00	1811.2	1814.4	1771.2	1806.6	23
2021-03-31 12:00	1806.7	1852.0	1796.2	1847.7	13
2021-03-31 16:00	1848.0	1914.1	1837.1	1897.9	14
2021-03-31 20:00	1898.3	1945.4	1893.1	1917.2	11
2021-04-01 00:00	1917.3	1943.0	1911.0	1921.1	13
2021-04-01 04:00	1921.2	1930.3	1902.6	1924.1	16
2021-04-01 08:00	1924.5	1964.5	1905.2	1917.5	18
2021-04-01 12:00	1917.6	1945.2	1911.4	1942.2	9
2021-04-01 16:00	1942.2	1979.9	1885.1	1971.4	19
2021-04-01 20:00	1971.4	1980.2	1949.3	1966.6	18
2021-04-02 00:00	1966.6	2005.7	1947.8	1992.9	17
2021-04-02 04:00	1993.0	2005.1	1979.3	1993.4	12
2021-04-02 08:00	1993.3	2004.9	1981.1	2004.9	14
2021-04-02 12:00	2004.9	2079.3	1984.9	2070.7	14
2021-04-02 16:00	2070.7	2079.5	2031.3	2060.6	13
2021-04-02 20:00	2060.7	2142.2	2060.2	2132.8	11
2021-04-03 00:00	2132.8	2137.0	2078.3	2091.1	8
2021-04-03 04:00	2091.1	2125.6	2085.7	2108.1	8
2021-04-03 08:00	2108.2	2126.5	2065.7	2095.1	16
2021-04-03 12:00	2095.1	2115.2	2067.9	2068.3	8
2021-04-03 16:00	2068.3	2093.4	2000.8	2093.3	20
2021-04-03 20:00	2092.6	2092.6	2006.9	2006.9	16
2021-04-04 00:00	2006.6	2023.1	1979.3	2014.7	18
2021-04-04 04:00	2014.4	2033.2	2001.5	2033.1	14
2021-04-04 08:00	2034.3	2062.1	2028.7	2043.1	8
2021-04-04 12:00	2043.1	2090.5	2032.8	2075.3	17
2021-04-04 16:00	2075.9	2083.9	2054.6	2059.5	8
2021-04-04 20:00	2059.5	2079.3	2048.9	2074.5	8
2021-04-05 00:00	2074.5	2083.1	2022.2	2027.5	8
2021-04-05 04:00	2027.3	2036.4	2002.2	2027.2	8
2021-04-05 08:00	2026.9	2054.3	2011.7	2054.3	9
2021-04-05 12:00	2054.6	2122.2	2052.4	2111.4	12
2021-04-05 16:00	2110.8	2120.4	2087.0	2103.0	8
2021-04-05 20:00	2103.3	2128.2	2083.0	2105.1	13
2021-04-06 00:00	2105.2	2148.4	2105.2	2112.2	8
2021-04-06 04:00	2112.0	2133.5	2088.7	2097.1	9
2021-04-06 08:00	2097.2	2127.1	2081.4	2111.4	11
2021-04-06 12:00	2111.2	2126.8	2044.7	2084.3	19
2021-04-06 16:00	2084.8	2127.8	2075.1	2112.4	27
2021-04-06 20:00	2112.5	2122.0	2085.4	2110.6	14
2021-04-07 00:00	2110.8	2127.0	2080.7	2103.2	10
2021-04-07 04:00	2103.3	2108.0	2066.3	2073.0	23
2021-04-07 08:00	2073.0	2073.0	1956.3	1975.6	16
2021-04-07 12:00	1975.6	2010.5	1930.4	1975.7	17
2021-04-07 16:00	1975.7	2005.7	1936.9	1979.5	27
2021-04-07 20:00	1979.6	2011.2	1958.1	1961.6	14
2021-04-08 00:00	1961.6	1996.1	1948.8	1994.6	10
2021-04-08 04:00	1994.9	2031.1	1993.4	2026.6	10
2021-04-08 08:00	2026.6	2032.9	1982.0	1995.3	8
2021-04-08 12:00	1995.3	2057.2	1991.5	2056.3	8
2021-04-08 16:00	2056.4	2075.6	2050.8	2055.6	8
2021-04-08 20:00	2056.0	2082.7	2043.1	2079.6	8
2021-04-09 00:00	2079.8	2095.6	2067.1	2071.0	18
2021-04-09 04:00	2070.9	2079.5	2058.5	2076.5	17
2021-04-09 08:00	2075.8	2098.0	2060.2	2081.5	16
2021-04-09 12:00	2081.6	2086.1	2052.6	2060.8	10
2021-04-09 16:00	2059.7	2081.1	2048.1	2074.7	20
2021-04-09 20:00	2075.0	2079.5	2054.5	2065.1	13
2021-04-10 00:00	2065.2	2146.4	2056.2	2140.7	10
2021-04-10 04:00	2141.1	2192.0	2141.1	2160.3	14
2021-04-10 08:00	2160.4	2173.7	2148.6	2156.6	8
2021-04-10 12:00	2156.8	2164.0	2129.4	2153.2	8
2021-04-10 16:00	2153.2	2163.8	2119.6	2126.9	9
2021-04-10 20:00	2126.9	2137.9	2080.7	2132.3	13
2021-04-11 00:00	2132.3	2154.1	2121.3	2142.3	9
2021-04-11 04:00	2142.5	2143.7	2111.3	2128.0	10
2021-04-11 08:00	2128.1	2157.4	2122.8	2144.2	8
2021-04-11 12:00	2144.3	2151.5	2120.6	2145.9	15
2021-04-11 16:00	2145.2	2161.7	2127.6	2140.2	9
2021-04-11 20:00	2140.2	2149.0	2121.7	2148.7	8
2021-04-12 00:00	2148.7	2158.7	2128.6	2146.5	8
2021-04-12 04:00	2146.5	2197.3	2140.7	2178.7	8
2021-04-12 08:00	2178.7	2187.8	2116.9	2147.7	11
2021-04-12 12:00	2147.8	2158.8	2116.5	2119.8	17
2021-04-12 16:00	2119.8	2142.2	2101.2	2138.6	9
2021-04-12 20:00	2138.7	2147.9	2134.1	2136.2	8
2021-04-13 00:00	2136.2	2172.5	2134.2	2160.2	11
2021-04-13 04:00	2159.8	2188.8	2149.4	2162.0	20
2021-04-13 08:00	2162.2	2228.5	2162.2	2228.5	12
2021-04-13 12:00	2228.5	2277.0	2216.5	2275.7	15
2021-04-13 16:00	2275.7	2314.8	2255.9	2296.0	21
2021-04-13 20:00	2296.4	2306.1	2266.4	2298.3	18
2021-04-14 00:00	2298.1	2348.7	2281.1	2346.0	23
2021-04-14 04:00	2346.1	2400.1	2340.8	2372.2	9
2021-04-14 08:00	2372.0	2391.6	2311.1	2388.7	14
2021-04-14 12:00	2388.9	2392.6	2295.1	2347.3	21
2021-04-14 16:00	2347.3	2384.4	2301.5	2332.2	20
2021-04-14 20:00	2332.6	2444.2	2320.8	2430.4	18
2021-04-15 00:00	2430.6	2475.7	2400.5	2473.6	18
2021-04-15 04:00	2474.0	2477.2	2444.9	2468.7	24
2021-04-15 08:00	2468.6	2483.8	2403.8	2428.2	12
2021-04-15 12:00	2427.7	2479.6	2422.6	2462.7	11
2021-04-15 16:00	2462.8	2492.3	2434.7	2481.3	12
2021-04-15 20:00	2481.4	2544.1	2480.3	2515.5	10
2021-04-16 00:00	2515.7	2546.7	2477.4	2497.2	20
2021-04-16 04:00	2497.9	2499.3	2375.6	2425.2	29
2021-04-16 08:00	2426.1	2450.2	2329.8	2382.9	20
2021-04-16 12:00	2382.9	2440.4	2303.4	2434.5	27
2021-04-16 16:00	2434.5	2442.3	2405.2	2433.0	19
2021-04-16 20:00	2433.0	2463.9	2419.4	2424.1	9
2021-04-17 00:00	2424.2	2493.6	2424.2	2487.0	9
2021-04-17 04:00	2487.5	2495.3	2453.3	2462.1	8
2021-04-17 08:00	2462.1	2474.7	2392.8	2408.9	17
2021-04-17 12:00	2408.9	2418.3	2331.5	2344.1	8
2021-04-17 16:00	2344.1	2385.0	2315.7	2377.6	13
2021-04-17 20:00	2377.6	2394.1	2314.5	2316.7	17
2021-04-18 00:00	2317.2	2338.5	2001.7	2179.0	19
2021-04-18 04:00	2180.7	2232.6	2142.2	2212.3	18
2021-04-18 08:00	2211.6	2224.8	2041.0	2051.8	19
2021-04-18 12:00	2052.0	2152.1	2050.0	2147.0	21
2021-04-18 16:00	2146.5	2196.2	2136.8	2191.2	15
2021-04-18 20:00	2191.5	2252.2	2190.6	2239.5	18
2021-04-19 00:00	2239.3	2280.7	2203.0	2269.5	21
2021-04-19 04:00	2268.8	2276.2	2234.8	2271.2	18
2021-04-19 08:00	2271.5	2276.5	2199.9	2247.9	14
2021-04-19 12:00	2247.9	2253.9	2080.0	2094.9	20
2021-04-19 16:00	2095.1	2190.4	2084.0	2189.2	17
2021-04-19 20:00	2189.5	2221.3	2153.5	2161.3	17
2021-04-20 00:00	2161.4	2176.9	2053.3	2108.1	24
2021-04-20 04:00	2108.1	2147.4	2057.0	2093.4	15
2021-04-20 08:00	2091.6	2199.8	2088.2	2195.2	14
2021-04-20 12:00	2195.3	2231.3	2142.5	2186.5	15
2021-04-20 16:00	2186.5	2326.5	2173.9	2326.0	21
2021-04-20 20:00	2326.0	2347.1	2297.1	2331.1	16
2021-04-21 00:00	2330.8	2362.2	2281.8	2284.9	24
2021-04-21 04:00	2285.6	2329.9	2275.9	2293.3	13
2021-04-21 08:00	2293.4	2311.7	2236.6	2265.9	19
2021-04-21 12:00	2265.9	2448.5	2258.1	2442.2	20
2021-04-21 16:00	2443.0	2468.0	2397.0	2436.7	13
2021-04-21 20:00	2436.5	2437.2	2336.2	2356.0	9
2021-04-22 00:00	2356.0	2449.3	2314.5	2387.2	17
2021-04-22 04:00	2387.7	2494.2	2385.5	2472.0	14
2021-04-22 08:00	2472.6	2571.5	2412.3	2542.7	15
2021-04-22 12:00	2542.7	2611.1	2541.4	2609.3	10
2021-04-22 16:00	2609.5	2642.6	2469.4	2534.0	17
2021-04-22 20:00	2533.7	2533.9	2305.2	2399.5	20
2021-04-23 00:00	2399.5	2440.2	2115.6	2281.3	29
2021-04-23 04:00	2281.0	2285.5	2120.3	2134.5	34
2021-04-23 08:00	2133.5	2315.9	2106.3	2294.4	21
2021-04-23 12:00	2293.9	2338.0	2195.6	2332.4	25
2021-04-23 16:00	2332.5	2367.9	2283.0	2366.6	21
2021-04-23 20:00	2366.6	2379.4	2303.2	2368.0	8
2021-04-24 00:00	2367.6	2369.1	2229.0	2297.3	10
2021-04-24 04:00	2297.4	2327.2	2264.1	2275.4	8
2021-04-24 08:00	2274.4	2302.1	2158.6	2181.1	14
2021-04-24 12:00	2180.0	2262.7	2165.1	2250.3	16
2021-04-24 16:00	2250.4	2288.9	2213.4	2271.5	16
2021-04-24 20:00	2272.1	2297.7	2204.6	2214.0	11
2021-04-25 00:00	2214.4	2250.5	2183.2	2187.9	14
2021-04-25 04:00	2187.3	2207.8	2165.8	2194.5	11
2021-04-25 08:00	2194.6	2292.9	2184.4	2286.8	12
2021-04-25 12:00	2286.8	2355.9	2280.7	2342.2	11
2021-04-25 16:00	2341.8	2353.9	2266.5	2268.6	15
2021-04-25 20:00	2268.6	2320.6	2170.3	2320.5	20
2021-04-26 00:00	2320.6	2471.2	2305.0	2453.7	22
2021-04-26 04:00	2454.1	2489.5	2430.7	2451.6	20
2021-04-26 08:00	2451.7	2526.8	2423.5	2520.1	19
2021-04-26 12:00	2519.3	2524.6	2473.6	2508.9	23
2021-04-26 16:00	2509.6	2530.7	2453.8	2490.1	24
2021-04-26 20:00	2490.9	2540.2	2428.6	2532.9	19
2021-04-27 00:00	2532.6	2546.8	2482.8	2494.6	17
2021-04-27 04:00	2494.4	2565.8	2491.5	2546.0	17
2021-04-27 08:00	2546.6	2578.1	2533.3	2574.3	16
2021-04-27 12:00	2574.7	2671.4	2535.3	2664.9	23
2021-04-27 16:00	2664.5	2679.4	2603.9	2623.9	20
2021-04-27 20:00	2623.8	2666.7	2610.4	2666.7	15
2021-04-28 00:00	2666.4	2716.4	2628.7	2629.1	21
2021-04-28 04:00	2629.0	2651.8	2560.0	2613.4	22
2021-04-28 08:00	2613.2	2707.0	2580.0	2691.4	15
2021-04-28 12:00	2691.5	2731.9	2659.9	2681.6	18
2021-04-28 16:00	2681.8	2744.6	2669.8	2739.1	17
2021-04-28 20:00	2739.0	2758.0	2669.9	2747.9	17
2021-04-29 00:00	2748.4	2755.8	2685.1	2695.7	16
2021-04-29 04:00	2695.6	2737.1	2671.0	2730.4	14
2021-04-29 08:00	2730.6	2774.0	2706.2	2764.2	11
2021-04-29 12:00	2764.1	2797.9	2744.4	2779.9	15
2021-04-29 16:00	2779.2	2786.7	2698.9	2725.9	14
2021-04-29 20:00	2726.0	2771.9	2681.9	2756.7	13
2021-04-30 00:00	2756.9	2767.9	2727.5	2744.6	15
2021-04-30 04:00	2744.6	2791.7	2742.8	2774.5	14
2021-04-30 08:00	2774.4	2797.7	2731.7	2739.1	12
2021-04-30 12:00	2739.0	2767.1	2725.7	2737.8	16
2021-04-30 16:00	2737.3	2786.4	2733.6	2784.7	11
2021-04-30 20:00	2785.0	2785.4	2740.2	2774.5	8
2021-05-01 00:00	2774.4	2847.7	2755.5	2840.9	8
2021-05-01 04:00	2840.8	2869.0	2834.4	2859.0	8
2021-05-01 08:00	2858.8	2866.8	2809.5	2858.3	8
2021-05-01 12:00	2858.4	2881.8	2840.7	2866.0	8
2021-05-01 16:00	2867.2	2943.1	2867.2	2926.0	9
2021-05-01 20:00	2925.9	2953.1	2913.2	2946.9	8
2021-05-02 00:00	2947.0	2954.2	2898.5	2903.1	8
2021-05-02 04:00	2902.2	2928.2	2873.6	2892.6	8
2021-05-02 08:00	2892.8	2935.5	2854.6	2935.5	8
2021-05-02 12:00	2935.0	2937.1	2903.8	2929.2	8
2021-05-02 16:00	2929.3	2976.2	2921.9	2963.8	8
2021-05-02 20:00	2964.2	2983.9	2928.7	2950.2	10
2021-05-03 00:00	2950.4	3057.5	2950.4	3053.1	9
2021-05-03 04:00	3053.2	3146.1	3035.7	3145.4	8
2021-05-03 08:00	3145.1	3199.4	3126.8	3151.5	10
2021-05-03 12:00	3152.2	3193.3	3086.1	3164.7	15
2021-05-03 16:00	3165.4	3338.8	3151.3	3302.0	18
2021-05-03 20:00	3302.2	3454.1	3251.1	3429.4	22
2021-05-04 00:00	3429.8	3450.0	3182.2	3232.4	27
2021-05-04 04:00	3231.5	3404.1	3218.7	3313.1	18
2021-05-04 08:00	3313.0	3485.9	3278.3	3481.5	18
2021-05-04 12:00	3481.8	3527.0	3228.3	3229.6	33
2021-05-04 16:00	3229.5	3413.6	3168.1	3413.6	29
2021-05-04 20:00	3413.5	3429.1	3217.2	3239.1	28
2021-05-05 00:00	3239.0	3379.3	3210.1	3295.8	20
2021-05-05 04:00	3296.2	3354.9	3226.5	3340.4	21
2021-05-05 08:00	3340.0	3408.0	3319.1	3353.8	18
2021-05-05 12:00	3353.7	3388.5	3287.2	3307.2	21
2021-05-05 16:00	3307.4	3483.8	3281.7	3483.3	18
2021-05-05 20:00	3483.1	3549.6	3422.4	3525.8	14
2021-05-06 00:00	3526.2	3541.0	3442.2	3471.8	22
2021-05-06 04:00	3471.6	3502.4	3381.1	3441.5	24
2021-05-06 08:00	3441.9	3528.0	3421.8	3523.1	17
2021-05-06 12:00	3525.3	3581.1	3463.9	3553.1	22
2021-05-06 16:00	3552.9	3606.6	3400.0	3484.0	28
2021-05-06 20:00	3483.2	3541.1	3434.7	3490.5	18
2021-05-07 00:00	3490.6	3534.4	3401.1	3425.1	19
2021-05-07 04:00	3425.1	3478.0	3356.8	3435.2	28
2021-05-07 08:00	3435.2	3475.7	3409.1	3445.0	19
2021-05-07 12:00	3444.8	3575.9	3425.9	3565.2	29
2021-05-07 16:00	3565.4	3590.8	3501.2	3516.7	27
2021-05-07 20:00	3515.7	3527.3	3429.5	3482.7	9
2021-05-08 00:00	3482.7	3556.4	3453.0	3535.9	8
2021-05-08 04:00	3536.2	3582.2	3509.2	3528.9	8
2021-05-08 08:00	3528.5	3584.8	3528.1	3544.3	9
2021-05-08 12:00	3544.6	3681.3	3531.3	3636.6	10
2021-05-08 16:00	3636.4	3849.3	3636.1	3814.7	12
2021-05-08 20:00	3815.7	3956.6	3804.8	3914.3	15
2021-05-09 00:00	3914.9	3958.6	3820.9	3873.7	14
2021-05-09 04:00	3873.8	3982.4	3825.8	3940.4	16
2021-05-09 08:00	3939.9	3966.6	3852.9	3855.2	13
2021-05-09 12:00	3853.8	3881.6	3730.6	3880.0	15
2021-05-09 16:00	3880.2	3962.9	3849.1	3867.9	16
2021-05-09 20:00	3867.8	3944.5	3858.9	3925.8	20
2021-05-10 00:00	3926.0	4072.8	3890.1	4056.5	21
2021-05-10 04:00	4056.6	4142.2	4032.2	4107.1	27
2021-05-10 08:00	4107.3	4171.6	3988.4	4073.5	31
2021-05-10 12:00	4071.5	4172.6	4031.0	4159.2	47
2021-05-10 16:00	4161.6	4211.1	3977.6	3988.3	30
2021-05-10 20:00	3986.7	4062.8	3676.4	3947.7	34
2021-05-11 00:00	3947.5	4030.4	3776.1	3855.1	31
2021-05-11 04:00	3855.0	3968.7	3834.7	3964.7	30
2021-05-11 08:00	3964.9	4083.9	3906.1	3973.9	34
2021-05-11 12:00	3973.6	4036.2	3898.4	4024.2	34
2021-05-11 16:00	4024.4	4100.1	3992.9	4074.1	36
2021-05-11 20:00	4071.4	4182.6	4049.0	4175.9	36
2021-05-12 00:00	4175.5	4354.4	4152.5	4335.0	34
2021-05-12 04:00	4334.9	4369.5	4279.1	4309.9	28
2021-05-12 08:00	4309.3	4321.4	4223.5	4279.5	41
2021-05-12 12:00	4278.1	4378.7	4148.6	4190.7	49
2021-05-12 16:00	4191.4	4214.2	3936.2	4088.3	38
2021-05-12 20:00	4088.2	4239.8	3742.9	3822.6	32
2021-05-13 00:00	3821.8	4037.1	3552.9	3943.8	39
2021-05-13 04:00	3945.6	4027.0	3890.0	3969.4	33
2021-05-13 08:00	3969.2	3988.1	3597.9	3744.2	30
2021-05-13 12:00	3745.0	3900.7	3702.3	3752.1	26
2021-05-13 16:00	3751.2	3872.9	3544.5	3648.0	32
2021-05-13 20:00	3648.3	3781.6	3608.8	3717.1	24
2021-05-14 00:00	3716.9	3899.3	3693.0	3793.0	34
2021-05-14 04:00	3793.1	3890.1	3759.8	3883.7	31
2021-05-14 08:00	3884.6	4032.5	3862.0	4007.2	29
2021-05-14 12:00	4006.9	4169.0	3958.6	4136.5	42
2021-05-14 16:00	4139.2	4175.6	4045.6	4047.3	27
2021-05-14 20:00	4047.4	4106.6	3973.1	4078.7	15
2021-05-15 00:00	4078.6	4132.0	4014.7	4026.2	14
2021-05-15 04:00	4025.9	4060.6	3895.1	3909.3	10
2021-05-15 08:00	3909.4	3958.6	3801.5	3902.3	18
2021-05-15 12:00	3902.4	3935.7	3829.8	3876.6	16
2021-05-15 16:00	3876.5	3878.0	3656.6	3747.3	25
2021-05-15 20:00	3749.3	3830.2	3631.5	3646.5	17
2021-05-16 00:00	3647.1	3850.9	3624.8	3825.3	17
2021-05-16 04:00	3824.1	3877.2	3773.5	3863.6	16
2021-05-16 08:00	3863.0	3864.4	3788.2	3790.2	11
2021-05-16 12:00	3790.3	3801.9	3633.2	3633.2	15
2021-05-16 16:00	3633.4	3669.7	3348.0	3416.8	23
2021-05-16 20:00	3414.6	3587.6	3347.0	3582.0	24
2021-05-17 00:00	3582.3	3586.5	3212.5	3237.8	29
2021-05-17 04:00	3237.8	3529.3	3122.0	3524.0	33
2021-05-17 08:00	3524.0	3576.3	3430.9	3516.5	33
2021-05-17 12:00	3516.5	3544.1	3266.7	3284.6	25
2021-05-17 16:00	3284.3	3403.3	3118.9	3378.8	39
2021-05-17 20:00	3378.9	3453.4	3194.8	3281.1	32
2021-05-18 00:00	3280.9	3417.2	3240.3	3386.2	24
2021-05-18 04:00	3386.1	3561.8	3382.1	3508.0	32
2021-05-18 08:00	3507.9	3564.5	3435.5	3535.8	28
2021-05-18 12:00	3536.4	3542.5	3259.5	3350.6	40
2021-05-18 16:00	3350.0	3438.8	3314.3	3404.4	29
2021-05-18 20:00	3404.0	3464.7	3324.0	3376.2	23
2021-05-19 00:00	3376.7	3440.5	3056.3	3095.2	32
2021-05-19 04:00	3096.1	3129.6	2855.6	2984.7	33
2021-05-19 08:00	2984.3	3004.2	2442.6	2720.4	27
2021-05-19 12:00	2718.6	2780.7	1890.6	2755.9	38
2021-05-19 16:00	2755.2	2932.2	2560.5	2604.7	44
2021-05-19 20:00	2605.3	2718.3	2432.7	2438.0	38
2021-05-20 00:00	2439.2	2546.6	2158.8	2476.0	37
2021-05-20 04:00	2476.0	2780.6	2459.0	2717.6	30
2021-05-20 08:00	2717.1	2758.6	2575.0	2757.3	24
2021-05-20 12:00	2757.8	2995.7	2714.5	2905.7	44
2021-05-20 16:00	2906.8	2909.2	2585.7	2792.5	42
2021-05-20 20:00	2791.9	2859.0	2723.6	2772.8	32
2021-05-21 00:00	2772.6	2940.1	2767.3	2796.0	25
2021-05-21 04:00	2796.2	2808.4	2681.1	2687.0	30
2021-05-21 08:00	2687.6	2783.8	2627.4	2713.3	34
2021-05-21 12:00	2713.1	2761.3	2387.7	2419.9	40
2021-05-21 16:00	2423.2	2518.6	2311.5	2351.9	38
2021-05-21 20:00	2347.9	2436.3	2105.8	2433.5	18
2021-05-22 00:00	2432.7	2483.8	2306.8	2328.6	14
2021-05-22 04:00	2328.8	2347.9	2156.0	2248.6	11
2021-05-22 08:00	2248.1	2474.6	2248.0	2415.8	15
2021-05-22 12:00	2415.9	2482.4	2293.5	2369.5	21
2021-05-22 16:00	2368.8	2393.5	2253.8	2256.4	17
2021-05-22 20:00	2256.4	2383.1	2256.4	2294.2	15
2021-05-23 00:00	2295.2	2380.2	2254.5	2318.4	14
2021-05-23 04:00	2318.2	2318.2	2129.6	2156.1	16
2021-05-23 08:00	2156.2	2174.1	1998.0	2117.0	20
2021-05-23 12:00	2116.6	2136.7	1869.6	1923.4	25
2021-05-23 16:00	1923.5	1996.7	1730.6	1968.3	27
2021-05-23 20:00	1968.8	2150.5	1968.6	2097.4	18
2021-05-24 00:00	2097.7	2197.1	2082.4	2141.9	18
2021-05-24 04:00	2142.1	2297.9	2083.5	2291.3	19
2021-05-24 08:00	2292.5	2376.4	2225.8	2370.1	28
2021-05-24 12:00	2369.5	2528.3	2342.7	2510.0	24
2021-05-24 16:00	2510.3	2658.7	2419.2	2649.6	25
2021-05-24 20:00	2649.6	2672.9	2532.6	2648.4	20
2021-05-25 00:00	2648.5	2751.2	2538.2	2585.5	25
2021-05-25 04:00	2584.5	2682.4	2524.4	2662.0	27
2021-05-25 08:00	2662.8	2673.7	2385.1	2393.6	30
2021-05-25 12:00	2393.7	2652.6	2385.8	2609.8	42
2021-05-25 16:00	2610.5	2621.5	2492.7	2513.7	36
2021-05-25 20:00	2514.3	2734.7	2509.3	2705.4	27
2021-05-26 00:00	2706.4	2846.2	2646.6	2842.1	31
2021-05-26 04:00	2842.4	2897.9	2777.2	2893.2	24
2021-05-26 08:00	2893.1	2911.1	2779.9	2834.9	26
2021-05-26 12:00	2835.4	2868.8	2690.9	2746.4	23
2021-05-26 16:00	2745.4	2792.4	2669.0	2741.9	17
2021-05-26 20:00	2741.7	2888.9	2725.0	2888.0	18
2021-05-27 00:00	2887.6	2889.2	2639.1	2679.9	28
2021-05-27 04:00	2679.8	2760.2	2651.8	2736.9	22
2021-05-27 08:00	2737.0	2840.6	2690.0	2830.0	17
2021-05-27 12:00	2830.2	2868.6	2778.8	2804.3	16
2021-05-27 16:00	2804.6	2814.5	2738.4	2759.2	17
2021-05-27 20:00	2759.0	2794.1	2702.8	2741.7	19
2021-05-28 00:00	2742.1	2760.7	2671.2	2717.1	23
2021-05-28 04:00	2716.9	2716.9	2516.6	2566.5	30
2021-05-28 08:00	2566.3	2582.5	2420.7	2437.3	28
2021-05-28 12:00	2436.7	2619.1	2423.0	2558.9	28
2021-05-28 16:00	2559.0	2573.0	2461.2	2496.7	23
2021-05-28 20:00	2497.0	2522.9	2329.5	2410.6	15
2021-05-29 00:00	2410.7	2546.2	2395.0	2525.1	11
2021-05-29 04:00	2524.9	2572.9	2464.0	2488.6	9
2021-05-29 08:00	2488.8	2495.6	2378.8	2451.1	14
2021-05-29 12:00	2451.0	2451.5	2287.9	2326.0	14
2021-05-29 16:00	2327.1	2386.0	2219.1	2246.2	16
2021-05-29 20:00	2246.3	2321.2	2207.0	2277.0	15
2021-05-30 00:00	2277.8	2308.8	2182.7	2294.6	25
2021-05-30 04:00	2294.5	2462.2	2274.6	2452.2	33
2021-05-30 08:00	2453.1	2475.2	2389.8	2459.8	23
2021-05-30 12:00	2460.8	2466.8	2339.9	2382.3	18
2021-05-30 16:00	2382.5	2464.5	2364.6	2441.1	20
2021-05-30 20:00	2441.0	2459.2	2379.1	2385.7	13
2021-05-31 00:00	2385.6	2412.8	2274.6	2303.0	22
2021-05-31 04:00	2302.7	2454.9	2283.5	2449.6	25
2021-05-31 08:00	2449.8	2583.7	2426.2	2552.1	17
2021-05-31 12:00	2552.2	2642.0	2509.7	2637.0	16
2021-05-31 16:00	2637.5	2675.5	2575.1	2625.4	17
2021-05-31 20:00	2625.6	2717.7	2592.2	2704.8	15
2021-06-01 00:00	2704.2	2738.9	2613.2	2627.4	15
2021-06-01 04:00	2629.2	2714.2	2614.8	2651.5	14
2021-06-01 08:00	2651.6	2669.5	2547.6	2622.8	15
2021-06-01 12:00	2622.8	2661.0	2528.0	2566.9	17
2021-06-01 16:00	2567.2	2585.0	2527.5	2540.1	13
2021-06-01 20:00	2540.9	2646.8	2535.2	2631.8	11
2021-06-02 00:00	2631.9	2646.9	2551.5	2614.5	12
2021-06-02 04:00	2613.8	2706.3	2606.3	2690.4	8
2021-06-02 08:00	2690.9	2717.7	2660.2	2692.6	10
2021-06-02 12:00	2692.8	2796.8	2680.3	2787.9	15
2021-06-02 16:00	2788.3	2799.1	2739.8	2755.6	10
2021-06-02 20:00	2755.7	2761.6	2672.6	2704.5	9
2021-06-03 00:00	2705.1	2726.4	2661.1	2723.8	10
2021-06-03 04:00	2723.8	2847.0	2722.3	2819.2	12
2021-06-03 08:00	2819.1	2888.0	2799.4	2804.2	13
2021-06-03 12:00	2804.9	2844.7	2763.2	2789.1	15
2021-06-03 16:00	2788.5	2847.9	2779.1	2792.5	11
2021-06-03 20:00	2792.2	2870.9	2788.7	2853.8	8
2021-06-04 00:00	2855.7	2857.8	2683.5	2753.4	17
2021-06-04 04:00	2753.0	2763.3	2587.7	2617.7	17
2021-06-04 08:00	2617.9	2664.7	2589.4	2623.0	14
2021-06-04 12:00	2622.9	2672.7	2552.0	2659.8	16
2021-06-04 16:00	2659.5	2712.0	2651.4	2682.2	13
2021-06-04 20:00	2682.1	2738.8	2650.7	2688.1	10
2021-06-05 00:00	2688.6	2780.2	2674.5	2762.1	9
2021-06-05 04:00	2762.5	2811.6	2754.8	2780.5	8
2021-06-05 08:00	2780.5	2815.3	2624.8	2640.0	15
2021-06-05 12:00	2640.1	2661.5	2581.3	2653.0	13
2021-06-05 16:00	2653.6	2653.6	2599.5	2601.8	9
2021-06-05 20:00	2601.7	2644.8	2553.6	2627.3	11
2021-06-06 00:00	2627.4	2691.9	2613.5	2674.9	8
2021-06-06 04:00	2674.5	2708.7	2650.4	2688.1	8
2021-06-06 08:00	2688.0	2744.4	2688.0	2689.4	8
2021-06-06 12:00	2690.0	2730.6	2654.8	2719.3	8
2021-06-06 16:00	2719.2	2734.9	2670.8	2672.7	8
2021-06-06 20:00	2672.9	2717.1	2666.5	2709.9	8
2021-06-07 00:00	2709.8	2796.1	2690.9	2765.0	10
2021-06-07 04:00	2765.2	2795.8	2736.1	2764.3	13
2021-06-07 08:00	2764.2	2836.3	2744.9	2811.4	10
2021-06-07 12:00	2812.0	2845.4	2751.7	2781.3	12
2021-06-07 16:00	2781.4	2787.7	2674.5	2731.0	14
2021-06-07 20:00	2730.6	2739.1	2572.4	2591.1	19
2021-06-08 00:00	2590.9	2620.0	2430.6	2490.2	21
2021-06-08 04:00	2490.3	2531.1	2438.7	2514.1	18
2021-06-08 08:00	2514.8	2556.9	2474.9	2533.4	17
2021-06-08 12:00	2533.1	2539.6	2308.8	2375.0	18
2021-06-08 16:00	2374.5	2511.4	2358.6	2503.0	21
2021-06-08 20:00	2501.6	2549.8	2485.0	2507.2	15
2021-06-09 00:00	2507.3	2522.9	2413.7	2455.5	14
2021-06-09 04:00	2455.0	2541.9	2407.0	2502.3	15
2021-06-09 08:00	2502.4	2545.5	2470.2	2536.3	16
2021-06-09 12:00	2536.3	2579.7	2449.4	2566.1	21
2021-06-09 16:00	2566.3	2624.4	2549.1	2561.4	28
2021-06-09 20:00	2561.5	2621.9	2549.9	2609.1	12
2021-06-10 00:00	2609.2	2623.0	2561.0	2562.0	9
2021-06-10 04:00	2562.1	2575.2	2520.6	2546.9	8
2021-06-10 08:00	2546.7	2602.5	2493.9	2566.0	16
2021-06-10 12:00	2565.8	2569.9	2497.7	2511.1	17
2021-06-10 16:00	2511.3	2520.1	2448.6	2458.4	11
2021-06-10 20:00	2458.5	2494.1	2426.3	2469.4	9
2021-06-11 00:00	2469.6	2495.9	2402.5	2464.5	12
2021-06-11 04:00	2464.2	2487.9	2414.8	2444.8	8
2021-06-11 08:00	2442.5	2484.5	2439.9	2469.8	8
2021-06-11 12:00	2470.0	2478.8	2410.0	2415.9	8
2021-06-11 16:00	2415.9	2426.9	2367.3	2397.2	10
2021-06-11 20:00	2397.4	2408.8	2320.5	2352.7	8
2021-06-12 00:00	2352.6	2363.3	2258.0	2299.5	8
2021-06-12 04:00	2299.4	2324.6	2274.6	2321.4	8
2021-06-12 08:00	2321.5	2397.0	2301.0	2388.3	10
2021-06-12 12:00	2389.3	2451.0	2382.6	2391.9	9
2021-06-12 16:00	2391.8	2426.3	2380.6	2408.6	8
2021-06-12 20:00	2408.3	2420.4	2364.3	2369.1	8
2021-06-13 00:00	2369.3	2418.4	2321.6	2332.2	9
2021-06-13 04:00	2332.4	2345.4	2308.7	2322.9	8
2021-06-13 08:00	2322.8	2376.5	2319.0	2362.2	8
2021-06-13 12:00	2362.1	2380.2	2328.6	2350.1	8
2021-06-13 16:00	2349.9	2445.0	2342.8	2429.6	8
2021-06-13 20:00	2430.7	2547.3	2426.1	2507.8	10
2021-06-14 00:00	2508.0	2522.8	2467.4	2475.9	10
2021-06-14 04:00	2476.0	2508.8	2468.3	2499.3	8
2021-06-14 08:00	2498.8	2500.4	2461.6	2477.3	8
2021-06-14 12:00	2477.2	2580.0	2470.2	2575.0	18
2021-06-14 16:00	2575.0	2607.0	2518.6	2537.2	16
2021-06-14 20:00	2537.3	2583.3	2532.3	2579.6	12
2021-06-15 00:00	2579.9	2623.2	2565.3	2586.5	13
2021-06-15 04:00	2586.9	2638.7	2581.6	2621.3	14
2021-06-15 08:00	2621.5	2623.4	2562.8	2576.2	13
2021-06-15 12:00	2576.0	2603.2	2528.2	2549.2	8
2021-06-15 16:00	2549.0	2610.9	2524.7	2529.8	15
2021-06-15 20:00	2529.9	2564.5	2508.3	2541.3	11
2021-06-16 00:00	2541.6	2541.6	2499.9	2520.5	9
2021-06-16 04:00	2520.4	2553.2	2511.5	2526.6	11
2021-06-16 08:00	2526.8	2540.4	2456.2	2459.0	10
2021-06-16 12:00	2458.9	2466.3	2407.0	2415.2	8
2021-06-16 16:00	2415.0	2454.2	2379.6	2416.3	10
2021-06-16 20:00	2416.2	2421.5	2350.1	2366.3	8
2021-06-17 00:00	2365.8	2437.4	2357.5	2431.0	8
2021-06-17 04:00	2431.5	2457.3	2411.5	2440.2	8
2021-06-17 08:00	2440.1	2452.9	2420.9	2422.5	8
2021-06-17 12:00	2422.8	2424.1	2365.4	2415.5	8
2021-06-17 16:00	2416.0	2421.9	2304.4	2338.4	9
2021-06-17 20:00	2337.6	2377.2	2318.1	2370.8	8
2021-06-18 00:00	2371.3	2375.8	2310.7	2340.1	8
2021-06-18 04:00	2340.2	2366.7	2322.5	2339.9	8
2021-06-18 08:00	2339.8	2355.8	2278.6	2317.6	8
2021-06-18 12:00	2317.7	2323.1	2211.2	2213.8	10
2021-06-18 16:00	2213.7	2243.7	2137.5	2152.5	10
2021-06-18 20:00	2152.3	2234.2	2150.0	2231.4	8
2021-06-19 00:00	2231.9	2254.1	2169.8	2187.2	8
2021-06-19 04:00	2187.7	2247.4	2179.3	2243.7	8
2021-06-19 08:00	2244.0	2255.4	2217.8	2240.0	8
2021-06-19 12:00	2239.9	2275.6	2219.8	2243.9	10
2021-06-19 16:00	2244.1	2248.8	2188.2	2219.8	9
2021-06-19 20:00	2219.5	2226.5	2161.2	2164.7	8
2021-06-20 00:00	2164.2	2191.2	2142.1	2181.3	8
2021-06-20 04:00	2181.2	2217.7	2178.8	2201.5	8
2021-06-20 08:00	2201.5	2207.7	2060.5	2074.3	8
2021-06-20 12:00	2074.0	2125.5	2042.3	2109.7	9
2021-06-20 16:00	2109.7	2234.9	2101.4	2219.2	9
2021-06-20 20:00	2219.3	2273.9	2214.2	2240.8	9
2021-06-21 00:00	2241.0	2257.5	2153.1	2155.0	8
2021-06-21 04:00	2155.3	2159.6	1975.9	2011.0	13
2021-06-21 08:00	2011.1	2050.0	1890.8	1968.8	14
2021-06-21 12:00	1968.9	2021.0	1915.0	1981.6	11
2021-06-21 16:00	1981.9	1996.8	1910.3	1943.2	11
2021-06-21 20:00	1943.0	1954.6	1864.1	1884.2	10
2021-06-22 00:00	1884.2	1994.2	1858.4	1974.7	12
2021-06-22 04:00	1975.2	1979.4	1926.6	1940.6	8
2021-06-22 08:00	1941.7	1943.0	1855.3	1863.1	12
2021-06-22 12:00	1863.0	1887.4	1699.4	1859.3	18
2021-06-22 16:00	1859.5	1951.8	1852.2	1895.0	16
2021-06-22 20:00	1894.4	1933.1	1847.5	1878.1	10
2021-06-23 00:00	1879.1	2031.6	1821.8	2011.6	14
2021-06-23 04:00	2011.4	2042.8	1989.0	2003.8	8
2021-06-23 08:00	2004.3	2022.0	1967.8	1990.7	8
2021-06-23 12:00	1990.6	2038.8	1967.4	1972.9	10
2021-06-23 16:00	1973.2	2000.3	1915.1	1915.1	9
2021-06-23 20:00	1915.0	1971.6	1906.5	1966.4	8
2021-06-24 00:00	1966.5	1978.8	1883.3	1904.4	8
2021-06-24 04:00	1903.8	1940.3	1895.3	1917.5	8
2021-06-24 08:00	1917.3	1965.8	1914.3	1964.1	8
2021-06-24 12:00	1964.5	2015.8	1956.6	1985.3	8
2021-06-24 16:00	1985.2	2033.2	1973.3	2008.2	8
2021-06-24 20:00	2008.9	2016.7	1969.9	1986.8	8
2021-06-25 00:00	1986.9	2017.9	1961.3	1995.4	9
2021-06-25 04:00	1996.4	1999.1	1927.0	1942.4	8
2021-06-25 08:00	1942.6	1945.6	1846.7	1848.4	9
2021-06-25 12:00	1849.7	1877.0	1791.2	1824.2	10
2021-06-25 16:00	1824.4	1867.9	1792.0	1850.5	14
2021-06-25 20:00	1849.7	1867.2	1798.6	1808.5	8
2021-06-26 00:00	1808.2	1838.3	1793.9	1817.3	8
2021-06-26 04:00	1817.0	1850.3	1745.4	1750.6	8
2021-06-26 08:00	1750.5	1808.8	1716.3	1800.3	8
2021-06-26 12:00	1800.0	1809.2	1726.0	1777.9	8
2021-06-26 16:00	1777.7	1794.9	1728.8	1783.4	9
2021-06-26 20:00	1783.6	1830.9	1750.8	1827.6	8
2021-06-27 00:00	1827.7	1887.8	1810.5	1880.5	8
2021-06-27 04:00	1880.7	1891.9	1846.3	1866.4	8
2021-06-27 08:00	1866.1	1874.2	1811.2	1838.7	8
2021-06-27 12:00	1838.2	1863.0	1822.5	1842.6	8
2021-06-27 16:00	1842.7	1850.0	1806.4	1821.9	8
2021-06-27 20:00	1821.8	1982.5	1811.4	1981.5	9
2021-06-28 00:00	1981.6	1994.1	1960.3	1966.6	8
2021-06-28 04:00	1966.7	2052.9	1963.9	2049.0	8
2021-06-28 08:00	2049.3	2081.6	1976.4	1997.3	8
2021-06-28 12:00	1997.5	2116.8	1986.2	2114.4	8
2021-06-28 16:00	2114.5	2141.1	2071.4	2113.6	9
2021-06-28 20:00	2113.8	2141.8	2060.6	2082.1	8
2021-06-29 00:00	2082.5	2137.8	2074.1	2102.7	8
2021-06-29 04:00	2102.6	2166.0	2097.5	2129.8	8
2021-06-29 08:00	2129.9	2186.9	2113.0	2175.1	8
2021-06-29 12:00	2175.3	2234.1	2159.8	2216.4	8
2021-06-29 16:00	2216.3	2243.6	2201.9	2221.1	8
2021-06-29 20:00	2220.7	2227.7	2155.0	2163.4	8
2021-06-30 00:00	2163.7	2184.6	2119.8	2123.5	8
2021-06-30 04:00	2123.7	2164.7	2087.7	2159.7	8
2021-06-30 08:00	2160.0	2165.2	2106.9	2154.5	9
2021-06-30 12:00	2154.8	2161.6	2089.5	2100.9	8
2021-06-30 16:00	2101.1	2247.8	2093.4	2242.0	8
2021-06-30 20:00	2241.5	2285.3	2224.0	2273.3	9
2021-07-01 00:00	2273.7	2274.6	2182.8	2183.8	9
2021-07-01 04:00	2183.5	2231.5	2127.2	2127.2	9
2021-07-01 08:00	2127.1	2143.4	2089.5	2137.2	9
2021-07-01 12:00	2136.6	2142.0	2073.6	2116.9	8
2021-07-01 16:00	2117.0	2128.3	2075.6	2098.4	8
2021-07-01 20:00	2098.7	2136.5	2098.5	2107.1	8
2021-07-02 00:00	2107.1	2136.5	2033.4	2039.6	8
2021-07-02 04:00	2039.5	2067.4	2016.7	2059.7	11
2021-07-02 08:00	2059.3	2078.3	2016.8	2036.1	9
2021-07-02 12:00	2036.2	2125.7	2029.0	2121.0	9
2021-07-02 16:00	2121.3	2122.6	2080.7	2101.8	8
2021-07-02 20:00	2101.9	2157.0	2081.8	2153.4	9
2021-07-03 00:00	2153.7	2164.2	2111.3	2128.9	8
2021-07-03 04:00	2129.2	2204.0	2122.4	2194.1	8
2021-07-03 08:00	2194.3	2221.8	2185.0	2211.8	8
2021-07-03 12:00	2211.9	2236.2	2205.5	2223.3	8
2021-07-03 16:00	2223.4	2234.6	2209.5	2224.1	8
2021-07-03 20:00	2224.2	2230.4	2186.6	2225.5	8
2021-07-04 00:00	2225.6	2229.4	2188.4	2208.9	8
2021-07-04 04:00	2208.9	2342.6	2207.9	2333.0	8
2021-07-04 08:00	2333.2	2344.9	2308.5	2330.5	8
2021-07-04 12:00	2330.3	2331.5	2305.6	2328.3	8
2021-07-04 16:00	2328.1	2370.9	2326.6	2355.8	9
2021-07-04 20:00	2355.7	2385.8	2299.4	2321.0	9
2021-07-05 00:00	2321.0	2321.7	2242.7	2262.9	8
2021-07-05 04:00	2262.4	2291.1	2249.8	2272.1	8
2021-07-05 08:00	2272.4	2307.2	2183.0	2193.1	9
2021-07-05 12:00	2193.3	2233.9	2185.4	2205.4	8
2021-07-05 16:00	2205.2	2249.9	2158.7	2244.3	10
2021-07-05 20:00	2244.7	2252.8	2192.1	2194.5	8
2021-07-06 00:00	2195.3	2247.8	2192.8	2236.3	8
2021-07-06 04:00	2236.6	2340.1	2236.3	2334.8	9
2021-07-06 08:00	2335.0	2347.0	2255.0	2292.0	9
2021-07-06 12:00	2291.9	2336.9	2278.6	2303.6	9
2021-07-06 16:00	2304.0	2334.6	2284.7	2326.3	8
2021-07-06 20:00	2326.3	2327.9	2273.6	2320.4	8
2021-07-07 00:00	2320.6	2340.7	2293.1	2338.5	8
2021-07-07 04:00	2337.2	2406.0	2330.8	2375.2	9
2021-07-07 08:00	2376.1	2397.2	2363.0	2383.1	10
2021-07-07 12:00	2383.2	2396.7	2325.2	2340.4	8
2021-07-07 16:00	2340.0	2370.4	2328.5	2364.3	8
2021-07-07 20:00	2364.4	2365.5	2306.6	2315.5	8
2021-07-08 00:00	2315.3	2323.4	2237.4	2253.0	8
2021-07-08 04:00	2253.8	2253.8	2163.5	2180.6	15
2021-07-08 08:00	2180.7	2191.6	2124.5	2165.2	16
2021-07-08 12:00	2165.3	2176.8	2127.4	2173.3	12
2021-07-08 16:00	2173.4	2177.1	2134.4	2155.8	8
2021-07-08 20:00	2155.9	2159.4	2084.0	2114.3	10
2021-07-09 00:00	2114.2	2130.1	2047.2	2119.2	11
2021-07-09 04:00	2119.4	2157.5	2106.5	2122.8	8
2021-07-09 08:00	2123.4	2124.8	2071.0	2079.0	15
2021-07-09 12:00	2078.9	2185.9	2064.0	2170.1	10
2021-07-09 16:00	2170.5	2180.7	2119.4	2131.4	8
2021-07-09 20:00	2131.3	2164.8	2121.9	2144.8	8
2021-07-10 00:00	2144.8	2190.0	2122.9	2131.8	8
2021-07-10 04:00	2131.8	2139.8	2095.2	2119.8	8
2021-07-10 08:00	2119.8	2136.0	2084.5	2107.6	8
2021-07-10 12:00	2107.6	2124.2	2091.1	2117.4	8
2021-07-10 16:00	2117.1	2156.3	2073.7	2091.3	8
2021-07-10 20:00	2091.1	2125.9	2077.2	2108.7	8
2021-07-11 00:00	2108.5	2136.0	2084.0	2089.0	8
2021-07-11 04:00	2089.2	2105.8	2079.7	2097.2	8
2021-07-11 08:00	2097.7	2132.3	2087.4	2127.3	8
2021-07-11 12:00	2127.4	2147.6	2111.5	2143.1	8
2021-07-11 16:00	2143.3	2152.8	2126.6	2133.3	8
2021-07-11 20:00	2133.2	2171.7	2123.9	2138.5	8
2021-07-12 00:00	2138.5	2166.1	2124.1	2161.8	8
2021-07-12 04:00	2162.1	2166.2	2137.0	2144.3	8
2021-07-12 08:00	2144.2	2155.0	2099.5	2099.5	8
2021-07-12 12:00	2099.3	2108.7	2082.8	2085.5	8
2021-07-12 16:00	2085.5	2094.1	2005.8	2018.3	8
2021-07-12 20:00	2018.3	2040.4	2007.3	2030.4	8
2021-07-13 00:00	2030.4	2041.3	2013.1	2027.7	8
2021-07-13 04:00	2027.8	2032.2	1976.6	2026.0	8
2021-07-13 08:00	2026.1	2043.6	1992.8	1995.8	8
2021-07-13 12:00	1995.7	2004.7	1959.6	1996.5	8
2021-07-13 16:00	1997.1	2004.6	1915.8	1920.9	8
2021-07-13 20:00	1921.0	1954.4	1917.0	1938.5	8
2021-07-14 00:00	1938.6	1942.1	1865.3	1882.9	8
2021-07-14 04:00	1882.5	1905.3	1865.4	1898.0	8
2021-07-14 08:00	1898.2	1953.5	1870.0	1947.7	8
2021-07-14 12:00	1947.8	2017.4	1938.0	1993.9	8
2021-07-14 16:00	1993.5	2012.1	1971.9	1977.7	11
2021-07-14 20:00	1978.3	2008.8	1977.8	1992.5	8
2021-07-15 00:00	1992.4	2037.3	1971.4	1976.9	8
2021-07-15 04:00	1976.7	1982.4	1941.5	1951.2	8
2021-07-15 08:00	1951.8	1975.3	1903.6	1911.3	8
2021-07-15 12:00	1910.6	1936.1	1884.3	1911.3	9
2021-07-15 16:00	1911.3	1925.4	1879.7	1915.9	8
2021-07-15 20:00	1915.9	1932.4	1898.8	1916.3	8
2021-07-16 00:00	1916.0	1954.9	1895.1	1947.3	8
2021-07-16 04:00	1947.7	1962.7	1896.1	1908.9	8
2021-07-16 08:00	1909.0	1910.4	1848.9	1850.1	8
2021-07-16 12:00	1850.0	1933.1	1848.9	1933.1	8
2021-07-16 16:00	1932.4	1937.7	1904.1	1911.4	8
2021-07-16 20:00	1911.5	1917.7	1869.4	1875.4	8
2021-07-17 00:00	1875.3	1897.9	1856.4	1864.6	8
2021-07-17 04:00	1864.4	1892.9	1860.4	1876.3	8
2021-07-17 08:00	1876.0	1906.1	1847.0	1862.5	8
2021-07-17 12:00	1863.0	1891.9	1858.8	1885.6	9
2021-07-17 16:00	1886.1	1916.9	1879.0	1907.0	9
2021-07-17 20:00	1906.9	1913.5	1888.1	1897.2	8
2021-07-18 00:00	1897.3	1991.2	1895.9	1979.7	8
2021-07-18 04:00	1979.9	1987.3	1951.5	1956.8	8
2021-07-18 08:00	1956.9	1971.4	1950.6	1962.4	8
2021-07-18 12:00	1963.3	1970.8	1880.9	1889.4	8
2021-07-18 16:00	1889.3	1908.1	1877.2	1899.1	8
2021-07-18 20:00	1899.0	1925.1	1879.3	1888.9	8
2021-07-19 00:00	1889.3	1905.5	1864.2	1883.8	8
2021-07-19 04:00	1884.1	1915.9	1879.6	1889.4	8
2021-07-19 08:00	1889.5	1898.0	1853.7	1860.1	8
2021-07-19 12:00	1859.9	1865.1	1803.7	1817.4	9
2021-07-19 16:00	1817.2	1829.9	1808.4	1822.3	8
2021-07-19 20:00	1822.5	1827.0	1808.8	1815.8	8
2021-07-20 00:00	1816.1	1837.9	1718.9	1726.9	8
2021-07-20 04:00	1727.1	1767.6	1723.0	1760.6	8
2021-07-20 08:00	1760.5	1762.1	1716.9	1754.3	8
2021-07-20 12:00	1754.5	1809.2	1733.7	1804.5	8
2021-07-20 16:00	1804.1	1815.9	1774.5	1787.9	8
2021-07-20 20:00	1787.7	1803.1	1763.5	1783.7	8
2021-07-21 00:00	1784.0	1806.7	1753.2	1800.1	8
2021-07-21 04:00	1800.0	1878.8	1799.4	1873.6	8
2021-07-21 08:00	1873.5	1909.9	1859.8	1906.7	8
2021-07-21 12:00	1906.8	1955.5	1892.9	1952.5	9
2021-07-21 16:00	1953.0	2028.3	1934.6	1934.6	10
2021-07-21 20:00	1935.0	1992.9	1929.9	1992.8	8
2021-07-22 00:00	1993.1	2021.2	1959.9	1975.4	8
2021-07-22 04:00	1974.9	2011.8	1963.2	1990.7	8
2021-07-22 08:00	1990.2	2016.0	1967.3	1982.8	10
2021-07-22 12:00	1982.7	2038.8	1947.9	2032.5	9
2021-07-22 16:00	2032.7	2044.1	2013.8	2027.2	8
2021-07-22 20:00	2027.6	2028.2	1990.1	2023.0	8
2021-07-23 00:00	2022.8	2074.4	2013.2	2058.3	8
2021-07-23 04:00	2058.8	2091.1	2053.4	2060.7	8
2021-07-23 08:00	2060.8	2070.5	2039.4	2053.1	8
2021-07-23 12:00	2053.0	2076.7	2045.4	2046.4	10
2021-07-23 16:00	2046.7	2047.9	1995.3	2020.2	8
2021-07-23 20:00	2020.1	2129.1	2015.7	2123.2	8
2021-07-24 00:00	2123.5	2138.7	2105.9	2137.7	8
2021-07-24 04:00	2137.8	2144.4	2122.2	2132.2	8
2021-07-24 08:00	2132.0	2166.1	2116.1	2154.5	8
2021-07-24 12:00	2154.4	2177.5	2144.4	2151.5	8
2021-07-24 16:00	2151.5	2197.4	2140.6	2144.6	8
2021-07-24 20:00	2144.5	2188.1	2127.7	2184.6	8
2021-07-25 00:00	2185.0	2194.3	2138.0	2151.9	8
2021-07-25 04:00	2151.7	2184.8	2145.5	2175.3	8
2021-07-25 08:00	2175.4	2182.8	2152.3	2159.0	8
2021-07-25 12:00	2158.7	2158.7	2107.0	2137.6	8
2021-07-25 16:00	2137.7	2162.9	2119.6	2152.4	8
2021-07-25 20:00	2152.1	2195.2	2143.7	2190.3	9
2021-07-26 00:00	2190.3	2337.0	2171.8	2316.4	12
2021-07-26 04:00	2316.7	2388.0	2305.0	2324.8	9
2021-07-26 08:00	2325.0	2358.2	2299.5	2341.3	10
2021-07-26 12:00	2341.2	2356.5	2309.1	2340.6	10
2021-07-26 16:00	2339.5	2428.6	2334.3	2363.0	10
2021-07-26 20:00	2362.5	2365.9	2204.5	2226.4	13
2021-07-27 00:00	2226.4	2239.5	2150.7	2171.5	8
2021-07-27 04:00	2171.6	2208.5	2165.4	2201.9	9
2021-07-27 08:00	2201.7	2275.6	2192.9	2275.6	8
2021-07-27 12:00	2275.7	2317.8	2242.7	2276.6	13
2021-07-27 16:00	2276.5	2282.1	2201.6	2227.2	9
2021-07-27 20:00	2227.4	2310.2	2227.4	2299.7	9
2021-07-28 00:00	2298.8	2332.6	2264.6	2287.0	8
2021-07-28 04:00	2286.4	2302.5	2243.4	2294.9	8
2021-07-28 08:00	2294.7	2343.6	2275.2	2330.1	8
2021-07-28 12:00	2330.2	2332.0	2268.0	2290.3	11
2021-07-28 16:00	2290.4	2326.6	2252.5	2308.8	13
2021-07-28 20:00	2308.1	2311.7	2281.3	2298.1	10
2021-07-29 00:00	2299.4	2304.3	2265.3	2276.3	8
2021-07-29 04:00	2276.4	2303.7	2269.9	2292.9	8
2021-07-29 08:00	2293.2	2326.6	2283.1	2292.4	8
2021-07-29 12:00	2292.6	2331.6	2283.0	2321.9	11
2021-07-29 16:00	2321.8	2339.4	2300.7	2309.5	8
2021-07-29 20:00	2309.4	2398.1	2302.9	2381.1	9
2021-07-30 00:00	2381.3	2447.6	2365.3	2421.1	8
2021-07-30 04:00	2422.5	2427.6	2384.7	2403.0	8
2021-07-30 08:00	2402.8	2403.5	2315.8	2334.0	10
2021-07-30 12:00	2333.6	2355.9	2323.0	2345.3	8
2021-07-30 16:00	2345.2	2378.0	2333.5	2378.0	8
2021-07-30 20:00	2378.3	2468.8	2375.2	2461.4	9
2021-07-31 00:00	2461.0	2481.4	2440.0	2462.5	9
2021-07-31 04:00	2462.6	2466.6	2420.4	2440.8	8
2021-07-31 08:00	2441.0	2476.3	2438.6	2457.8	8
2021-07-31 12:00	2457.7	2466.5	2430.0	2457.4	11
2021-07-31 16:00	2457.2	2465.1	2435.5	2456.1	8
2021-07-31 20:00	2455.8	2551.4	2445.0	2529.8	8
2021-08-01 00:00	2530.3	2617.9	2513.7	2615.9	8
2021-08-01 04:00	2616.1	2635.9	2582.6	2585.5	8
2021-08-01 08:00	2585.7	2610.4	2562.4	2586.5	8
2021-08-01 12:00	2586.6	2606.1	2571.9	2581.6	8
2021-08-01 16:00	2581.2	2662.9	2529.0	2654.4	8
2021-08-01 20:00	2654.6	2696.4	2528.9	2555.4	11
2021-08-02 00:00	2555.3	2577.0	2508.7	2558.7	10
2021-08-02 04:00	2558.8	2635.9	2541.3	2616.6	8
2021-08-02 08:00	2616.5	2621.5	2556.7	2588.9	9
2021-08-02 12:00	2588.7	2653.9	2562.3	2632.1	13
2021-08-02 16:00	2632.2	2663.0	2593.8	2599.5	8
2021-08-02 20:00	2599.6	2635.4	2581.2	2606.2	9
2021-08-03 00:00	2605.9	2630.5	2515.7	2530.1	8
2021-08-03 04:00	2530.2	2542.6	2445.1	2492.1	9
2021-08-03 08:00	2492.1	2521.6	2469.5	2486.7	8
2021-08-03 12:00	2487.4	2538.3	2455.3	2494.8	9
2021-08-03 16:00	2495.2	2507.9	2450.9	2472.4	8
2021-08-03 20:00	2472.0	2528.1	2450.7	2505.7	8
2021-08-04 00:00	2505.6	2536.4	2480.5	2482.5	8
2021-08-04 04:00	2482.6	2514.6	2464.1	2475.5	8
2021-08-04 08:00	2475.9	2510.1	2457.1	2503.1	8
2021-08-04 12:00	2503.2	2693.5	2502.2	2670.9	8
2021-08-04 16:00	2671.3	2722.5	2664.4	2693.2	10
2021-08-04 20:00	2693.5	2767.8	2687.7	2723.3	11
2021-08-05 00:00	2722.9	2739.4	2665.7	2709.9	14
2021-08-05 04:00	2710.1	2718.7	2666.2	2678.7	8
2021-08-05 08:00	2678.8	2688.4	2575.3	2620.2	9
2021-08-05 12:00	2620.0	2815.3	2530.8	2754.7	17
2021-08-05 16:00	2754.3	2825.8	2746.3	2795.6	12
2021-08-05 20:00	2795.6	2842.4	2786.6	2827.0	10
2021-08-06 00:00	2827.2	2841.9	2751.5	2759.5	12
2021-08-06 04:00	2759.5	2803.3	2749.3	2766.9	9
2021-08-06 08:00	2767.0	2779.9	2732.0	2735.0	9
2021-08-06 12:00	2734.5	2844.1	2720.8	2837.6	19
2021-08-06 16:00	2837.3	2946.7	2837.3	2928.5	14
2021-08-06 20:00	2928.4	2938.7	2874.0	2890.5	10
2021-08-07 00:00	2890.4	2938.4	2865.4	2935.7	9
2021-08-07 04:00	2935.4	2981.9	2928.0	2956.4	8
2021-08-07 08:00	2956.3	3113.5	2943.6	3105.9	9
2021-08-07 12:00	3105.7	3170.9	3055.5	3082.7	15
2021-08-07 16:00	3082.9	3093.8	2998.6	3076.7	11
2021-08-07 20:00	3076.6	3170.7	3058.9	3160.8	14
2021-08-08 00:00	3160.6	3187.9	3074.1	3120.2	15
2021-08-08 04:00	3120.9	3185.1	3093.5	3135.3	16
2021-08-08 08:00	3135.7	3156.2	3083.3	3100.7	12
2021-08-08 12:00	3100.2	3148.8	3015.8	3030.1	13
2021-08-08 16:00	3030.0	3067.7	2948.4	2983.4	14
2021-08-08 20:00	2983.1	3065.7	2961.3	3012.1	12
2021-08-09 00:00	3011.5	3033.9	2898.9	2948.9	10
2021-08-09 04:00	2948.7	2963.4	2894.2	2944.9	11
2021-08-09 08:00	2944.7	3140.9	2932.8	3133.9	17
2021-08-09 12:00	3134.0	3171.6	3083.4	3167.7	16
2021-08-09 16:00	3167.4	3186.5	3131.6	3146.7	16
2021-08-09 20:00	3146.8	3175.5	3036.2	3162.4	14
2021-08-10 00:00	3162.4	3197.5	3093.6	3113.9	11
2021-08-10 04:00	3112.6	3146.2	3089.2	3141.5	12
2021-08-10 08:00	3140.8	3171.3	3111.5	3122.3	13
2021-08-10 12:00	3122.4	3232.7	3094.2	3119.3	17
2021-08-10 16:00	3119.1	3144.3	3051.6	3142.3	17
2021-08-10 20:00	3142.2	3189.4	3120.5	3139.0	18
2021-08-11 00:00	3139.3	3184.5	3121.0	3157.8	13
2021-08-11 04:00	3157.9	3245.6	3145.8	3229.4	12
2021-08-11 08:00	3229.6	3246.8	3203.4	3214.1	11
2021-08-11 12:00	3214.6	3272.1	3207.4	3245.1	18
2021-08-11 16:00	3245.2	3254.8	3221.2	3248.6	13
2021-08-11 20:00	3248.5	3263.8	3148.8	3161.4	16
2021-08-12 00:00	3161.0	3238.1	3148.3	3211.2	12
2021-08-12 04:00	3211.1	3218.3	3090.0	3141.3	16
2021-08-12 08:00	3141.4	3170.4	3085.8	3091.6	13
2021-08-12 12:00	3092.2	3115.9	3019.2	3028.4	17
2021-08-12 16:00	3028.6	3066.6	2978.6	3048.8	12
2021-08-12 20:00	3049.4	3073.2	2986.4	3045.8	11
2021-08-13 00:00	3046.0	3140.6	3034.5	3116.0	13
2021-08-13 04:00	3116.2	3230.9	3093.8	3222.5	11
2021-08-13 08:00	3223.0	3259.6	3211.8	3212.2	12
2021-08-13 12:00	3212.7	3243.8	3181.0	3215.4	9
2021-08-13 16:00	3215.5	3242.8	3197.9	3224.0	13
2021-08-13 20:00	3224.1	3325.5	3215.3	3321.9	11
2021-08-14 00:00	3321.8	3325.6	3285.0	3296.3	9
2021-08-14 04:00	3296.6	3323.4	3278.4	3307.5	8
2021-08-14 08:00	3308.0	3330.4	3205.2	3244.4	11
2021-08-14 12:00	3243.9	3276.9	3211.8	3270.9	9
2021-08-14 16:00	3271.0	3287.9	3232.2	3263.5	8
2021-08-14 20:00	3263.3	3277.2	3214.6	3264.3	8
2021-08-15 00:00	3264.2	3286.6	3246.1	3247.7	8
2021-08-15 04:00	3247.9	3256.4	3154.9	3162.1	10
2021-08-15 08:00	3162.2	3175.7	3133.6	3160.3	8
2021-08-15 12:00	3160.2	3196.2	3136.8	3156.2	8
2021-08-15 16:00	3156.3	3211.3	3112.7	3209.0	8
2021-08-15 20:00	3208.9	3321.0	3203.9	3309.3	8
2021-08-16 00:00	3309.1	3335.2	3259.8	3261.0	9
2021-08-16 04:00	3260.9	3311.3	3257.9	3272.9	8
2021-08-16 08:00	3272.9	3307.8	3248.3	3287.3	10
2021-08-16 12:00	3287.4	3294.9	3179.3	3221.1	12
2021-08-16 16:00	3221.1	3241.5	3163.5	3172.8	8
2021-08-16 20:00	3172.9	3197.7	3133.4	3142.8	12
2021-08-17 00:00	3143.0	3205.8	3112.6	3191.2	11
2021-08-17 04:00	3191.2	3211.4	3132.9	3168.0	8
2021-08-17 08:00	3167.9	3278.2	3166.0	3256.4	8
2021-08-17 12:00	3256.1	3288.2	3159.3	3161.5	8
2021-08-17 16:00	3161.5	3186.1	3100.7	3115.4	10
2021-08-17 20:00	3115.3	3123.0	2990.3	3007.8	10
2021-08-18 00:00	3008.0	3046.7	2950.2	3046.7	12
2021-08-18 04:00	3046.8	3081.8	3022.6	3028.3	8
2021-08-18 08:00	3027.9	3065.2	2988.2	2996.9	8
2021-08-18 12:00	2996.8	3112.8	2994.2	3108.8	8
2021-08-18 16:00	3108.8	3122.3	3019.9	3027.2	8
2021-08-18 20:00	3027.4	3056.5	2995.4	3010.6	8
2021-08-19 00:00	3011.8	3048.2	2963.9	2963.9	9
2021-08-19 04:00	2963.9	3013.1	2956.0	2990.9	11
2021-08-19 08:00	2990.9	3018.1	2970.7	2971.1	8
2021-08-19 12:00	2970.9	3072.9	2960.8	3065.0	8
2021-08-19 16:00	3065.1	3160.5	3024.4	3143.5	10
2021-08-19 20:00	3143.6	3184.0	3140.7	3180.8	13
2021-08-20 00:00	3181.2	3240.2	3174.7	3213.5	10
2021-08-20 04:00	3213.5	3231.2	3200.1	3211.9	9
2021-08-20 08:00	3212.1	3222.6	3186.7	3201.5	8
2021-08-20 12:00	3201.6	3298.5	3200.4	3280.2	8
2021-08-20 16:00	3280.3	3296.4	3218.1	3250.6	8
2021-08-20 20:00	3250.7	3291.9	3244.5	3284.5	8
2021-08-21 00:00	3284.7	3285.6	3235.1	3276.3	8
2021-08-21 04:00	3277.7	3304.1	3255.8	3292.6	8
2021-08-21 08:00	3292.7	3309.2	3241.6	3250.3	9
2021-08-21 12:00	3249.6	3296.6	3244.9	3273.6	8
2021-08-21 16:00	3273.5	3291.8	3207.9	3216.3	8
2021-08-21 20:00	3215.5	3261.6	3212.1	3224.2	8
2021-08-22 00:00	3223.9	3256.5	3216.9	3226.5	8
2021-08-22 04:00	3226.8	3272.0	3225.8	3263.2	8
2021-08-22 08:00	3263.0	3272.7	3241.6	3255.0	8
2021-08-22 12:00	3255.1	3261.5	3153.1	3180.4	8
2021-08-22 16:00	3181.0	3192.2	3127.1	3176.0	8
2021-08-22 20:00	3175.6	3253.9	3133.5	3239.4	9
2021-08-23 00:00	3239.3	3355.8	3231.8	3341.1	10
2021-08-23 04:00	3341.3	3354.3	3313.1	3323.9	8
2021-08-23 08:00	3323.8	3362.8	3317.5	3343.7	8
2021-08-23 12:00	3343.6	3376.4	3299.8	3323.1	9
2021-08-23 16:00	3322.6	3354.9	3302.3	3308.0	8
2021-08-23 20:00	3308.1	3343.8	3279.1	3320.9	8
2021-08-24 00:00	3320.8	3347.9	3282.3	3323.6	8
2021-08-24 04:00	3323.4	3356.0	3316.0	3344.9	8
2021-08-24 08:00	3345.0	3350.0	3301.0	3320.4	8
2021-08-24 12:00	3320.4	3321.1	3198.2	3207.4	12
2021-08-24 16:00	3207.3	3225.2	3145.1	3214.0	13
2021-08-24 20:00	3214.0	3221.5	3164.5	3167.5	8
2021-08-25 00:00	3167.4	3212.8	3165.7	3172.3	8
2021-08-25 04:00	3172.4	3219.2	3157.5	3180.1	10
2021-08-25 08:00	3180.0	3183.7	3079.1	3136.2	8
2021-08-25 12:00	3136.2	3222.5	3100.3	3215.2	8
2021-08-25 16:00	3215.2	3245.4	3198.6	3211.7	8
2021-08-25 20:00	3211.5	3235.7	3196.7	3224.7	8
2021-08-26 00:00	3224.6	3247.4	3137.1	3145.4	9
2021-08-26 04:00	3145.3	3163.5	3058.6	3100.1	10
2021-08-26 08:00	3100.7	3114.8	3073.6	3084.6	8
2021-08-26 12:00	3084.9	3145.2	3053.3	3101.4	8
2021-08-26 16:00	3101.2	3130.3	3073.7	3105.9	8
2021-08-26 20:00	3106.1	3144.6	3086.5	3089.4	8
2021-08-27 00:00	3089.5	3141.5	3058.3	3090.5	8
2021-08-27 04:00	3090.5	3128.1	3073.1	3124.2	8
2021-08-27 08:00	3123.7	3170.6	3101.3	3155.1	8
2021-08-27 12:00	3155.6	3245.3	3131.6	3237.8	8
2021-08-27 16:00	3237.8	3245.8	3219.8	3232.7	8
2021-08-27 20:00	3230.8	3278.0	3221.3	3271.5	9
2021-08-28 00:00	3271.4	3282.5	3238.4	3241.5	8
2021-08-28 04:00	3241.3	3255.2	3224.9	3228.1	10
2021-08-28 08:00	3228.1	3255.0	3208.9	3219.6	11
2021-08-28 12:00	3219.4	3245.2	3209.3	3243.3	10
2021-08-28 16:00	3244.1	3262.7	3217.7	3227.8	8
2021-08-28 20:00	3227.9	3252.0	3225.0	3243.3	11
2021-08-29 00:00	3243.4	3283.2	3157.6	3177.9	17
2021-08-29 04:00	3177.9	3206.8	3151.1	3205.1	17
2021-08-29 08:00	3205.1	3216.6	3179.1	3179.4	16
2021-08-29 12:00	3179.5	3203.8	3165.4	3185.0	14
2021-08-29 16:00	3185.1	3221.9	3180.4	3217.9	14
2021-08-29 20:00	3218.1	3255.8	3214.7	3221.8	15
2021-08-30 00:00	3221.7	3227.1	3141.9	3159.4	9
2021-08-30 04:00	3159.4	3183.9	3143.8	3177.7	11
2021-08-30 08:00	3177.8	3201.3	3164.3	3185.1	8
2021-08-30 12:00	3185.3	3222.9	3147.9	3216.5	9
2021-08-30 16:00	3216.5	3339.1	3212.4	3338.7	8
2021-08-30 20:00	3338.7	3344.8	3208.7	3225.4	10
2021-08-31 00:00	3225.3	3245.1	3186.9	3235.0	11
2021-08-31 04:00	3234.9	3366.0	3215.4	3355.8	8
2021-08-31 08:00	3355.7	3437.9	3308.5	3427.7	10
2021-08-31 12:00	3427.7	3469.8	3363.9	3384.7	12
2021-08-31 16:00	3384.8	3419.7	3339.8	3412.5	9
2021-08-31 20:00	3412.5	3442.0	3368.2	3426.5	8
2021-09-01 00:00	3426.4	3443.2	3380.1	3439.8	10
2021-09-01 04:00	3439.9	3540.7	3425.3	3514.3	9
2021-09-01 08:00	3514.2	3556.2	3510.4	3529.0	8
2021-09-01 12:00	3529.0	3583.3	3515.7	3579.4	8
2021-09-01 16:00	3579.5	3787.8	3575.8	3710.8	10
2021-09-01 20:00	3710.8	3837.9	3708.1	3825.1	9
2021-09-02 00:00	3824.5	3834.0	3734.4	3762.0	8
2021-09-02 04:00	3762.1	3767.6	3720.3	3732.1	8
2021-09-02 08:00	3731.9	3764.9	3724.6	3758.3	8
2021-09-02 12:00	3758.5	3830.9	3739.0	3754.6	8
2021-09-02 16:00	3754.7	3804.5	3753.9	3780.7	8
2021-09-02 20:00	3780.8	3828.4	3775.0	3783.2	8
2021-09-03 00:00	3783.2	3812.4	3709.3	3803.8	8
2021-09-03 04:00	3803.7	3821.7	3777.7	3793.5	8
2021-09-03 08:00	3793.7	3979.8	3787.6	3951.3	12
2021-09-03 12:00	3951.2	4023.8	3923.8	3965.3	14
2021-09-03 16:00	3965.4	3980.8	3925.2	3941.3	15
2021-09-03 20:00	3941.4	3941.4	3864.4	3935.6	9
2021-09-04 00:00	3936.1	3966.9	3899.8	3916.2	8
2021-09-04 04:00	3916.0	3931.4	3889.6	3911.9	8
2021-09-04 08:00	3912.2	3949.3	3885.0	3885.5	14
2021-09-04 12:00	3885.5	3924.3	3877.8	3915.7	17
2021-09-04 16:00	3915.7	3921.9	3831.0	3856.6	20
2021-09-04 20:00	3856.5	3898.8	3851.7	3883.0	17
2021-09-05 00:00	3883.0	3909.8	3843.3	3844.1	18
2021-09-05 04:00	3844.1	3887.0	3832.0	3869.0	18
2021-09-05 08:00	3869.0	3954.0	3859.1	3921.1	20
2021-09-05 12:00	3921.2	3950.8	3896.4	3905.3	19
2021-09-05 16:00	3905.4	3947.4	3898.6	3925.9	16
2021-09-05 20:00	3925.9	3978.0	3918.2	3949.5	14
2021-09-06 00:00	3949.5	3960.2	3897.5	3902.1	16
2021-09-06 04:00	3902.1	3951.4	3896.1	3942.4	11
2021-09-06 08:00	3942.4	3968.4	3897.9	3901.4	8
2021-09-06 12:00	3901.6	3943.2	3865.6	3922.5	8
2021-09-06 16:00	3922.6	3956.8	3911.4	3936.3	8
2021-09-06 20:00	3936.3	3966.7	3917.4	3924.3	8
2021-09-07 00:00	3924.1	3943.7	3886.6	3910.4	8
2021-09-07 04:00	3910.3	3932.6	3879.8	3882.3	8
2021-09-07 08:00	3882.3	3882.3	3670.6	3745.9	13
2021-09-07 12:00	3745.9	3770.7	3013.3	3457.9	16
2021-09-07 16:00	3457.8	3577.7	3345.1	3410.2	14
2021-09-07 20:00	3410.2	3458.2	3319.2	3431.1	9
2021-09-08 00:00	3431.5	3539.2	3377.8	3427.7	12
2021-09-08 04:00	3427.8	3479.8	3253.1	3255.9	8
2021-09-08 08:00	3255.9	3451.4	3216.1	3404.6	10
2021-09-08 12:00	3404.6	3451.0	3350.7	3415.8	9
2021-09-08 16:00	3415.8	3540.5	3396.8	3520.5	8
2021-09-08 20:00	3520.4	3556.8	3441.7	3495.5	8
2021-09-09 00:00	3495.5	3518.1	3425.4	3466.4	9
2021-09-09 04:00	3466.0	3509.9	3452.8	3497.2	9
2021-09-09 08:00	3497.0	3564.3	3448.3	3477.8	8
2021-09-09 12:00	3477.9	3550.9	3393.3	3520.4	8
2021-09-09 16:00	3520.5	3553.6	3448.4	3461.7	8
2021-09-09 20:00	3461.7	3476.5	3414.4	3421.0	8
2021-09-10 00:00	3421.1	3510.5	3407.3	3461.9	8
2021-09-10 04:00	3462.5	3476.9	3393.0	3399.0	8
2021-09-10 08:00	3399.0	3425.0	3351.3	3397.6	8
2021-09-10 12:00	3397.9	3413.0	3206.5	3296.3	9
2021-09-10 16:00	3296.4	3339.9	3278.3	3307.2	8
2021-09-10 20:00	3306.6	3326.0	3145.9	3205.4	15
2021-09-11 00:00	3205.3	3292.1	3196.1	3237.2	10
2021-09-11 04:00	3237.1	3280.4	3217.3	3241.2	12
2021-09-11 08:00	3241.2	3312.0	3216.9	3289.1	17
2021-09-11 12:00	3289.0	3344.0	3281.3	3307.2	19
2021-09-11 16:00	3307.3	3337.3	3280.4	3294.4	15
2021-09-11 20:00	3294.3	3304.1	3240.3	3262.9	15
2021-09-12 00:00	3262.5	3325.5	3228.6	3323.8	19
2021-09-12 04:00	3324.0	3335.6	3290.4	3318.1	16
2021-09-12 08:00	3318.1	3447.3	3312.5	3433.1	18
2021-09-12 12:00	3433.2	3467.8	3391.3	3414.0	16
2021-09-12 16:00	3413.6	3436.5	3376.6	3401.9	16
2021-09-12 20:00	3401.9	3444.1	3302.9	3401.3	16
2021-09-13 00:00	3400.3	3425.9	3250.7	3254.0	17
2021-09-13 04:00	3253.9	3292.8	3173.4	3200.5	18
2021-09-13 08:00	3200.3	3252.9	3164.2	3248.8	9
2021-09-13 12:00	3249.1	3382.3	3110.5	3199.1	14
2021-09-13 16:00	3199.0	3257.6	3180.8	3250.1	10
2021-09-13 20:00	3250.2	3302.9	3250.2	3281.5	8
2021-09-14 00:00	3281.4	3334.9	3267.2	3287.4	11
2021-09-14 04:00	3287.4	3332.1	3269.9	3308.2	8
2021-09-14 08:00	3308.4	3358.6	3307.4	3326.5	8
2021-09-14 12:00	3326.4	3404.9	3288.9	3385.1	8
2021-09-14 16:00	3385.3	3397.4	3337.7	3347.1	8
2021-09-14 20:00	3347.1	3433.7	3329.2	3432.6	8
2021-09-15 00:00	3432.6	3447.1	3385.5	3394.1	8
2021-09-15 04:00	3394.0	3405.7	3357.6	3401.2	8
2021-09-15 08:00	3401.2	3432.0	3377.4	3408.3	8
2021-09-15 12:00	3408.3	3506.7	3396.3	3495.6	8
2021-09-15 16:00	3495.6	3551.6	3493.9	3531.9	8
2021-09-15 20:00	3532.0	3612.9	3532.0	3611.5	8
2021-09-16 00:00	3611.3	3617.8	3524.1	3540.6	10
2021-09-16 04:00	3540.5	3672.0	3536.7	3631.2	9
2021-09-16 08:00	3631.3	3633.0	3566.4	3617.0	8
2021-09-16 12:00	3616.8	3640.2	3533.2	3615.3	12
2021-09-16 16:00	3614.9	3630.1	3538.4	3560.9	10
2021-09-16 20:00	3560.9	3575.7	3480.7	3565.4	9
2021-09-17 00:00	3565.4	3591.3	3525.4	3560.0	9
2021-09-17 04:00	3560.1	3582.3	3511.9	3517.3	9
2021-09-17 08:00	3517.2	3538.8	3426.0	3446.1	13
2021-09-17 12:00	3446.2	3476.2	3402.4	3447.1	14
2021-09-17 16:00	3447.2	3466.9	3359.1	3420.5	19
2021-09-17 20:00	3420.5	3422.5	3347.0	3394.4	14
2021-09-18 00:00	3394.5	3449.5	3366.6	3447.4	11
2021-09-18 04:00	3447.5	3518.8	3444.9	3497.9	8
2021-09-18 08:00	3498.2	3537.7	3489.0	3492.3	8
2021-09-18 12:00	3492.4	3513.0	3460.5	3469.8	9
2021-09-18 16:00	3470.0	3485.0	3417.9	3441.8	10
2021-09-18 20:00	3442.0	3442.6	3374.1	3431.8	15
2021-09-19 00:00	3432.1	3437.5	3374.7	3410.1	16
2021-09-19 04:00	3410.0	3453.2	3394.5	3437.2	16
2021-09-19 08:00	3437.1	3449.2	3304.0	3322.5	19
2021-09-19 12:00	3322.7	3376.1	3307.5	3360.1	20
2021-09-19 16:00	3360.3	3374.5	3323.0	3334.0	15
2021-09-19 20:00	3334.0	3360.5	3278.0	3324.7	11
2021-09-20 00:00	3324.8	3341.9	3153.1	3184.7	13
2021-09-20 04:00	3184.5	3215.4	3098.2	3122.4	13
2021-09-20 08:00	3122.3	3172.7	3009.0	3037.7	18
2021-09-20 12:00	3037.4	3095.1	2916.5	3083.9	18
2021-09-20 16:00	3083.8	3119.2	2972.6	3068.3	18
2021-09-20 20:00	3068.2	3077.3	2942.2	2973.3	18
2021-09-21 00:00	2973.2	3026.3	2805.3	2994.1	19
2021-09-21 04:00	2994.3	3070.2	2946.0	3069.9	16
2021-09-21 08:00	3069.8	3101.0	3036.5	3058.1	14
2021-09-21 12:00	3058.0	3080.4	2961.1	3031.5	17
2021-09-21 16:00	3031.4	3043.2	2861.8	2883.8	26
2021-09-21 20:00	2883.9	2915.0	2648.6	2761.7	25
2021-09-22 00:00	2761.7	2892.0	2734.4	2864.4	19
2021-09-22 04:00	2864.4	2956.7	2830.2	2940.5	9
2021-09-22 08:00	2940.1	2953.8	2879.8	2891.0	10
2021-09-22 12:00	2891.0	3008.7	2878.6	3004.2	14
2021-09-22 16:00	3004.4	3086.1	2989.6	3022.2	10
2021-09-22 20:00	3021.7	3075.9	3004.8	3074.8	8
2021-09-23 00:00	3075.0	3117.5	3032.1	3116.5	8
2021-09-23 04:00	3116.5	3144.3	3096.1	3143.8	8
2021-09-23 08:00	3143.9	3146.6	3039.8	3057.6	8
2021-09-23 12:00	3057.5	3139.8	3044.7	3089.7	8
2021-09-23 16:00	3089.7	3170.7	3083.0	3145.6	9
2021-09-23 20:00	3145.5	3160.2	3119.7	3150.5	9
2021-09-24 00:00	3150.5	3156.4	3068.6	3072.5	10
2021-09-24 04:00	3072.5	3113.5	3037.2	3086.2	9
2021-09-24 08:00	3086.1	3110.7	2733.2	2824.8	19
2021-09-24 12:00	2825.0	2938.7	2769.6	2876.1	22
2021-09-24 16:00	2875.7	2919.8	2863.5	2900.3	19
2021-09-24 20:00	2900.3	2978.2	2898.9	2926.4	10
2021-09-25 00:00	2926.3	2952.8	2873.8	2911.0	12
2021-09-25 04:00	2911.3	2941.4	2882.4	2884.6	10
2021-09-25 08:00	2884.6	2964.4	2804.0	2911.1	22
2021-09-25 12:00	2911.0	2941.0	2849.4	2921.4	23
2021-09-25 16:00	2921.4	2928.8	2851.4	2914.9	19
2021-09-25 20:00	2914.9	2941.7	2892.0	2920.2	17
2021-09-26 00:00	2920.1	2928.7	2841.7	2864.0	23
2021-09-26 04:00	2864.1	2864.4	2742.4	2773.1	24
2021-09-26 08:00	2772.8	3023.5	2739.3	2971.6	28
2021-09-26 12:00	2971.6	3052.6	2971.6	3049.6	20
2021-09-26 16:00	3050.0	3070.7	3027.7	3054.5	17
2021-09-26 20:00	3054.6	3112.9	3009.1	3058.8	16
2021-09-27 00:00	3058.8	3162.8	3025.2	3128.6	16
2021-09-27 04:00	3128.2	3146.8	3073.7	3088.5	17
2021-09-27 08:00	3088.6	3135.1	3076.4	3090.2	14
2021-09-27 12:00	3090.1	3122.4	3030.0	3056.2	12
2021-09-27 16:00	3056.5	3059.2	2980.6	2993.3	10
2021-09-27 20:00	2992.5	3025.1	2921.3	2922.7	13
2021-09-28 00:00	2922.5	2957.3	2895.4	2945.4	12
2021-09-28 04:00	2945.5	2966.3	2880.1	2890.4	12
2021-09-28 08:00	2890.6	2937.0	2873.8	2923.6	18
2021-09-28 12:00	2923.3	2955.2	2838.0	2841.2	20
2021-09-28 16:00	2841.1	2868.8	2800.9	2835.1	19
2021-09-28 20:00	2834.9	2883.8	2786.1	2802.2	11
2021-09-29 00:00	2802.0	2894.9	2788.0	2892.3	16
2021-09-29 04:00	2892.4	2927.5	2886.4	2920.1	13
2021-09-29 08:00	2920.2	2944.6	2892.1	2930.0	13
2021-09-29 12:00	2930.1	2945.4	2847.7	2856.9	16
2021-09-29 16:00	2856.9	2867.4	2799.1	2805.3	19
2021-09-29 20:00	2805.9	2849.4	2779.1	2846.3	13
2021-09-30 00:00	2846.2	3031.9	2833.8	3024.0	16
2021-09-30 04:00	3023.8	3044.7	2992.5	2997.5	13
2021-09-30 08:00	2997.5	3008.5	2939.3	2959.0	12
2021-09-30 12:00	2959.1	3026.7	2950.6	2981.2	13
2021-09-30 16:00	2981.3	3044.0	2960.8	2989.0	13
2021-09-30 20:00	2988.9	3017.8	2952.4	2996.1	13
2021-10-01 00:00	2996.3	3037.0	2965.5	2999.0	11
2021-10-01 04:00	2999.2	3093.4	2986.1	3089.1	9
2021-10-01 08:00	3089.5	3244.4	3089.5	3232.4	11
2021-10-01 12:00	3232.4	3273.8	3173.6	3233.2	10
2021-10-01 16:00	3233.3	3316.2	3222.0	3294.6	16
2021-10-01 20:00	3295.1	3327.3	3269.1	3306.5	13
2021-10-02 00:00	3306.6	3339.7	3259.5	3265.0	11
2021-10-02 04:00	3264.9	3293.9	3255.5	3277.4	8
2021-10-02 08:00	3277.3	3315.3	3263.2	3294.0	20
2021-10-02 12:00	3294.0	3395.3	3286.8	3386.5	25
2021-10-02 16:00	3386.4	3463.1	3369.9	3462.8	22
2021-10-02 20:00	3462.8	3464.5	3364.3	3384.1	23
2021-10-03 00:00	3384.1	3421.5	3342.7	3402.4	23
2021-10-03 04:00	3402.2	3422.8	3387.6	3389.8	16
2021-10-03 08:00	3389.9	3417.9	3368.1	3411.7	18
2021-10-03 12:00	3411.7	3443.4	3393.4	3402.4	23
2021-10-03 16:00	3402.3	3484.8	3398.9	3465.8	21
2021-10-03 20:00	3465.8	3470.2	3383.1	3415.7	15
2021-10-04 00:00	3415.7	3424.2	3324.7	3333.7	8
2021-10-04 04:00	3333.6	3378.4	3321.0	3376.2	8
2021-10-04 08:00	3376.2	3381.7	3296.6	3310.5	8
2021-10-04 12:00	3310.4	3422.5	3269.4	3320.7	11
2021-10-04 16:00	3320.3	3433.6	3308.5	3413.3	14
2021-10-04 20:00	3413.3	3419.8	3352.9	3383.3	9
2021-10-05 00:00	3383.1	3414.8	3361.7	3384.3	9
2021-10-05 04:00	3384.3	3401.5	3361.8	3385.6	11
2021-10-05 08:00	3385.8	3470.3	3378.2	3443.3	9
2021-10-05 12:00	3443.3	3466.3	3413.0	3415.6	8
2021-10-05 16:00	3415.6	3493.2	3405.9	3487.8	8
2021-10-05 20:00	3487.6	3543.2	3486.8	3511.5	8
2021-10-06 00:00	3511.7	3535.8	3471.3	3484.5	9
2021-10-06 04:00	3484.3	3497.6	3437.6	3453.2	13
2021-10-06 08:00	3453.2	3456.0	3339.4	3378.9	14
2021-10-06 12:00	3378.9	3627.1	3371.4	3610.3	14
2021-10-06 16:00	3610.0	3617.9	3560.5	3585.2	12
2021-10-06 20:00	3585.1	3606.5	3550.1	3571.8	10
2021-10-07 00:00	3572.1	3572.9	3467.5	3516.9	12
2021-10-07 04:00	3516.9	3611.0	3502.8	3609.3	8
2021-10-07 08:00	3609.2	3611.8	3533.0	3572.9	11
2021-10-07 12:00	3573.0	3639.5	3519.2	3581.6	10
2021-10-07 16:00	3581.6	3621.1	3554.5	3603.0	8
2021-10-07 20:00	3603.0	3650.7	3560.3	3584.3	11
2021-10-08 00:00	3584.3	3615.0	3549.6	3571.0	10
2021-10-08 04:00	3571.0	3609.8	3546.7	3599.6	8
2021-10-08 08:00	3599.7	3666.4	3594.9	3608.1	10
2021-10-08 12:00	3608.1	3656.7	3577.8	3618.3	10
2021-10-08 16:00	3618.5	3643.0	3602.8	3622.1	8
2021-10-08 20:00	3622.2	3626.9	3533.5	3557.8	11
2021-10-09 00:00	3557.7	3584.7	3535.6	3577.1	11
2021-10-09 04:00	3576.7	3618.6	3567.0	3602.6	9
2021-10-09 08:00	3602.7	3615.3	3567.4	3593.3	14
2021-10-09 12:00	3593.4	3629.7	3591.8	3597.2	20
2021-10-09 16:00	3597.3	3605.4	3572.6	3579.3	22
2021-10-09 20:00	3579.4	3588.8	3555.1	3571.6	19
2021-10-10 00:00	3571.5	3581.2	3483.4	3527.4	23
2021-10-10 04:00	3527.4	3600.1	3502.6	3578.4	22
2021-10-10 08:00	3578.5	3593.5	3548.9	3560.4	22
2021-10-10 12:00	3560.4	3574.8	3521.8	3554.6	23
2021-10-10 16:00	3554.7	3559.7	3501.2	3526.1	22
2021-10-10 20:00	3526.0	3564.9	3404.8	3411.5	18
2021-10-11 00:00	3411.5	3519.3	3372.4	3515.9	12
2021-10-11 04:00	3515.9	3580.3	3500.8	3574.4	10
2021-10-11 08:00	3574.4	3618.7	3530.8	3555.7	8
2021-10-11 12:00	3555.7	3604.4	3546.1	3590.5	8
2021-10-11 16:00	3590.4	3596.8	3511.1	3512.6	10
2021-10-11 20:00	3512.6	3542.1	3462.7	3538.3	9
2021-10-12 00:00	3538.3	3539.6	3446.1	3482.7	11
2021-10-12 04:00	3482.7	3516.1	3452.8	3478.6	10
2021-10-12 08:00	3478.6	3505.1	3412.2	3454.1	10
2021-10-12 12:00	3454.0	3545.0	3399.7	3500.7	15
2021-10-12 16:00	3500.6	3520.5	3456.7	3461.6	18
2021-10-12 20:00	3461.6	3506.7	3414.6	3486.9	12
2021-10-13 00:00	3486.6	3527.8	3478.1	3497.7	11
2021-10-13 04:00	3497.8	3520.9	3423.2	3424.5	13
2021-10-13 08:00	3424.7	3466.6	3409.6	3464.9	12
2021-10-13 12:00	3464.7	3509.4	3408.9	3482.0	13
2021-10-13 16:00	3481.9	3531.7	3477.2	3518.1	11
2021-10-13 20:00	3518.1	3609.0	3516.9	3603.5	9
2021-10-14 00:00	3603.5	3653.4	3585.0	3640.4	9
2021-10-14 04:00	3640.5	3659.5	3609.7	3626.3	9
2021-10-14 08:00	3626.3	3744.2	3618.0	3731.1	10
2021-10-14 12:00	3731.1	3815.9	3717.9	3805.1	10
2021-10-14 16:00	3805.1	3821.9	3749.7	3789.1	11
2021-10-14 20:00	3789.0	3791.8	3751.4	3787.0	8
2021-10-15 00:00	3786.9	3835.8	3731.3	3817.8	10
2021-10-15 04:00	3817.8	3855.5	3795.1	3801.2	9
2021-10-15 08:00	3801.5	3805.8	3741.5	3775.3	17
2021-10-15 12:00	3775.2	3829.4	3762.0	3786.7	14
2021-10-15 16:00	3786.6	3887.7	3785.3	3844.3	16
2021-10-15 20:00	3844.2	3900.8	3817.2	3863.8	12
2021-10-16 00:00	3864.4	3866.5	3818.5	3837.5	9
2021-10-16 04:00	3837.3	3861.5	3828.3	3847.8	10
2021-10-16 08:00	3847.9	3959.9	3845.3	3951.7	19
2021-10-16 12:00	3951.6	3965.6	3878.4	3903.7	21
2021-10-16 16:00	3903.8	3908.9	3831.3	3835.3	17
2021-10-16 20:00	3835.5	3847.8	3800.5	3825.0	17
2021-10-17 00:00	3825.3	3883.5	3802.8	3874.3	20
2021-10-17 04:00	3874.2	3914.9	3850.6	3874.0	20
2021-10-17 08:00	3873.9	3906.0	3855.3	3855.4	16
2021-10-17 12:00	3855.3	3869.5	3766.9	3784.2	19
2021-10-17 16:00	3784.3	3809.6	3751.8	3761.4	18
2021-10-17 20:00	3761.3	3858.1	3647.1	3843.3	22
2021-10-18 00:00	3843.2	3890.2	3829.9	3848.2	16
2021-10-18 04:00	3848.1	3881.4	3831.2	3833.5	22
2021-10-18 08:00	3833.5	3856.3	3702.6	3740.0	26
2021-10-18 12:00	3740.3	3817.8	3673.3	3755.9	22
2021-10-18 16:00	3756.0	3774.8	3691.0	3742.9	19
2021-10-18 20:00	3742.9	3761.2	3711.3	3741.5	20
2021-10-19 00:00	3741.4	3828.3	3728.5	3819.7	17
2021-10-19 04:00	3819.5	3840.3	3766.7	3805.1	13
2021-10-19 08:00	3805.0	3815.4	3767.7	3794.5	10
2021-10-19 12:00	3794.5	3857.5	3741.2	3771.3	14
2021-10-19 16:00	3771.5	3834.1	3771.5	3813.8	9
2021-10-19 20:00	3813.9	3883.7	3797.1	3873.3	10
2021-10-20 00:00	3873.4	3896.8	3839.2	3841.2	9
2021-10-20 04:00	3841.2	3858.1	3824.9	3855.5	8
2021-10-20 08:00	3855.6	3869.3	3842.5	3857.9	8
2021-10-20 12:00	3857.8	4077.0	3856.1	4076.9	13
2021-10-20 16:00	4077.0	4133.2	4050.2	4097.7	12
2021-10-20 20:00	4098.0	4165.0	4065.7	4158.6	10
2021-10-21 00:00	4158.6	4238.5	4134.1	4182.8	11
2021-10-21 04:00	4182.8	4191.8	4119.5	4159.5	14
2021-10-21 08:00	4159.8	4369.3	4156.1	4208.2	17
2021-10-21 12:00	4208.7	4270.0	4009.6	4086.4	27
2021-10-21 16:00	4086.3	4133.3	4038.7	4076.6	23
2021-10-21 20:00	4076.6	4115.3	4039.1	4049.9	13
2021-10-22 00:00	4049.9	4159.1	4049.7	4152.7	8
2021-10-22 04:00	4153.1	4165.0	4102.2	4138.4	8
2021-10-22 08:00	4138.5	4153.0	4085.9	4121.6	8
2021-10-22 12:00	4121.7	4141.5	3958.8	3961.7	19
2021-10-22 16:00	3961.7	3981.0	3888.6	3978.7	23
2021-10-22 20:00	3978.4	3994.5	3924.7	3967.3	12
2021-10-23 00:00	3967.2	4030.6	3942.1	4018.5	10
2021-10-23 04:00	4018.7	4047.3	3996.8	4009.8	10
2021-10-23 08:00	4009.4	4041.6	3934.0	4034.4	21
2021-10-23 12:00	4034.4	4091.5	4014.2	4080.3	17
2021-10-23 16:00	4080.9	4123.5	4063.4	4080.3	19
2021-10-23 20:00	4080.3	4167.5	4065.8	4164.1	18
2021-10-24 00:00	4164.1	4180.8	4112.9	4128.9	18
2021-10-24 04:00	4129.0	4132.3	4072.9	4090.6	17
2021-10-24 08:00	4090.5	4117.5	4021.1	4023.7	19
2021-10-24 12:00	4023.1	4068.9	3982.3	3996.2	24
2021-10-24 16:00	3996.2	4043.7	3958.8	4040.0	22
2021-10-24 20:00	4039.9	4094.9	4033.6	4078.3	16
2021-10-25 00:00	4078.3	4139.9	4065.6	4132.4	13
2021-10-25 04:00	4132.4	4172.9	4109.7	4145.6	11
2021-10-25 08:00	4145.6	4157.1	4102.5	4123.0	12
2021-10-25 12:00	4122.9	4209.7	4104.1	4207.6	11
2021-10-25 16:00	4207.7	4232.0	4166.8	4179.2	11
2021-10-25 20:00	4179.2	4220.3	4172.2	4216.7	13
2021-10-26 00:00	4216.7	4253.3	4201.0	4220.9	13
2021-10-26 04:00	4220.8	4226.5	4174.3	4194.6	15
2021-10-26 08:00	4194.6	4229.2	4193.0	4210.0	11
2021-10-26 12:00	4210.1	4218.0	4128.9	4183.5	14
2021-10-26 16:00	4183.6	4225.6	4135.6	4207.0	9
2021-10-26 20:00	4207.1	4292.1	4088.3	4126.2	13
2021-10-27 00:00	4126.5	4222.6	4114.1	4206.4	8
2021-10-27 04:00	4206.4	4303.6	4131.9	4132.5	10
2021-10-27 08:00	4132.4	4133.1	3938.4	3989.7	11
2021-10-27 12:00	3989.5	4038.1	3961.6	3991.1	9
2021-10-27 16:00	3991.1	4007.0	3939.4	3997.6	8
2021-10-27 20:00	3997.2	4022.6	3912.7	3920.1	8
2021-10-28 00:00	3920.2	4019.7	3890.4	3994.1	8
2021-10-28 04:00	3994.1	4038.9	3985.0	4007.3	8
2021-10-28 08:00	4007.3	4172.0	4006.4	4150.0	9
2021-10-28 12:00	4149.9	4204.1	4135.3	4149.6	9
2021-10-28 16:00	4149.4	4266.0	4120.6	4258.5	9
2021-10-28 20:00	4258.7	4290.6	4207.6	4284.7	9
2021-10-29 00:00	4284.6	4400.7	4264.3	4377.4	12
2021-10-29 04:00	4377.4	4385.8	4287.7	4303.7	15
2021-10-29 08:00	4303.7	4363.0	4278.8	4317.2	20
2021-10-29 12:00	4317.3	4444.6	4293.5	4438.3	20
2021-10-29 16:00	4438.8	4455.9	4346.6	4400.9	15
2021-10-29 20:00	4400.9	4425.8	4385.1	4414.8	10
2021-10-30 00:00	4414.9	4429.8	4327.7	4338.5	12
2021-10-30 04:00	4338.7	4377.3	4326.6	4344.6	8
2021-10-30 08:00	4344.8	4354.1	4292.5	4329.9	15
2021-10-30 12:00	4329.9	4344.9	4238.6	4281.3	23
2021-10-30 16:00	4281.3	4336.8	4265.4	4333.5	19
2021-10-30 20:00	4333.5	4341.5	4248.1	4320.5	20
2021-10-31 00:00	4320.7	4391.8	4315.0	4368.4	22
2021-10-31 04:00	4368.4	4380.7	4298.5	4315.4	19
2021-10-31 08:00	4315.4	4316.4	4190.8	4204.2	25
2021-10-31 12:00	4204.2	4231.5	4164.9	4214.2	26
2021-10-31 16:00	4214.2	4257.9	4191.4	4246.8	21
2021-10-31 20:00	4246.9	4324.7	4229.9	4285.9	16
2021-11-01 00:00	4286.0	4323.7	4179.3	4188.9	14
2021-11-01 04:00	4189.2	4318.6	4149.2	4301.9	9
2021-11-01 08:00	4301.8	4354.6	4295.5	4313.8	8
2021-11-01 12:00	4313.8	4378.7	4310.0	4347.8	8
2021-11-01 16:00	4347.9	4364.7	4262.8	4364.5	13
2021-11-01 20:00	4364.0	4364.5	4276.0	4318.6	8
2021-11-02 00:00	4318.7	4347.8	4284.1	4318.6	8
2021-11-02 04:00	4318.6	4387.6	4314.7	4339.2	8
2021-11-02 08:00	4339.5	4477.8	4329.9	4412.3	12
2021-11-02 12:00	4412.3	4517.4	4412.1	4510.6	8
2021-11-02 16:00	4510.5	4519.7	4473.8	4510.2	9
2021-11-02 20:00	4510.2	4597.6	4484.2	4589.5	8
2021-11-03 00:00	4589.8	4638.5	4554.6	4588.7	8
2021-11-03 04:00	4588.7	4614.5	4536.8	4610.1	8
2021-11-03 08:00	4610.1	4614.8	4552.0	4578.7	8
2021-11-03 12:00	4577.9	4579.7	4453.2	4544.9	9
2021-11-03 16:00	4545.0	4665.2	4497.8	4624.2	9
2021-11-03 20:00	4624.6	4636.3	4574.3	4601.4	8
2021-11-04 00:00	4601.7	4604.5	4540.8	4556.1	8
2021-11-04 04:00	4556.1	4585.9	4515.8	4516.5	8
2021-11-04 08:00	4516.6	4554.8	4482.4	4508.5	8
2021-11-04 12:00	4508.5	4581.2	4459.4	4479.1	8
2021-11-04 16:00	4479.1	4499.7	4418.9	4489.0	9
2021-11-04 20:00	4489.2	4535.8	4480.8	4532.6	8
2021-11-05 00:00	4532.7	4554.0	4468.3	4541.7	8
2021-11-05 04:00	4541.3	4569.1	4517.2	4528.3	8
2021-11-05 08:00	4528.5	4543.8	4471.2	4473.5	8
2021-11-05 12:00	4473.4	4534.1	4451.1	4461.6	8
2021-11-05 16:00	4461.7	4508.7	4458.9	4495.8	8
2021-11-05 20:00	4495.7	4497.0	4442.3	4475.1	8
2021-11-06 00:00	4474.3	4507.0	4456.5	4492.5	8
2021-11-06 04:00	4491.7	4513.7	4457.7	4469.9	8
2021-11-06 08:00	4469.9	4494.3	4341.1	4369.5	14
2021-11-06 12:00	4369.3	4408.6	4327.9	4398.5	15
2021-11-06 16:00	4398.3	4493.6	4382.4	4493.2	16
2021-11-06 20:00	4493.2	4528.1	4480.8	4517.4	15
2021-11-07 00:00	4517.5	4570.4	4503.0	4549.8	15
2021-11-07 04:00	4549.8	4568.9	4537.5	4541.1	16
2021-11-07 08:00	4541.1	4615.5	4518.8	4590.8	15
2021-11-07 12:00	4590.9	4623.9	4574.1	4603.5	16
2021-11-07 16:00	4603.5	4618.5	4587.9	4603.6	15
2021-11-07 20:00	4603.3	4634.6	4588.5	4612.9	11
2021-11-08 00:00	4612.9	4735.2	4612.8	4719.9	16
2021-11-08 04:00	4719.9	4764.5	4709.4	4722.8	15
2021-11-08 08:00	4722.8	4739.7	4708.8	4729.3	10
2021-11-08 12:00	4729.3	4774.3	4703.4	4762.3	11
2021-11-08 16:00	4762.3	4791.4	4747.3	4748.2	9
2021-11-08 20:00	4748.2	4820.4	4728.0	4807.3	10
2021-11-09 00:00	4807.1	4814.0	4776.8	4812.2	9
2021-11-09 04:00	4812.5	4837.2	4777.2	4783.5	9
2021-11-09 08:00	4783.5	4821.7	4753.7	4772.7	8
2021-11-09 12:00	4772.9	4830.0	4756.5	4787.1	11
2021-11-09 16:00	4787.0	4793.6	4710.9	4746.6	12
2021-11-09 20:00	4746.7	4798.4	4714.9	4728.3	9
2021-11-10 00:00	4728.7	4753.5	4676.8	4687.7	12
2021-11-10 04:00	4687.6	4740.0	4675.0	4710.6	8
2021-11-10 08:00	4711.1	4750.9	4697.4	4725.8	8
2021-11-10 12:00	4725.5	4862.8	4691.5	4843.9	15
2021-11-10 16:00	4843.9	4861.8	4692.5	4699.6	15
2021-11-10 20:00	4699.6	4719.0	4465.8	4628.7	18
2021-11-11 00:00	4628.5	4644.9	4575.4	4633.6	9
2021-11-11 04:00	4633.5	4694.6	4619.1	4689.7	8
2021-11-11 08:00	4689.8	4740.0	4652.0	4718.7	8
2021-11-11 12:00	4718.9	4758.3	4672.4	4717.9	9
2021-11-11 16:00	4718.0	4778.1	4713.1	4757.8	8
2021-11-11 20:00	4757.8	4774.6	4712.9	4717.9	8
2021-11-12 00:00	4717.8	4804.9	4688.3	4770.4	10
2021-11-12 04:00	4770.4	4780.7	4690.2	4706.5	11
2021-11-12 08:00	4706.9	4734.6	4574.9	4596.5	15
2021-11-12 12:00	4596.8	4630.1	4538.9	4568.9	17
2021-11-12 16:00	4569.1	4667.3	4506.4	4651.9	18
2021-11-12 20:00	4651.9	4691.0	4628.1	4664.0	11
2021-11-13 00:00	4663.8	4703.4	4620.6	4636.7	8
2021-11-13 04:00	4636.8	4648.0	4608.7	4642.1	8
2021-11-13 08:00	4642.3	4644.4	4582.7	4605.2	16
2021-11-13 12:00	4605.4	4692.3	4595.6	4676.3	20
2021-11-13 16:00	4676.2	4695.6	4618.7	4640.8	17
2021-11-13 20:00	4640.8	4660.0	4631.1	4641.5	14
2021-11-14 00:00	4641.6	4690.9	4618.8	4625.2	17
2021-11-14 04:00	4625.2	4652.9	4592.8	4595.6	17
2021-11-14 08:00	4595.6	4612.0	4565.4	4609.5	16
2021-11-14 12:00	4609.5	4630.2	4574.1	4580.8	17
2021-11-14 16:00	4580.9	4586.8	4512.5	4541.4	21
2021-11-14 20:00	4541.3	4627.8	4531.4	4623.0	15
2021-11-15 00:00	4623.0	4718.6	4623.0	4700.6	15
2021-11-15 04:00	4700.6	4720.5	4675.7	4678.2	12
2021-11-15 08:00	4678.2	4743.0	4656.9	4719.8	8
2021-11-15 12:00	4719.8	4765.9	4630.3	4645.8	10
2021-11-15 16:00	4645.9	4656.7	4562.2	4596.5	12
2021-11-15 20:00	4596.3	4596.3	4537.7	4560.3	8
2021-11-16 00:00	4560.2	4560.3	4255.8	4308.1	18
2021-11-16 04:00	4308.1	4363.6	4269.0	4308.7	11
2021-11-16 08:00	4308.7	4337.7	4105.2	4289.6	16
2021-11-16 12:00	4290.2	4343.8	4221.7	4284.7	16
2021-11-16 16:00	4284.7	4328.3	4232.1	4263.7	12
2021-11-16 20:00	4263.7	4294.8	4159.6	4205.8	11
2021-11-17 00:00	4205.9	4238.5	4065.0	4119.7	13
2021-11-17 04:00	4120.3	4214.7	4078.5	4180.8	17
2021-11-17 08:00	4180.8	4254.4	4100.2	4251.0	15
2021-11-17 12:00	4251.0	4260.3	4141.2	4172.3	16
2021-11-17 16:00	4172.7	4266.7	4147.4	4240.9	10
2021-11-17 20:00	4241.0	4296.5	4211.5	4285.7	9
2021-11-18 00:00	4285.8	4342.2	4268.7	4279.1	10
2021-11-18 04:00	4279.1	4296.4	4224.0	4246.0	10
2021-11-18 08:00	4246.0	4258.1	4181.0	4186.3	20
2021-11-18 12:00	4186.9	4232.8	4049.2	4067.7	22
2021-11-18 16:00	4067.7	4088.6	3957.3	4062.5	28
2021-11-18 20:00	4062.7	4090.7	3956.3	3993.9	19
2021-11-19 00:00	3993.8	4101.9	3971.9	4008.6	19
2021-11-19 04:00	4008.6	4084.9	4005.2	4061.5	13
2021-11-19 08:00	4061.5	4173.0	4059.6	4139.8	11
2021-11-19 12:00	4140.4	4238.0	4130.9	4217.8	17
2021-11-19 16:00	4217.7	4298.3	4212.7	4292.8	10
2021-11-19 20:00	4292.8	4308.4	4250.8	4294.3	10
2021-11-20 00:00	4294.1	4332.1	4276.7	4281.7	11
2021-11-20 04:00	4281.5	4318.8	4263.5	4279.6	8
2021-11-20 08:00	4279.8	4322.1	4270.9	4318.8	10
2021-11-20 12:00	4318.7	4333.0	4214.7	4215.0	14
2021-11-20 16:00	4215.2	4398.7	4202.2	4398.1	15
2021-11-20 20:00	4398.2	4433.8	4389.5	4411.4	15
2021-11-21 00:00	4411.4	4414.5	4334.3	4342.0	22
2021-11-21 04:00	4342.0	4379.9	4325.9	4348.7	17
2021-11-21 08:00	4348.6	4367.4	4303.0	4318.7	20
2021-11-21 12:00	4318.7	4384.6	4303.4	4368.0	24
2021-11-21 16:00	4368.0	4422.4	4336.3	4345.5	22
2021-11-21 20:00	4345.6	4388.4	4244.0	4257.7	17
2021-11-22 00:00	4258.7	4265.7	4147.9	4164.1	15
2021-11-22 04:00	4164.1	4216.5	4125.5	4187.5	18
2021-11-22 08:00	4187.6	4235.4	4166.0	4172.9	9
2021-11-22 12:00	4173.0	4316.1	4127.6	4234.7	9
2021-11-22 16:00	4234.8	4244.8	4049.6	4063.1	15
2021-11-22 20:00	4063.1	4113.5	4021.5	4084.8	15
2021-11-23 00:00	4084.8	4189.1	4062.0	4177.0	8
2021-11-23 04:00	4176.6	4188.3	4085.2	4104.8	9
2021-11-23 08:00	4104.8	4227.0	4059.0	4130.9	11
2021-11-23 12:00	4131.1	4326.9	4126.4	4267.1	9
2021-11-23 16:00	4267.2	4357.2	4267.1	4353.6	13
2021-11-23 20:00	4353.7	4384.2	4320.7	4337.6	9
2021-11-24 00:00	4337.5	4370.5	4229.8	4244.3	11
2021-11-24 04:00	4244.3	4289.2	4215.3	4267.9	10
2021-11-24 08:00	4267.9	4339.4	4252.2	4290.3	8
2021-11-24 12:00	4289.7	4307.6	4165.7	4251.7	15
2021-11-24 16:00	4251.5	4263.2	4197.3	4209.7	10
2021-11-24 20:00	4209.7	4279.5	4197.9	4266.8	8
2021-11-25 00:00	4266.7	4332.0	4245.9	4315.0	8
2021-11-25 04:00	4315.0	4320.1	4263.7	4293.9	8
2021-11-25 08:00	4293.9	4390.6	4270.7	4385.5	8
2021-11-25 12:00	4385.5	4498.6	4382.4	4475.1	8
2021-11-25 16:00	4475.1	4529.5	4463.1	4501.9	8
2021-11-25 20:00	4501.9	4551.3	4469.3	4521.9	8
2021-11-26 00:00	4521.9	4550.8	4425.3	4426.1	8
2021-11-26 04:00	4426.1	4446.5	4314.3	4341.1	10
2021-11-26 08:00	4341.3	4341.7	3979.1	3981.6	18
2021-11-26 12:00	3981.7	4124.8	3913.7	4063.3	17
2021-11-26 16:00	4063.3	4113.9	4024.1	4082.9	18
2021-11-26 20:00	4082.7	4125.7	4026.2	4040.3	15
2021-11-27 00:00	4040.2	4146.4	4027.2	4114.4	14
2021-11-27 04:00	4114.3	4144.6	4088.6	4122.1	10
2021-11-27 08:00	4122.2	4181.8	4105.4	4111.2	24
2021-11-27 12:00	4111.0	4158.0	4105.7	4132.2	22
2021-11-27 16:00	4132.3	4157.6	4113.4	4115.0	21
2021-11-27 20:00	4115.0	4128.3	4031.6	4094.2	21
2021-11-28 00:00	4093.9	4095.2	3981.8	4024.0	26
2021-11-28 04:00	4024.1	4078.3	4005.8	4068.8	23
2021-11-28 08:00	4068.5	4128.2	4033.1	4095.1	19
2021-11-28 12:00	4095.2	4113.2	4045.4	4076.5	20
2021-11-28 16:00	4076.4	4125.0	3965.8	4097.6	25
2021-11-28 20:00	4097.7	4298.3	4097.7	4294.9	21
2021-11-29 00:00	4294.9	4372.3	4284.1	4306.5	19
2021-11-29 04:00	4306.6	4365.5	4305.5	4351.6	9
2021-11-29 08:00	4351.6	4359.6	4278.4	4296.8	8
2021-11-29 12:00	4296.8	4374.0	4295.0	4335.2	9
2021-11-29 16:00	4335.3	4459.1	4328.7	4387.0	8
2021-11-29 20:00	4387.0	4456.8	4384.1	4444.6	8
2021-11-30 00:00	4444.7	4503.1	4402.1	4434.7	8
2021-11-30 04:00	4434.8	4456.0	4347.7	4411.7	10
2021-11-30 08:00	4412.0	4601.1	4390.7	4591.5	9
2021-11-30 12:00	4591.5	4752.4	4570.8	4614.5	9
2021-11-30 16:00	4614.5	4695.4	4522.4	4664.6	13
2021-11-30 20:00	4664.6	4675.4	4599.6	4628.9	8
2021-12-01 00:00	4628.9	4768.7	4602.3	4760.3	8
2021-12-01 04:00	4760.3	4779.3	4687.7	4767.0	8
2021-12-01 08:00	4767.1	4770.1	4654.7	4671.0	9
2021-12-01 12:00	4671.5	4762.7	4657.6	4726.0	8
2021-12-01 16:00	4725.8	4758.5	4595.2	4658.8	9
2021-12-01 20:00	4658.8	4660.7	4523.6	4582.6	10
2021-12-02 00:00	4582.6	4618.2	4452.4	4491.3	8
2021-12-02 04:00	4491.4	4584.6	4485.2	4560.5	8
2021-12-02 08:00	4560.5	4599.1	4495.8	4531.3	8
2021-12-02 12:00	4531.3	4634.3	4481.1	4542.9	11
2021-12-02 16:00	4543.1	4555.7	4432.7	4487.3	9
2021-12-02 20:00	4487.4	4556.5	4469.7	4510.3	8
2021-12-03 00:00	4510.2	4545.5	4469.9	4492.7	8
2021-12-03 04:00	4492.7	4590.1	4489.1	4567.9	8
2021-12-03 08:00	4567.8	4616.5	4544.6	4613.1	8
2021-12-03 12:00	4612.9	4654.2	4454.5	4465.6	11
2021-12-03 16:00	4465.4	4465.4	4183.7	4226.4	18
2021-12-03 20:00	4226.8	4250.1	4044.0	4217.0	18
2021-12-04 00:00	4217.1	4235.9	4056.2	4056.7	16
2021-12-04 04:00	4056.6	4115.9	3487.9	3894.5	22
2021-12-04 08:00	3894.5	3983.1	3828.6	3869.7	30
2021-12-04 12:00	3869.6	4067.2	3869.6	4041.4	32
2021-12-04 16:00	4041.4	4136.2	3981.4	4121.0	27
2021-12-04 20:00	4120.3	4130.3	4035.1	4120.2	27
2021-12-05 00:00	4120.1	4179.6	4068.2	4165.5	32
2021-12-05 04:00	4165.6	4232.5	4142.2	4202.4	26
2021-12-05 08:00	4202.4	4225.0	4166.6	4198.3	26
2021-12-05 12:00	4198.3	4250.7	4034.1	4070.9	31
2021-12-05 16:00	4071.1	4179.0	4066.3	4139.7	31
2021-12-05 20:00	4139.8	4206.1	4101.2	4198.1	17
2021-12-06 00:00	4198.1	4204.7	4104.5	4171.2	10
2021-12-06 04:00	4171.0	4197.4	4016.7	4072.6	11
2021-12-06 08:00	4072.7	4149.4	3921.5	4046.5	17
2021-12-06 12:00	4046.4	4128.3	3986.8	4126.4	17
2021-12-06 16:00	4126.3	4219.2	4096.5	4195.1	10
2021-12-06 20:00	4195.1	4375.0	4184.7	4350.2	8
2021-12-07 00:00	4350.3	4386.9	4308.1	4342.7	8
2021-12-07 04:00	4342.6	4385.9	4332.9	4353.5	8
2021-12-07 08:00	4353.4	4425.6	4347.5	4410.6	8
2021-12-07 12:00	4410.6	4418.8	4333.2	4387.9	8
2021-12-07 16:00	4387.9	4406.1	4280.7	4312.6	12
2021-12-07 20:00	4312.8	4329.3	4256.9	4306.1	10
2021-12-08 00:00	4306.1	4343.8	4281.6	4293.8	9
2021-12-08 04:00	4293.8	4378.5	4293.6	4366.8	8
2021-12-08 08:00	4366.8	4385.0	4231.3	4267.1	10
2021-12-08 12:00	4267.1	4451.5	4224.8	4403.4	9
2021-12-08 16:00	4403.3	4421.2	4362.3	4380.2	8
2021-12-08 20:00	4380.2	4441.3	4371.8	4437.4	8
2021-12-09 00:00	4437.5	4487.2	4352.4	4358.8	13
2021-12-09 04:00	4358.7	4406.0	4341.8	4379.1	9
2021-12-09 08:00	4379.2	4379.6	4271.0	4303.7	12
2021-12-09 12:00	4303.6	4322.4	4137.6	4201.0	13
2021-12-09 16:00	4201.0	4233.2	4096.7	4120.2	16
2021-12-09 20:00	4120.2	4199.5	4072.4	4102.0	16
2021-12-10 00:00	4101.9	4195.5	4097.9	4137.5	20
2021-12-10 04:00	4137.8	4161.3	4017.7	4025.7	18
2021-12-10 08:00	4025.7	4168.1	4020.4	4154.3	18
2021-12-10 12:00	4154.3	4227.4	3982.1	4019.3	22
2021-12-10 16:00	4019.2	4030.6	3930.6	4014.9	23
2021-12-10 20:00	4014.9	4054.7	3886.2	3899.2	14
2021-12-11 00:00	3897.2	4037.9	3832.2	4007.0	15
2021-12-11 04:00	4007.1	4066.5	3929.7	3976.5	11
2021-12-11 08:00	3976.5	4083.5	3964.2	4011.3	25
2021-12-11 12:00	4011.5	4060.0	3990.9	4057.2	24
2021-12-11 16:00	4056.8	4094.7	3999.8	4002.0	24
2021-12-11 20:00	4002.2	4091.5	3980.8	4083.5	22
2021-12-12 00:00	4083.5	4095.0	4026.2	4041.3	22
2021-12-12 04:00	4041.4	4061.6	4005.9	4054.8	19
2021-12-12 08:00	4054.8	4058.2	3985.5	4035.7	20
2021-12-12 12:00	4035.1	4056.3	4014.9	4022.8	21
2021-12-12 16:00	4022.8	4166.8	4016.5	4137.3	24
2021-12-12 20:00	4137.3	4172.4	4113.1	4128.8	15
2021-12-13 00:00	4129.0	4141.3	3952.6	3994.6	12
2021-12-13 04:00	3994.7	4045.3	3972.3	3985.6	13
2021-12-13 08:00	3985.6	4029.5	3950.2	4010.3	12
2021-12-13 12:00	4010.1	4019.0	3764.7	3806.8	23
2021-12-13 16:00	3806.6	3871.7	3667.8	3762.8	30
2021-12-13 20:00	3762.9	3810.3	3714.4	3779.9	21
2021-12-14 00:00	3779.9	3829.9	3748.5	3772.3	16
2021-12-14 04:00	3772.3	3792.6	3683.2	3780.3	19
2021-12-14 08:00	3780.1	3842.2	3758.8	3837.1	14
2021-12-14 12:00	3837.3	3863.5	3761.1	3782.0	18
2021-12-14 16:00	3782.1	3798.7	3722.8	3767.3	12
2021-12-14 20:00	3767.3	3878.7	3766.5	3857.5	10
2021-12-15 00:00	3857.5	3892.2	3802.1	3844.6	10
2021-12-15 04:00	3844.6	3889.2	3822.3	3861.3	11
2021-12-15 08:00	3861.6	3896.4	3841.4	3849.1	9
2021-12-15 12:00	3848.4	3871.0	3650.4	3655.3	16
2021-12-15 16:00	3655.2	3982.3	3641.8	3967.8	17
2021-12-15 20:00	3967.7	4089.5	3964.1	4016.7	14
2021-12-16 00:00	4017.1	4055.0	4003.6	4015.9	13
2021-12-16 04:00	4015.9	4045.0	3977.1	4018.9	13
2021-12-16 08:00	4018.9	4080.7	4011.3	4067.4	11
2021-12-16 12:00	4067.5	4110.2	4009.7	4080.6	12
2021-12-16 16:00	4080.5	4108.8	3976.5	3993.2	15
2021-12-16 20:00	3993.1	4044.6	3949.9	3953.6	13
2021-12-17 00:00	3953.7	3990.2	3930.4	3964.6	13
2021-12-17 04:00	3964.4	3984.6	3850.3	3878.3	14
2021-12-17 08:00	3878.4	3892.3	3805.5	3831.1	12
2021-12-17 12:00	3831.2	3847.7	3697.5	3831.3	18
2021-12-17 16:00	3831.4	3942.8	3825.5	3878.5	15
2021-12-17 20:00	3878.4	3935.8	3823.2	3871.5	16
2021-12-18 00:00	3871.6	3902.5	3764.2	3875.1	16
2021-12-18 04:00	3875.4	3934.3	3837.3	3889.0	12
2021-12-18 08:00	3889.0	3990.0	3873.3	3955.1	26
2021-12-18 12:00	3955.6	3981.0	3924.0	3944.1	24
2021-12-18 16:00	3944.1	3965.3	3907.3	3941.4	24
2021-12-18 20:00	3941.4	3994.5	3925.1	3957.8	21
2021-12-19 00:00	3957.7	4027.4	3889.0	3986.8	26
2021-12-19 04:00	3986.9	4024.8	3964.7	3975.3	24
2021-12-19 08:00	3975.2	3986.5	3897.0	3922.9	24
2021-12-19 12:00	3922.8	3995.5	3897.5	3923.8	28
2021-12-19 16:00	3923.7	3948.6	3884.9	3911.4	26
2021-12-19 20:00	3911.3	3990.0	3894.8	3921.4	17
2021-12-20 00:00	3921.4	3978.7	3887.7	3903.3	17
2021-12-20 04:00	3903.3	3930.8	3806.7	3821.8	18
2021-12-20 08:00	3821.8	3832.2	3757.6	3810.1	15
2021-12-20 12:00	3810.1	3844.2	3751.6	3796.9	14
2021-12-20 16:00	3797.0	3879.6	3789.9	3869.6	12
2021-12-20 20:00	3869.3	3966.0	3869.2	3941.7	8
2021-12-21 00:00	3941.8	4018.9	3910.8	4005.0	13
2021-12-21 04:00	4004.8	4050.4	3987.8	4001.1	10
2021-12-21 08:00	4001.1	4033.6	3992.2	4022.9	8
2021-12-21 12:00	4022.9	4059.6	3959.4	3974.5	13
2021-12-21 16:00	3974.4	4009.8	3969.7	4005.0	9
2021-12-21 20:00	4005.0	4040.0	3994.3	4013.0	8
2021-12-22 00:00	4013.1	4072.2	3991.0	4046.0	8
2021-12-22 04:00	4046.1	4057.4	4028.1	4045.4	8
2021-12-22 08:00	4045.3	4059.5	4001.0	4020.2	8
2021-12-22 12:00	4019.8	4028.0	3936.0	4005.4	9
2021-12-22 16:00	4005.4	4030.9	3953.7	3995.5	9
2021-12-22 20:00	3995.2	4017.2	3971.3	3977.1	9
2021-12-23 00:00	3977.1	4001.9	3908.4	3957.8	11
2021-12-23 04:00	3958.0	3969.5	3899.2	3907.6	8
2021-12-23 08:00	3907.7	3951.9	3891.8	3931.3	10
2021-12-23 12:00	3931.5	3961.9	3922.4	3946.8	9
2021-12-23 16:00	3946.9	4150.4	3943.3	4132.5	12
2021-12-23 20:00	4132.7	4141.1	4084.2	4108.8	8
2021-12-24 00:00	4108.8	4126.7	4074.1	4089.5	8
2021-12-24 04:00	4089.2	4097.7	4061.5	4086.1	8
2021-12-24 08:00	4086.2	4114.7	4068.9	4076.7	8
2021-12-24 12:00	4076.7	4111.9	4049.6	4092.5	8
2021-12-24 16:00	4092.6	4132.7	4070.0	4075.2	9
2021-12-24 20:00	4075.3	4075.9	4016.8	4042.9	9
2021-12-25 00:00	4043.1	4073.8	4020.9	4037.2	8
2021-12-25 04:00	4037.0	4060.9	4027.0	4051.3	8
2021-12-25 08:00	4051.2	4061.1	4021.5	4049.7	8
2021-12-25 12:00	4049.8	4102.7	4049.3	4078.3	8
2021-12-25 16:00	4078.2	4098.6	4036.4	4075.6	8
2021-12-25 20:00	4075.5	4135.0	4072.7	4088.9	6
2021-12-26 00:00	4090.4	4093.9	4005.9	4011.3	4
2021-12-26 04:00	4011.4	4037.8	4003.6	4035.2	8
2021-12-26 08:00	4035.2	4054.9	4012.3	4031.6	15
2021-12-26 12:00	4031.6	4065.2	4022.6	4052.1	16
2021-12-26 16:00	4052.2	4078.7	4047.4	4074.9	15
2021-12-26 20:00	4074.6	4102.6	4041.3	4060.3	15
2021-12-27 00:00	4060.5	4085.2	4046.8	4078.7	9
2021-12-27 04:00	4078.8	4078.8	4046.6	4049.1	8
2021-12-27 08:00	4049.0	4063.5	4031.8	4058.7	9
2021-12-27 12:00	4058.8	4111.3	4043.4	4090.1	10
2021-12-27 16:00	4090.2	4123.6	4073.9	4076.0	8
2021-12-27 20:00	4075.9	4090.6	4029.7	4034.7	9
2021-12-28 00:00	4034.7	4034.7	3929.0	3957.6	14
2021-12-28 04:00	3957.6	3957.6	3875.9	3913.7	9
2021-12-28 08:00	3913.7	3930.7	3882.3	3918.0	8
2021-12-28 12:00	3918.2	3929.4	3848.2	3895.1	8
2021-12-28 16:00	3895.2	3898.5	3756.5	3804.4	20
2021-12-28 20:00	3804.5	3840.3	3787.1	3789.2	13
2021-12-29 00:00	3789.2	3823.4	3781.7	3812.5	12
2021-12-29 04:00	3812.6	3818.5	3784.5	3792.5	14
2021-12-29 08:00	3792.6	3821.4	3764.4	3786.6	13
2021-12-29 12:00	3786.7	3798.5	3693.6	3792.8	14
2021-12-29 16:00	3792.8	3795.9	3709.9	3722.5	10
2021-12-29 20:00	3722.4	3764.0	3600.7	3624.9	14
2021-12-30 00:00	3624.9	3666.7	3581.8	3646.8	13
2021-12-30 04:00	3646.7	3715.3	3644.7	3705.4	10
2021-12-30 08:00	3705.4	3741.4	3675.2	3734.9	14
2021-12-30 12:00	3734.8	3746.0	3698.0	3704.0	16
2021-12-30 16:00	3704.0	3764.9	3702.0	3747.9	11
2021-12-30 20:00	3748.1	3757.1	3679.7	3705.5	12
2021-12-31 00:00	3705.6	3743.9	3682.4	3739.7	10
2021-12-31 04:00	3739.6	3758.1	3683.2	3717.0	9
2021-12-31 08:00	3716.9	3810.9	3710.9	3776.9	11
2021-12-31 12:00	3777.0	3808.7	3770.0	3778.1	9
2021-12-31 16:00	3778.1	3783.4	3736.8	3743.9	5
2022-01-01 12:00	3706.6	3740.6	3688.6	3722.1	5
2022-01-01 16:00	3721.4	3762.5	3716.2	3744.4	8
2022-01-01 20:00	3744.3	3772.9	3736.6	3751.5	6
2022-01-02 20:00	3808.1	3837.0	3807.7	3826.7	4
2022-01-03 00:00	3826.6	3826.6	3772.7	3781.9	8
2022-01-03 04:00	3781.8	3819.1	3777.5	3804.8	8
2022-01-03 08:00	3804.7	3840.2	3788.1	3832.0	9
2022-01-03 12:00	3832.3	3846.7	3772.4	3779.2	13
2022-01-03 16:00	3779.2	3790.1	3731.5	3735.8	15
2022-01-03 20:00	3735.8	3773.4	3678.6	3761.6	10
2022-01-04 00:00	3761.7	3769.9	3710.5	3740.4	13
2022-01-04 04:00	3740.5	3759.9	3723.9	3759.9	8
2022-01-04 08:00	3760.0	3836.2	3754.6	3833.0	8
2022-01-04 12:00	3832.9	3887.5	3813.0	3845.3	9
2022-01-04 16:00	3845.3	3860.9	3754.4	3807.1	13
2022-01-04 20:00	3806.9	3827.7	3780.6	3781.2	11
2022-01-05 00:00	3781.1	3822.2	3765.0	3805.6	12
2022-01-05 04:00	3805.5	3818.5	3793.8	3812.0	10
2022-01-05 08:00	3812.0	3844.0	3777.8	3787.5	10
2022-01-05 12:00	3787.4	3828.6	3760.3	3817.8	12
2022-01-05 16:00	3817.8	3820.3	3641.6	3649.8	17
2022-01-05 20:00	3649.9	3659.1	3409.1	3533.5	23
2022-01-06 00:00	3534.4	3545.3	3449.6	3449.6	9
2022-01-06 04:00	3449.6	3475.6	3403.5	3448.2	13
2022-01-06 08:00	3448.1	3450.4	3296.8	3343.8	17
2022-01-06 12:00	3343.9	3421.0	3312.8	3392.4	16
2022-01-06 16:00	3392.3	3456.6	3378.3	3443.3	13
2022-01-06 20:00	3443.3	3453.8	3401.4	3402.0	11
2022-01-07 00:00	3402.1	3410.8	3225.8	3233.3	16
2022-01-07 04:00	3233.3	3244.9	3109.9	3196.5	24
2022-01-07 08:00	3196.5	3280.1	3184.1	3220.7	15
2022-01-07 12:00	3220.9	3261.6	3060.6	3129.3	19
2022-01-07 16:00	3129.1	3218.2	3088.1	3193.1	13
2022-01-07 20:00	3193.2	3219.8	3161.5	3193.3	11
2022-01-08 00:00	3193.9	3240.2	3177.5	3199.8	12
2022-01-08 04:00	3199.3	3224.5	3188.8	3212.5	8
2022-01-08 08:00	3212.5	3243.1	3205.5	3215.8	18
2022-01-08 12:00	3215.9	3225.9	3143.9	3156.5	18
2022-01-08 16:00	3156.5	3175.1	2996.6	3024.8	31
2022-01-08 20:00	3024.8	3128.5	3000.2	3078.5	25
2022-01-09 00:00	3076.3	3142.0	3055.5	3115.3	23
2022-01-09 04:00	3117.3	3142.5	3113.2	3129.6	16
2022-01-09 08:00	3125.1	3135.2	3081.2	3124.9	16
2022-01-09 12:00	3124.9	3130.3	3070.8	3094.2	20
2022-01-09 16:00	3094.3	3205.4	3089.6	3199.6	22
2022-01-09 20:00	3199.6	3207.2	3140.7	3147.8	14
2022-01-10 00:00	3147.8	3166.6	3126.2	3151.8	11
2022-01-10 04:00	3151.7	3176.3	3148.8	3159.4	10
2022-01-10 08:00	3159.5	3165.3	3091.4	3100.6	12
2022-01-10 12:00	3100.7	3106.1	2925.6	3002.4	22
2022-01-10 16:00	3002.5	3091.1	2967.5	3025.8	21
2022-01-10 20:00	3025.8	3091.7	3016.4	3079.6	12
2022-01-11 00:00	3079.6	3125.3	3049.0	3116.7	10
2022-01-11 04:00	3116.7	3131.3	3094.6	3125.1	8
2022-01-11 08:00	3125.1	3141.2	3085.8	3108.5	8
2022-01-11 12:00	3108.5	3152.9	3072.5	3129.9	12
2022-01-11 16:00	3130.0	3261.2	3127.3	3235.3	8
2022-01-11 20:00	3235.4	3246.2	3221.5	3236.5	8
2022-01-12 00:00	3236.5	3256.7	3215.4	3231.9	9
2022-01-12 04:00	3231.9	3258.5	3203.4	3214.3	8
2022-01-12 08:00	3214.2	3291.0	3212.1	3269.8	11
2022-01-12 12:00	3269.5	3385.4	3266.4	3358.6	10
2022-01-12 16:00	3358.5	3389.6	3333.9	3379.4	9
2022-01-12 20:00	3379.3	3408.1	3353.3	3369.5	8
2022-01-13 00:00	3369.5	3381.4	3313.2	3335.3	8
2022-01-13 04:00	3335.5	3350.0	3322.2	3338.6	8
2022-01-13 08:00	3338.7	3376.3	3327.6	3331.8	8
2022-01-13 12:00	3331.8	3408.6	3270.8	3298.4	10
2022-01-13 16:00	3298.3	3315.6	3245.9	3268.2	10
2022-01-13 20:00	3268.2	3273.7	3230.2	3238.9	10
2022-01-14 00:00	3238.7	3273.2	3221.0	3264.7	8
2022-01-14 04:00	3264.7	3309.7	3260.8	3265.0	8
2022-01-14 08:00	3265.1	3271.5	3193.5	3199.1	8
2022-01-14 12:00	3199.0	3296.3	3187.9	3275.3	10
2022-01-14 16:00	3275.2	3324.0	3255.8	3305.8	9
2022-01-14 20:00	3305.8	3339.4	3291.1	3306.0	8
2022-01-15 00:00	3305.9	3323.7	3293.2	3296.1	5
2022-01-15 04:00	3305.1	3317.9	3292.3	3310.2	7
2022-01-15 16:00	3360.9	3368.7	3338.1	3346.6	14
2022-01-15 20:00	3347.3	3368.2	3345.7	3347.6	7
2022-01-16 12:00	3311.1	3359.3	3271.7	3350.3	25
2022-01-16 16:00	3350.3	3389.1	3310.5	3317.4	23
2022-01-16 20:00	3317.5	3360.9	3308.4	3345.5	13
2022-01-17 00:00	3345.6	3355.3	3255.3	3255.6	8
2022-01-17 04:00	3255.6	3296.2	3234.3	3268.8	12
2022-01-17 08:00	3268.9	3278.9	3248.2	3253.0	8
2022-01-17 12:00	3253.0	3277.0	3218.7	3233.6	9
2022-01-17 16:00	3233.6	3243.0	3178.1	3216.5	8
2022-01-17 20:00	3216.6	3221.1	3139.5	3206.9	8
2022-01-18 00:00	3206.9	3240.5	3172.8	3178.8	8
2022-01-18 04:00	3178.7	3204.0	3160.7	3184.3	8
2022-01-18 08:00	3184.2	3189.0	3126.8	3168.8	9
2022-01-18 12:00	3168.7	3178.4	3097.5	3112.7	9
2022-01-18 16:00	3112.6	3136.4	3080.9	3125.1	11
2022-01-18 20:00	3125.2	3189.8	3097.6	3157.4	9
2022-01-19 00:00	3157.4	3172.4	3086.1	3096.1	9
2022-01-19 04:00	3096.2	3110.2	3048.8	3057.4	9
2022-01-19 08:00	3057.4	3126.3	3048.8	3113.9	10
2022-01-19 12:00	3113.8	3158.2	3107.9	3120.2	12
2022-01-19 16:00	3120.1	3154.9	3080.8	3126.1	9
2022-01-19 20:00	3126.1	3135.3	3079.5	3081.2	9
2022-01-20 00:00	3081.1	3127.3	3081.0	3122.6	8
2022-01-20 04:00	3122.8	3149.0	3110.6	3135.5	8
2022-01-20 08:00	3135.6	3151.4	3114.5	3149.0	8
2022-01-20 12:00	3149.1	3265.9	3124.4	3257.9	9
2022-01-20 16:00	3258.1	3268.4	3201.4	3211.8	11
2022-01-20 20:00	3211.8	3215.5	2983.3	2998.6	19
2022-01-21 00:00	2998.6	3029.8	2806.0	2833.8	20
2022-01-21 04:00	2833.2	2892.0	2831.8	2879.5	10
2022-01-21 08:00	2879.5	2895.5	2831.1	2843.1	14
2022-01-21 12:00	2843.3	2850.1	2732.2	2827.9	23
2022-01-21 16:00	2828.0	2857.1	2735.1	2737.3	22
2022-01-21 20:00	2737.2	2759.4	2466.6	2565.3	35
2022-01-22 00:00	2564.8	2622.5	2539.4	2564.7	32
2022-01-22 04:00	2564.4	2573.4	2424.1	2460.6	30
2022-01-22 08:00	2460.0	2500.7	2298.2	2427.7	35
2022-01-22 12:00	2427.7	2514.7	2378.2	2383.4	32
2022-01-22 16:00	2383.4	2461.9	2316.5	2334.4	40
2022-01-22 20:00	2334.5	2452.8	2316.5	2408.2	32
2022-01-23 00:00	2408.2	2459.5	2383.4	2413.8	27
2022-01-23 04:00	2413.9	2498.9	2404.2	2485.3	25
2022-01-23 08:00	2484.8	2547.1	2475.4	2496.0	24
2022-01-23 12:00	2496.0	2511.8	2402.1	2430.1	25
2022-01-23 16:00	2430.1	2450.6	2373.3	2380.7	25
2022-01-23 20:00	2380.7	2545.2	2367.9	2537.2	27
2022-01-24 00:00	2536.9	2537.3	2430.5	2457.1	17
2022-01-24 04:00	2457.1	2467.8	2385.0	2385.0	16
2022-01-24 08:00	2385.0	2437.6	2198.0	2234.9	28
2022-01-24 12:00	2234.8	2282.9	2156.1	2270.3	27
2022-01-24 16:00	2270.6	2404.0	2210.8	2377.5	22
2022-01-24 20:00	2377.5	2476.7	2366.7	2438.4	13
2022-01-25 00:00	2438.0	2439.3	2375.2	2412.9	16
2022-01-25 04:00	2412.7	2418.7	2347.2	2381.5	14
2022-01-25 08:00	2381.5	2449.9	2370.6	2421.8	16
2022-01-25 12:00	2421.8	2466.0	2364.6	2416.5	15
2022-01-25 16:00	2416.5	2504.3	2410.5	2464.9	15
2022-01-25 20:00	2464.9	2469.8	2402.3	2456.7	14
2022-01-26 00:00	2456.7	2482.5	2412.6	2474.2	8
2022-01-26 04:00	2474.2	2496.4	2442.8	2459.7	9
2022-01-26 08:00	2459.6	2545.4	2459.1	2544.4	10
2022-01-26 12:00	2544.4	2664.2	2524.8	2602.6	16
2022-01-26 16:00	2602.5	2719.2	2560.1	2570.6	13
2022-01-26 20:00	2570.7	2570.7	2398.9	2460.8	9
2022-01-27 00:00	2460.8	2493.2	2352.4	2362.5	10
2022-01-27 04:00	2362.4	2416.4	2358.8	2401.0	10
2022-01-27 08:00	2401.3	2456.3	2383.7	2456.3	8
2022-01-27 12:00	2456.3	2518.0	2440.2	2476.5	9
2022-01-27 16:00	2476.6	2491.8	2387.4	2391.8	9
2022-01-27 20:00	2391.9	2427.2	2312.9	2421.9	9
2022-01-28 00:00	2422.0	2451.8	2361.4	2444.3	8
2022-01-28 04:00	2444.5	2471.7	2385.6	2386.0	8
2022-01-28 08:00	2385.9	2417.8	2369.7	2393.3	11
2022-01-28 12:00	2393.5	2445.6	2356.3	2440.5	10
2022-01-28 16:00	2440.7	2489.3	2424.3	2459.3	9
2022-01-28 20:00	2459.2	2555.5	2456.5	2542.6	14
2022-01-29 00:00	2542.9	2584.6	2517.6	2539.2	20
2022-01-29 04:00	2539.2	2552.7	2520.6	2543.4	10
2022-01-29 12:00	2588.9	2605.1	2523.1	2541.9	17
2022-01-29 16:00	2541.9	2602.8	2525.5	2587.8	24
2022-01-29 20:00	2587.9	2635.8	2577.6	2599.5	25
2022-01-30 00:00	2599.5	2613.1	2562.3	2568.5	22
2022-01-30 04:00	2568.1	2629.9	2565.2	2616.1	24
2022-01-30 08:00	2616.0	2637.8	2594.9	2623.2	17
2022-01-30 12:00	2623.1	2636.7	2583.0	2613.7	25
2022-01-30 16:00	2613.7	2621.9	2550.9	2557.4	25
2022-01-30 20:00	2557.2	2629.5	2540.7	2600.0	17
2022-01-31 00:00	2599.7	2605.0	2489.2	2509.2	8
2022-01-31 04:00	2509.1	2526.3	2475.4	2526.3	8
2022-01-31 08:00	2526.4	2566.0	2515.7	2556.9	8
2022-01-31 12:00	2556.8	2632.2	2516.3	2617.9	9
2022-01-31 16:00	2618.3	2704.4	2612.4	2671.1	10
2022-01-31 20:00	2671.0	2702.9	2660.3	2685.7	9
2022-02-01 00:00	2685.1	2756.1	2672.9	2750.5	8
2022-02-01 04:00	2750.4	2764.6	2716.5	2735.0	8
2022-02-01 08:00	2735.0	2794.0	2717.5	2759.6	10
2022-02-01 12:00	2759.5	2808.6	2729.1	2766.2	13
2022-02-01 16:00	2766.3	2811.2	2748.6	2749.2	11
2022-02-01 20:00	2749.1	2802.4	2748.6	2786.7	8
2022-02-02 00:00	2786.6	2801.9	2739.4	2779.5	8
2022-02-02 04:00	2779.5	2779.5	2740.9	2747.5	8
2022-02-02 08:00	2747.7	2774.2	2739.2	2764.9	8
2022-02-02 12:00	2764.8	2809.0	2651.2	2661.8	12
2022-02-02 16:00	2661.3	2717.3	2635.3	2707.5	12
2022-02-02 20:00	2707.5	2732.2	2612.3	2678.1	11
2022-02-03 00:00	2678.8	2722.4	2650.9	2655.7	10
2022-02-03 04:00	2655.6	2674.6	2635.4	2668.7	8
2022-02-03 08:00	2668.8	2681.9	2580.5	2619.0	10
2022-02-03 12:00	2619.1	2644.8	2574.8	2638.0	13
2022-02-03 16:00	2637.9	2656.3	2588.8	2595.7	9
2022-02-03 20:00	2595.6	2696.1	2573.4	2694.3	9
2022-02-04 00:00	2694.2	2696.2	2670.4	2681.6	8
2022-02-04 04:00	2681.9	2806.2	2674.3	2802.6	8
2022-02-04 08:00	2802.5	2865.4	2802.0	2825.6	9
2022-02-04 12:00	2825.7	2923.7	2760.6	2869.6	12
2022-02-04 16:00	2869.5	2966.8	2865.7	2957.1	12
2022-02-04 20:00	2957.2	2994.8	2928.4	2993.9	16
2022-02-05 00:00	2993.9	3015.6	2958.0	2987.2	21
2022-02-05 04:00	2995.6	3034.5	2987.4	2999.8	15
2022-02-05 08:00	2999.9	3032.6	2986.7	3010.2	14
2022-02-05 12:00	3010.3	3059.2	2997.3	3050.4	20
2022-02-05 16:00	3050.0	3055.0	2959.1	3009.0	22
2022-02-05 20:00	3009.0	3033.9	2992.0	3011.0	18
2022-02-06 00:00	3011.0	3031.8	3006.6	3006.8	17
2022-02-06 04:00	3006.8	3015.0	2987.7	3013.2	5
2022-02-06 08:00	3016.6	3019.8	2996.4	3004.3	8
2022-02-06 12:00	3004.1	3042.5	2950.7	2989.5	23
2022-02-06 16:00	2989.5	3008.0	2976.5	2999.2	20
2022-02-06 20:00	2999.2	3072.1	2974.1	3054.2	15
2022-02-07 00:00	3054.3	3073.1	2991.8	3068.1	12
2022-02-07 04:00	3068.1	3108.5	3054.7	3078.3	8
2022-02-07 08:00	3078.2	3084.1	3048.5	3066.3	8
2022-02-07 12:00	3066.4	3127.0	3053.6	3122.9	9
2022-02-07 16:00	3122.9	3186.4	3106.5	3166.2	13
2022-02-07 20:00	3166.2	3185.0	3127.9	3138.5	8
2022-02-08 00:00	3138.6	3155.6	3111.3	3145.5	8
2022-02-08 04:00	3145.5	3230.2	3141.0	3173.4	8
2022-02-08 08:00	3173.4	3177.9	3074.6	3104.6	9
2022-02-08 12:00	3104.5	3104.5	3030.9	3075.9	9
2022-02-08 16:00	3075.8	3084.0	3024.9	3050.3	8
2022-02-08 20:00	3050.5	3137.4	3045.6	3115.7	8
2022-02-09 00:00	3115.8	3130.0	3061.3	3075.4	8
2022-02-09 04:00	3075.4	3111.0	3053.7	3105.1	8
2022-02-09 08:00	3105.4	3156.9	3068.3	3152.0	8
2022-02-09 12:00	3151.5	3215.7	3139.1	3178.4	9
2022-02-09 16:00	3178.3	3256.9	3163.4	3246.6	8
2022-02-09 20:00	3246.7	3270.3	3231.3	3243.4	8
2022-02-10 00:00	3243.4	3248.8	3170.2	3178.4	11
2022-02-10 04:00	3178.4	3194.4	3156.0	3189.3	9
2022-02-10 08:00	3189.3	3280.9	3184.0	3246.9	8
2022-02-10 12:00	3247.0	3264.3	3085.8	3208.5	11
2022-02-10 16:00	3208.5	3243.8	3115.2	3118.6	17
2022-02-10 20:00	3118.7	3140.0	3056.5	3071.0	12
2022-02-11 00:00	3071.2	3094.5	3001.5	3079.7	14
2022-02-11 04:00	3079.6	3104.4	3040.5	3096.6	12
2022-02-11 08:00	3096.6	3114.3	3061.6	3086.8	9
2022-02-11 12:00	3086.9	3137.3	3077.8	3101.8	10
2022-02-11 16:00	3101.8	3111.7	2964.7	2990.3	14
2022-02-11 20:00	2990.3	2999.1	2877.3	2924.8	24
2022-02-12 00:00	2924.8	2954.0	2907.7	2953.5	12
2022-02-12 16:00	2876.9	2976.5	2861.4	2951.0	20
2022-02-12 20:00	2950.9	2983.4	2865.0	2915.7	19
2022-02-13 00:00	2916.3	2944.0	2895.7	2921.6	16
2022-02-13 16:00	2886.4	2900.2	2834.8	2854.0	16
2022-02-13 20:00	2853.8	2906.5	2846.1	2869.1	14
2022-02-14 00:00	2869.2	2890.8	2828.7	2863.7	8
2022-02-14 04:00	2863.8	2881.3	2841.5	2880.3	8
2022-02-14 08:00	2880.4	2886.1	2843.6	2872.2	11
2022-02-14 12:00	2872.1	2962.8	2855.8	2934.1	10
2022-02-14 16:00	2934.1	2962.5	2855.6	2878.1	10
2022-02-14 20:00	2877.9	2946.6	2864.2	2927.4	8
2022-02-15 00:00	2927.5	3035.8	2910.3	3023.2	9
2022-02-15 04:00	3023.3	3058.7	3005.0	3047.8	8
2022-02-15 08:00	3047.7	3115.2	3039.5	3093.5	8
2022-02-15 12:00	3093.4	3146.1	3086.8	3121.7	8
2022-02-15 16:00	3121.8	3138.6	3085.7	3107.5	9
2022-02-15 20:00	3107.4	3194.9	3090.3	3183.0	10
2022-02-16 00:00	3183.0	3183.6	3131.7	3140.0	8
2022-02-16 04:00	3140.0	3150.7	3102.9	3148.3	8
2022-02-16 08:00	3148.3	3160.9	3111.7	3134.4	8
2022-02-16 12:00	3134.4	3142.0	3050.9	3064.9	9
2022-02-16 16:00	3064.8	3186.3	3043.0	3168.4	8
2022-02-16 20:00	3168.4	3178.0	3116.3	3120.6	8
2022-02-17 00:00	3120.7	3158.7	3081.5	3081.9	8
2022-02-17 04:00	3081.8	3109.6	3051.4	3107.4	8
2022-02-17 08:00	3107.5	3133.5	3033.6	3064.3	9
2022-02-17 12:00	3064.3	3085.3	2960.0	2987.2	11
2022-02-17 16:00	2987.1	3003.6	2882.2	2908.4	14
2022-02-17 20:00	2908.6	2913.2	2851.2	2890.1	9
2022-02-18 00:00	2890.1	2917.7	2861.0	2905.8	12
2022-02-18 04:00	2905.9	2914.9	2874.4	2903.2	9
2022-02-18 08:00	2903.2	2941.8	2871.2	2876.0	14
2022-02-18 12:00	2876.3	2905.3	2786.5	2797.3	22
2022-02-18 16:00	2797.3	2823.0	2750.1	2795.0	19
2022-02-18 20:00	2795.1	2805.2	2759.2	2759.5	8
2022-02-19 04:00	2816.8	2822.3	2804.3	2812.5	2
2022-02-19 08:00	2779.6	2780.1	2775.2	2775.8	1
2022-02-19 16:00	2746.6	2758.7	2738.6	2757.7	4
2022-02-19 20:00	2741.2	2762.6	2735.2	2754.1	5
2022-02-20 00:00	2760.9	2761.5	2749.2	2749.3	2
2022-02-20 04:00	2633.8	2651.7	2628.8	2646.0	4
2022-02-20 08:00	2619.6	2638.8	2610.8	2612.6	5
2022-02-20 12:00	2621.9	2636.7	2599.8	2616.2	9
2022-02-20 16:00	2650.2	2673.2	2630.8	2652.4	6
2022-02-20 20:00	2600.5	2662.0	2599.6	2618.5	12
2022-02-21 00:00	2618.7	2736.7	2602.8	2709.2	20
2022-02-21 04:00	2709.2	2753.3	2709.2	2745.2	16
2022-02-21 08:00	2745.1	2755.6	2604.1	2625.6	19
2022-02-21 12:00	2625.6	2749.2	2579.1	2720.8	19
2022-02-21 16:00	2720.8	2742.5	2604.5	2651.3	15
2022-02-21 20:00	2651.5	2672.9	2557.5	2565.7	18
2022-02-22 00:00	2565.5	2618.0	2505.3	2515.8	18
2022-02-22 04:00	2515.9	2544.3	2498.4	2512.9	14
2022-02-22 08:00	2513.0	2602.2	2512.4	2587.1	17
2022-02-22 12:00	2587.0	2663.9	2565.3	2622.1	15
2022-02-22 16:00	2622.1	2637.8	2578.7	2630.5	16
2022-02-22 20:00	2630.6	2653.3	2588.6	2634.8	9
2022-02-23 00:00	2634.6	2652.7	2596.0	2622.8	10
2022-02-23 04:00	2622.7	2696.6	2618.5	2694.2	8
2022-02-23 08:00	2694.2	2736.5	2680.6	2717.7	8
2022-02-23 12:00	2717.6	2751.8	2681.7	2685.6	18
2022-02-23 16:00	2685.9	2728.0	2616.8	2631.0	19
2022-02-23 20:00	2630.9	2638.3	2574.5	2577.2	11
2022-02-24 00:00	2577.3	2590.6	2388.4	2394.8	16
2022-02-24 04:00	2394.8	2407.1	2298.6	2368.0	31
2022-02-24 08:00	2368.0	2416.8	2329.7	2392.0	29
2022-02-24 12:00	2392.0	2474.3	2347.3	2454.0	23
2022-02-24 16:00	2454.3	2598.4	2427.9	2595.5	11
2022-02-24 20:00	2595.5	2732.3	2542.5	2594.5	18
2022-02-25 00:00	2594.4	2647.1	2580.3	2634.8	15
2022-02-25 04:00	2634.8	2642.8	2583.3	2611.4	12
2022-02-25 08:00	2611.1	2637.6	2569.9	2631.2	12
2022-02-25 12:00	2631.9	2741.7	2631.0	2732.1	11
2022-02-25 16:00	2732.0	2743.6	2664.5	2676.1	12
2022-02-25 20:00	2676.1	2833.1	2666.4	2765.3	14
2022-02-26 00:00	2765.2	2874.4	2759.9	2806.6	14
2022-02-26 04:00	2772.8	2787.3	2771.6	2784.4	2
2022-02-26 08:00	2753.3	2760.9	2743.9	2743.9	2
2022-02-26 16:00	2783.1	2792.5	2778.9	2790.7	6
2022-02-26 20:00	2821.3	2853.4	2819.2	2822.6	6
2022-02-27 04:00	2703.4	2716.5	2695.8	2709.8	4
2022-02-27 12:00	2818.4	2831.0	2799.3	2830.3	5
2022-02-27 16:00	2762.5	2762.8	2756.8	2756.8	1
2022-02-27 20:00	2596.0	2637.5	2579.1	2614.4	7
2022-02-28 00:00	2614.4	2676.8	2587.3	2605.1	12
2022-02-28 04:00	2605.3	2649.7	2567.4	2632.9	9
2022-02-28 08:00	2633.1	2654.8	2611.0	2638.2	9
2022-02-28 12:00	2638.1	2824.0	2605.7	2813.2	15
2022-02-28 16:00	2813.1	2828.5	2786.4	2805.7	17
2022-02-28 20:00	2805.4	2948.1	2793.5	2919.6	11
2022-03-01 00:00	2919.6	2970.4	2886.9	2909.3	19
2022-03-01 04:00	2909.2	2931.8	2879.7	2919.1	12
2022-03-01 08:00	2919.2	2929.4	2852.6	2900.3	11
2022-03-01 12:00	2900.3	3035.1	2897.4	2946.9	11
2022-03-01 16:00	2946.7	2973.6	2894.4	2943.5	12
2022-03-01 20:00	2943.6	2977.7	2936.6	2973.6	14
2022-03-02 00:00	2973.7	3025.2	2911.8	3013.9	13
2022-03-02 04:00	3013.9	3041.7	2953.2	2966.9	10
2022-03-02 08:00	2966.8	3024.0	2949.7	3002.5	9
2022-03-02 12:00	3002.3	3031.7	2922.8	2949.0	15
2022-03-02 16:00	2949.2	2979.6	2912.4	2930.7	18
2022-03-02 20:00	2930.6	2984.4	2927.2	2945.4	8
2022-03-03 00:00	2945.4	2968.2	2886.1	2892.4	9
2022-03-03 04:00	2892.6	2917.7	2870.0	2905.2	15
2022-03-03 08:00	2905.3	2931.7	2875.4	2909.9	9
2022-03-03 12:00	2910.0	2931.7	2813.3	2824.1	12
2022-03-03 16:00	2824.3	2836.3	2782.9	2813.6	17
2022-03-03 20:00	2813.5	2845.7	2788.5	2830.6	14
2022-03-04 00:00	2830.6	2832.5	2687.2	2721.5	20
2022-03-04 04:00	2721.5	2730.7	2706.2	2729.8	11
2022-03-04 08:00	2730.1	2755.3	2702.6	2740.9	14
2022-03-04 12:00	2741.0	2751.6	2663.9	2667.9	20
2022-03-04 16:00	2668.1	2695.0	2607.1	2612.8	21
2022-03-04 20:00	2613.1	2625.7	2595.7	2618.0	15
2022-03-05 00:00	2609.0	2615.7	2605.1	2615.1	3
2022-03-05 04:00	2622.2	2630.4	2606.0	2625.4	11
2022-03-05 08:00	2635.3	2652.8	2628.6	2652.6	9
2022-03-05 12:00	2645.6	2665.7	2624.6	2639.0	6
2022-03-05 16:00	2639.2	2672.4	2637.3	2672.1	7
2022-03-05 20:00	2667.6	2673.7	2653.7	2656.2	7
2022-03-06 00:00	2661.7	2670.2	2650.8	2662.0	7
2022-03-06 04:00	2635.2	2656.6	2614.2	2644.4	4
2022-03-06 08:00	2632.1	2635.2	2587.3	2604.1	11
2022-03-06 12:00	2604.9	2638.2	2602.4	2622.7	5
2022-03-06 16:00	2642.5	2645.5	2614.3	2617.8	5
2022-03-06 20:00	2625.1	2641.4	2533.0	2547.1	9
2022-03-07 00:00	2547.2	2554.5	2504.8	2522.5	15
2022-03-07 04:00	2522.5	2539.5	2510.8	2517.5	8
2022-03-07 08:00	2517.6	2544.1	2493.5	2535.3	13
2022-03-07 12:00	2535.4	2644.8	2535.4	2614.1	13
2022-03-07 16:00	2614.0	2635.9	2446.2	2457.4	18
2022-03-07 20:00	2457.5	2524.4	2442.3	2488.6	17
2022-03-08 00:00	2488.4	2568.5	2478.4	2546.2	11
2022-03-08 04:00	2546.4	2561.1	2492.8	2532.3	11
2022-03-08 08:00	2532.4	2605.4	2524.4	2584.4	15
2022-03-08 12:00	2584.5	2604.2	2528.9	2556.0	24
2022-03-08 16:00	2556.1	2621.6	2522.9	2577.0	21
2022-03-08 20:00	2577.0	2586.4	2545.7	2573.5	10
2022-03-09 00:00	2573.5	2714.5	2564.6	2695.4	14
2022-03-09 04:00	2695.6	2744.4	2695.5	2743.2	11
2022-03-09 08:00	2743.2	2770.3	2720.7	2742.0	12
2022-03-09 12:00	2742.0	2765.5	2708.5	2755.0	13
2022-03-09 16:00	2755.1	2756.9	2676.8	2712.0	14
2022-03-09 20:00	2711.9	2732.8	2677.0	2725.0	10
2022-03-10 00:00	2724.4	2730.6	2651.2	2656.1	17
2022-03-10 04:00	2656.0	2662.0	2571.2	2590.8	15
2022-03-10 08:00	2590.8	2607.1	2571.8	2591.2	9
2022-03-10 12:00	2591.1	2643.8	2550.3	2595.1	17
2022-03-10 16:00	2595.0	2614.6	2581.0	2611.1	11
2022-03-10 20:00	2611.0	2618.2	2588.9	2604.2	8
2022-03-11 00:00	2604.3	2607.9	2523.0	2549.1	10
2022-03-11 04:00	2549.0	2614.3	2531.6	2606.3	8
2022-03-11 08:00	2606.3	2666.6	2581.2	2650.6	8
2022-03-11 12:00	2650.4	2673.7	2565.3	2577.5	10
2022-03-11 16:00	2577.7	2577.9	2543.1	2553.5	11
2022-03-11 20:00	2553.4	2582.4	2524.0	2562.7	8
2022-03-12 00:00	2552.4	2591.7	2549.6	2580.6	8
2022-03-12 04:00	2580.6	2597.0	2565.3	2584.9	44
2022-03-12 08:00	2584.9	2587.9	2569.7	2575.0	102
2022-03-12 12:00	2575.0	2592.8	2559.5	2581.6	14
2022-03-12 16:00	2581.7	2610.5	2572.5	2575.2	13
2022-03-12 20:00	2575.2	2589.0	2572.5	2587.5	5
2022-03-13 00:00	2565.0	2599.3	2562.5	2588.4	10
2022-03-13 04:00	2588.3	2593.0	2577.1	2577.4	9
2022-03-13 08:00	2577.4	2592.1	2563.1	2570.5	7
2022-03-13 12:00	2570.3	2585.8	2530.8	2576.5	20
2022-03-13 16:00	2576.5	2582.5	2558.6	2559.5	31
2022-03-13 20:00	2559.4	2570.2	2490.1	2512.8	14
2022-03-14 00:00	2512.7	2541.3	2496.8	2531.3	8
2022-03-14 04:00	2531.4	2601.6	2529.8	2583.4	9
2022-03-14 08:00	2583.5	2605.8	2572.7	2576.1	11
2022-03-14 12:00	2576.2	2589.5	2551.9	2569.6	13
2022-03-14 16:00	2569.4	2578.1	2510.8	2531.7	17
2022-03-14 20:00	2531.8	2593.2	2519.4	2586.9	14
2022-03-15 00:00	2586.9	2599.3	2534.1	2541.2	12
2022-03-15 04:00	2541.2	2559.9	2505.8	2529.5	13
2022-03-15 08:00	2529.5	2541.5	2507.6	2532.0	8
2022-03-15 12:00	2531.9	2589.1	2518.5	2569.5	11
2022-03-15 16:00	2569.4	2658.5	2565.7	2657.0	8
2022-03-15 20:00	2657.0	2666.1	2602.8	2615.3	10
2022-03-16 00:00	2615.4	2729.8	2602.4	2617.8	13
2022-03-16 04:00	2617.9	2646.2	2604.3	2644.3	9
2022-03-16 08:00	2644.2	2701.6	2642.7	2686.3	8
2022-03-16 12:00	2686.4	2721.4	2660.0	2702.2	10
2022-03-16 16:00	2702.2	2751.9	2631.4	2751.0	10
2022-03-16 20:00	2751.2	2785.9	2738.9	2771.6	8
2022-03-17 00:00	2771.6	2784.9	2750.5	2764.1	8
2022-03-17 04:00	2764.0	2772.8	2744.6	2753.7	9
2022-03-17 08:00	2753.8	2777.4	2749.3	2773.3	9
2022-03-17 12:00	2773.3	2834.0	2769.6	2799.0	10
2022-03-17 16:00	2799.0	2832.8	2772.5	2825.4	9
2022-03-17 20:00	2825.7	2827.4	2797.7	2810.7	8
2022-03-18 00:00	2810.7	2811.6	2766.2	2775.3	9
2022-03-18 04:00	2775.2	2807.1	2769.3	2792.1	8
2022-03-18 08:00	2791.9	2811.7	2779.0	2793.7	8
2022-03-18 12:00	2793.7	2899.0	2786.8	2895.4	8
2022-03-18 16:00	2895.4	2966.5	2881.5	2963.9	8
2022-03-18 20:00	2964.3	2982.3	2928.1	2933.5	3
2022-03-19 00:00	2963.4	2964.6	2942.6	2943.4	4
2022-03-19 04:00	2943.2	2944.2	2920.9	2927.5	4
2022-03-19 08:00	2942.4	2950.6	2942.2	2943.9	1
2022-03-19 12:00	2944.2	2964.6	2940.0	2956.0	5
2022-03-20 20:00	2870.3	2885.2	2849.0	2859.2	9
2022-03-21 00:00	2859.2	2874.8	2830.0	2842.4	8
2022-03-21 04:00	2842.3	2892.8	2833.0	2888.0	8
2022-03-21 08:00	2888.0	2921.7	2871.5	2904.2	8
2022-03-21 12:00	2904.3	2953.9	2885.4	2953.5	8
2022-03-21 16:00	2953.4	2958.4	2892.8	2916.2	8
2022-03-21 20:00	2916.2	2921.4	2880.6	2887.3	8
2022-03-22 00:00	2887.2	3025.3	2884.2	3003.4	8
2022-03-22 04:00	3003.5	3048.9	2966.7	2991.4	8
2022-03-22 08:00	2991.4	3024.1	2983.7	3018.1	8
2022-03-22 12:00	3018.1	3026.7	2986.0	3000.5	8
2022-03-22 16:00	3000.6	3011.5	2979.9	2982.7	8
2022-03-22 20:00	2982.8	3013.6	2958.4	2966.9	8
2022-03-23 00:00	2966.9	2990.0	2923.9	2944.9	8
2022-03-23 04:00	2945.1	2960.6	2918.9	2947.2	8
2022-03-23 08:00	2947.3	2970.0	2931.9	2946.8	8
2022-03-23 12:00	2946.8	3037.3	2936.2	3030.6	8
2022-03-23 16:00	3030.5	3042.5	2950.1	2960.3	8
2022-03-23 20:00	2960.4	3035.9	2957.8	3034.0	8
2022-03-24 00:00	3034.0	3078.8	3002.8	3015.0	8
2022-03-24 04:00	3015.0	3068.8	3012.9	3035.5	8
2022-03-24 08:00	3035.6	3064.3	3029.5	3046.0	8
2022-03-24 12:00	3046.0	3126.3	3000.6	3113.2	8
2022-03-24 16:00	3113.2	3121.2	3083.1	3107.1	8
2022-03-24 20:00	3107.0	3117.2	3086.1	3109.2	8
2022-03-25 00:00	3109.2	3139.3	3092.3	3134.4	8
2022-03-25 04:00	3134.3	3144.8	3123.5	3127.2	8
2022-03-25 08:00	3127.1	3175.9	3097.1	3165.8	8
2022-03-25 12:00	3165.5	3191.0	3106.7	3118.3	8
2022-03-25 16:00	3118.3	3136.5	3074.0	3112.5	11
2022-03-25 20:00	3112.6	3127.4	3091.0	3099.7	4
2022-03-26 08:00	3128.2	3128.4	3123.8	3123.9	1
2022-03-26 12:00	3115.0	3124.1	3111.6	3120.9	4
2022-03-27 04:00	3137.1	3150.6	3137.1	3149.6	2
2022-03-27 08:00	3139.7	3149.7	3138.2	3145.2	5
2022-03-27 12:00	3143.0	3149.0	3124.0	3147.3	8
2022-03-27 20:00	3172.7	3295.7	3162.2	3293.3	22
2022-03-28 00:00	3293.3	3320.8	3272.7	3310.1	8
2022-03-28 04:00	3310.2	3336.8	3298.5	3317.0	8
2022-03-28 08:00	3317.1	3354.4	3303.2	3343.4	8
2022-03-28 12:00	3343.5	3398.5	3328.7	3354.6	8
2022-03-28 16:00	3354.6	3429.8	3331.9	3408.9	8
2022-03-28 20:00	3408.9	3423.1	3314.1	3330.5	8
2022-03-29 00:00	3330.4	3399.6	3328.8	3368.3	8
2022-03-29 04:00	3368.4	3421.5	3368.3	3385.1	8
2022-03-29 08:00	3385.1	3468.6	3383.7	3463.0	8
2022-03-29 12:00	3463.0	3479.7	3392.8	3400.7	9
2022-03-29 16:00	3400.6	3440.8	3366.4	3426.6	9
2022-03-29 20:00	3426.8	3427.2	3343.3	3398.7	8
2022-03-30 00:00	3398.7	3398.8	3330.5	3381.7	8
2022-03-30 04:00	3381.8	3414.8	3359.6	3406.2	8
2022-03-30 08:00	3406.2	3416.7	3378.0	3406.2	8
2022-03-30 12:00	3406.1	3407.6	3346.6	3379.4	11
2022-03-30 16:00	3379.5	3444.6	3370.2	3392.4	8
2022-03-30 20:00	3392.9	3412.0	3368.6	3383.1	8
2022-03-31 00:00	3383.1	3421.6	3375.8	3394.7	8
2022-03-31 04:00	3394.6	3406.1	3382.7	3400.6	8
2022-03-31 08:00	3400.6	3423.8	3394.5	3407.1	8
2022-03-31 12:00	3407.0	3442.4	3333.7	3347.4	10
2022-03-31 16:00	3347.3	3351.1	3259.4	3281.2	11
2022-03-31 20:00	3281.1	3303.2	3260.8	3279.3	8
2022-04-01 00:00	3279.4	3305.5	3210.1	3247.4	10
2022-04-01 04:00	3247.3	3279.1	3240.7	3276.5	8
2022-04-01 08:00	3276.4	3301.2	3266.0	3282.4	8
2022-04-01 12:00	3282.3	3450.0	3259.9	3429.4	8
2022-04-01 16:00	3429.7	3478.5	3403.0	3467.5	8
2022-04-01 20:00	3467.6	3470.4	3424.9	3452.3	15
2022-04-02 00:00	3452.1	3519.7	3436.3	3471.0	22
2022-04-02 04:00	3471.1	3491.5	3459.8	3481.6	10
2022-04-02 08:00	3481.2	3495.4	3467.1	3484.7	16
2022-04-02 12:00	3484.7	3528.6	3442.7	3459.1	27
2022-04-02 16:00	3458.9	3484.9	3431.5	3468.1	29
2022-04-02 20:00	3468.1	3484.5	3432.4	3441.0	25
2022-04-03 00:00	3441.1	3464.2	3410.3	3453.5	24
2022-04-03 04:00	3453.6	3504.9	3449.2	3483.8	19
2022-04-03 12:00	3481.3	3516.9	3475.1	3497.0	24
2022-04-03 16:00	3497.2	3518.0	3477.0	3484.6	24
2022-04-03 20:00	3484.5	3577.5	3483.6	3518.8	19
2022-04-04 00:00	3518.7	3520.3	3466.4	3486.8	8
2022-04-04 04:00	3486.9	3508.3	3477.1	3499.6	8
2022-04-04 08:00	3499.5	3503.3	3446.3	3476.0	8
2022-04-04 12:00	3475.8	3491.1	3417.9	3421.7	10
2022-04-04 16:00	3421.8	3496.5	3405.8	3489.1	10
2022-04-04 20:00	3489.3	3543.4	3471.5	3516.6	9
2022-04-05 00:00	3516.5	3532.2	3498.0	3521.0	10
2022-04-05 04:00	3521.1	3533.0	3506.3	3524.0	8
2022-04-05 08:00	3524.3	3526.6	3500.9	3520.1	8
2022-04-05 12:00	3520.1	3551.3	3437.1	3449.3	9
2022-04-05 16:00	3449.2	3473.7	3416.3	3462.2	10
2022-04-05 20:00	3462.0	3468.6	3394.9	3403.3	8
2022-04-06 00:00	3403.4	3403.7	3264.7	3339.8	10
2022-04-06 04:00	3339.8	3370.4	3321.8	3342.3	8
2022-04-06 08:00	3342.4	3357.2	3278.0	3301.6	8
2022-04-06 12:00	3301.6	3322.5	3217.1	3252.9	17
2022-04-06 16:00	3252.8	3259.5	3171.7	3222.5	25
2022-04-06 20:00	3222.7	3237.8	3159.0	3165.4	11
2022-04-07 00:00	3165.3	3202.7	3140.2	3182.3	16
2022-04-07 04:00	3182.3	3231.1	3180.2	3222.0	12
2022-04-07 08:00	3222.1	3258.0	3200.7	3247.7	10
2022-04-07 12:00	3247.6	3265.9	3156.2	3195.6	17
2022-04-07 16:00	3195.4	3244.4	3191.7	3214.5	9
2022-04-07 20:00	3214.6	3256.1	3195.2	3224.4	8
2022-04-08 00:00	3224.0	3272.6	3212.7	3264.5	8
2022-04-08 04:00	3264.5	3283.7	3242.1	3282.8	8
2022-04-08 08:00	3282.7	3309.6	3251.8	3255.0	8
2022-04-08 12:00	3255.2	3304.4	3208.3	3278.6	10
2022-04-08 16:00	3278.7	3289.1	3212.5	3235.3	8
2022-04-08 20:00	3235.3	3247.9	3169.3	3188.3	14
2022-04-09 00:00	3188.3	3219.2	3177.9	3206.0	17
2022-04-09 04:00	3206.1	3224.4	3191.8	3205.9	9
2022-04-09 08:00	3206.2	3213.4	3190.3	3206.3	11
2022-04-09 12:00	3206.3	3230.7	3198.6	3204.5	17
2022-04-09 16:00	3205.1	3245.4	3199.6	3230.7	17
2022-04-09 20:00	3230.7	3265.4	3218.8	3255.2	17
2022-04-10 00:00	3255.2	3265.3	3243.3	3255.0	17
2022-04-10 04:00	3255.1	3260.2	3232.0	3240.3	15
2022-04-10 08:00	3240.3	3253.0	3231.2	3249.0	16
2022-04-10 12:00	3249.0	3258.1	3230.6	3253.3	16
2022-04-10 16:00	3253.3	3305.0	3249.2	3289.3	18
2022-04-10 20:00	3289.4	3294.7	3189.4	3198.9	16
2022-04-11 00:00	3198.8	3210.9	3150.0	3172.0	12
2022-04-11 04:00	3172.1	3186.7	3162.3	3176.1	12
2022-04-11 08:00	3176.2	3178.4	3025.7	3048.0	13
2022-04-11 12:00	3048.1	3061.8	3000.5	3000.7	17
2022-04-11 16:00	3000.7	3036.5	2975.0	3001.9	18
2022-04-11 20:00	3001.7	3015.4	2946.8	2976.3	16
2022-04-12 00:00	2976.2	2993.0	2947.7	2979.5	12
2022-04-12 04:00	2979.4	3024.6	2968.9	3022.2	9
2022-04-12 08:00	3022.3	3039.1	3008.3	3038.0	10
2022-04-12 12:00	3037.9	3082.5	3012.9	3041.7	17
2022-04-12 16:00	3041.7	3060.0	2965.7	2969.6	17
2022-04-12 20:00	2969.5	3033.6	2964.1	3025.5	9
2022-04-13 00:00	3025.5	3063.8	3002.9	3045.7	8
2022-04-13 04:00	3046.1	3066.8	3038.5	3048.2	8
2022-04-13 08:00	3048.3	3056.8	3010.1	3010.6	8
2022-04-13 12:00	3011.0	3113.7	2993.9	3090.9	14
2022-04-13 16:00	3091.0	3111.5	3066.7	3083.2	10
2022-04-13 20:00	3083.3	3126.0	3080.2	3115.1	8
2022-04-14 00:00	3115.1	3140.8	3107.5	3114.9	8
2022-04-14 04:00	3114.8	3120.7	3096.9	3110.9	8
2022-04-14 08:00	3111.0	3119.5	3066.0	3069.3	9
2022-04-14 12:00	3069.6	3096.6	3008.4	3012.4	10
2022-04-14 16:00	3012.3	3022.0	2973.4	2993.0	13
2022-04-14 20:00	2993.0	3022.9	2980.1	3018.4	8
2022-04-15 00:00	3018.5	3040.0	3010.1	3037.9	8
2022-04-15 04:00	3038.0	3043.3	3007.8	3030.9	8
2022-04-15 08:00	3030.8	3037.2	3014.1	3024.2	8
2022-04-15 12:00	3023.9	3055.4	2991.3	3025.7	9
2022-04-15 16:00	3025.8	3037.4	3006.7	3019.7	9
2022-04-15 20:00	3019.6	3041.4	3015.4	3036.9	14
2022-04-16 00:00	3036.5	3046.0	3030.7	3034.9	15
2022-04-16 04:00	3034.5	3045.4	3030.4	3031.6	10
2022-04-16 08:00	3031.6	3043.9	3026.6	3036.5	10
2022-04-16 12:00	3036.4	3055.3	3007.5	3014.6	17
2022-04-16 16:00	3014.5	3025.8	3011.6	3021.4	15
2022-04-16 20:00	3021.4	3082.6	3019.7	3056.4	13
2022-04-17 00:00	3056.5	3061.5	3019.5	3026.3	13
2022-04-17 04:00	3026.1	3042.4	3025.5	3034.7	8
2022-04-17 08:00	3034.8	3046.0	3034.3	3044.4	8
2022-04-17 12:00	3044.5	3078.8	3040.0	3070.5	16
2022-04-17 16:00	3070.6	3075.1	3021.1	3049.2	17
2022-04-17 20:00	3049.3	3074.0	2980.0	2984.4	14
2022-04-18 00:00	2984.4	2998.1	2974.2	2992.0	9
2022-04-18 04:00	2992.1	2992.8	2881.5	2889.5	10
2022-04-18 08:00	2889.6	2920.3	2886.1	2909.0	8
2022-04-18 12:00	2909.0	2948.6	2901.6	2911.4	16
2022-04-18 16:00	2911.3	3020.9	2892.2	3001.9	19
2022-04-18 20:00	3002.0	3066.7	3001.4	3052.6	8
2022-04-19 00:00	3052.7	3091.1	3032.9	3034.5	8
2022-04-19 04:00	3034.5	3048.7	3027.1	3036.5	8
2022-04-19 08:00	3036.5	3059.6	3029.9	3038.4	8
2022-04-19 12:00	3038.4	3127.5	3037.6	3108.1	10
2022-04-19 16:00	3108.3	3122.9	3078.6	3108.2	13
2022-04-19 20:00	3108.0	3108.4	3082.4	3098.8	11
2022-04-20 00:00	3098.8	3104.2	3064.3	3089.1	9
2022-04-20 04:00	3089.2	3111.7	3076.3	3086.8	8
2022-04-20 08:00	3086.7	3163.9	3083.8	3151.3	9
2022-04-20 12:00	3151.2	3159.3	3049.2	3066.1	10
2022-04-20 16:00	3066.0	3085.1	3034.2	3066.8	8
2022-04-20 20:00	3067.1	3093.8	3056.4	3073.7	8
2022-04-21 00:00	3073.5	3102.2	3068.6	3094.3	9
2022-04-21 04:00	3094.4	3102.3	3064.2	3098.4	12
2022-04-21 08:00	3098.5	3156.1	3081.9	3148.1	10
2022-04-21 12:00	3148.2	3176.2	3100.9	3102.2	12
2022-04-21 16:00	3101.9	3104.1	3021.9	3024.2	11
2022-04-21 20:00	3024.2	3030.5	2941.0	2980.4	13
2022-04-22 00:00	2980.4	3006.2	2966.3	2992.0	8
2022-04-22 04:00	2992.0	3029.4	2983.2	3016.9	8
2022-04-22 08:00	3017.0	3026.2	2973.6	3011.0	9
2022-04-22 12:00	3010.9	3016.6	2940.1	2945.7	14
2022-04-22 16:00	2945.8	2979.7	2930.9	2953.3	10
2022-04-22 20:00	2953.2	2969.2	2932.9	2958.8	16
2022-04-23 00:00	2958.8	2971.7	2939.1	2943.3	17
2022-04-23 04:00	2943.4	2961.5	2913.2	2956.0	13
2022-04-23 08:00	2955.9	2966.3	2949.5	2955.6	10
2022-04-23 12:00	2955.6	2968.5	2943.1	2963.3	16
2022-04-23 16:00	2963.6	2975.3	2944.3	2950.1	16
2022-04-23 20:00	2950.0	2967.3	2919.6	2929.6	16
2022-04-24 00:00	2929.5	2956.8	2919.4	2953.3	16
2022-04-24 04:00	2953.2	2956.2	2941.0	2946.6	13
2022-04-24 08:00	2946.6	2952.6	2931.8	2935.8	13
2022-04-24 12:00	2935.8	2953.6	2909.2	2940.8	17
2022-04-24 16:00	2940.6	2964.1	2914.4	2956.7	18
2022-04-24 20:00	2956.3	2959.2	2915.3	2918.2	12
2022-04-25 00:00	2918.1	2922.8	2839.2	2872.6	10
2022-04-25 04:00	2872.7	2873.1	2795.2	2809.1	9
2022-04-25 08:00	2809.0	2860.9	2795.5	2859.4	12
2022-04-25 12:00	2859.5	2892.4	2839.3	2866.3	17
2022-04-25 16:00	2866.2	3012.7	2862.4	3009.9	19
2022-04-25 20:00	3009.9	3022.7	2986.7	3003.7	8
2022-04-26 00:00	3003.8	3033.3	2983.3	2998.0	10
2022-04-26 04:00	2997.9	3010.1	2979.2	3000.1	8
2022-04-26 08:00	3000.0	3017.2	2982.6	2999.8	8
2022-04-26 12:00	2999.9	3008.9	2850.6	2855.7	16
2022-04-26 16:00	2855.6	2882.5	2807.3	2835.5	19
2022-04-26 20:00	2835.4	2850.6	2764.5	2806.2	15
2022-04-27 00:00	2806.2	2841.2	2791.8	2832.9	10
2022-04-27 04:00	2832.8	2883.0	2829.1	2882.9	10
2022-04-27 08:00	2884.2	2909.7	2857.9	2881.4	13
2022-04-27 12:00	2881.4	2916.3	2818.2	2861.4	19
2022-04-27 16:00	2861.3	2891.8	2835.6	2849.2	10
2022-04-27 20:00	2849.0	2897.2	2847.4	2886.2	8
2022-04-28 00:00	2886.1	2913.1	2867.3	2880.8	8
2022-04-28 04:00	2880.9	2931.8	2872.3	2898.8	8
2022-04-28 08:00	2898.5	2944.1	2897.7	2925.2	11
2022-04-28 12:00	2925.2	2942.3	2850.6	2886.7	20
2022-04-28 16:00	2886.7	2975.9	2872.1	2944.4	13
2022-04-28 20:00	2944.5	2966.2	2909.8	2933.4	11
2022-04-29 00:00	2933.4	2942.8	2900.0	2922.1	20
2022-04-29 04:00	2922.2	2931.8	2905.0	2922.0	17
2022-04-29 08:00	2921.9	2923.9	2831.2	2839.3	18
2022-04-29 12:00	2839.4	2881.5	2829.0	2852.6	23
2022-04-29 16:00	2852.6	2853.1	2773.0	2789.8	17
2022-04-29 20:00	2789.5	2819.2	2785.5	2812.7	18
2022-04-30 00:00	2812.8	2834.0	2806.3	2814.9	18
2022-04-30 04:00	2814.8	2838.1	2805.2	2826.0	15
2022-04-30 08:00	2826.1	2836.8	2814.9	2827.5	11
2022-04-30 12:00	2827.5	2833.2	2768.0	2812.6	20
2022-04-30 16:00	2812.5	2818.0	2773.5	2804.0	19
2022-04-30 20:00	2804.0	2804.1	2714.7	2723.4	23
2022-05-01 00:00	2723.3	2777.9	2714.6	2774.0	25
2022-05-01 04:00	2774.2	2792.3	2761.7	2763.1	16
2022-05-01 08:00	2763.0	2779.3	2751.3	2753.6	16
2022-05-01 12:00	2753.7	2815.2	2749.9	2802.3	17
2022-05-01 16:00	2802.4	2825.0	2752.4	2761.9	21
2022-05-01 20:00	2761.9	2845.2	2755.5	2821.7	15
2022-05-02 00:00	2821.6	2846.1	2819.8	2837.3	10
2022-05-02 04:00	2837.4	2871.0	2828.8	2842.2	13
2022-05-02 08:00	2842.1	2852.1	2786.8	2791.1	16
2022-05-02 12:00	2791.0	2847.8	2775.3	2823.8	23
2022-05-02 16:00	2824.0	2846.6	2776.4	2836.6	19
2022-05-02 20:00	2836.8	2878.6	2820.5	2852.8	10
2022-05-03 00:00	2852.9	2857.7	2825.1	2846.6	11
2022-05-03 04:00	2846.5	2850.8	2827.9	2840.6	16
2022-05-03 08:00	2840.7	2850.0	2820.0	2845.0	13
2022-05-03 12:00	2845.0	2846.9	2811.8	2818.3	17
2022-05-03 16:00	2818.2	2823.4	2756.8	2769.0	20
2022-05-03 20:00	2769.2	2796.2	2751.9	2777.5	15
2022-05-04 00:00	2777.5	2806.5	2767.5	2794.0	16
2022-05-04 04:00	2794.2	2829.3	2785.2	2825.5	14
2022-05-04 08:00	2825.6	2882.1	2823.6	2866.9	11
2022-05-04 12:00	2867.0	2878.2	2822.0	2840.0	15
2022-05-04 16:00	2840.0	2962.9	2822.5	2951.1	23
2022-05-04 20:00	2951.1	2956.8	2916.9	2936.6	13
2022-05-05 00:00	2936.7	2950.0	2933.7	2938.3	10
2022-05-05 04:00	2938.2	2947.0	2921.5	2930.6	10
2022-05-05 08:00	2930.5	2934.2	2912.2	2921.7	10
2022-05-05 12:00	2921.8	2931.3	2725.7	2738.4	21
2022-05-05 16:00	2738.4	2767.5	2685.1	2725.7	24
2022-05-05 20:00	2725.7	2752.1	2710.4	2743.5	14
2022-05-06 00:00	2743.8	2753.8	2721.2	2742.5	19
2022-05-06 04:00	2742.5	2751.8	2691.1	2726.7	17
2022-05-06 08:00	2726.6	2740.4	2656.6	2671.6	25
2022-05-06 12:00	2671.6	2723.1	2629.6	2684.2	31
2022-05-06 16:00	2684.3	2708.7	2665.7	2685.1	26
2022-05-06 20:00	2685.1	2703.0	2670.7	2687.7	15
2022-05-07 00:00	2687.6	2693.4	2659.5	2664.6	16
2022-05-07 04:00	2664.5	2674.0	2648.0	2666.9	12
2022-05-07 08:00	2666.9	2692.8	2661.7	2684.1	15
2022-05-07 12:00	2684.2	2699.5	2666.5	2687.9	16
2022-05-07 16:00	2687.9	2695.8	2675.7	2677.9	16
2022-05-07 20:00	2677.9	2678.2	2584.5	2631.6	24
2022-05-08 00:00	2631.6	2637.6	2515.0	2541.3	25
2022-05-08 04:00	2541.3	2565.0	2526.1	2553.2	16
2022-05-08 08:00	2553.2	2573.1	2542.9	2565.3	15
2022-05-08 12:00	2565.3	2574.4	2509.6	2514.1	20
2022-05-08 16:00	2514.1	2566.8	2482.4	2558.5	23
2022-05-08 20:00	2558.3	2560.3	2504.6	2516.4	15
2022-05-09 00:00	2516.4	2525.9	2420.0	2453.5	24
2022-05-09 04:00	2453.5	2475.7	2420.3	2444.0	20
2022-05-09 08:00	2444.0	2465.0	2358.2	2402.1	28
2022-05-09 12:00	2402.1	2440.4	2344.7	2377.9	29
2022-05-09 16:00	2377.9	2400.0	2222.5	2268.3	26
2022-05-09 20:00	2268.1	2330.9	2223.8	2228.2	24
2022-05-10 00:00	2228.2	2342.3	2196.3	2301.4	32
2022-05-10 04:00	2301.5	2434.6	2298.0	2370.1	29
2022-05-10 08:00	2370.1	2406.7	2362.4	2398.5	27
2022-05-10 12:00	2398.4	2453.2	2317.6	2357.9	24
2022-05-10 16:00	2358.2	2406.3	2325.3	2350.4	26
2022-05-10 20:00	2350.4	2363.1	2256.6	2338.0	24
2022-05-11 00:00	2338.0	2388.3	2316.4	2357.1	27
2022-05-11 04:00	2357.0	2399.8	2264.6	2311.5	31
2022-05-11 08:00	2311.5	2447.4	2290.3	2405.4	36
2022-05-11 12:00	2405.9	2424.1	2124.1	2260.4	45
2022-05-11 16:00	2260.4	2276.9	2091.1	2111.3	43
2022-05-11 20:00	2111.3	2142.8	1997.4	2074.2	34
2022-05-12 00:00	2074.1	2186.5	1957.8	1960.9	31
2022-05-12 04:00	1960.8	1974.8	1700.7	1882.3	21
2022-05-12 08:00	1882.3	1988.8	1839.3	1931.7	12
2022-05-12 12:00	1932.2	2037.2	1868.0	1955.4	13
2022-05-12 16:00	1955.3	2025.8	1890.5	1937.3	15
2022-05-12 20:00	1937.2	1974.2	1861.4	1950.1	11
2022-05-13 00:00	1950.0	2101.2	1932.0	2086.3	13
2022-05-13 04:00	2086.4	2134.4	2039.3	2039.3	10
2022-05-13 08:00	2039.4	2117.7	2039.3	2108.2	8
2022-05-13 12:00	2108.7	2140.8	2074.0	2086.9	11
2022-05-13 16:00	2087.0	2105.0	2022.8	2057.5	10
2022-05-13 20:00	2057.6	2077.6	1993.3	2001.6	21
2022-05-14 00:00	2001.5	2062.2	1993.2	2046.0	21
2022-05-14 04:00	2046.2	2046.8	2006.1	2024.1	18
2022-05-14 08:00	2024.2	2045.8	1963.1	1977.7	21
2022-05-14 12:00	1977.6	1991.4	1943.4	1955.6	24
2022-05-14 16:00	1955.9	2027.9	1946.6	1989.6	24
2022-05-14 20:00	1989.4	2060.0	1986.2	2049.1	20
2022-05-15 00:00	2049.2	2072.1	1993.3	2007.1	17
2022-05-15 04:00	2007.1	2042.2	1995.4	2029.9	16
2022-05-15 08:00	2030.0	2078.6	2011.1	2073.7	17
2022-05-15 12:00	2073.8	2092.9	2041.7	2055.7	21
2022-05-15 16:00	2055.9	2099.0	2050.5	2098.0	21
2022-05-15 20:00	2098.1	2160.5	2089.8	2139.3	20
2022-05-16 00:00	2139.4	2139.4	2061.0	2070.1	8
2022-05-16 04:00	2070.1	2076.8	1987.3	2005.9	8
2022-05-16 08:00	2005.8	2045.9	1976.4	2025.3	8
2022-05-16 12:00	2025.5	2054.4	1979.4	2008.6	9
2022-05-16 16:00	2008.7	2039.9	1973.3	2001.8	8
2022-05-16 20:00	2001.7	2049.0	1999.7	2016.9	8
2022-05-17 00:00	2017.1	2073.7	2012.8	2067.1	8
2022-05-17 04:00	2067.2	2088.2	2058.8	2064.7	8
2022-05-17 08:00	2064.7	2091.7	2063.5	2075.0	8
2022-05-17 12:00	2074.9	2116.0	2037.8	2054.8	8
2022-05-17 16:00	2054.9	2063.6	2002.0	2040.5	8
2022-05-17 20:00	2040.6	2097.0	2036.1	2085.3	8
2022-05-18 00:00	2085.4	2104.8	2028.4	2033.3	8
2022-05-18 04:00	2033.0	2046.7	2013.0	2032.8	8
2022-05-18 08:00	2033.0	2043.4	2016.4	2025.7	8
2022-05-18 12:00	2025.7	2029.4	1937.9	1949.2	8
2022-05-18 16:00	1949.1	1986.9	1930.3	1975.3	8
2022-05-18 20:00	1975.1	1975.9	1902.3	1908.6	8
2022-05-19 00:00	1908.5	1962.1	1897.2	1947.9	8
2022-05-19 04:00	1948.0	1966.5	1935.6	1947.0	8
2022-05-19 08:00	1947.0	1963.0	1907.9	1959.7	8
2022-05-19 12:00	1959.7	2034.6	1937.3	2017.1	8
2022-05-19 16:00	2017.2	2023.0	1985.3	1987.5	8
2022-05-19 20:00	1987.7	2022.1	1986.3	2013.9	8
2022-05-20 00:00	2014.0	2046.6	1998.3	2017.9	8
2022-05-20 04:00	2017.9	2028.6	1996.7	2020.3	8
2022-05-20 08:00	2020.1	2058.5	2016.8	2049.1	8
2022-05-20 12:00	2049.2	2052.9	1947.1	1955.0	8
2022-05-20 16:00	1954.9	1966.6	1917.5	1962.9	8
2022-05-20 20:00	1962.8	1971.9	1945.6	1952.1	15
2022-05-21 00:00	1952.3	1967.5	1930.8	1961.5	16
2022-05-21 04:00	1961.5	1980.2	1954.8	1971.8	14
2022-05-21 08:00	1971.8	1981.9	1949.5	1963.9	9
2022-05-21 12:00	1963.9	1978.8	1951.8	1973.8	14
2022-05-21 16:00	1973.8	1984.2	1966.0	1974.1	15
2022-05-21 20:00	1974.0	1978.3	1959.6	1968.9	12
2022-05-22 00:00	1968.8	1977.5	1965.7	1968.2	8
2022-05-22 04:00	1968.1	1970.9	1959.9	1969.3	9
2022-05-22 08:00	1969.4	2031.0	1967.4	2010.8	15
2022-05-22 12:00	2010.9	2026.1	1984.7	1998.1	16
2022-05-22 16:00	1998.1	2016.2	1986.6	2001.0	15
2022-05-22 20:00	2000.9	2050.5	1999.3	2037.4	11
2022-05-23 00:00	2037.3	2051.2	2014.5	2025.0	8
2022-05-23 04:00	2025.0	2074.6	2020.9	2061.4	8
2022-05-23 08:00	2061.3	2079.8	2046.3	2063.4	8
2022-05-23 12:00	2063.5	2083.1	2030.2	2059.7	8
2022-05-23 16:00	2059.8	2073.1	1971.9	1973.9	8
2022-05-23 20:00	1974.2	1998.9	1951.4	1967.6	8
2022-05-24 00:00	1967.7	1985.0	1963.6	1982.5	8
2022-05-24 04:00	1982.4	1987.8	1968.6	1979.2	8
2022-05-24 08:00	1979.1	1979.6	1947.0	1960.2	8
2022-05-24 12:00	1960.3	1968.9	1907.1	1957.3	8
2022-05-24 16:00	1957.2	1971.7	1930.4	1956.8	8
2022-05-24 20:00	1956.7	1985.2	1947.5	1973.9	8
2022-05-25 00:00	1973.8	2015.8	1964.6	2008.4	8
2022-05-25 04:00	2008.5	2008.9	1967.4	1971.1	8
2022-05-25 08:00	1971.2	1975.8	1937.0	1938.2	8
2022-05-25 12:00	1938.1	1979.1	1928.5	1959.4	8
2022-05-25 16:00	1959.3	1977.0	1938.3	1944.9	8
2022-05-25 20:00	1945.2	1966.6	1935.3	1937.0	8
2022-05-26 00:00	1936.9	1959.9	1927.9	1942.9	8
2022-05-26 04:00	1943.1	1944.9	1904.4	1920.8	8
2022-05-26 08:00	1920.7	1921.4	1793.5	1810.9	8
2022-05-26 12:00	1810.8	1869.0	1734.3	1856.8	8
2022-05-26 16:00	1857.0	1899.1	1821.0	1821.8	8
2022-05-26 20:00	1821.7	1841.6	1783.8	1787.0	8
2022-05-27 00:00	1786.8	1802.9	1724.1	1762.5	8
2022-05-27 04:00	1762.7	1792.9	1707.8	1759.0	8
2022-05-27 08:00	1758.8	1783.4	1745.7	1765.6	8
2022-05-27 12:00	1765.4	1816.6	1750.4	1758.1	8
2022-05-27 16:00	1758.0	1768.5	1709.3	1748.2	8
2022-05-27 20:00	1748.4	1766.4	1699.4	1720.6	21
2022-05-28 00:00	1720.6	1760.6	1715.5	1758.6	24
2022-05-28 04:00	1758.7	1776.5	1748.1	1759.5	17
2022-05-28 08:00	1759.6	1782.4	1743.1	1766.8	19
2022-05-28 12:00	1766.7	1803.3	1763.5	1789.8	19
2022-05-28 16:00	1789.7	1793.8	1754.7	1786.5	21
2022-05-28 20:00	1786.7	1799.2	1772.5	1786.0	16
2022-05-29 00:00	1786.0	1790.2	1756.8	1770.2	16
2022-05-29 04:00	1770.2	1783.8	1762.9	1777.7	16
2022-05-29 08:00	1777.7	1798.1	1768.0	1795.7	16
2022-05-29 12:00	1795.8	1821.0	1786.8	1790.8	21
2022-05-29 16:00	1790.9	1805.1	1778.9	1782.3	16
2022-05-29 20:00	1782.3	1820.8	1780.7	1808.0	12
2022-05-30 00:00	1808.1	1883.7	1798.4	1874.6	8
2022-05-30 04:00	1874.8	1911.1	1864.3	1903.0	8
2022-05-30 08:00	1902.9	1905.8	1886.1	1897.5	8
2022-05-30 12:00	1897.4	1917.6	1867.8	1907.8	8
2022-05-30 16:00	1907.7	1929.3	1901.4	1912.1	8
2022-05-30 20:00	1912.0	2007.0	1908.0	1994.2	8
2022-05-31 00:00	1994.1	2010.9	1972.2	1989.2	8
2022-05-31 04:00	1989.0	1991.5	1955.0	1965.4	8
2022-05-31 08:00	1965.5	1979.8	1953.2	1973.6	8
2022-05-31 12:00	1973.7	1990.7	1925.0	1984.0	8
2022-05-31 16:00	1983.9	1994.9	1921.1	1929.5	8
2022-05-31 20:00	1929.4	1954.8	1929.3	1936.9	8
2022-06-01 00:00	1936.8	1953.0	1922.4	1924.9	8
2022-06-01 04:00	1924.8	1940.0	1908.8	1925.7	8
2022-06-01 08:00	1925.8	1939.6	1919.1	1934.2	8
2022-06-01 12:00	1934.1	1967.8	1874.1	1875.5	8
2022-06-01 16:00	1875.6	1875.6	1802.4	1816.0	8
2022-06-01 20:00	1815.9	1838.7	1758.7	1812.8	8
2022-06-02 00:00	1812.8	1830.4	1801.1	1809.3	8
2022-06-02 04:00	1809.4	1832.0	1797.0	1821.4	8
2022-06-02 08:00	1821.3	1838.9	1807.9	1834.5	8
2022-06-02 12:00	1834.6	1836.0	1778.3	1811.5	8
2022-06-02 16:00	1811.6	1828.8	1796.3	1817.3	8
2022-06-02 20:00	1817.2	1847.6	1814.4	1829.2	8
2022-06-03 00:00	1829.1	1838.6	1817.3	1822.7	8
2022-06-03 04:00	1822.6	1824.1	1801.7	1809.1	8
2022-06-03 08:00	1809.2	1816.8	1748.0	1757.3	8
2022-06-03 12:00	1757.2	1774.4	1732.7	1757.9	8
2022-06-03 16:00	1757.8	1761.7	1737.5	1746.1	8
2022-06-03 20:00	1746.0	1789.6	1743.9	1769.0	15
2022-06-04 00:00	1768.9	1773.9	1742.4	1747.1	20
2022-06-04 04:00	1747.2	1769.1	1746.1	1763.1	16
2022-06-04 08:00	1763.0	1774.1	1757.4	1762.6	13
2022-06-04 12:00	1762.6	1783.5	1751.1	1773.4	14
2022-06-04 16:00	1773.4	1776.8	1761.9	1766.9	15
2022-06-04 20:00	1766.9	1810.1	1764.7	1799.4	12
2022-06-05 00:00	1799.3	1805.5	1779.3	1788.4	12
2022-06-05 04:00	1788.5	1794.6	1780.6	1780.7	8
2022-06-05 08:00	1780.7	1790.2	1767.7	1782.8	8
2022-06-05 12:00	1782.8	1807.2	1774.0	1805.8	12
2022-06-05 16:00	1805.8	1824.9	1790.0	1815.9	15
2022-06-05 20:00	1815.9	1822.4	1797.8	1801.1	10
2022-06-06 00:00	1801.4	1877.9	1799.9	1873.4	8
2022-06-06 04:00	1873.5	1890.8	1862.2	1888.5	8
2022-06-06 08:00	1888.4	1909.9	1885.1	1903.9	8
2022-06-06 12:00	1904.0	1914.3	1860.7	1881.9	8
2022-06-06 16:00	1882.1	1883.9	1838.8	1858.8	8
2022-06-06 20:00	1858.7	1870.7	1841.7	1854.7	8
2022-06-07 00:00	1854.8	1856.3	1721.3	1751.9	8
2022-06-07 04:00	1752.0	1759.7	1743.2	1758.4	8
2022-06-07 08:00	1758.3	1772.4	1742.4	1748.7	8
2022-06-07 12:00	1748.8	1789.1	1731.7	1776.8	8
2022-06-07 16:00	1776.9	1869.9	1765.1	1842.6	17
2022-06-07 20:00	1842.8	1864.7	1750.3	1809.5	20
2022-06-08 00:00	1809.4	1831.9	1761.5	1775.5	20
2022-06-08 04:00	1775.4	1813.8	1769.1	1802.3	17
2022-06-08 08:00	1802.4	1813.1	1792.1	1804.5	16
2022-06-08 12:00	1804.7	1834.2	1780.4	1811.3	22
2022-06-08 16:00	1811.5	1818.8	1767.9	1786.6	19
2022-06-08 20:00	1786.5	1808.9	1784.2	1787.7	15
2022-06-09 00:00	1787.5	1797.5	1773.3	1795.4	16
2022-06-09 04:00	1795.6	1807.9	1789.9	1807.8	14
2022-06-09 08:00	1807.7	1828.9	1798.8	1800.5	16
2022-06-09 12:00	1800.6	1807.0	1775.8	1795.0	18
2022-06-09 16:00	1795.1	1813.5	1777.6	1778.8	16
2022-06-09 20:00	1779.0	1794.6	1776.7	1784.5	14
2022-06-10 00:00	1784.4	1800.2	1741.5	1788.2	19
2022-06-10 04:00	1788.4	1796.3	1782.7	1784.2	16
2022-06-10 08:00	1784.3	1790.6	1759.3	1767.9	16
2022-06-10 12:00	1768.0	1777.3	1703.7	1722.5	22
2022-06-10 16:00	1722.5	1726.0	1656.4	1664.2	23
2022-06-10 20:00	1664.3	1681.2	1649.9	1656.5	17
2022-06-11 00:00	1657.1	1676.2	1651.8	1663.9	17
2022-06-11 04:00	1663.9	1674.2	1657.4	1661.7	15
2022-06-11 08:00	1661.6	1664.5	1542.9	1571.3	19
2022-06-11 12:00	1571.2	1586.4	1497.3	1513.2	21
2022-06-11 16:00	1513.3	1570.8	1503.6	1541.9	18
2022-06-11 20:00	1542.0	1548.3	1514.8	1528.2	16
2022-06-12 00:00	1528.3	1537.7	1429.8	1463.3	18
2022-06-12 04:00	1463.2	1475.8	1421.2	1467.0	17
2022-06-12 08:00	1467.1	1482.0	1448.5	1464.3	16
2022-06-12 12:00	1464.5	1541.6	1425.0	1521.6	20
2022-06-12 16:00	1521.5	1527.9	1474.4	1475.3	16
2022-06-12 20:00	1475.1	1483.8	1428.6	1430.6	17
2022-06-13 00:00	1430.5	1450.0	1300.6	1346.7	26
2022-06-13 04:00	1346.6	1382.5	1259.6	1278.4	24
2022-06-13 08:00	1278.8	1284.0	1173.7	1203.4	29
2022-06-13 12:00	1203.9	1252.2	1161.6	1225.7	28
2022-06-13 16:00	1225.8	1273.5	1205.1	1222.6	25
2022-06-13 20:00	1222.7	1277.9	1164.3	1205.4	21
2022-06-14 00:00	1205.5	1220.4	1072.2	1169.8	24
2022-06-14 04:00	1169.9	1249.1	1131.9	1236.2	24
2022-06-14 08:00	1236.0	1239.1	1150.7	1171.2	24
2022-06-14 12:00	1171.4	1254.8	1154.0	1247.5	24
2022-06-14 16:00	1247.4	1262.8	1190.8	1202.0	24
2022-06-14 20:00	1202.1	1216.4	1155.3	1204.5	21
2022-06-15 00:00	1204.6	1226.8	1164.5	1168.4	24
2022-06-15 04:00	1168.3	1170.3	1079.1	1089.2	24
2022-06-15 08:00	1089.4	1127.4	1010.4	1115.4	24
2022-06-15 12:00	1115.6	1154.7	1090.6	1115.9	24
2022-06-15 16:00	1116.0	1218.8	1040.7	1165.9	22
2022-06-15 20:00	1166.0	1244.2	1150.2	1233.9	22
2022-06-16 00:00	1233.0	1253.6	1198.8	1205.9	23
2022-06-16 04:00	1205.8	1214.4	1151.0	1161.1	21
2022-06-16 08:00	1161.2	1176.6	1090.2	1107.1	21
2022-06-16 12:00	1107.0	1145.3	1077.9	1109.5	23
2022-06-16 16:00	1109.6	1129.0	1088.0	1091.6	24
2022-06-16 20:00	1091.5	1114.1	1048.2	1064.3	20
2022-06-17 00:00	1064.4	1112.5	1047.1	1067.1	23
2022-06-17 04:00	1067.1	1113.7	1063.8	1094.5	21
2022-06-17 08:00	1094.6	1108.7	1082.2	1088.5	22
2022-06-17 12:00	1088.6	1097.5	1060.4	1081.2	23
2022-06-17 16:00	1081.1	1089.6	1067.9	1076.3	18
2022-06-17 20:00	1076.4	1095.9	1070.0	1081.5	17
2022-06-18 00:00	1081.6	1092.4	1066.1	1073.9	20
2022-06-18 04:00	1073.8	1077.3	984.0	998.6	24
2022-06-18 08:00	998.6	1011.1	970.8	999.2	29
2022-06-18 12:00	999.1	1002.7	981.9	983.5	21
2022-06-18 16:00	983.6	993.9	907.6	909.0	34
2022-06-18 20:00	909.1	1008.0	875.6	991.3	30
2022-06-19 00:00	991.2	1005.3	936.6	948.9	17
2022-06-19 04:00	948.8	968.7	932.4	951.4	17
2022-06-19 08:00	951.5	1071.1	948.9	1050.6	18
2022-06-19 12:00	1050.5	1072.2	1015.5	1068.0	17
2022-06-19 16:00	1067.9	1124.1	1039.3	1095.9	18
2022-06-19 20:00	1096.0	1154.1	1094.2	1124.3	20
2022-06-20 00:00	1124.4	1128.3	1048.9	1075.7	23
2022-06-20 04:00	1075.9	1087.6	1056.2	1075.5	17
2022-06-20 08:00	1075.6	1165.2	1072.8	1148.7	24
2022-06-20 12:00	1148.8	1149.9	1103.4	1130.6	24
2022-06-20 16:00	1130.5	1132.4	1079.2	1102.3	23
2022-06-20 20:00	1102.2	1133.4	1086.9	1124.3	20
2022-06-21 00:00	1124.2	1139.3	1105.3	1126.8	22
2022-06-21 04:00	1126.9	1160.3	1114.3	1144.7	18
2022-06-21 08:00	1144.6	1171.9	1133.4	1137.3	21
2022-06-21 12:00	1137.0	1190.1	1131.6	1164.5	23
2022-06-21 16:00	1164.6	1171.0	1118.5	1120.6	17
2022-06-21 20:00	1120.5	1136.9	1109.2	1122.0	16
2022-06-22 00:00	1122.1	1123.3	1082.8	1085.3	17
2022-06-22 04:00	1085.0	1102.9	1063.2	1071.3	17
2022-06-22 08:00	1071.3	1101.7	1065.6	1093.4	16
2022-06-22 12:00	1093.5	1120.4	1067.0	1071.0	21
2022-06-22 16:00	1070.9	1084.9	1050.2	1066.9	19
2022-06-22 20:00	1066.8	1070.4	1040.0	1046.0	16
2022-06-23 00:00	1046.1	1094.1	1041.4	1072.7	17
2022-06-23 04:00	1072.6	1105.9	1068.4	1087.7	16
2022-06-23 08:00	1087.5	1112.5	1087.0	1102.7	16
2022-06-23 12:00	1102.5	1125.5	1083.9	1090.5	16
2022-06-23 16:00	1090.4	1124.4	1079.1	1123.0	16
2022-06-23 20:00	1122.9	1150.1	1115.8	1141.2	15
2022-06-24 00:00	1141.1	1164.4	1137.5	1146.5	16
2022-06-24 04:00	1146.6	1157.3	1128.4	1144.9	16
2022-06-24 08:00	1145.0	1200.6	1139.8	1192.2	18
2022-06-24 12:00	1192.2	1221.3	1186.1	1194.1	19
2022-06-24 16:00	1194.1	1226.3	1180.1	1224.2	16
2022-06-24 20:00	1224.5	1240.4	1210.9	1220.2	22
2022-06-25 00:00	1220.2	1222.8	1198.9	1218.6	18
2022-06-25 04:00	1218.6	1235.7	1205.8	1231.0	16
2022-06-25 08:00	1231.0	1238.0	1209.8	1213.5	10
2022-06-25 12:00	1213.5	1215.8	1178.8	1180.3	16
2022-06-25 16:00	1180.4	1210.1	1176.7	1202.2	13
2022-06-25 20:00	1202.1	1252.4	1198.0	1238.4	12
2022-06-26 00:00	1238.5	1242.4	1224.5	1229.9	10
2022-06-26 04:00	1229.9	1248.2	1229.3	1234.9	10
2022-06-26 08:00	1235.0	1271.7	1232.4	1266.4	11
2022-06-26 12:00	1266.3	1276.3	1209.2	1220.5	14
2022-06-26 16:00	1220.4	1229.9	1207.3	1222.9	13
2022-06-26 20:00	1223.0	1245.4	1191.6	1194.4	14
2022-06-27 00:00	1194.4	1222.9	1192.5	1216.8	14
2022-06-27 04:00	1216.7	1233.2	1209.5	1224.1	16
2022-06-27 08:00	1224.2	1234.7	1214.6	1216.5	16
2022-06-27 12:00	1216.4	1220.2	1171.4	1183.5	18
2022-06-27 16:00	1183.5	1207.1	1170.9	1193.1	17
2022-06-27 20:00	1193.0	1214.5	1185.6	1188.3	15
2022-06-28 00:00	1188.2	1195.8	1159.0	1178.2	16
2022-06-28 04:00	1178.3	1210.7	1175.4	1204.0	16
2022-06-28 08:00	1204.1	1229.1	1200.2	1219.5	16
2022-06-28 12:00	1219.2	1232.6	1177.7	1179.3	18
2022-06-28 16:00	1179.4	1189.4	1148.4	1152.0	16
2022-06-28 20:00	1152.1	1163.9	1132.5	1139.7	14
2022-06-29 00:00	1139.6	1152.1	1129.3	1140.7	16
2022-06-29 04:00	1140.8	1150.7	1110.4	1126.1	16
2022-06-29 08:00	1126.2	1137.8	1098.7	1113.7	16
2022-06-29 12:00	1113.6	1119.5	1086.4	1110.0	19
2022-06-29 16:00	1109.9	1114.0	1083.0	1113.6	16
2022-06-29 20:00	1113.7	1118.1	1088.6	1096.0	14
2022-06-30 00:00	1096.0	1102.5	1073.3	1090.1	16
2022-06-30 04:00	1090.0	1093.0	1048.7	1053.4	18
2022-06-30 08:00	1053.3	1053.6	1008.0	1014.4	17
2022-06-30 12:00	1014.3	1037.1	994.8	1028.0	17
2022-06-30 16:00	1027.9	1042.2	1008.1	1016.6	16
2022-06-30 20:00	1016.2	1077.4	1001.4	1067.6	16
2022-07-01 00:00	1067.5	1111.1	1046.5	1050.4	19
2022-07-01 04:00	1050.5	1070.7	1041.1	1062.4	16
2022-07-01 08:00	1062.5	1080.8	1029.4	1046.1	16
2022-07-01 12:00	1046.2	1070.1	1039.3	1053.5	18
2022-07-01 16:00	1053.0	1076.3	1051.0	1063.8	16
2022-07-01 20:00	1063.9	1087.2	1049.0	1053.8	14
2022-07-02 00:00	1054.0	1063.2	1036.0	1036.0	14
2022-07-02 04:00	1036.0	1047.7	1030.7	1036.5	8
2022-07-02 08:00	1036.6	1043.5	1021.9	1038.3	9
2022-07-02 12:00	1038.4	1058.9	1034.3	1047.5	10
2022-07-02 16:00	1047.6	1073.3	1044.1	1060.5	11
2022-07-02 20:00	1060.4	1071.0	1054.6	1063.0	8
2022-07-03 00:00	1063.1	1067.1	1050.6	1058.8	8
2022-07-03 04:00	1058.9	1083.0	1037.1	1059.7	12
2022-07-03 08:00	1059.8	1061.0	1046.1	1057.0	8
2022-07-03 12:00	1056.9	1059.1	1037.3	1046.4	8
2022-07-03 16:00	1046.3	1078.2	1045.3	1073.5	9
2022-07-03 20:00	1073.6	1082.6	1065.3	1070.2	12
2022-07-04 00:00	1070.1	1072.6	1043.8	1047.8	16
2022-07-04 04:00	1047.7	1053.6	1041.2	1046.8	10
2022-07-04 08:00	1046.8	1101.3	1046.0	1097.0	13
2022-07-04 12:00	1097.1	1125.8	1080.0	1108.1	17
2022-07-04 16:00	1108.0	1130.5	1099.4	1119.3	16
2022-07-04 20:00	1119.4	1156.5	1113.3	1147.0	15
2022-07-05 00:00	1147.1	1158.4	1138.1	1149.3	16
2022-07-05 04:00	1149.3	1169.3	1138.5	1154.1	15
2022-07-05 08:00	1154.2	1154.3	1103.4	1107.7	16
2022-07-05 12:00	1107.9	1108.3	1073.8	1089.0	20
2022-07-05 16:00	1089.1	1148.7	1084.5	1142.7	17
2022-07-05 20:00	1143.0	1166.0	1124.5	1128.4	16
2022-07-06 00:00	1128.5	1150.0	1107.9	1127.1	16
2022-07-06 04:00	1127.2	1146.5	1116.8	1135.2	16
2022-07-06 08:00	1135.1	1151.1	1125.0	1129.9	16
2022-07-06 12:00	1129.9	1146.1	1119.0	1129.4	18
2022-07-06 16:00	1129.5	1164.8	1128.5	1149.3	18
2022-07-06 20:00	1149.1	1200.2	1147.6	1183.0	14
2022-07-07 00:00	1182.9	1186.0	1162.7	1172.4	16
2022-07-07 04:00	1172.4	1174.0	1159.6	1173.0	15
2022-07-07 08:00	1173.0	1189.5	1169.7	1182.4	12
2022-07-07 12:00	1182.5	1225.2	1175.8	1216.0	17
2022-07-07 16:00	1216.6	1251.1	1211.2	1244.7	18
2022-07-07 20:00	1244.8	1246.6	1222.3	1233.8	14
2022-07-08 00:00	1233.9	1272.6	1228.2	1255.9	15
2022-07-08 04:00	1256.0	1264.0	1231.5	1237.9	16
2022-07-08 08:00	1237.9	1241.3	1201.6	1217.8	16
2022-07-08 12:00	1217.5	1237.5	1189.4	1232.5	22
2022-07-08 16:00	1232.4	1244.2	1211.1	1236.3	16
2022-07-08 20:00	1236.4	1250.7	1206.5	1209.0	15
2022-07-09 00:00	1209.1	1216.7	1199.7	1212.1	12
2022-07-09 04:00	1212.1	1223.7	1205.9	1221.6	8
2022-07-09 08:00	1221.5	1224.0	1202.3	1206.7	8
2022-07-09 12:00	1206.8	1219.1	1203.3	1212.1	8
2022-07-09 16:00	1211.9	1230.7	1206.0	1215.2	8
2022-07-09 20:00	1215.1	1223.1	1210.0	1213.8	8
2022-07-10 00:00	1213.9	1216.4	1179.8	1184.8	9
2022-07-10 04:00	1184.7	1192.2	1181.0	1186.2	8
2022-07-10 08:00	1186.2	1190.5	1170.9	1179.9	8
2022-07-10 12:00	1179.8	1183.9	1153.1	1160.0	12
2022-07-10 16:00	1160.1	1172.6	1150.7	1170.9	10
2022-07-10 20:00	1170.9	1180.4	1156.3	1164.8	10
2022-07-11 00:00	1164.9	1167.6	1140.8	1151.0	16
2022-07-11 04:00	1150.9	1151.6	1134.3	1139.7	16
2022-07-11 08:00	1139.7	1146.2	1137.9	1139.8	13
2022-07-11 12:00	1139.9	1157.5	1125.3	1139.9	17
2022-07-11 16:00	1139.9	1152.7	1132.3	1137.9	16
2022-07-11 20:00	1137.7	1140.8	1087.9	1092.8	14
2022-07-12 00:00	1092.7	1094.4	1078.1	1082.4	16
2022-07-12 04:00	1082.3	1089.2	1059.2	1065.0	12
2022-07-12 08:00	1064.9	1068.1	1050.2	1062.3	16
2022-07-12 12:00	1062.2	1079.6	1058.0	1072.1	17
2022-07-12 16:00	1072.2	1084.8	1029.7	1037.7	16
2022-07-12 20:00	1037.6	1046.9	1031.8	1034.7	14
2022-07-13 00:00	1034.8	1056.0	1032.0	1048.6	15
2022-07-13 04:00	1048.5	1068.3	1045.4	1065.8	13
2022-07-13 08:00	1065.9	1079.6	1062.2	1078.5	15
2022-07-13 12:00	1078.5	1098.2	1003.1	1056.9	18
2022-07-13 16:00	1056.8	1094.4	1046.0	1072.9	17
2022-07-13 20:00	1073.0	1115.0	1071.1	1111.5	14
2022-07-14 00:00	1111.6	1122.9	1105.5	1109.2	16
2022-07-14 04:00	1109.3	1111.3	1090.4	1094.0	16
2022-07-14 08:00	1094.1	1097.0	1068.7	1077.8	16
2022-07-14 12:00	1077.7	1143.8	1070.1	1137.3	18
2022-07-14 16:00	1137.4	1210.3	1129.9	1190.1	19
2022-07-14 20:00	1190.3	1197.1	1177.0	1189.9	14
2022-07-15 00:00	1189.8	1219.1	1177.9	1196.3	15
2022-07-15 04:00	1196.4	1214.2	1186.6	1208.4	12
2022-07-15 08:00	1208.5	1226.8	1200.0	1207.8	16
2022-07-15 12:00	1207.8	1234.0	1204.6	1219.2	19
2022-07-15 16:00	1219.0	1267.0	1200.7	1263.1	18
2022-07-15 20:00	1263.4	1283.8	1223.2	1226.9	16
2022-07-16 00:00	1226.8	1240.0	1205.4	1217.8	15
2022-07-16 04:00	1217.8	1218.8	1189.0	1194.4	13
2022-07-16 08:00	1194.3	1202.9	1190.4	1195.1	8
2022-07-16 12:00	1195.0	1273.7	1193.5	1271.6	14
2022-07-16 16:00	1271.5	1419.1	1269.9	1332.9	20
2022-07-16 20:00	1333.0	1358.6	1311.5	1352.9	16
2022-07-17 00:00	1353.0	1383.3	1325.4	1350.5	14
2022-07-17 04:00	1350.6	1373.7	1344.1	1358.6	14
2022-07-17 08:00	1358.5	1372.7	1334.4	1360.3	15
2022-07-17 12:00	1360.4	1364.3	1327.9	1348.7	16
2022-07-17 16:00	1348.6	1378.1	1316.6	1344.9	17
2022-07-17 20:00	1345.0	1371.7	1332.5	1335.4	12
2022-07-18 00:00	1335.5	1417.7	1332.8	1403.4	18
2022-07-18 04:00	1403.5	1471.8	1391.2	1464.2	20
2022-07-18 08:00	1464.3	1506.0	1460.5	1476.0	22
2022-07-18 12:00	1475.8	1526.0	1452.5	1518.4	21
2022-07-18 16:00	1518.6	1527.4	1447.9	1469.0	23
2022-07-18 20:00	1469.1	1594.0	1458.2	1579.0	19
2022-07-19 00:00	1578.8	1627.7	1508.8	1513.0	25
2022-07-19 04:00	1513.1	1540.1	1490.1	1508.0	24
2022-07-19 08:00	1508.0	1558.8	1503.4	1539.0	23
2022-07-19 12:00	1539.1	1574.2	1504.1	1538.3	24
2022-07-19 16:00	1538.2	1586.4	1532.5	1558.2	24
2022-07-19 20:00	1558.4	1585.0	1523.7	1539.9	18
2022-07-20 00:00	1539.8	1565.4	1508.7	1559.5	18
2022-07-20 04:00	1559.4	1576.4	1528.3	1528.6	17
2022-07-20 08:00	1528.5	1611.5	1524.6	1600.5	20
2022-07-20 12:00	1600.4	1618.3	1580.9	1594.3	24
2022-07-20 16:00	1594.4	1595.2	1535.5	1548.8	21
2022-07-20 20:00	1548.9	1563.5	1483.6	1519.0	20
2022-07-21 00:00	1519.1	1549.4	1480.8	1485.2	20
2022-07-21 04:00	1485.1	1494.9	1461.6	1485.5	18
2022-07-21 08:00	1485.5	1516.4	1475.4	1486.4	18
2022-07-21 12:00	1486.1	1512.5	1478.5	1508.7	22
2022-07-21 16:00	1508.5	1577.6	1507.0	1576.2	20
2022-07-21 20:00	1576.3	1602.9	1563.1	1572.9	16
2022-07-22 00:00	1572.8	1593.5	1551.5	1559.1	16
2022-07-22 04:00	1559.2	1611.1	1553.6	1599.3	16
2022-07-22 08:00	1599.5	1643.2	1593.4	1636.7	19
2022-07-22 12:00	1636.6	1641.8	1567.9	1572.5	21
2022-07-22 16:00	1572.4	1589.4	1516.8	1523.9	20
2022-07-22 20:00	1524.1	1540.4	1514.6	1531.6	16
2022-07-23 00:00	1531.6	1575.5	1519.4	1567.1	16
2022-07-23 04:00	1567.0	1592.7	1560.3	1575.9	14
2022-07-23 08:00	1576.0	1585.8	1517.1	1519.7	15
2022-07-23 12:00	1519.7	1534.3	1501.2	1521.1	16
2022-07-23 16:00	1521.0	1530.0	1486.0	1509.3	11
2022-07-23 20:00	1521.4	1552.6	1512.4	1546.2	10
2022-07-24 00:00	1546.3	1574.7	1544.5	1549.2	12
2022-07-24 04:00	1549.1	1616.7	1544.8	1601.8	15
2022-07-24 08:00	1601.9	1625.9	1577.8	1613.0	15
2022-07-24 12:00	1613.1	1618.0	1571.4	1610.2	16
2022-07-24 16:00	1610.1	1613.2	1581.4	1600.2	16
2022-07-24 20:00	1600.2	1661.3	1587.4	1595.1	17
2022-07-25 00:00	1595.2	1606.5	1498.4	1508.9	18
2022-07-25 04:00	1508.8	1526.7	1497.4	1520.0	16
2022-07-25 08:00	1519.9	1550.3	1509.4	1534.6	16
2022-07-25 12:00	1534.7	1535.9	1500.2	1523.6	20
2022-07-25 16:00	1523.6	1532.2	1455.1	1492.5	18
2022-07-25 20:00	1492.6	1535.9	1433.0	1437.6	21
2022-07-26 00:00	1437.7	1446.4	1399.0	1429.8	18
2022-07-26 04:00	1430.3	1435.9	1404.4	1406.7	16
2022-07-26 08:00	1406.9	1421.3	1383.5	1402.9	16
2022-07-26 12:00	1403.0	1417.5	1361.6	1365.9	22
2022-07-26 16:00	1365.8	1392.8	1354.9	1364.0	18
2022-07-26 20:00	1363.7	1451.6	1354.0	1446.9	19
2022-07-27 00:00	1446.7	1456.1	1418.4	1422.0	17
2022-07-27 04:00	1422.1	1469.2	1419.9	1462.2	16
2022-07-27 08:00	1462.1	1472.0	1446.2	1450.2	16
2022-07-27 12:00	1450.3	1494.9	1443.0	1487.1	18
2022-07-27 16:00	1487.2	1610.7	1476.1	1584.9	26
2022-07-27 20:00	1585.1	1641.6	1583.7	1633.9	18
2022-07-28 00:00	1633.9	1672.8	1603.1	1646.1	19
2022-07-28 04:00	1646.0	1651.3	1610.9	1615.6	16
2022-07-28 08:00	1615.3	1640.4	1598.9	1638.9	16
2022-07-28 12:00	1638.8	1751.0	1593.4	1725.5	26
2022-07-28 16:00	1725.6	1747.6	1711.5	1723.2	21
2022-07-28 20:00	1723.4	1781.8	1712.0	1722.5	17
2022-07-29 00:00	1722.4	1730.9	1694.0	1725.6	19
2022-07-29 04:00	1725.0	1749.2	1704.6	1713.3	19
2022-07-29 08:00	1713.4	1730.6	1667.2	1679.5	21
2022-07-29 12:00	1679.4	1742.1	1654.6	1719.8	24
2022-07-29 16:00	1719.9	1732.5	1666.5	1721.7	23
2022-07-29 20:00	1722.0	1762.3	1699.4	1718.0	18
2022-07-30 00:00	1718.2	1731.9	1683.2	1703.7	18
2022-07-30 04:00	1703.7	1717.0	1685.3	1712.2	10
2022-07-30 08:00	1712.6	1720.5	1675.2	1701.7	12
2022-07-30 12:00	1701.7	1740.8	1693.1	1733.7	19
2022-07-30 16:00	1733.7	1734.2	1685.9	1688.5	17
2022-07-30 20:00	1688.8	1706.2	1671.6	1695.0	14
2022-07-31 00:00	1695.1	1710.5	1684.5	1691.7	14
2022-07-31 04:00	1691.8	1705.7	1687.7	1695.5	8
2022-07-31 08:00	1695.6	1720.3	1684.3	1716.5	12
2022-07-31 12:00	1716.6	1719.9	1692.0	1710.0	14
2022-07-31 16:00	1710.0	1751.4	1685.4	1715.5	16
2022-07-31 20:00	1715.6	1721.9	1663.7	1676.7	14
2022-08-01 00:00	1676.8	1702.3	1672.4	1689.5	16
2022-08-01 04:00	1689.3	1695.1	1672.0	1690.6	16
2022-08-01 08:00	1690.5	1693.3	1640.0	1666.1	18
2022-08-01 12:00	1666.0	1688.0	1634.5	1670.8	23
2022-08-01 16:00	1670.7	1671.5	1614.2	1620.3	23
2022-08-01 20:00	1620.2	1641.3	1604.8	1628.2	17
2022-08-02 00:00	1628.1	1654.7	1566.9	1575.2	20
2022-08-02 04:00	1575.1	1593.3	1564.1	1591.1	17
2022-08-02 08:00	1591.0	1595.2	1557.3	1585.2	17
2022-08-02 12:00	1585.2	1635.7	1562.6	1628.0	24
2022-08-02 16:00	1628.1	1675.3	1620.2	1634.3	24
2022-08-02 20:00	1634.4	1657.7	1626.1	1628.6	17
2022-08-03 00:00	1628.5	1636.5	1587.8	1617.4	21
2022-08-03 04:00	1617.5	1640.6	1611.0	1626.5	16
2022-08-03 08:00	1626.4	1669.6	1626.3	1663.1	17
2022-08-03 12:00	1663.2	1682.1	1643.5	1654.1	22
2022-08-03 16:00	1654.0	1668.8	1645.3	1652.3	18
2022-08-03 20:00	1652.3	1655.4	1605.4	1616.1	18
2022-08-04 00:00	1616.2	1656.6	1613.5	1648.0	18
2022-08-04 04:00	1647.9	1660.5	1614.1	1623.7	18
2022-08-04 08:00	1623.8	1628.1	1604.0	1613.5	17
2022-08-04 12:00	1613.4	1641.5	1594.4	1612.8	21
2022-08-04 16:00	1613.1	1622.0	1578.3	1588.1	22
2022-08-04 20:00	1588.4	1610.3	1578.9	1605.6	15
2022-08-05 00:00	1605.7	1665.6	1603.4	1657.3	18
2022-08-05 04:00	1657.4	1676.1	1644.7	1660.4	17
2022-08-05 08:00	1660.3	1715.0	1649.6	1711.4	18
2022-08-05 12:00	1711.3	1722.3	1662.5	1667.6	24
2022-08-05 16:00	1667.2	1681.7	1654.3	1679.1	21
2022-08-05 20:00	1679.0	1737.9	1663.9	1732.8	23
2022-08-06 00:00	1733.2	1745.8	1722.1	1730.7	23
2022-08-06 04:00	1730.7	1734.2	1710.3	1717.1	16
2022-08-06 08:00	1717.0	1720.8	1699.4	1708.4	16
2022-08-06 12:00	1708.4	1716.9	1702.8	1711.6	18
2022-08-06 16:00	1711.6	1717.2	1682.0	1711.0	23
2022-08-06 20:00	1711.1	1720.6	1685.4	1688.4	14
2022-08-07 00:00	1688.4	1695.8	1666.8	1681.9	11
2022-08-07 04:00	1682.0	1686.2	1670.7	1678.8	6
2022-08-07 20:00	1718.1	1726.0	1688.7	1697.8	11
2022-08-08 00:00	1697.7	1716.8	1691.8	1707.5	16
2022-08-08 04:00	1707.6	1736.9	1705.9	1730.6	16
2022-08-08 08:00	1731.0	1789.6	1726.1	1787.1	19
2022-08-08 12:00	1787.2	1814.4	1765.0	1772.6	24
2022-08-08 16:00	1772.5	1784.5	1753.8	1781.3	20
2022-08-08 20:00	1781.2	1797.1	1756.5	1774.7	16
2022-08-09 00:00	1774.6	1784.0	1759.4	1776.1	16
2022-08-09 04:00	1776.3	1788.1	1764.2	1779.5	16
2022-08-09 08:00	1779.7	1780.7	1691.7	1701.4	20
2022-08-09 12:00	1701.4	1715.1	1666.9	1682.6	21
2022-08-09 16:00	1682.5	1696.1	1672.5	1685.7	18
2022-08-09 20:00	1685.5	1713.7	1685.0	1700.5	15
2022-08-10 00:00	1700.6	1700.7	1655.3	1667.3	17
2022-08-10 04:00	1667.4	1689.1	1666.0	1683.7	16
2022-08-10 08:00	1683.8	1711.4	1682.9	1705.4	16
2022-08-10 12:00	1705.5	1851.2	1701.9	1835.0	25
2022-08-10 16:00	1835.1	1846.6	1801.7	1815.7	18
2022-08-10 20:00	1815.7	1881.7	1815.3	1851.5	17
2022-08-11 00:00	1851.4	1915.6	1848.5	1878.4	21
2022-08-11 04:00	1878.5	1903.6	1869.2	1877.0	17
2022-08-11 08:00	1877.1	1911.4	1872.1	1901.8	16
2022-08-11 12:00	1901.9	1940.0	1882.0	1888.4	24
2022-08-11 16:00	1888.5	1906.3	1874.1	1896.8	24
2022-08-11 20:00	1896.8	1902.7	1865.3	1878.6	17
2022-08-12 00:00	1878.5	1911.6	1855.8	1902.3	21
2022-08-12 04:00	1902.4	1907.2	1880.8	1886.4	16
2022-08-12 08:00	1886.7	1901.8	1851.7	1867.0	18
2022-08-12 12:00	1866.8	1902.5	1865.2	1896.1	20
2022-08-12 16:00	1896.0	1929.4	1889.1	1924.8	18
2022-08-12 20:00	1924.9	1962.6	1914.4	1955.8	21
2022-08-13 00:00	1955.8	1995.6	1943.5	1993.6	23
2022-08-13 04:00	1993.8	2016.5	1982.9	1994.3	24
2022-08-13 08:00	1994.4	2006.2	1971.9	1984.4	16
2022-08-13 12:00	1984.4	1992.3	1962.1	1986.8	16
2022-08-13 16:00	1986.9	2001.8	1970.6	1973.9	16
2022-08-13 20:00	1973.8	1992.2	1966.2	1981.8	14
2022-08-14 00:00	1981.8	1991.9	1969.8	1984.4	13
2022-08-14 04:00	1984.4	2028.2	1979.4	2014.8	16
2022-08-14 08:00	2014.7	2015.5	1979.3	1988.7	15
2022-08-14 12:00	1988.6	1989.7	1968.8	1982.0	14
2022-08-14 16:00	1981.9	1982.7	1904.4	1929.5	16
2022-08-14 20:00	1929.6	1957.0	1914.9	1933.3	14
2022-08-15 00:00	1933.4	2010.1	1921.0	1984.8	19
2022-08-15 04:00	1984.7	1990.4	1883.6	1898.3	20
2022-08-15 08:00	1898.3	1910.9	1873.6	1889.0	20
2022-08-15 12:00	1888.9	1919.7	1870.7	1916.2	22
2022-08-15 16:00	1916.1	1930.7	1883.0	1887.2	17
2022-08-15 20:00	1887.3	1915.1	1874.8	1896.6	16
2022-08-16 00:00	1896.5	1912.0	1859.6	1885.6	19
2022-08-16 04:00	1885.7	1890.9	1854.5	1884.0	16
2022-08-16 08:00	1884.1	1911.6	1872.6	1904.2	16
2022-08-16 12:00	1904.3	1911.4	1861.8	1885.0	22
2022-08-16 16:00	1885.1	1895.0	1850.7	1876.7	18
2022-08-16 20:00	1876.6	1884.0	1864.2	1874.2	14
2022-08-17 00:00	1874.2	1902.0	1872.4	1893.7	16
2022-08-17 04:00	1893.6	1954.0	1886.0	1888.1	17
2022-08-17 08:00	1888.0	1899.7	1867.2	1874.4	16
2022-08-17 12:00	1874.5	1883.3	1816.7	1828.8	20
2022-08-17 16:00	1829.0	1868.3	1821.5	1835.6	20
2022-08-17 20:00	1835.8	1850.7	1821.8	1831.4	15
2022-08-18 00:00	1831.5	1863.4	1818.6	1846.3	16
2022-08-18 04:00	1846.4	1850.6	1833.6	1842.3	16
2022-08-18 08:00	1842.4	1863.8	1832.0	1856.9	16
2022-08-18 12:00	1857.0	1879.4	1847.1	1870.4	22
2022-08-18 16:00	1870.5	1876.0	1853.7	1868.1	17
2022-08-18 20:00	1868.0	1877.1	1840.0	1843.7	16
2022-08-19 00:00	1843.5	1845.2	1803.4	1814.9	20
2022-08-19 04:00	1815.0	1821.6	1723.7	1742.0	19
2022-08-19 08:00	1742.1	1742.4	1681.2	1705.0	20
2022-08-19 12:00	1704.9	1704.9	1673.7	1695.3	21
2022-08-19 16:00	1695.2	1723.3	1678.3	1698.3	18
2022-08-19 20:00	1698.2	1703.3	1598.9	1604.5	31
2022-08-20 00:00	1604.4	1635.2	1603.4	1623.7	25
2022-08-20 04:00	1623.8	1653.9	1621.4	1643.6	21
2022-08-20 08:00	1643.7	1645.9	1613.7	1627.3	22
2022-08-20 12:00	1627.1	1640.2	1620.2	1630.8	23
2022-08-20 16:00	1631.0	1635.7	1551.4	1559.5	31
2022-08-20 20:00	1559.8	1585.8	1521.6	1573.2	21
2022-08-21 00:00	1573.3	1601.2	1570.8	1582.9	16
2022-08-21 04:00	1583.0	1592.4	1560.5	1582.5	12
2022-08-21 08:00	1582.5	1627.2	1582.1	1624.3	16
2022-08-21 12:00	1624.2	1637.8	1598.8	1618.6	16
2022-08-21 16:00	1618.7	1632.1	1608.6	1621.6	14
2022-08-21 20:00	1621.5	1642.5	1577.6	1615.2	15
2022-08-22 00:00	1615.4	1618.7	1591.2	1592.5	17
2022-08-22 04:00	1592.4	1607.4	1549.4	1553.7	17
2022-08-22 08:00	1553.6	1577.5	1527.6	1564.6	19
2022-08-22 12:00	1564.8	1592.0	1545.4	1587.0	22
2022-08-22 16:00	1587.1	1597.4	1546.3	1564.1	17
2022-08-22 20:00	1564.2	1626.1	1562.0	1622.1	16
2022-08-23 00:00	1622.0	1635.7	1605.3	1606.8	16
2022-08-23 04:00	1606.8	1614.5	1561.5	1599.4	17
2022-08-23 08:00	1599.4	1621.9	1586.0	1617.8	17
2022-08-23 12:00	1617.9	1651.0	1604.3	1637.8	21
2022-08-23 16:00	1637.9	1670.8	1622.3	1647.7	18
2022-08-23 20:00	1648.0	1669.6	1638.4	1662.9	15
2022-08-24 00:00	1663.0	1663.9	1602.9	1611.6	16
2022-08-24 04:00	1611.6	1646.8	1607.8	1624.4	16
2022-08-24 08:00	1624.5	1650.3	1623.5	1648.6	16
2022-08-24 12:00	1648.6	1684.6	1639.7	1681.3	20
2022-08-24 16:00	1681.7	1691.0	1661.2	1676.1	17
2022-08-24 20:00	1676.0	1683.7	1649.4	1653.7	15
2022-08-25 00:00	1653.6	1681.9	1651.2	1666.9	16
2022-08-25 04:00	1666.8	1709.3	1666.6	1706.0	17
2022-08-25 08:00	1705.9	1712.9	1690.8	1707.4	16
2022-08-25 12:00	1707.3	1719.2	1686.1	1698.6	19
2022-08-25 16:00	1698.5	1710.2	1687.5	1703.8	16
2022-08-25 20:00	1703.9	1710.2	1681.6	1692.8	15
2022-08-26 00:00	1692.7	1692.8	1669.1	1684.6	16
2022-08-26 04:00	1684.7	1685.0	1638.9	1658.1	17
2022-08-26 08:00	1658.1	1664.5	1620.0	1626.9	17
2022-08-26 12:00	1626.7	1703.3	1582.7	1590.8	22
2022-08-26 16:00	1590.7	1596.7	1536.1	1557.2	19
2022-08-26 20:00	1556.9	1566.1	1482.5	1503.8	23
2022-08-27 00:00	1504.0	1514.9	1479.5	1498.1	22
2022-08-27 04:00	1498.0	1506.9	1465.8	1505.4	18
2022-08-27 08:00	1505.5	1508.7	1492.9	1502.9	14
2022-08-27 12:00	1503.0	1506.6	1453.9	1467.4	16
2022-08-27 16:00	1467.5	1481.7	1445.6	1477.0	14
2022-08-27 20:00	1476.9	1495.9	1456.1	1488.3	12
2022-08-28 00:00	1488.2	1507.8	1474.4	1489.0	12
2022-08-28 04:00	1489.0	1499.0	1479.3	1494.4	8
2022-08-28 08:00	1494.3	1501.4	1473.5	1482.7	9
2022-08-28 12:00	1482.8	1486.1	1457.7	1484.3	15
2022-08-28 16:00	1484.2	1494.2	1476.1	1480.5	11
2022-08-28 20:00	1480.3	1489.2	1421.4	1423.7	15
2022-08-29 00:00	1423.6	1459.4	1419.7	1454.2	18
2022-08-29 04:00	1454.1	1459.2	1437.0	1452.0	16
2022-08-29 08:00	1452.1	1453.8	1439.3	1446.2	16
2022-08-29 12:00	1446.2	1527.6	1444.3	1519.2	18
2022-08-29 16:00	1519.3	1542.0	1517.5	1528.1	16
2022-08-29 20:00	1528.3	1557.2	1526.6	1549.4	13
2022-08-30 00:00	1549.3	1549.8	1521.2	1541.4	14
2022-08-30 04:00	1541.5	1598.1	1540.3	1584.3	16
2022-08-30 08:00	1584.3	1602.9	1574.3	1582.3	14
2022-08-30 12:00	1582.3	1591.6	1506.8	1522.3	16
2022-08-30 16:00	1522.6	1566.2	1471.4	1541.0	18
2022-08-30 20:00	1541.2	1563.2	1514.5	1521.7	14
2022-08-31 00:00	1521.6	1611.8	1521.6	1603.7	16
2022-08-31 04:00	1604.0	1616.5	1573.9	1581.8	16
2022-08-31 08:00	1581.7	1605.0	1558.1	1592.1	16
2022-08-31 12:00	1592.3	1606.7	1533.3	1558.0	23
2022-08-31 16:00	1558.1	1585.9	1526.2	1572.5	20
2022-08-31 20:00	1572.6	1581.5	1539.9	1551.4	13
2022-09-01 00:00	1551.5	1570.8	1531.8	1547.1	16
2022-09-01 04:00	1546.8	1560.1	1528.1	1541.8	16
2022-09-01 08:00	1541.8	1582.2	1530.7	1575.1	16
2022-09-01 12:00	1575.2	1578.1	1510.3	1533.2	20
2022-09-01 16:00	1533.1	1569.3	1520.9	1562.1	16
2022-09-01 20:00	1562.2	1595.9	1559.4	1583.5	10
2022-09-02 00:00	1583.3	1602.5	1565.1	1592.9	14
2022-09-02 04:00	1592.8	1607.6	1576.0	1591.7	14
2022-09-02 08:00	1591.6	1599.7	1579.8	1590.7	10
2022-09-02 12:00	1590.7	1645.9	1583.8	1634.4	17
2022-09-02 16:00	1633.8	1636.5	1543.9	1558.8	16
2022-09-02 20:00	1558.9	1582.9	1548.6	1571.5	14
2022-09-03 00:00	1571.4	1578.3	1551.4	1557.6	11
2022-09-03 04:00	1560.9	1569.1	1532.3	1541.5	9
2022-09-03 08:00	1541.6	1557.1	1537.7	1546.2	8
2022-09-03 12:00	1546.1	1562.9	1541.7	1545.7	8
2022-09-03 16:00	1545.8	1560.2	1533.6	1546.8	9
2022-09-03 20:00	1546.6	1558.0	1544.4	1554.9	8
2022-09-04 00:00	1554.9	1558.7	1545.2	1549.5	8
2022-09-04 04:00	1549.6	1553.9	1541.1	1543.0	8
2022-09-04 08:00	1542.9	1561.4	1538.2	1561.3	8
2022-09-04 12:00	1561.4	1579.7	1542.3	1557.9	9
2022-09-04 16:00	1557.8	1573.0	1553.1	1564.5	8
2022-09-04 20:00	1564.5	1577.4	1560.6	1576.5	10
2022-09-05 00:00	1576.4	1589.6	1566.4	1573.0	12
2022-09-05 04:00	1573.2	1577.5	1554.9	1559.9	14
2022-09-05 08:00	1559.9	1566.5	1555.4	1564.0	9
2022-09-05 12:00	1564.1	1603.3	1559.9	1598.4	9
2022-09-05 16:00	1598.2	1607.1	1573.8	1583.2	8
2022-09-05 20:00	1583.1	1627.4	1582.7	1614.9	8
2022-09-06 00:00	1615.0	1672.5	1612.9	1637.6	8
2022-09-06 04:00	1637.6	1675.1	1635.2	1656.0	8
2022-09-06 08:00	1656.0	1675.2	1645.0	1665.8	8
2022-09-06 12:00	1665.8	1683.6	1632.8	1667.2	15
2022-09-06 16:00	1667.0	1671.9	1562.4	1573.6	16
2022-09-06 20:00	1573.9	1585.2	1552.5	1556.2	13
2022-09-07 00:00	1556.3	1565.2	1488.4	1507.8	15
2022-09-07 04:00	1507.6	1523.9	1497.0	1516.0	13
2022-09-07 08:00	1516.1	1522.2	1502.8	1511.2	13
2022-09-07 12:00	1511.4	1548.3	1497.4	1541.8	16
2022-09-07 16:00	1542.0	1578.6	1534.0	1567.9	16
2022-09-07 20:00	1567.8	1654.2	1566.4	1627.0	15
2022-09-08 00:00	1626.9	1634.1	1610.5	1626.7	14
2022-09-08 04:00	1626.7	1644.3	1592.5	1610.7	15
2022-09-08 08:00	1610.8	1641.6	1603.4	1633.3	15
2022-09-08 12:00	1633.2	1652.0	1595.9	1627.1	17
2022-09-08 16:00	1626.9	1647.3	1606.5	1647.1	16
2022-09-08 20:00	1647.0	1658.9	1623.9	1632.9	11
2022-09-09 00:00	1633.0	1673.1	1628.0	1670.4	11
2022-09-09 04:00	1670.5	1714.3	1667.5	1702.6	16
2022-09-09 08:00	1702.7	1710.8	1682.4	1698.0	16
2022-09-09 12:00	1697.8	1743.2	1696.3	1717.1	16
2022-09-09 16:00	1716.8	1723.4	1694.0	1718.3	16
2022-09-09 20:00	1718.5	1729.2	1703.3	1715.0	10
2022-09-10 00:00	1715.1	1740.1	1703.3	1734.1	7
2022-09-10 04:00	1735.1	1736.4	1706.9	1708.9	8
2022-09-10 08:00	1708.9	1726.3	1707.6	1722.2	8
2022-09-10 12:00	1722.2	1731.6	1710.7	1713.6	8
2022-09-10 16:00	1713.5	1742.0	1707.9	1739.3	8
2022-09-10 20:00	1739.3	1786.6	1727.5	1772.0	10
2022-09-11 00:00	1772.1	1777.1	1755.0	1758.9	8
2022-09-11 04:00	1759.0	1766.6	1742.0	1759.5	9
2022-09-11 08:00	1759.6	1777.7	1755.5	1768.3	8
2022-09-11 12:00	1768.4	1776.2	1752.2	1766.3	8
2022-09-11 16:00	1766.4	1785.6	1754.8	1761.3	9
2022-09-11 20:00	1761.1	1766.2	1719.2	1764.1	13
2022-09-12 00:00	1764.2	1780.5	1712.1	1724.8	16
2022-09-12 04:00	1724.9	1759.1	1715.2	1756.5	16
2022-09-12 08:00	1756.5	1763.0	1728.2	1746.9	16
2022-09-12 12:00	1746.7	1752.5	1694.1	1703.7	16
2022-09-12 16:00	1703.5	1730.8	1691.8	1723.6	16
2022-09-12 20:00	1723.7	1728.9	1699.6	1713.9	13
2022-09-13 00:00	1714.0	1715.9	1673.6	1713.3	16
2022-09-13 04:00	1713.1	1727.9	1697.3	1713.5	15
2022-09-13 08:00	1713.6	1744.0	1706.5	1735.5	16
2022-09-13 12:00	1735.6	1756.1	1573.1	1591.5	18
2022-09-13 16:00	1591.3	1628.7	1568.6	1602.7	16
2022-09-13 20:00	1602.7	1621.2	1559.0	1571.7	15
2022-09-14 00:00	1571.5	1607.8	1550.3	1599.9	15
2022-09-14 04:00	1599.9	1620.9	1594.0	1609.2	15
2022-09-14 08:00	1609.1	1609.6	1580.9	1592.2	15
2022-09-14 12:00	1592.3	1610.3	1583.2	1592.4	16
2022-09-14 16:00	1592.7	1600.3	1557.1	1597.3	16
2022-09-14 20:00	1597.5	1644.3	1590.5	1635.9	15
2022-09-15 00:00	1636.0	1650.9	1581.6	1603.0	17
2022-09-15 04:00	1602.6	1650.7	1573.0	1634.6	19
2022-09-15 08:00	1634.6	1634.6	1572.6	1588.9	16
2022-09-15 12:00	1589.1	1598.2	1457.8	1491.8	22
2022-09-15 16:00	1491.6	1516.6	1482.3	1495.4	18
2022-09-15 20:00	1495.3	1507.1	1456.6	1470.0	14
2022-09-16 00:00	1470.0	1480.8	1444.1	1471.0	16
2022-09-16 04:00	1470.8	1477.7	1464.9	1468.7	16
2022-09-16 08:00	1468.8	1479.4	1440.6	1476.0	14
2022-09-16 12:00	1475.9	1476.1	1422.7	1449.8	20
2022-09-16 16:00	1449.6	1449.7	1403.4	1425.4	21
2022-09-16 20:00	1425.1	1444.0	1418.7	1429.6	12
2022-09-17 00:00	1429.4	1452.2	1426.4	1437.0	10
2022-09-17 04:00	1439.1	1442.0	1420.4	1429.8	8
2022-09-17 08:00	1429.9	1432.7	1414.3	1417.1	8
2022-09-17 12:00	1417.1	1447.8	1406.9	1441.9	8
2022-09-17 16:00	1441.9	1473.2	1439.9	1461.9	11
2022-09-17 20:00	1462.0	1470.6	1444.6	1466.3	8
2022-09-18 00:00	1466.7	1467.1	1444.0	1448.7	9
2022-09-18 04:00	1449.0	1457.5	1446.3	1450.9	8
2022-09-18 08:00	1450.9	1456.5	1415.3	1431.4	10
2022-09-18 12:00	1431.4	1437.0	1407.6	1414.4	9
2022-09-18 16:00	1414.5	1421.3	1364.5	1378.0	15
2022-09-18 20:00	1377.9	1378.9	1321.8	1331.9	15
2022-09-19 00:00	1332.0	1351.2	1286.3	1292.1	18
2022-09-19 04:00	1292.0	1310.6	1278.6	1299.6	18
2022-09-19 08:00	1299.7	1317.2	1287.0	1305.4	16
2022-09-19 12:00	1305.6	1369.5	1304.4	1338.8	21
2022-09-19 16:00	1338.7	1364.4	1320.0	1359.9	17
2022-09-19 20:00	1359.9	1389.4	1353.8	1373.5	15
2022-09-20 00:00	1373.3	1381.9	1340.2	1352.7	16
2022-09-20 04:00	1352.6	1374.8	1348.7	1356.0	16
2022-09-20 08:00	1356.1	1364.3	1343.2	1353.6	16
2022-09-20 12:00	1353.7	1378.4	1327.8	1374.7	17
2022-09-20 16:00	1374.8	1380.7	1329.5	1349.4	16
2022-09-20 20:00	1349.5	1353.7	1310.4	1320.4	15
2022-09-21 00:00	1320.3	1342.8	1314.9	1334.6	16
2022-09-21 04:00	1334.5	1341.9	1313.6	1329.3	14
2022-09-21 08:00	1329.4	1351.1	1320.8	1348.3	13
2022-09-21 12:00	1348.3	1358.2	1331.7	1340.6	17
2022-09-21 16:00	1340.5	1401.9	1307.9	1321.0	23
2022-09-21 20:00	1320.8	1324.5	1217.8	1243.3	17
2022-09-22 00:00	1243.2	1268.4	1234.8	1260.3	15
2022-09-22 04:00	1260.4	1277.7	1252.2	1276.2	16
2022-09-22 08:00	1276.1	1310.2	1274.1	1306.1	16
2022-09-22 12:00	1306.0	1310.8	1254.6	1268.6	19
2022-09-22 16:00	1268.6	1333.8	1249.6	1321.0	18
2022-09-22 20:00	1321.1	1345.6	1304.0	1323.7	14
2022-09-23 00:00	1323.8	1342.5	1312.3	1338.2	16
2022-09-23 04:00	1338.0	1356.4	1326.1	1329.2	16
2022-09-23 08:00	1329.1	1332.8	1279.5	1285.0	16
2022-09-23 12:00	1285.0	1316.3	1259.6	1291.3	18
2022-09-23 16:00	1291.2	1303.9	1272.5	1290.0	20
2022-09-23 20:00	1289.9	1335.5	1289.6	1322.8	15
2022-09-24 00:00	1322.9	1326.0	1306.5	1319.3	13
2022-09-24 04:00	1317.8	1333.7	1312.3	1318.1	8
2022-09-24 08:00	1318.0	1328.6	1312.8	1322.6	10
2022-09-24 12:00	1322.7	1345.0	1321.7	1335.7	14
2022-09-24 16:00	1335.7	1344.4	1329.2	1338.1	16
2022-09-24 20:00	1338.0	1340.0	1304.2	1314.4	9
2022-09-25 00:00	1314.5	1326.7	1312.1	1326.6	8
2022-09-25 04:00	1326.7	1334.0	1317.3	1330.1	8
2022-09-25 08:00	1330.2	1331.7	1314.7	1327.0	8
2022-09-25 12:00	1327.0	1329.0	1296.1	1308.4	9
2022-09-25 16:00	1308.2	1318.1	1279.6	1296.4	10
2022-09-25 20:00	1296.3	1299.1	1266.8	1292.0	12
2022-09-26 00:00	1291.9	1311.3	1284.6	1300.7	16
2022-09-26 04:00	1300.6	1303.6	1276.1	1292.7	16
2022-09-26 08:00	1292.8	1322.3	1287.1	1294.2	16
2022-09-26 12:00	1294.4	1335.8	1291.1	1322.4	17
2022-09-26 16:00	1322.7	1337.4	1308.9	1327.7	16
2022-09-26 20:00	1327.8	1334.9	1312.7	1333.7	10
2022-09-27 00:00	1333.8	1386.9	1330.1	1383.1	17
2022-09-27 04:00	1383.2	1391.5	1372.7	1379.7	16
2022-09-27 08:00	1379.8	1396.0	1373.0	1386.3	16
2022-09-27 12:00	1386.2	1397.4	1362.2	1362.4	18
2022-09-27 16:00	1362.3	1364.9	1301.3	1322.0	19
2022-09-27 20:00	1321.9	1332.2	1314.3	1325.4	14
2022-09-28 00:00	1325.4	1337.4	1264.8	1284.5	17
2022-09-28 04:00	1284.4	1290.4	1264.0	1282.8	16
2022-09-28 08:00	1282.9	1308.5	1251.8	1292.5	17
2022-09-28 12:00	1292.5	1330.1	1291.0	1329.1	18
2022-09-28 16:00	1329.2	1341.0	1308.9	1331.1	17
2022-09-28 20:00	1331.2	1352.6	1330.6	1334.4	12
2022-09-29 00:00	1334.5	1349.1	1325.0	1339.2	16
2022-09-29 04:00	1339.5	1343.2	1310.9	1319.3	13
2022-09-29 08:00	1319.3	1342.5	1311.4	1334.1	16
2022-09-29 12:00	1334.0	1335.0	1285.9	1324.4	19
2022-09-29 16:00	1324.3	1345.3	1312.0	1330.8	16
2022-09-29 20:00	1330.9	1338.1	1321.6	1333.1	9
2022-09-30 00:00	1333.2	1349.4	1318.6	1324.8	15
2022-09-30 04:00	1324.7	1343.4	1323.2	1337.3	11
2022-09-30 08:00	1337.4	1346.9	1324.2	1328.5	10
2022-09-30 12:00	1328.5	1370.3	1313.1	1348.8	18
2022-09-30 16:00	1348.8	1358.7	1331.4	1335.8	19
2022-09-30 20:00	1335.5	1341.9	1312.2	1324.6	10
2022-10-01 00:00	1324.5	1329.6	1319.9	1323.7	8
2022-10-01 04:00	1325.9	1327.8	1319.2	1326.4	7
2022-10-01 08:00	1326.5	1330.3	1315.0	1322.7	8
2022-10-01 12:00	1322.8	1327.3	1317.4	1320.0	8
2022-10-01 16:00	1320.0	1321.5	1303.5	1309.3	8
2022-10-01 20:00	1309.2	1313.2	1300.4	1309.2	8
2022-10-02 00:00	1309.2	1313.3	1302.8	1307.1	8
2022-10-02 04:00	1307.1	1315.0	1305.4	1308.5	8
2022-10-02 08:00	1308.5	1310.4	1284.1	1295.3	8
2022-10-02 12:00	1295.0	1298.4	1284.1	1291.1	8
2022-10-02 16:00	1291.1	1311.0	1289.1	1302.4	8
2022-10-02 20:00	1302.4	1305.1	1267.2	1274.0	10
2022-10-03 00:00	1274.1	1298.0	1260.6	1289.4	13
2022-10-03 04:00	1289.3	1299.1	1281.5	1289.4	12
2022-10-03 08:00	1289.4	1296.6	1283.5	1296.3	11
2022-10-03 12:00	1296.2	1325.1	1292.0	1316.5	9
2022-10-03 16:00	1316.5	1326.9	1306.8	1314.5	13
2022-10-03 20:00	1315.0	1325.0	1312.4	1320.6	10
2022-10-04 00:00	1320.7	1327.8	1316.4	1326.4	12
2022-10-04 04:00	1326.5	1348.0	1322.1	1347.9	14
2022-10-04 08:00	1348.0	1356.9	1339.6	1347.4	16
2022-10-04 12:00	1347.3	1361.5	1343.5	1351.6	16
2022-10-04 16:00	1351.7	1354.8	1335.9	1352.0	16
2022-10-04 20:00	1352.2	1366.5	1348.8	1359.1	13
2022-10-05 00:00	1359.2	1361.2	1350.0	1351.5	12
2022-10-05 04:00	1351.4	1356.0	1346.5	1350.7	12
2022-10-05 08:00	1350.9	1351.5	1329.1	1332.6	15
2022-10-05 12:00	1332.5	1334.0	1313.7	1328.0	16
2022-10-05 16:00	1328.1	1361.8	1324.8	1348.1	16
2022-10-05 20:00	1348.2	1355.0	1342.7	1350.0	8
2022-10-06 00:00	1350.0	1381.5	1349.2	1370.2	8
2022-10-06 04:00	1370.3	1378.7	1359.6	1366.0	16
2022-10-06 08:00	1366.0	1367.9	1352.5	1366.1	13
2022-10-06 12:00	1366.0	1377.6	1346.4	1358.8	16
2022-10-06 16:00	1358.8	1369.6	1351.6	1356.3	16
2022-10-06 20:00	1356.2	1361.3	1343.3	1349.5	9
2022-10-07 00:00	1349.5	1358.9	1347.6	1352.8	10
2022-10-07 04:00	1352.9	1356.5	1344.1	1353.6	9
2022-10-07 08:00	1353.5	1358.1	1349.8	1352.2	9
2022-10-07 12:00	1352.3	1355.8	1321.9	1331.3	17
2022-10-07 16:00	1331.3	1334.4	1315.1	1325.6	9
2022-10-07 20:00	1325.6	1332.3	1322.8	1326.7	8
2022-10-08 00:00	1326.8	1333.3	1325.7	1327.9	7
2022-10-08 04:00	1327.3	1329.2	1321.9	1326.6	8
2022-10-08 08:00	1326.5	1327.8	1321.4	1327.3	8
2022-10-08 12:00	1327.2	1327.6	1316.1	1321.8	8
2022-10-08 16:00	1321.8	1327.4	1319.8	1321.9	8
2022-10-08 20:00	1321.9	1324.0	1301.2	1312.8	8
2022-10-09 00:00	1312.7	1313.7	1304.9	1307.9	8
2022-10-09 04:00	1307.8	1315.2	1306.1	1312.5	8
2022-10-09 08:00	1312.7	1325.0	1311.0	1320.6	8
2022-10-09 12:00	1320.7	1326.1	1318.7	1324.0	8
2022-10-09 16:00	1324.0	1324.8	1308.4	1317.4	8
2022-10-09 20:00	1317.4	1320.8	1312.0	1320.8	8
2022-10-10 00:00	1320.8	1335.6	1318.2	1320.8	8
2022-10-10 04:00	1320.8	1322.7	1309.7	1314.1	8
2022-10-10 08:00	1314.0	1314.9	1294.1	1312.2	10
2022-10-10 12:00	1312.3	1316.9	1301.1	1305.6	8
2022-10-10 16:00	1305.5	1312.1	1296.3	1305.0	13
2022-10-10 20:00	1304.9	1306.7	1284.9	1287.2	9
2022-10-11 00:00	1287.3	1287.3	1264.5	1275.6	12
2022-10-11 04:00	1275.5	1281.5	1269.6	1281.3	9
2022-10-11 08:00	1281.3	1286.0	1275.2	1283.1	10
2022-10-11 12:00	1283.0	1294.6	1266.1	1290.8	15
2022-10-11 16:00	1290.9	1295.1	1273.0	1279.7	15
2022-10-11 20:00	1279.8	1284.2	1271.2	1277.4	8
2022-10-12 00:00	1277.5	1286.0	1272.5	1280.9	8
2022-10-12 04:00	1280.8	1298.6	1280.5	1291.2	8
2022-10-12 08:00	1291.3	1303.5	1289.9	1295.3	8
2022-10-12 12:00	1295.3	1302.9	1284.3	1296.5	8
2022-10-12 16:00	1296.5	1298.1	1285.6	1294.5	9
2022-10-12 20:00	1294.5	1300.0	1290.4	1292.0	8
2022-10-13 00:00	1292.0	1296.4	1279.6	1283.6	8
2022-10-13 04:00	1283.5	1286.5	1269.2	1274.7	9
2022-10-13 08:00	1274.6	1277.8	1218.2	1240.6	13
2022-10-13 12:00	1240.6	1265.6	1189.8	1254.1	9
2022-10-13 16:00	1254.1	1292.3	1248.8	1284.3	8
2022-10-13 20:00	1284.4	1298.6	1283.0	1284.6	8
2022-10-14 00:00	1284.6	1338.7	1281.0	1327.2	8
2022-10-14 04:00	1327.2	1329.5	1313.9	1319.0	10
2022-10-14 08:00	1319.1	1333.4	1314.3	1323.3	8
2022-10-14 12:00	1323.3	1340.2	1304.1	1307.5	12
2022-10-14 16:00	1307.5	1310.4	1291.3	1295.9	13
2022-10-14 20:00	1295.8	1301.3	1285.0	1292.5	8
2022-10-15 00:00	1292.6	1297.5	1289.6	1294.3	7
2022-10-15 04:00	1294.9	1295.6	1287.4	1292.4	8
2022-10-15 08:00	1292.5	1292.6	1274.7	1284.8	8
2022-10-15 12:00	1284.8	1288.5	1276.6	1283.4	8
2022-10-15 16:00	1283.4	1287.0	1276.4	1279.6	8
2022-10-15 20:00	1279.6	1280.9	1261.4	1272.4	8
2022-10-16 00:00	1272.5	1283.5	1272.5	1280.8	8
2022-10-16 04:00	1280.9	1285.8	1278.7	1280.6	8
2022-10-16 08:00	1280.7	1287.0	1277.1	1281.6	8
2022-10-16 12:00	1281.7	1285.3	1277.1	1283.8	8
2022-10-16 16:00	1283.9	1306.0	1279.3	1305.4	8
2022-10-16 20:00	1305.4	1312.8	1287.6	1303.2	9
2022-10-17 00:00	1303.1	1305.5	1293.2	1299.1	8
2022-10-17 04:00	1299.0	1311.8	1296.0	1309.6	9
2022-10-17 08:00	1309.7	1322.7	1305.1	1314.9	11
2022-10-17 12:00	1314.9	1334.8	1311.4	1326.7	11
2022-10-17 16:00	1326.8	1328.5	1312.6	1322.7	9
2022-10-17 20:00	1322.6	1335.8	1321.5	1328.9	8
2022-10-18 00:00	1328.9	1338.9	1325.2	1330.9	8
2022-10-18 04:00	1330.9	1338.1	1328.1	1334.8	8
2022-10-18 08:00	1334.8	1335.3	1316.6	1323.6	8
2022-10-18 12:00	1323.7	1332.1	1296.5	1305.0	11
2022-10-18 16:00	1304.7	1309.7	1284.4	1298.0	12
2022-10-18 20:00	1298.1	1317.7	1296.3	1308.2	9
2022-10-19 00:00	1308.2	1310.9	1295.8	1303.0	8
2022-10-19 04:00	1303.0	1303.7	1290.5	1297.2	8
2022-10-19 08:00	1297.2	1305.4	1291.6	1297.8	8
2022-10-19 12:00	1297.8	1305.4	1287.5	1302.3	8
2022-10-19 16:00	1302.4	1302.9	1289.7	1293.8	9
2022-10-19 20:00	1294.1	1296.0	1277.7	1282.3	9
2022-10-20 00:00	1282.4	1285.3	1268.0	1277.4	10
2022-10-20 04:00	1277.4	1292.9	1277.0	1289.7	8
2022-10-20 08:00	1289.8	1299.6	1287.0	1296.9	9
2022-10-20 12:00	1296.8	1308.0	1288.0	1297.3	12
2022-10-20 16:00	1297.2	1297.4	1275.0	1282.1	13
2022-10-20 20:00	1282.0	1285.4	1269.2	1280.4	9
2022-10-21 00:00	1280.4	1290.1	1276.5	1285.0	8
2022-10-21 04:00	1285.0	1288.5	1280.3	1282.2	8
2022-10-21 08:00	1282.2	1282.6	1270.4	1272.8	9
2022-10-21 12:00	1272.8	1295.1	1251.4	1295.1	9
2022-10-21 16:00	1295.1	1303.0	1292.8	1300.5	8
2022-10-21 20:00	1300.4	1304.5	1293.3	1295.8	8
2022-10-22 00:00	1295.8	1300.5	1290.1	1292.4	7
2022-10-22 04:00	1293.7	1298.0	1290.8	1297.2	8
2022-10-22 08:00	1297.2	1305.1	1297.2	1303.3	8
2022-10-22 12:00	1303.3	1316.1	1300.7	1314.4	8
2022-10-22 16:00	1314.4	1317.3	1304.4	1311.7	8
2022-10-22 20:00	1311.8	1315.5	1310.0	1311.3	8
2022-10-23 00:00	1311.4	1312.1	1304.4	1310.8	8
2022-10-23 04:00	1311.0	1312.1	1304.8	1307.1	8
2022-10-23 08:00	1307.1	1309.4	1299.4	1301.8	8
2022-10-23 12:00	1301.8	1313.9	1297.2	1311.2	8
2022-10-23 16:00	1311.3	1332.5	1309.1	1328.4	8
2022-10-23 20:00	1328.3	1368.0	1325.7	1361.4	8
2022-10-24 00:00	1361.4	1367.8	1341.9	1345.4	10
2022-10-24 04:00	1345.4	1345.5	1329.9	1334.3	10
2022-10-24 08:00	1334.2	1352.0	1330.2	1351.1	8
2022-10-24 12:00	1351.3	1351.5	1321.6	1338.9	12
2022-10-24 16:00	1339.0	1350.2	1328.3	1342.1	10
2022-10-24 20:00	1342.0	1355.2	1338.6	1341.1	8
2022-10-25 00:00	1341.3	1346.5	1332.6	1344.9	8
2022-10-25 04:00	1345.0	1349.3	1341.1	1344.7	8
2022-10-25 08:00	1344.8	1347.5	1337.3	1345.3	8
2022-10-25 12:00	1345.3	1415.2	1344.5	1406.0	11
2022-10-25 16:00	1406.1	1522.1	1402.7	1491.3	20
2022-10-25 20:00	1491.4	1492.8	1445.1	1457.5	12
2022-10-26 00:00	1457.5	1497.0	1455.2	1484.8	9
2022-10-26 04:00	1484.7	1519.7	1475.3	1513.8	10
2022-10-26 08:00	1513.8	1553.7	1507.0	1526.5	15
2022-10-26 12:00	1526.6	1592.1	1509.0	1565.0	17
2022-10-26 16:00	1565.1	1569.5	1538.7	1561.7	12
2022-10-26 20:00	1561.8	1582.2	1540.7	1563.8	8
2022-10-27 00:00	1563.8	1575.8	1532.1	1552.8	10
2022-10-27 04:00	1552.9	1568.7	1547.4	1553.9	16
2022-10-27 08:00	1554.1	1557.4	1534.8	1548.5	9
2022-10-27 12:00	1548.5	1574.5	1532.7	1541.7	14
2022-10-27 16:00	1541.6	1563.7	1536.8	1560.0	16
2022-10-27 20:00	1560.1	1561.1	1501.9	1511.4	13
2022-10-28 00:00	1511.5	1522.7	1494.6	1505.1	9
2022-10-28 04:00	1505.2	1517.4	1486.4	1491.0	9
2022-10-28 08:00	1491.0	1507.6	1487.8	1496.0	8
2022-10-28 12:00	1496.0	1547.2	1479.7	1535.6	12
2022-10-28 16:00	1535.6	1570.4	1531.6	1555.3	11
2022-10-28 20:00	1555.3	1571.8	1548.1	1550.6	9
2022-10-29 00:00	1550.6	1574.0	1543.6	1570.9	9
2022-10-29 04:00	1581.2	1592.6	1570.7	1592.4	6
2022-10-29 08:00	1592.6	1649.8	1588.4	1613.3	11
2022-10-29 12:00	1613.3	1641.7	1607.0	1630.7	8
2022-10-29 16:00	1630.8	1660.8	1615.7	1621.5	11
2022-10-29 20:00	1621.6	1629.8	1601.9	1617.6	8
2022-10-30 00:00	1617.8	1622.1	1604.2	1620.0	8
2022-10-30 04:00	1619.9	1637.4	1616.3	1626.6	8
2022-10-30 08:00	1626.6	1627.7	1589.5	1603.1	8
2022-10-30 12:00	1603.1	1605.2	1577.4	1584.8	9
2022-10-30 16:00	1584.9	1594.3	1574.5	1585.2	8
2022-10-30 20:00	1585.2	1595.0	1574.0	1588.4	11
2022-10-31 00:00	1588.5	1594.5	1560.0	1580.6	17
2022-10-31 04:00	1580.7	1594.1	1576.9	1589.1	12
2022-10-31 08:00	1589.1	1632.6	1576.3	1618.7	16
2022-10-31 12:00	1618.7	1622.9	1543.9	1566.8	18
2022-10-31 16:00	1566.8	1580.8	1553.5	1561.0	11
2022-10-31 20:00	1561.1	1574.9	1548.3	1570.4	9
2022-11-01 00:00	1570.6	1601.9	1566.3	1583.9	8
2022-11-01 04:00	1583.8	1599.7	1577.5	1588.3	15
2022-11-01 08:00	1588.3	1609.5	1580.3	1587.5	12
2022-11-01 12:00	1587.5	1595.8	1561.0	1571.4	12
2022-11-01 16:00	1571.5	1583.8	1565.8	1574.2	16
2022-11-01 20:00	1574.2	1580.5	1566.3	1576.0	10
2022-11-02 00:00	1576.1	1592.9	1569.9	1588.5	8
2022-11-02 04:00	1588.5	1597.5	1551.8	1562.3	9
2022-11-02 08:00	1561.9	1575.9	1534.2	1553.4	14
2022-11-02 12:00	1553.4	1563.9	1545.2	1555.8	17
2022-11-02 16:00	1556.0	1618.2	1522.8	1533.5	20
2022-11-02 20:00	1533.4	1534.7	1498.8	1516.3	11
2022-11-03 00:00	1516.2	1553.7	1513.2	1545.0	8
2022-11-03 04:00	1545.0	1556.3	1539.6	1541.3	8
2022-11-03 08:00	1541.4	1553.8	1520.4	1529.1	13
2022-11-03 12:00	1529.0	1553.2	1519.7	1539.7	17
2022-11-03 16:00	1539.7	1546.4	1535.9	1541.5	15
2022-11-03 20:00	1541.4	1541.7	1523.0	1528.6	8
2022-11-04 00:00	1528.6	1547.5	1525.9	1546.5	8
2022-11-04 04:00	1546.5	1585.9	1544.0	1584.7	10
2022-11-04 08:00	1584.7	1596.5	1573.2	1574.8	12
2022-11-04 12:00	1574.9	1673.2	1557.8	1622.7	18
2022-11-04 16:00	1622.7	1645.6	1605.6	1645.3	13
2022-11-04 20:00	1645.5	1649.9	1635.9	1640.9	8
2022-11-05 00:00	1640.9	1662.9	1631.8	1642.8	8
2022-11-05 04:00	1642.8	1654.5	1639.5	1647.3	8
2022-11-05 08:00	1648.9	1649.5	1634.5	1647.0	8
2022-11-05 12:00	1647.2	1647.6	1621.3	1633.6	8
2022-11-05 16:00	1633.6	1640.2	1622.6	1630.6	8
2022-11-05 20:00	1630.5	1632.4	1619.1	1624.5	8
2022-11-06 00:00	1624.5	1630.7	1610.2	1618.7	8
2022-11-06 04:00	1618.6	1621.1	1611.7	1620.2	8
2022-11-06 08:00	1620.0	1635.9	1606.1	1617.9	8
2022-11-06 12:00	1617.9	1631.8	1613.4	1621.2	8
2022-11-06 16:00	1621.2	1623.3	1601.0	1607.6	9
2022-11-06 20:00	1607.5	1609.7	1562.4	1565.9	11
2022-11-07 00:00	1565.5	1592.6	1562.2	1585.0	15
2022-11-07 04:00	1584.9	1592.0	1544.1	1547.4	14
2022-11-07 08:00	1547.4	1581.4	1544.2	1577.5	14
2022-11-07 12:00	1577.5	1590.3	1565.0	1589.5	17
2022-11-07 16:00	1589.7	1605.6	1574.4	1598.1	15
2022-11-07 20:00	1598.2	1604.6	1543.9	1565.7	8
2022-11-08 00:00	1565.8	1574.1	1501.3	1505.2	12
2022-11-08 04:00	1505.1	1511.6	1429.9	1490.1	21
2022-11-08 08:00	1489.9	1492.5	1466.9	1474.5	16
2022-11-08 12:00	1474.6	1485.0	1423.4	1459.8	20
2022-11-08 16:00	1460.2	1576.7	1221.7	1314.3	27
2022-11-08 20:00	1314.1	1342.1	1279.7	1332.2	21
2022-11-09 00:00	1332.2	1334.6	1280.7	1309.7	25
2022-11-09 04:00	1310.2	1316.6	1263.5	1271.6	24
2022-11-09 08:00	1271.5	1273.5	1136.1	1216.8	40
2022-11-09 12:00	1216.6	1246.2	1144.8	1159.6	33
2022-11-09 16:00	1159.5	1201.6	1141.5	1192.5	39
2022-11-09 20:00	1192.5	1197.3	1070.6	1098.8	23
2022-11-10 00:00	1098.8	1180.8	1082.6	1170.0	34
2022-11-10 04:00	1170.1	1201.1	1155.6	1187.0	33
2022-11-10 08:00	1185.6	1216.0	1166.3	1174.9	31
2022-11-10 12:00	1175.1	1340.4	1171.5	1316.3	19
2022-11-10 16:00	1316.4	1345.8	1244.6	1288.3	16
2022-11-10 20:00	1287.8	1338.9	1279.7	1294.6	16
2022-11-11 00:00	1294.8	1303.5	1215.6	1233.2	23
2022-11-11 04:00	1233.2	1282.4	1220.4	1273.3	24
2022-11-11 08:00	1273.3	1287.7	1260.4	1270.8	15
2022-11-11 12:00	1270.8	1304.3	1197.9	1255.4	26
2022-11-11 16:00	1255.5	1280.7	1228.9	1268.1	25
2022-11-11 20:00	1268.2	1287.6	1234.0	1281.2	20
2022-11-12 00:00	1281.4	1284.8	1246.3	1252.1	16
2022-11-12 04:00	1252.3	1270.0	1232.1	1258.6	16
2022-11-12 08:00	1260.3	1267.4	1244.8	1255.8	15
2022-11-12 12:00	1255.8	1278.9	1249.0	1270.4	11
2022-11-12 16:00	1270.8	1273.9	1259.9	1264.2	8
2022-11-12 20:00	1264.3	1264.5	1243.9	1252.3	9
2022-11-13 00:00	1252.4	1269.9	1249.9	1268.6	10
2022-11-13 04:00	1268.5	1270.0	1229.0	1246.5	12
2022-11-13 08:00	1246.5	1248.4	1211.7	1237.1	16
2022-11-13 12:00	1237.1	1244.0	1220.5	1227.2	14
2022-11-13 16:00	1227.1	1233.2	1212.7	1225.6	14
2022-11-13 20:00	1225.4	1231.5	1198.6	1217.7	11
2022-11-14 00:00	1217.7	1225.1	1168.5	1189.0	15
2022-11-14 04:00	1189.1	1257.5	1171.7	1256.2	17
2022-11-14 08:00	1256.1	1271.5	1248.1	1248.4	8
2022-11-14 12:00	1248.4	1286.1	1232.0	1241.0	10
2022-11-14 16:00	1241.0	1245.1	1206.7	1212.5	8
2022-11-14 20:00	1212.5	1245.4	1206.6	1238.6	9
2022-11-15 00:00	1238.8	1262.1	1233.1	1253.4	8
2022-11-15 04:00	1252.5	1269.4	1244.2	1263.2	8
2022-11-15 08:00	1263.2	1275.4	1251.2	1256.8	14
2022-11-15 12:00	1256.8	1286.3	1254.1	1261.6	16
2022-11-15 16:00	1261.5	1270.3	1230.4	1253.6	18
2022-11-15 20:00	1253.9	1261.1	1238.2	1249.5	8
2022-11-16 00:00	1249.5	1264.7	1244.1	1261.3	8
2022-11-16 04:00	1261.4	1262.0	1239.9	1242.8	8
2022-11-16 08:00	1242.8	1250.5	1213.3	1218.9	8
2022-11-16 12:00	1218.9	1228.2	1184.1	1188.5	13
2022-11-16 16:00	1188.4	1217.4	1184.2	1205.2	16
2022-11-16 20:00	1205.1	1218.0	1197.3	1213.1	8
2022-11-17 00:00	1213.0	1224.6	1198.8	1200.4	10
2022-11-17 04:00	1200.6	1212.2	1189.9	1200.8	11
2022-11-17 08:00	1200.9	1204.3	1180.0	1200.7	8
2022-11-17 12:00	1200.8	1213.8	1181.4	1190.1	8
2022-11-17 16:00	1190.1	1213.6	1186.5	1199.1	15
2022-11-17 20:00	1199.2	1206.3	1193.4	1197.0	11
2022-11-18 00:00	1197.1	1229.1	1195.6	1216.5	12
2022-11-18 04:00	1216.6	1220.4	1209.8	1211.0	8
2022-11-18 08:00	1211.0	1221.5	1204.0	1213.7	8
2022-11-18 12:00	1213.6	1222.7	1203.5	1207.3	10
2022-11-18 16:00	1207.3	1210.8	1197.1	1205.8	11
2022-11-18 20:00	1206.0	1210.3	1200.0	1206.6	8
2022-11-19 00:00	1206.7	1207.6	1195.4	1202.9	8
2022-11-19 04:00	1202.8	1203.8	1192.1	1201.0	8
2022-11-19 08:00	1203.2	1208.2	1200.4	1207.4	8
2022-11-19 12:00	1207.5	1208.2	1202.5	1206.6	8
2022-11-19 16:00	1206.7	1207.8	1203.5	1205.0	8
2022-11-19 20:00	1205.1	1229.1	1203.5	1214.4	8
2022-11-20 00:00	1214.4	1222.9	1212.6	1215.2	8
2022-11-20 04:00	1215.2	1219.3	1214.0	1216.7	8
2022-11-20 08:00	1216.7	1216.7	1157.3	1163.9	9
2022-11-20 12:00	1163.8	1176.2	1151.1	1173.4	9
2022-11-20 16:00	1173.4	1184.8	1166.6	1181.7	8
2022-11-20 20:00	1181.8	1182.8	1129.1	1139.1	12
2022-11-21 00:00	1139.0	1140.4	1107.4	1121.5	18
2022-11-21 04:00	1121.6	1134.9	1112.9	1119.0	16
2022-11-21 08:00	1119.4	1126.8	1102.6	1120.7	17
2022-11-21 12:00	1120.8	1141.7	1111.4	1126.8	17
2022-11-21 16:00	1126.8	1129.6	1077.1	1088.0	19
2022-11-21 20:00	1087.8	1115.8	1079.4	1103.4	15
2022-11-22 00:00	1103.7	1112.6	1093.0	1100.0	16
2022-11-22 04:00	1100.1	1102.9	1076.8	1089.7	15
2022-11-22 08:00	1089.9	1091.0	1072.1	1081.6	12
2022-11-22 12:00	1081.9	1138.6	1075.4	1131.3	19
2022-11-22 16:00	1131.1	1137.3	1111.6	1123.6	14
2022-11-22 20:00	1123.7	1137.8	1119.2	1135.9	8
2022-11-23 00:00	1135.9	1166.6	1124.3	1166.6	12
2022-11-23 04:00	1166.8	1167.4	1153.7	1163.3	13
2022-11-23 08:00	1163.5	1176.7	1157.2	1171.8	10
2022-11-23 12:00	1171.8	1174.4	1150.9	1157.3	8
2022-11-23 16:00	1157.3	1184.7	1146.7	1165.5	9
2022-11-23 20:00	1165.5	1186.5	1159.3	1181.0	10
2022-11-24 00:00	1181.0	1206.0	1177.8	1198.7	8
2022-11-24 04:00	1198.7	1213.9	1195.6	1203.7	8
2022-11-24 08:00	1203.7	1204.8	1188.4	1192.3	9
2022-11-24 12:00	1192.2	1199.9	1183.4	1191.9	13
2022-11-24 16:00	1192.0	1204.3	1189.8	1199.6	13
2022-11-24 20:00	1199.6	1203.0	1191.0	1200.8	8
2022-11-25 00:00	1200.8	1201.7	1178.6	1183.4	8
2022-11-25 04:00	1183.4	1184.6	1168.3	1181.9	13
2022-11-25 08:00	1182.0	1195.6	1172.6	1190.4	10
2022-11-25 12:00	1190.5	1196.4	1178.4	1186.4	8
2022-11-25 16:00	1186.5	1195.7	1179.6	1193.8	8
2022-11-25 20:00	1193.9	1203.6	1190.9	1194.3	10
2022-11-26 00:00	1194.3	1223.8	1191.9	1210.8	12
2022-11-26 04:00	1210.9	1220.6	1207.4	1213.8	11
2022-11-26 08:00	1215.8	1220.8	1212.2	1218.7	8
2022-11-26 12:00	1218.8	1230.7	1203.7	1208.0	8
2022-11-26 16:00	1208.0	1212.0	1199.1	1204.4	8
2022-11-26 20:00	1204.4	1209.5	1193.7	1202.6	8
2022-11-27 00:00	1202.6	1214.8	1201.5	1213.5	8
2022-11-27 04:00	1213.5	1219.9	1212.3	1214.3	8
2022-11-27 08:00	1214.3	1217.8	1206.9	1211.9	8
2022-11-27 12:00	1212.0	1215.8	1204.6	1214.8	8
2022-11-27 16:00	1214.9	1217.1	1208.3	1209.8	8
2022-11-27 20:00	1209.7	1215.2	1187.5	1190.8	8
2022-11-28 00:00	1190.8	1196.1	1155.9	1169.5	8
2022-11-28 04:00	1169.6	1175.2	1163.8	1171.0	8
2022-11-28 08:00	1171.0	1173.3	1161.2	1167.4	8
2022-11-28 12:00	1167.5	1178.9	1152.9	1160.2	8
2022-11-28 16:00	1160.2	1181.4	1148.2	1168.6	8
2022-11-28 20:00	1168.7	1172.4	1164.1	1164.7	8
2022-11-29 00:00	1164.8	1186.1	1155.8	1181.5	13
2022-11-29 04:00	1181.6	1211.4	1181.0	1203.6	15
2022-11-29 08:00	1203.5	1219.4	1201.9	1213.9	9
2022-11-29 12:00	1214.0	1215.9	1200.4	1206.0	8
2022-11-29 16:00	1206.0	1217.5	1200.4	1212.7	8
2022-11-29 20:00	1212.8	1223.7	1212.6	1213.5	10
2022-11-30 00:00	1213.5	1279.2	1210.0	1262.1	9
2022-11-30 04:00	1262.2	1271.9	1262.2	1270.1	8
2022-11-30 08:00	1270.1	1274.5	1258.7	1264.0	8
2022-11-30 12:00	1264.1	1268.9	1253.9	1264.6	12
2022-11-30 16:00	1264.8	1297.3	1257.5	1284.5	18
2022-11-30 20:00	1284.5	1306.7	1282.4	1292.1	10
2022-12-01 00:00	1292.0	1293.3	1279.1	1285.3	10
2022-12-01 04:00	1285.3	1286.7	1273.9	1276.2	8
2022-12-01 08:00	1276.2	1283.1	1274.7	1280.3	8
2022-12-01 12:00	1280.4	1295.3	1260.6	1269.1	8
2022-12-01 16:00	1269.1	1276.1	1263.2	1273.6	8
2022-12-01 20:00	1273.6	1279.2	1264.5	1273.8	8
2022-12-02 00:00	1273.8	1282.0	1263.4	1269.3	8
2022-12-02 04:00	1269.3	1275.5	1265.9	1273.3	8
2022-12-02 08:00	1273.3	1291.7	1271.3	1286.7	8
2022-12-02 12:00	1286.7	1294.4	1266.4	1276.8	9
2022-12-02 16:00	1276.8	1285.4	1272.1	1284.9	8
2022-12-02 20:00	1284.8	1293.9	1284.0	1291.3	8
2022-12-03 00:00	1291.4	1304.0	1279.1	1282.0	9
2022-12-03 04:00	1282.0	1286.8	1270.0	1272.4	8
2022-12-03 08:00	1273.7	1274.7	1259.3	1267.0	8
2022-12-03 12:00	1266.9	1272.4	1264.1	1268.8	8
2022-12-03 16:00	1268.7	1268.8	1260.5	1263.8	8
2022-12-03 20:00	1263.7	1264.3	1234.1	1238.1	8
2022-12-04 00:00	1238.0	1260.6	1237.9	1254.3	8
2022-12-04 04:00	1254.4	1264.6	1251.5	1254.6	8
2022-12-04 08:00	1254.5	1260.9	1249.6	1252.6	8
2022-12-04 12:00	1252.7	1259.7	1247.8	1257.4	8
2022-12-04 16:00	1257.6	1279.6	1254.5	1276.4	8
2022-12-04 20:00	1276.4	1283.6	1270.1	1277.4	8
2022-12-05 00:00	1277.4	1295.0	1274.5	1288.6	9
2022-12-05 04:00	1288.7	1302.0	1287.8	1295.1	8
2022-12-05 08:00	1295.2	1302.6	1289.9	1292.7	8
2022-12-05 12:00	1292.7	1292.7	1258.1	1264.1	8
2022-12-05 16:00	1264.1	1267.3	1244.7	1251.1	8
2022-12-05 20:00	1251.1	1257.8	1249.4	1256.9	8
2022-12-06 00:00	1257.0	1267.5	1257.0	1259.3	8
2022-12-06 04:00	1259.3	1260.6	1252.4	1257.9	8
2022-12-06 08:00	1257.9	1262.3	1241.3	1253.5	8
2022-12-06 12:00	1253.4	1259.3	1242.6	1251.6	8
2022-12-06 16:00	1251.7	1256.5	1239.5	1247.1	10
2022-12-06 20:00	1247.3	1272.0	1244.9	1269.0	8
2022-12-07 00:00	1269.1	1274.4	1256.8	1260.0	8
2022-12-07 04:00	1260.0	1262.1	1218.0	1221.7	10
2022-12-07 08:00	1221.6	1228.1	1216.6	1222.5	10
2022-12-07 12:00	1222.5	1237.3	1218.4	1231.3	8
2022-12-07 16:00	1231.4	1234.5	1224.8	1230.0	8
2022-12-07 20:00	1230.0	1232.6	1220.5	1228.6	8
2022-12-08 00:00	1228.9	1235.9	1219.7	1229.0	9
2022-12-08 04:00	1229.1	1233.1	1222.3	1230.0	8
2022-12-08 08:00	1229.9	1242.0	1226.3	1237.8	8
2022-12-08 12:00	1237.9	1251.0	1233.6	1247.6	8
2022-12-08 16:00	1247.7	1289.5	1246.7	1281.6	8
2022-12-08 20:00	1281.7	1283.5	1273.4	1277.9	9
2022-12-09 00:00	1277.9	1287.0	1270.9	1281.2	8
2022-12-09 04:00	1281.3	1283.1	1275.1	1280.0	8
2022-12-09 08:00	1280.0	1289.6	1276.8	1286.0	8
2022-12-09 12:00	1286.1	1293.4	1261.7	1275.1	8
2022-12-09 16:00	1275.1	1275.4	1261.9	1266.3	8
2022-12-09 20:00	1266.3	1266.6	1253.6	1258.7	8
2022-12-10 00:00	1258.8	1264.6	1257.4	1261.1	8
2022-12-10 04:00	1261.2	1262.7	1258.7	1260.8	8
2022-12-10 08:00	1260.9	1264.9	1257.4	1263.9	8
2022-12-10 12:00	1264.0	1276.3	1261.7	1275.9	8
2022-12-10 16:00	1275.9	1280.7	1264.4	1269.3	8
2022-12-10 20:00	1269.3	1270.9	1260.2	1263.8	8
2022-12-11 00:00	1263.8	1270.8	1263.1	1270.1	8
2022-12-11 04:00	1270.2	1275.4	1269.7	1274.0	8
2022-12-11 08:00	1274.2	1274.7	1268.4	1270.9	8
2022-12-11 12:00	1270.9	1273.3	1267.0	1271.0	8
2022-12-11 16:00	1271.0	1281.4	1268.5	1271.9	8
2022-12-11 20:00	1271.9	1271.9	1252.9	1260.9	8
2022-12-12 00:00	1260.9	1260.9	1238.8	1241.3	8
2022-12-12 04:00	1241.3	1245.4	1238.7	1243.8	8
2022-12-12 08:00	1243.9	1254.6	1239.4	1252.0	8
2022-12-12 12:00	1252.0	1253.6	1241.6	1247.0	8
2022-12-12 16:00	1247.0	1253.3	1247.0	1251.7	8
2022-12-12 20:00	1251.8	1276.2	1251.5	1273.1	11
2022-12-13 00:00	1273.1	1275.8	1263.5	1267.1	8
2022-12-13 04:00	1267.1	1272.2	1253.5	1264.3	8
2022-12-13 08:00	1264.3	1287.3	1261.7	1284.8	8
2022-12-13 12:00	1284.8	1343.7	1284.2	1320.7	10
2022-12-13 16:00	1320.8	1325.5	1301.8	1313.6	9
2022-12-13 20:00	1313.5	1320.5	1309.0	1318.3	8
2022-12-14 00:00	1318.2	1324.2	1314.8	1317.3	8
2022-12-14 04:00	1317.4	1322.0	1313.5	1320.1	8
2022-12-14 08:00	1320.0	1325.9	1316.6	1323.8	8
2022-12-14 12:00	1323.8	1341.4	1322.4	1335.4	13
2022-12-14 16:00	1335.5	1348.7	1298.2	1304.8	16
2022-12-14 20:00	1304.8	1315.4	1299.0	1304.9	8
2022-12-15 00:00	1305.0	1308.6	1279.3	1289.7	8
2022-12-15 04:00	1289.7	1289.9	1284.2	1284.7	8
2022-12-15 08:00	1284.6	1288.6	1280.3	1288.4	8
2022-12-15 12:00	1288.3	1288.4	1261.1	1267.3	13
2022-12-15 16:00	1267.4	1273.2	1262.8	1272.7	8
2022-12-15 20:00	1272.7	1273.1	1257.2	1264.0	8
2022-12-16 00:00	1264.0	1271.2	1263.6	1269.2	8
2022-12-16 04:00	1269.3	1276.9	1264.8	1275.1	8
2022-12-16 08:00	1275.2	1276.4	1203.7	1210.5	9
2022-12-16 12:00	1210.5	1215.5	1196.3	1201.3	8
2022-12-16 16:00	1201.3	1201.9	1181.6	1200.3	8
2022-12-16 20:00	1200.3	1208.8	1151.4	1162.5	13
2022-12-17 00:00	1162.7	1175.0	1159.7	1171.1	12
2022-12-17 04:00	1171.2	1181.5	1169.4	1179.6	9
2022-12-17 08:00	1181.2	1186.2	1172.0	1177.7	11
2022-12-17 12:00	1177.8	1180.2	1172.1	1177.4	9
2022-12-17 16:00	1177.3	1177.3	1169.1	1174.5	8
2022-12-17 20:00	1174.2	1187.2	1173.1	1184.6	10
2022-12-18 00:00	1184.6	1186.1	1178.3	1184.9	8
2022-12-18 04:00	1184.8	1193.9	1181.1	1184.2	8
2022-12-18 08:00	1184.2	1185.6	1169.9	1179.9	9
2022-12-18 12:00	1179.7	1181.2	1170.9	1171.8	8
2022-12-18 16:00	1171.8	1188.3	1171.5	1181.1	8
2022-12-18 20:00	1181.2	1191.5	1178.5	1180.8	8
2022-12-19 00:00	1180.9	1192.5	1171.9	1176.9	8
2022-12-19 04:00	1176.9	1182.0	1175.5	1177.8	8
2022-12-19 08:00	1177.8	1185.7	1176.9	1180.8	8
2022-12-19 12:00	1180.8	1186.8	1175.1	1177.1	8
2022-12-19 16:00	1177.2	1179.2	1162.5	1168.1	8
2022-12-19 20:00	1168.1	1178.6	1153.7	1165.1	8
2022-12-20 00:00	1165.3	1196.2	1160.6	1190.0	8
2022-12-20 04:00	1190.1	1211.4	1188.4	1206.0	8
2022-12-20 08:00	1206.0	1215.7	1203.5	1209.9	8
2022-12-20 12:00	1209.9	1226.9	1202.2	1215.3	8
2022-12-20 16:00	1215.3	1215.9	1203.1	1214.0	8
2022-12-20 20:00	1213.9	1218.1	1209.1	1214.7	8
2022-12-21 00:00	1214.7	1216.2	1203.9	1208.2	8
2022-12-21 04:00	1208.2	1211.1	1202.0	1208.5	8
2022-12-21 08:00	1208.5	1216.6	1205.3	1214.8	8
2022-12-21 12:00	1214.8	1219.5	1204.4	1213.2	8
2022-12-21 16:00	1213.2	1213.3	1204.2	1206.1	8
2022-12-21 20:00	1206.1	1212.7	1204.7	1211.4	8
2022-12-22 00:00	1211.4	1215.4	1209.5	1212.2	8
2022-12-22 04:00	1212.3	1212.5	1207.5	1211.2	8
2022-12-22 08:00	1211.3	1218.6	1209.7	1215.0	8
2022-12-22 12:00	1215.1	1216.1	1182.2	1183.8	9
2022-12-22 16:00	1183.9	1192.3	1181.1	1192.3	8
2022-12-22 20:00	1192.4	1234.0	1191.6	1215.2	8
2022-12-23 00:00	1215.3	1226.5	1212.3	1221.3	8
2022-12-23 04:00	1221.4	1222.2	1217.2	1219.2	8
2022-12-23 08:00	1219.1	1223.5	1213.3	1220.3	8
2022-12-23 12:00	1220.2	1227.1	1210.3	1216.5	13
2022-12-23 16:00	1216.5	1218.3	1213.5	1217.4	8
2022-12-23 20:00	1217.3	1219.8	1213.1	1215.7	8
2022-12-24 00:00	1215.6	1217.1	1210.6	1214.2	8
2022-12-24 04:00	1214.3	1216.7	1210.2	1216.0	8
2022-12-24 08:00	1216.0	1216.6	1212.3	1215.2	8
2022-12-24 12:00	1215.3	1215.3	1213.3	1214.5	8
2022-12-24 16:00	1214.6	1223.2	1213.1	1219.3	9
2022-12-24 20:00	1219.4	1219.6	1213.6	1216.2	8
2022-12-25 00:00	1216.1	1219.7	1215.3	1216.9	8
2022-12-25 04:00	1216.9	1217.1	1211.3	1215.7	8
2022-12-25 08:00	1215.8	1218.3	1213.3	1213.8	8
2022-12-25 12:00	1213.8	1214.8	1192.4	1206.8	8
2022-12-25 16:00	1206.8	1208.2	1193.8	1205.1	8
2022-12-25 20:00	1205.1	1219.8	1200.1	1215.2	8
2022-12-26 00:00	1215.2	1220.2	1213.6	1217.4	8
2022-12-26 04:00	1217.5	1219.3	1214.9	1217.3	8
2022-12-26 08:00	1217.4	1219.1	1215.0	1216.7	8
2022-12-26 12:00	1216.8	1217.3	1209.6	1212.0	8
2022-12-26 16:00	1212.0	1216.4	1209.6	1213.6	8
2022-12-26 20:00	1213.7	1228.3	1212.5	1225.0	8
2022-12-27 00:00	1225.0	1231.0	1219.5	1221.4	8
2022-12-27 04:00	1221.4	1222.2	1218.4	1219.6	8
2022-12-27 08:00	1219.6	1220.9	1213.7	1216.9	8
2022-12-27 12:00	1216.9	1217.1	1203.8	1208.7	8
2022-12-27 16:00	1208.7	1210.2	1198.3	1208.2	13
2022-12-27 20:00	1207.9	1211.5	1205.4	1208.9	10
2022-12-28 00:00	1208.8	1212.7	1184.8	1195.2	11
2022-12-28 04:00	1195.1	1196.7	1185.9	1191.9	9
2022-12-28 08:00	1191.8	1195.5	1190.6	1193.5	8
2022-12-28 12:00	1193.3	1205.2	1185.8	1186.6	8
2022-12-28 16:00	1186.6	1197.0	1185.5	1190.6	8
2022-12-28 20:00	1190.7	1192.5	1179.4	1187.5	8
2022-12-29 00:00	1187.6	1192.2	1184.3	1192.0	8
2022-12-29 04:00	1192.1	1194.3	1189.4	1192.1	8
2022-12-29 08:00	1192.1	1199.6	1187.2	1196.1	8
2022-12-29 12:00	1196.2	1203.4	1195.0	1198.6	8
2022-12-29 16:00	1198.6	1200.1	1192.1	1195.5	14
2022-12-29 20:00	1195.4	1201.5	1189.0	1197.9	14
2022-12-30 00:00	1197.8	1199.4	1192.3	1194.9	10
2022-12-30 04:00	1194.8	1195.4	1182.0	1185.4	11
2022-12-30 08:00	1185.4	1191.7	1185.2	1187.9	9
2022-12-30 12:00	1187.8	1195.9	1179.1	1192.4	17
2022-12-30 16:00	1192.1	1195.5	1189.7	1192.3	9
2022-12-30 20:00	1192.3	1198.6	1192.0	1195.1	8
2022-12-31 00:00	1194.8	1195.4	1189.2	1189.7	8
2022-12-31 04:00	1189.8	1192.4	1187.6	1192.1	8
2022-12-31 08:00	1192.1	1195.6	1190.8	1192.5	8
2022-12-31 12:00	1192.6	1203.7	1191.3	1197.9	8
2022-12-31 16:00	1197.9	1199.0	1196.1	1198.1	2
2023-01-01 12:00	1198.1	1198.1	1189.4	1191.9	4
2023-01-01 16:00	1191.9	1199.5	1190.9	1197.1	8
2023-01-01 20:00	1197.1	1200.4	1196.2	1197.8	8
2023-01-02 00:00	1197.8	1200.8	1190.5	1199.2	8
2023-01-02 04:00	1199.2	1216.8	1197.0	1210.3	8
2023-01-02 08:00	1210.3	1221.4	1210.0	1214.7	8
2023-01-02 12:00	1214.8	1218.1	1211.3	1216.2	8
2023-01-02 16:00	1216.3	1217.2	1213.3	1216.3	8
2023-01-02 20:00	1216.3	1220.3	1209.4	1211.6	8
2023-01-03 00:00	1211.6	1214.0	1209.0	1213.2	8
2023-01-03 04:00	1213.2	1217.2	1210.3	1214.3	8
2023-01-03 08:00	1214.3	1216.0	1211.6	1212.5	8
2023-01-03 12:00	1212.6	1216.5	1204.1	1209.4	8
2023-01-03 16:00	1209.4	1210.2	1202.7	1206.8	8
2023-01-03 20:00	1206.9	1213.2	1206.5	1211.8	8
2023-01-04 00:00	1212.0	1252.1	1210.0	1248.2	8
2023-01-04 04:00	1248.3	1251.9	1244.6	1249.4	8
2023-01-04 08:00	1249.5	1258.3	1245.9	1249.2	8
2023-01-04 12:00	1249.3	1255.1	1241.7	1253.1	8
2023-01-04 16:00	1253.2	1268.4	1248.7	1251.8	8
2023-01-04 20:00	1251.8	1254.8	1245.2	1254.3	8
2023-01-05 00:00	1254.3	1257.1	1249.6	1250.2	8
2023-01-05 04:00	1250.3	1252.3	1245.1	1248.2	8
2023-01-05 08:00	1248.3	1253.0	1242.8	1252.7	8
2023-01-05 12:00	1252.5	1253.2	1239.7	1246.5	8
2023-01-05 16:00	1246.6	1252.2	1244.0	1251.1	8
2023-01-05 20:00	1251.1	1251.7	1245.6	1248.5	8
2023-01-06 00:00	1248.5	1254.9	1245.6	1248.8	8
2023-01-06 04:00	1248.8	1249.6	1243.3	1245.0	8
2023-01-06 08:00	1245.0	1247.6	1236.0	1240.9	8
2023-01-06 12:00	1240.9	1261.6	1234.2	1260.1	8
2023-01-06 16:00	1260.2	1273.2	1257.2	1270.4	8
2023-01-06 20:00	1270.5	1273.4	1261.5	1265.0	8
2023-01-07 00:00	1265.0	1266.7	1260.8	1262.1	8
2023-01-07 04:00	1262.1	1262.6	1257.9	1262.2	8
2023-01-07 08:00	1262.2	1263.4	1259.5	1260.9	8
2023-01-07 12:00	1260.9	1262.8	1258.8	1262.4	8
2023-01-07 16:00	1262.4	1263.2	1259.4	1263.0	8
2023-01-07 20:00	1263.0	1263.0	1260.2	1261.9	3
2023-01-08 20:00	1267.3	1292.2	1265.6	1287.6	4
2023-01-09 00:00	1287.6	1310.6	1283.0	1307.7	8
2023-01-09 04:00	1307.8	1311.9	1305.1	1309.6	8
2023-01-09 08:00	1309.6	1324.9	1305.7	1315.9	8
2023-01-09 12:00	1315.9	1338.9	1313.5	1333.0	8
2023-01-09 16:00	1333.0	1342.1	1327.5	1327.8	8
2023-01-09 20:00	1327.8	1329.1	1312.8	1317.9	8
2023-01-10 00:00	1317.9	1326.8	1314.4	1322.1	8
2023-01-10 04:00	1322.1	1325.9	1319.7	1320.7	8
2023-01-10 08:00	1320.7	1331.9	1318.9	1326.8	8
2023-01-10 12:00	1326.8	1337.8	1320.8	1331.5	8
2023-01-10 16:00	1331.5	1341.6	1325.4	1336.9	8
2023-01-10 20:00	1337.0	1344.1	1331.2	1332.9	8
2023-01-11 00:00	1332.8	1339.3	1324.8	1328.4	8
2023-01-11 04:00	1328.4	1333.1	1325.1	1333.1	8
2023-01-11 08:00	1333.1	1335.6	1329.1	1334.0	8
2023-01-11 12:00	1334.0	1334.0	1318.9	1320.3	8
2023-01-11 16:00	1320.3	1342.0	1319.0	1340.3	8
2023-01-11 20:00	1340.4	1395.0	1337.2	1386.8	8
2023-01-12 00:00	1386.9	1415.1	1383.3	1398.4	8
2023-01-12 04:00	1398.4	1402.4	1391.2	1395.6	8
2023-01-12 08:00	1395.7	1400.3	1392.3	1395.3	8
2023-01-12 12:00	1395.3	1405.2	1365.1	1383.7	11
2023-01-12 16:00	1383.7	1434.0	1380.7	1423.5	8
2023-01-12 20:00	1423.7	1435.2	1412.1	1413.5	8
2023-01-13 00:00	1413.5	1415.5	1398.7	1412.2	8
2023-01-13 04:00	1412.4	1412.9	1402.9	1405.6	8
2023-01-13 08:00	1405.7	1416.0	1401.8	1407.0	8
2023-01-13 12:00	1407.0	1421.8	1399.5	1419.6	8
2023-01-13 16:00	1419.7	1422.2	1404.7	1417.6	8
2023-01-13 20:00	1417.7	1460.8	1415.2	1447.6	8
2023-01-14 00:00	1447.6	1593.6	1445.4	1552.1	20
2023-01-14 04:00	1551.9	1554.0	1537.5	1549.2	14
2023-01-14 08:00	1550.8	1561.9	1502.8	1528.1	12
2023-01-14 12:00	1528.1	1543.5	1507.4	1522.7	8
2023-01-14 16:00	1522.8	1535.2	1521.1	1527.5	8
2023-01-14 20:00	1527.5	1555.6	1524.9	1547.6	8
2023-01-15 00:00	1547.6	1549.3	1514.2	1523.4	8
2023-01-15 04:00	1523.5	1527.5	1520.1	1526.6	8
2023-01-15 08:00	1526.7	1532.1	1516.8	1531.2	8
2023-01-15 12:00	1531.2	1557.1	1526.8	1554.2	8
2023-01-15 16:00	1554.3	1564.2	1531.1	1547.8	11
2023-01-15 20:00	1547.8	1558.5	1539.2	1550.1	10
2023-01-16 00:00	1550.0	1581.8	1539.1	1566.7	19
2023-01-16 04:00	1566.6	1575.6	1560.8	1563.4	16
2023-01-16 08:00	1563.7	1564.0	1521.9	1540.2	13
2023-01-16 12:00	1540.2	1550.0	1519.8	1546.9	8
2023-01-16 16:00	1546.9	1599.6	1543.0	1588.9	8
2023-01-16 20:00	1588.9	1595.9	1570.6	1573.7	8
2023-01-17 00:00	1573.9	1579.4	1539.5	1560.3	14
2023-01-17 04:00	1560.4	1573.6	1555.4	1560.3	14
2023-01-17 08:00	1560.2	1569.0	1555.4	1565.9	16
2023-01-17 12:00	1565.8	1604.6	1560.3	1568.5	12
2023-01-17 16:00	1568.5	1595.5	1561.7	1585.7	15
2023-01-17 20:00	1585.8	1589.5	1560.8	1562.1	14
2023-01-18 00:00	1562.2	1588.8	1560.4	1578.9	16
2023-01-18 04:00	1578.8	1585.5	1575.8	1580.0	10
2023-01-18 08:00	1580.3	1580.6	1569.1	1572.8	12
2023-01-18 12:00	1572.9	1605.7	1531.9	1546.8	20
2023-01-18 16:00	1546.5	1563.8	1498.9	1538.5	12
2023-01-18 20:00	1538.6	1541.3	1505.0	1508.7	8
2023-01-19 00:00	1508.7	1524.9	1507.5	1521.9	8
2023-01-19 04:00	1522.0	1529.2	1522.0	1525.5	8
2023-01-19 08:00	1525.6	1528.5	1513.2	1516.3	11
2023-01-19 12:00	1516.2	1544.2	1510.8	1529.8	18
2023-01-19 16:00	1529.8	1551.4	1521.3	1548.9	16
2023-01-19 20:00	1549.0	1560.9	1541.1	1548.1	13
2023-01-20 00:00	1548.0	1560.4	1542.4	1551.2	14
2023-01-20 04:00	1551.3	1553.6	1539.0	1547.2	12
2023-01-20 08:00	1547.4	1552.4	1542.5	1546.3	9
2023-01-20 12:00	1546.3	1566.3	1545.9	1560.6	10
2023-01-20 16:00	1560.6	1598.1	1558.5	1597.8	8
2023-01-20 20:00	1597.8	1663.7	1597.8	1654.5	11
2023-01-21 00:00	1654.5	1673.1	1639.8	1645.3	8
2023-01-21 04:00	1645.5	1651.0	1641.5	1647.2	8
2023-01-21 08:00	1648.1	1676.2	1618.2	1643.8	8
2023-01-21 12:00	1643.9	1668.9	1640.9	1643.6	8
2023-01-21 16:00	1643.9	1664.8	1642.6	1660.6	8
2023-01-21 20:00	1660.6	1664.8	1619.7	1623.4	8
2023-01-22 00:00	1623.4	1633.1	1602.3	1619.7	8
2023-01-22 04:00	1619.7	1628.2	1618.2	1624.6	8
2023-01-22 08:00	1624.6	1628.7	1616.7	1621.6	8
2023-01-22 12:00	1621.7	1647.4	1617.3	1632.8	8
2023-01-22 16:00	1632.9	1661.0	1627.4	1631.9	8
2023-01-22 20:00	1632.1	1633.1	1604.6	1624.8	10
2023-01-23 00:00	1624.8	1639.8	1623.5	1627.8	8
2023-01-23 04:00	1627.8	1635.3	1625.4	1630.6	8
2023-01-23 08:00	1630.6	1636.8	1627.9	1633.7	8
2023-01-23 12:00	1633.7	1644.6	1584.7	1618.2	8
2023-01-23 16:00	1618.2	1637.3	1607.7	1616.9	8
2023-01-23 20:00	1616.9	1632.4	1615.9	1623.5	8
2023-01-24 00:00	1623.5	1638.3	1619.9	1635.9	8
2023-01-24 04:00	1635.9	1637.7	1630.8	1632.4	8
2023-01-24 08:00	1632.5	1634.2	1612.0	1622.4	8
2023-01-24 12:00	1622.4	1629.2	1601.8	1617.1	9
2023-01-24 16:00	1617.4	1620.9	1603.6	1619.6	14
2023-01-24 20:00	1619.5	1621.4	1531.9	1552.9	15
2023-01-25 00:00	1552.8	1554.0	1513.6	1543.5	14
2023-01-25 04:00	1543.6	1555.6	1542.3	1551.0	10
2023-01-25 08:00	1550.9	1554.0	1536.0	1542.6	13
2023-01-25 12:00	1542.5	1563.1	1522.2	1541.1	18
2023-01-25 16:00	1541.0	1559.4	1538.1	1558.4	16
2023-01-25 20:00	1558.4	1636.6	1558.4	1608.7	18
2023-01-26 00:00	1608.9	1629.5	1607.7	1611.6	15
2023-01-26 04:00	1611.7	1618.9	1595.6	1601.8	12
2023-01-26 08:00	1601.9	1607.3	1591.0	1601.1	15
2023-01-26 12:00	1601.0	1617.6	1582.1	1587.0	16
2023-01-26 16:00	1586.8	1604.1	1575.9	1600.7	11
2023-01-26 20:00	1600.7	1607.5	1591.3	1598.3	8
2023-01-27 00:00	1598.3	1603.3	1550.7	1563.2	8
2023-01-27 04:00	1563.2	1586.9	1560.4	1582.8	8
2023-01-27 08:00	1582.8	1583.2	1570.9	1575.9	8
2023-01-27 12:00	1576.0	1591.1	1560.9	1573.6	8
2023-01-27 16:00	1573.6	1608.6	1572.9	1607.0	8
2023-01-27 20:00	1607.0	1618.4	1583.9	1594.0	8
2023-01-28 00:00	1594.0	1602.8	1588.8	1595.4	8
2023-01-28 04:00	1595.4	1599.8	1582.5	1589.2	8
2023-01-28 08:00	1589.8	1591.0	1576.4	1583.2	8
2023-01-28 12:00	1583.2	1583.2	1560.3	1576.0	8
2023-01-28 16:00	1576.0	1577.7	1567.7	1574.2	8
2023-01-28 20:00	1574.3	1574.8	1554.3	1569.6	8
2023-01-29 00:00	1569.6	1615.9	1564.0	1591.6	8
2023-01-29 04:00	1591.7	1596.6	1585.8	1589.7	8
2023-01-29 08:00	1589.7	1615.2	1586.6	1606.4	8
2023-01-29 12:00	1606.4	1623.3	1601.3	1609.2	8
2023-01-29 16:00	1609.2	1657.4	1603.1	1651.3	8
2023-01-29 20:00	1651.3	1652.3	1626.6	1641.9	8
2023-01-30 00:00	1641.9	1644.1	1628.8	1635.0	8
2023-01-30 04:00	1635.1	1638.3	1619.2	1624.2	10
2023-01-30 08:00	1624.2	1627.1	1576.0	1578.8	18
2023-01-30 12:00	1578.8	1593.6	1565.3	1581.5	17
2023-01-30 16:00	1581.6	1587.3	1532.7	1551.0	11
2023-01-30 20:00	1551.1	1564.9	1534.3	1563.5	15
2023-01-31 00:00	1563.7	1572.6	1558.8	1565.8	10
2023-01-31 04:00	1566.1	1577.7	1558.7	1576.8	10
2023-01-31 08:00	1576.9	1580.4	1562.8	1567.8	15
2023-01-31 12:00	1568.0	1593.0	1568.0	1585.8	15
2023-01-31 16:00	1585.9	1601.8	1584.2	1594.8	8
2023-01-31 20:00	1594.9	1597.3	1561.7	1582.6	8
2023-02-01 00:00	1582.6	1589.6	1574.2	1581.7	8
2023-02-01 04:00	1581.7	1582.7	1567.6	1572.4	8
2023-02-01 08:00	1572.4	1580.6	1563.8	1577.7	8
2023-02-01 12:00	1577.8	1586.0	1570.1	1572.6	8
2023-02-01 16:00	1572.6	1624.0	1555.9	1615.6	9
2023-02-01 20:00	1616.0	1644.4	1612.3	1638.7	8
2023-02-02 00:00	1638.9	1693.5	1636.5	1668.5	8
2023-02-02 04:00	1668.6	1673.7	1657.8	1661.6	8
2023-02-02 08:00	1661.6	1672.0	1660.0	1669.0	8
2023-02-02 12:00	1669.0	1686.1	1648.6	1675.1	8
2023-02-02 16:00	1675.1	1710.9	1664.3	1672.2	8
2023-02-02 20:00	1672.2	1683.0	1623.5	1640.2	8
2023-02-03 00:00	1640.6	1647.7	1627.9	1638.9	8
2023-02-03 04:00	1639.0	1644.5	1633.2	1634.7	8
2023-02-03 08:00	1634.8	1647.5	1627.3	1646.3	8
2023-02-03 12:00	1646.6	1670.8	1624.9	1661.1	8
2023-02-03 16:00	1661.0	1672.4	1647.9	1649.9	16
2023-02-03 20:00	1650.0	1667.3	1639.8	1659.3	10
2023-02-04 00:00	1659.3	1662.0	1646.0	1650.0	8
2023-02-04 04:00	1650.0	1656.0	1641.2	1653.8	8
2023-02-04 08:00	1655.0	1659.7	1648.3	1658.7	8
2023-02-04 12:00	1658.9	1691.6	1658.0	1677.0	8
2023-02-04 16:00	1677.0	1682.0	1669.6	1673.0	8
2023-02-04 20:00	1673.0	1684.8	1656.6	1663.6	8
2023-02-05 00:00	1663.6	1668.0	1654.4	1657.6	8
2023-02-05 04:00	1657.6	1667.7	1657.2	1665.3	8
2023-02-05 08:00	1665.4	1670.4	1658.4	1659.6	8
2023-02-05 12:00	1659.5	1661.5	1633.4	1641.5	10
2023-02-05 16:00	1641.4	1644.4	1607.7	1617.0	8
2023-02-05 20:00	1617.0	1636.5	1609.4	1626.4	8
2023-02-06 00:00	1626.4	1639.7	1615.2	1623.8	8
2023-02-06 04:00	1623.8	1632.7	1606.2	1632.6	8
2023-02-06 08:00	1632.7	1634.8	1619.8	1632.3	8
2023-02-06 12:00	1632.4	1645.9	1616.8	1645.4	8
2023-02-06 16:00	1645.5	1655.1	1637.5	1645.6	8
2023-02-06 20:00	1645.6	1646.3	1603.4	1611.5	8
2023-02-07 00:00	1611.5	1632.1	1610.4	1630.3	8
2023-02-07 04:00	1630.4	1634.8	1628.1	1629.3	8
2023-02-07 08:00	1629.4	1644.6	1626.0	1637.9	8
2023-02-07 12:00	1638.2	1641.9	1624.2	1628.0	8
2023-02-07 16:00	1628.0	1674.9	1621.9	1653.4	8
2023-02-07 20:00	1653.3	1673.8	1648.0	1668.4	8
2023-02-08 00:00	1668.5	1694.5	1665.4	1678.4	8
2023-02-08 04:00	1678.4	1680.1	1669.2	1674.5	8
2023-02-08 08:00	1674.6	1674.8	1665.2	1671.1	8
2023-02-08 12:00	1671.2	1678.9	1648.4	1650.2	8
2023-02-08 16:00	1650.2	1656.8	1628.7	1644.7	8
2023-02-08 20:00	1644.7	1652.6	1635.3	1647.4	8
2023-02-09 00:00	1647.5	1652.7	1607.1	1616.4	8
2023-02-09 04:00	1616.4	1633.4	1608.9	1627.3	8
2023-02-09 08:00	1627.4	1636.1	1627.4	1630.3	8
2023-02-09 12:00	1630.3	1645.7	1623.2	1629.1	8
2023-02-09 16:00	1629.1	1630.5	1557.0	1576.9	8
2023-02-09 20:00	1576.9	1579.0	1521.9	1542.7	8
2023-02-10 00:00	1542.7	1551.5	1539.4	1540.8	8
2023-02-10 04:00	1540.8	1549.9	1527.9	1548.8	8
2023-02-10 08:00	1548.9	1551.5	1531.7	1534.3	8
2023-02-10 12:00	1534.6	1544.9	1503.4	1519.6	8
2023-02-10 16:00	1519.6	1535.4	1512.1	1531.5	8
2023-02-10 20:00	1531.7	1532.6	1490.3	1508.7	9
2023-02-11 00:00	1508.7	1519.5	1503.6	1516.3	8
2023-02-11 04:00	1516.5	1519.2	1510.8	1516.6	8
2023-02-11 08:00	1516.5	1522.0	1511.7	1516.1	8
2023-02-11 12:00	1516.0	1522.8	1510.9	1519.1	8
2023-02-11 16:00	1519.1	1519.2	1502.4	1514.6	8
2023-02-11 20:00	1514.9	1540.3	1512.9	1535.9	8
2023-02-12 00:00	1535.9	1536.5	1528.0	1528.9	8
2023-02-12 04:00	1528.9	1531.7	1526.7	1528.5	8
2023-02-12 08:00	1528.7	1536.4	1528.6	1530.9	8
2023-02-12 12:00	1531.0	1538.0	1519.4	1533.4	8
2023-02-12 16:00	1533.4	1545.0	1532.2	1536.8	8
2023-02-12 20:00	1537.0	1539.0	1490.8	1512.6	8
2023-02-13 00:00	1512.6	1521.8	1495.8	1514.1	8
2023-02-13 04:00	1514.3	1523.4	1513.5	1520.7	8
2023-02-13 08:00	1520.8	1521.0	1465.9	1483.7	8
2023-02-13 12:00	1484.0	1490.0	1473.7	1473.8	8
2023-02-13 16:00	1473.9	1491.3	1460.3	1488.7	8
2023-02-13 20:00	1488.9	1507.6	1479.9	1502.9	8
2023-02-14 00:00	1503.2	1505.8	1492.4	1496.5	8
2023-02-14 04:00	1496.5	1505.8	1494.8	1504.0	8
2023-02-14 08:00	1504.0	1516.8	1495.1	1505.2	8
2023-02-14 12:00	1505.3	1564.7	1490.7	1541.2	16
2023-02-14 16:00	1541.2	1561.1	1531.3	1557.5	14
2023-02-14 20:00	1557.6	1561.2	1546.6	1552.4	11
2023-02-15 00:00	1552.7	1553.9	1539.9	1545.5	8
2023-02-15 04:00	1545.5	1549.0	1541.9	1545.0	8
2023-02-15 08:00	1544.9	1573.7	1541.9	1569.1	9
2023-02-15 12:00	1568.8	1587.5	1565.2	1575.9	14
2023-02-15 16:00	1575.9	1624.7	1570.5	1624.7	11
2023-02-15 20:00	1624.9	1676.2	1621.1	1671.9	16
2023-02-16 00:00	1671.9	1707.8	1669.6	1687.5	15
2023-02-16 04:00	1687.5	1693.3	1671.9	1677.7	10
2023-02-16 08:00	1677.7	1689.3	1674.9	1678.6	8
2023-02-16 12:00	1678.6	1722.3	1662.3	1720.7	15
2023-02-16 16:00	1721.0	1737.7	1686.0	1707.6	19
2023-02-16 20:00	1707.6	1707.7	1630.5	1634.6	16
2023-02-17 00:00	1634.3	1666.1	1627.4	1660.8	10
2023-02-17 04:00	1660.7	1661.4	1648.3	1650.2	8
2023-02-17 08:00	1650.2	1669.3	1645.3	1662.9	11
2023-02-17 12:00	1662.9	1677.9	1643.9	1670.3	13
2023-02-17 16:00	1670.3	1705.4	1659.7	1702.3	15
2023-02-17 20:00	1702.4	1716.3	1666.1	1690.4	11
2023-02-18 00:00	1690.4	1700.6	1688.6	1696.0	8
2023-02-18 04:00	1696.1	1700.6	1683.1	1687.3	8
2023-02-18 08:00	1687.8	1692.3	1683.7	1688.9	8
2023-02-18 12:00	1688.9	1696.4	1684.7	1693.6	8
2023-02-18 16:00	1693.1	1710.2	1680.6	1685.2	8
2023-02-18 20:00	1685.2	1690.9	1677.6	1688.9	8
2023-02-19 00:00	1688.9	1697.2	1687.2	1692.4	8
2023-02-19 04:00	1692.4	1706.6	1689.6	1690.3	8
2023-02-19 08:00	1690.3	1697.3	1688.4	1692.5	8
2023-02-19 12:00	1692.5	1719.8	1691.5	1708.3	10
2023-02-19 16:00	1708.4	1722.8	1673.8	1681.8	13
2023-02-19 20:00	1681.9	1685.7	1664.3	1677.5	9
2023-02-20 00:00	1677.3	1683.3	1648.0	1681.1	11
2023-02-20 04:00	1681.1	1694.7	1680.5	1692.9	8
2023-02-20 08:00	1692.9	1716.2	1685.9	1710.3	10
2023-02-20 12:00	1710.5	1712.7	1695.1	1703.5	11
2023-02-20 16:00	1703.5	1707.0	1682.3	1706.2	17
2023-02-20 20:00	1706.2	1707.8	1688.7	1699.3	11
2023-02-21 00:00	1699.3	1712.7	1694.7	1699.7	14
2023-02-21 04:00	1699.2	1705.1	1691.2	1700.2	8
2023-02-21 08:00	1700.3	1709.8	1664.7	1665.8	16
2023-02-21 12:00	1666.1	1680.8	1656.7	1668.7	14
2023-02-21 16:00	1668.7	1682.9	1652.6	1668.7	13
2023-02-21 20:00	1668.7	1670.2	1634.4	1655.8	9
2023-02-22 00:00	1655.8	1663.3	1620.9	1645.7	11
2023-02-22 04:00	1645.9	1646.5	1628.2	1640.4	8
2023-02-22 08:00	1640.4	1642.3	1622.1	1641.1	8
2023-02-22 12:00	1641.1	1646.8	1604.5	1610.2	12
2023-02-22 16:00	1610.1	1626.9	1594.2	1612.5	12
2023-02-22 20:00	1612.4	1641.5	1607.4	1639.9	9
2023-02-23 00:00	1639.7	1674.8	1634.3	1663.9	9
2023-02-23 04:00	1664.1	1667.9	1656.5	1663.3	8
2023-02-23 08:00	1663.3	1669.5	1628.8	1634.2	9
2023-02-23 12:00	1634.2	1667.6	1625.8	1652.7	16
2023-02-23 16:00	1652.7	1658.2	1634.2	1650.5	14
2023-02-23 20:00	1650.5	1655.7	1635.7	1647.4	8
2023-02-24 00:00	1647.5	1661.5	1643.5	1646.5	8
2023-02-24 04:00	1646.5	1653.4	1639.0	1649.0	8
2023-02-24 08:00	1649.0	1654.6	1640.2	1644.4	8
2023-02-24 12:00	1644.4	1651.2	1597.3	1600.1	8
2023-02-24 16:00	1600.1	1609.0	1573.3	1608.2	8
2023-02-24 20:00	1608.3	1619.9	1590.0	1603.5	8
2023-02-25 00:00	1603.5	1604.9	1591.2	1594.5	8
2023-02-25 04:00	1594.5	1600.1	1590.1	1599.9	8
2023-02-25 08:00	1600.7	1604.6	1593.6	1597.3	8
2023-02-25 12:00	1597.3	1600.8	1590.7	1594.3	8
2023-02-25 16:00	1594.3	1597.7	1573.9	1582.0	8
2023-02-25 20:00	1582.0	1594.2	1555.4	1591.5	9
2023-02-26 00:00	1591.6	1603.3	1585.1	1600.1	8
2023-02-26 04:00	1600.1	1600.5	1593.3	1597.1	8
2023-02-26 08:00	1597.2	1604.0	1594.6	1601.4	8
2023-02-26 12:00	1601.5	1611.7	1593.1	1602.1	8
2023-02-26 16:00	1602.2	1632.9	1596.0	1630.5	8
2023-02-26 20:00	1630.5	1647.4	1619.5	1638.3	8
2023-02-27 00:00	1638.2	1646.8	1629.1	1637.3	8
2023-02-27 04:00	1637.2	1637.9	1628.3	1633.6	8
2023-02-27 08:00	1633.8	1640.3	1629.5	1637.8	8
2023-02-27 12:00	1637.9	1661.9	1634.8	1641.1	8
2023-02-27 16:00	1641.2	1643.7	1613.1	1619.2	8
2023-02-27 20:00	1619.1	1633.2	1605.3	1630.8	8
2023-02-28 00:00	1630.6	1632.7	1624.1	1630.0	8
2023-02-28 04:00	1630.0	1630.0	1615.4	1615.9	8
2023-02-28 08:00	1615.8	1628.6	1613.7	1626.7	8
2023-02-28 12:00	1626.8	1644.6	1626.1	1638.3	8
2023-02-28 16:00	1638.4	1643.4	1620.2	1625.2	8
2023-02-28 20:00	1625.2	1630.2	1594.5	1602.4	8
2023-03-01 00:00	1602.5	1637.5	1593.1	1635.3	8
2023-03-01 04:00	1635.3	1658.2	1632.5	1648.0	8
2023-03-01 08:00	1647.9	1665.5	1646.1	1653.0	8
2023-03-01 12:00	1653.1	1666.7	1643.8	1655.0	8
2023-03-01 16:00	1655.0	1657.3	1628.9	1632.1	8
2023-03-01 20:00	1632.1	1663.3	1629.1	1662.2	8
2023-03-02 00:00	1662.3	1674.7	1641.4	1645.4	8
2023-03-02 04:00	1645.4	1648.9	1636.4	1641.4	8
2023-03-02 08:00	1641.2	1645.9	1635.2	1641.6	8
2023-03-02 12:00	1641.7	1642.3	1616.1	1625.1	8
2023-03-02 16:00	1625.1	1649.1	1618.6	1645.6	8
2023-03-02 20:00	1645.6	1653.2	1637.4	1645.0	8
2023-03-03 00:00	1645.1	1646.2	1538.0	1562.8	9
2023-03-03 04:00	1562.7	1573.8	1559.9	1565.4	8
2023-03-03 08:00	1565.7	1571.4	1561.1	1561.6	8
2023-03-03 12:00	1561.7	1577.6	1558.7	1563.4	8
2023-03-03 16:00	1563.6	1571.9	1549.9	1562.8	8
2023-03-03 20:00	1562.6	1567.0	1544.4	1565.5	8
2023-03-04 00:00	1565.5	1573.2	1564.0	1567.0	8
2023-03-04 04:00	1567.0	1569.1	1559.1	1564.9	8
2023-03-04 08:00	1565.9	1568.2	1564.3	1566.2	8
2023-03-04 12:00	1566.3	1568.6	1559.2	1559.3	8
2023-03-04 16:00	1559.3	1562.4	1554.3	1556.6	8
2023-03-04 20:00	1556.7	1565.0	1546.3	1563.6	8
2023-03-05 00:00	1563.5	1585.0	1550.7	1564.8	10
2023-03-05 04:00	1564.8	1570.2	1564.7	1565.7	8
2023-03-05 08:00	1565.6	1569.6	1561.4	1565.6	8
2023-03-05 12:00	1565.7	1571.0	1564.9	1566.1	8
2023-03-05 16:00	1566.2	1568.7	1560.5	1563.1	8
2023-03-05 20:00	1563.2	1575.1	1553.6	1561.4	8
2023-03-06 00:00	1561.4	1569.5	1554.1	1559.7	8
2023-03-06 04:00	1559.7	1561.9	1552.4	1558.7	8
2023-03-06 08:00	1558.8	1565.5	1555.1	1560.7	8
2023-03-06 12:00	1560.7	1580.3	1558.9	1575.1	8
2023-03-06 16:00	1575.2	1577.5	1560.2	1562.9	8
2023-03-06 20:00	1563.0	1567.9	1556.7	1562.9	8
2023-03-07 00:00	1562.9	1580.6	1558.7	1572.1	8
2023-03-07 04:00	1572.2	1573.3	1567.9	1568.0	8
2023-03-07 08:00	1568.1	1568.3	1559.4	1560.0	8
2023-03-07 12:00	1560.2	1568.6	1533.5	1558.0	8
2023-03-07 16:00	1557.7	1562.3	1545.4	1549.9	8
2023-03-07 20:00	1549.4	1560.7	1540.0	1558.8	8
2023-03-08 00:00	1558.9	1567.3	1555.1	1559.3	8
2023-03-08 04:00	1559.4	1560.5	1545.2	1548.3	8
2023-03-08 08:00	1548.3	1558.3	1547.1	1554.3	8
2023-03-08 12:00	1554.4	1562.4	1540.5	1557.3	8
2023-03-08 16:00	1557.3	1562.1	1545.8	1549.6	8
2023-03-08 20:00	1549.7	1558.1	1525.6	1529.6	8
2023-03-09 00:00	1529.6	1541.9	1528.6	1538.5	8
2023-03-09 04:00	1538.5	1538.5	1533.2	1534.0	8
2023-03-09 08:00	1534.0	1535.4	1523.3	1531.9	8
2023-03-09 12:00	1531.9	1543.3	1524.4	1531.2	8
2023-03-09 16:00	1531.2	1534.9	1479.1	1484.8	8
2023-03-09 20:00	1485.1	1486.5	1409.2	1433.2	9
2023-03-10 00:00	1433.1	1433.2	1408.5	1422.6	14
2023-03-10 04:00	1422.5	1422.7	1388.6	1408.1	15
2023-03-10 08:00	1408.2	1408.7	1367.2	1380.5	18
2023-03-10 12:00	1380.5	1429.7	1378.9	1414.3	16
2023-03-10 16:00	1414.3	1434.5	1397.1	1419.9	8
2023-03-10 20:00	1419.9	1434.5	1403.6	1428.5	8
2023-03-11 00:00	1428.5	1494.9	1426.8	1465.8	8
2023-03-11 04:00	1465.8	1467.9	1419.7	1422.6	8
2023-03-11 08:00	1421.9	1456.8	1413.3	1450.6	9
2023-03-11 12:00	1450.6	1460.7	1428.7	1436.5	9
2023-03-11 16:00	1436.6	1468.6	1429.0	1462.0	10
2023-03-11 20:00	1462.1	1485.1	1454.0	1479.3	11
2023-03-12 00:00	1478.9	1482.7	1462.2	1471.1	8
2023-03-12 04:00	1477.4	1485.3	1460.7	1468.1	8
2023-03-12 08:00	1467.5	1475.1	1463.3	1471.2	8
2023-03-12 12:00	1471.4	1474.4	1455.0	1468.7	8
2023-03-12 16:00	1468.7	1565.9	1464.7	1521.8	16
2023-03-12 20:00	1521.7	1607.3	1518.9	1588.5	14
2023-03-13 00:00	1587.9	1628.0	1573.4	1591.3	10
2023-03-13 04:00	1591.4	1618.2	1590.9	1610.6	8
2023-03-13 08:00	1610.5	1611.6	1567.6	1580.9	13
2023-03-13 12:00	1581.0	1696.9	1571.5	1668.8	20
2023-03-13 16:00	1669.0	1687.7	1654.1	1681.1	8
2023-03-13 20:00	1681.3	1684.9	1664.3	1676.6	8
2023-03-14 00:00	1676.3	1686.7	1667.9	1681.9	9
2023-03-14 04:00	1681.9	1695.4	1667.5	1672.9	8
2023-03-14 08:00	1673.1	1693.7	1660.5	1687.7	8
2023-03-14 12:00	1687.7	1780.3	1679.4	1771.9	17
2023-03-14 16:00	1771.8	1777.1	1690.7	1722.6	16
2023-03-14 20:00	1722.3	1728.0	1665.8	1701.7	10
2023-03-15 00:00	1701.7	1718.2	1683.2	1705.1	8
2023-03-15 04:00	1705.1	1712.3	1697.4	1708.9	8
2023-03-15 08:00	1707.6	1709.5	1656.4	1683.8	8
2023-03-15 12:00	1683.8	1700.8	1626.9	1634.8	8
2023-03-15 16:00	1634.8	1656.5	1611.9	1648.7	8
2023-03-15 20:00	1648.8	1667.5	1639.6	1652.2	8
2023-03-16 00:00	1652.2	1662.3	1634.6	1648.2	8
2023-03-16 04:00	1648.2	1660.9	1639.2	1657.3	8
2023-03-16 08:00	1657.4	1670.5	1641.0	1662.2	8
2023-03-16 12:00	1662.2	1666.3	1638.3	1662.7	8
2023-03-16 16:00	1662.8	1692.2	1652.6	1681.1	8
2023-03-16 20:00	1681.1	1681.6	1653.2	1673.7	8
2023-03-17 00:00	1673.8	1725.5	1663.3	1709.1	8
2023-03-17 04:00	1709.1	1730.7	1698.1	1717.8	8
2023-03-17 08:00	1717.8	1763.6	1711.7	1761.9	8
2023-03-17 12:00	1760.1	1762.6	1703.1	1716.5	8
2023-03-17 16:00	1716.5	1743.9	1709.7	1743.7	8
2023-03-17 20:00	1743.6	1799.4	1732.6	1789.6	8
2023-03-18 00:00	1789.7	1831.6	1767.6	1811.3	8
2023-03-18 04:00	1811.5	1822.1	1803.3	1814.8	8
2023-03-18 08:00	1814.8	1818.8	1792.3	1813.4	10
2023-03-18 12:00	1813.3	1841.7	1777.5	1787.5	13
2023-03-18 16:00	1787.8	1803.0	1749.5	1792.3	12
2023-03-18 20:00	1792.3	1803.0	1751.6	1759.4	14
2023-03-19 00:00	1759.5	1786.9	1758.7	1783.3	12
2023-03-19 04:00	1783.2	1787.2	1762.8	1775.5	9
2023-03-19 08:00	1775.4	1789.2	1766.6	1785.5	8
2023-03-19 12:00	1785.8	1813.4	1774.6	1795.3	10
2023-03-19 16:00	1795.0	1842.5	1793.4	1822.6	16
2023-03-19 20:00	1822.6	1829.3	1776.6	1782.7	11
2023-03-20 00:00	1782.8	1787.4	1745.4	1754.2	8
2023-03-20 04:00	1754.2	1795.2	1741.4	1793.7	8
2023-03-20 08:00	1793.8	1805.4	1771.5	1782.6	8
2023-03-20 12:00	1782.6	1785.6	1755.0	1764.9	11
2023-03-20 16:00	1765.0	1770.6	1743.9	1755.0	8
2023-03-20 20:00	1755.2	1762.9	1726.2	1735.3	11
2023-03-21 00:00	1735.4	1760.5	1731.4	1747.9	9
2023-03-21 04:00	1747.9	1755.8	1721.2	1733.2	8
2023-03-21 08:00	1733.8	1770.0	1727.8	1763.7	8
2023-03-21 12:00	1763.6	1836.0	1760.5	1814.8	8
2023-03-21 16:00	1814.8	1827.2	1778.6	1793.6	8
2023-03-21 20:00	1793.6	1807.5	1783.1	1803.8	8
2023-03-22 00:00	1803.8	1809.4	1780.6	1801.7	8
2023-03-22 04:00	1801.3	1810.1	1789.2	1794.2	8
2023-03-22 08:00	1794.3	1795.5	1783.0	1786.8	8
2023-03-22 12:00	1786.8	1820.3	1784.9	1806.7	8
2023-03-22 16:00	1806.7	1810.7	1713.4	1718.3	12
2023-03-22 20:00	1718.3	1740.4	1712.5	1735.7	8
2023-03-23 00:00	1735.9	1746.4	1731.0	1738.5	8
2023-03-23 04:00	1738.6	1755.7	1732.4	1752.9	8
2023-03-23 08:00	1753.2	1761.3	1747.9	1757.0	8
2023-03-23 12:00	1757.0	1855.9	1743.1	1838.1	9
2023-03-23 16:00	1838.3	1842.1	1794.2	1821.0	8
2023-03-23 20:00	1820.9	1821.2	1803.6	1813.8	8
2023-03-24 00:00	1813.9	1818.6	1806.8	1812.4	8
2023-03-24 04:00	1812.4	1816.9	1803.4	1814.9	8
2023-03-24 08:00	1815.0	1816.1	1731.9	1746.7	8
2023-03-24 12:00	1746.5	1782.0	1743.3	1766.3	9
2023-03-24 16:00	1766.7	1768.8	1725.7	1762.7	8
2023-03-24 20:00	1762.7	1763.1	1733.5	1740.1	3
2023-03-25 00:00	1748.4	1760.6	1745.0	1754.9	8
2023-03-25 04:00	1754.9	1757.2	1739.8	1745.5	8
2023-03-25 08:00	1746.4	1749.1	1735.1	1743.9	8
2023-03-25 12:00	1743.9	1761.1	1738.4	1754.2	8
2023-03-25 16:00	1754.3	1756.3	1715.3	1716.3	8
2023-03-25 20:00	1716.3	1741.9	1713.0	1740.9	8
2023-03-26 00:00	1740.9	1755.0	1738.4	1748.1	8
2023-03-26 04:00	1748.2	1754.1	1744.9	1751.5	8
2023-03-26 08:00	1751.6	1785.4	1749.2	1777.0	8
2023-03-26 12:00	1777.1	1797.3	1752.7	1761.5	8
2023-03-26 16:00	1761.4	1770.1	1753.4	1764.2	8
2023-03-26 20:00	1764.2	1781.3	1753.2	1772.9	8
2023-03-27 00:00	1772.7	1778.9	1757.8	1763.6	8
2023-03-27 04:00	1763.6	1766.3	1745.7	1750.8	8
2023-03-27 08:00	1750.8	1768.2	1748.3	1763.8	8
2023-03-27 12:00	1764.1	1766.9	1685.1	1708.7	10
2023-03-27 16:00	1708.8	1729.6	1698.8	1701.6	11
2023-03-27 20:00	1701.7	1714.5	1694.0	1713.2	8
2023-03-28 00:00	1713.2	1724.1	1699.8	1709.4	8
2023-03-28 04:00	1709.7	1733.0	1707.7	1722.0	8
2023-03-28 08:00	1722.1	1750.6	1708.7	1742.7	8
2023-03-28 12:00	1742.8	1747.9	1728.3	1741.5	8
2023-03-28 16:00	1741.5	1791.5	1726.3	1782.8	8
2023-03-28 20:00	1783.0	1786.7	1760.0	1770.2	8
2023-03-29 00:00	1770.3	1786.4	1770.1	1776.1	8
2023-03-29 04:00	1776.3	1814.4	1776.3	1802.0	8
2023-03-29 08:00	1802.1	1823.5	1797.5	1808.2	8
2023-03-29 12:00	1808.4	1813.4	1790.0	1805.2	8
2023-03-29 16:00	1805.2	1808.7	1789.9	1805.6	8
2023-03-29 20:00	1805.8	1806.6	1780.3	1790.2	8
2023-03-30 00:00	1790.3	1826.0	1766.3	1785.1	10
2023-03-30 04:00	1785.2	1809.5	1782.9	1803.5	10
2023-03-30 08:00	1803.5	1805.2	1791.0	1802.0	8
2023-03-30 12:00	1802.1	1803.3	1782.3	1787.1	8
2023-03-30 16:00	1787.1	1788.6	1761.1	1778.3	8
2023-03-30 20:00	1778.6	1795.7	1776.4	1790.7	8
2023-03-31 00:00	1790.8	1814.0	1786.8	1800.8	8
2023-03-31 04:00	1800.8	1805.3	1777.9	1792.7	8
2023-03-31 08:00	1792.7	1797.3	1784.4	1790.9	8
2023-03-31 12:00	1790.9	1843.0	1788.7	1827.3	8
2023-03-31 16:00	1827.4	1831.4	1816.1	1826.6	8
2023-03-31 20:00	1825.8	1826.4	1812.2	1817.8	8
2023-04-01 00:00	1817.9	1838.7	1815.7	1822.5	9
2023-04-01 04:00	1822.3	1826.1	1809.4	1821.4	8
2023-04-01 08:00	1821.4	1825.9	1819.0	1821.9	8
2023-04-01 12:00	1821.8	1824.9	1812.5	1818.1	8
2023-04-01 16:00	1818.2	1821.6	1806.6	1811.6	8
2023-04-01 20:00	1811.9	1823.2	1811.9	1818.6	8
2023-04-02 00:00	1818.7	1820.8	1807.6	1815.3	8
2023-04-02 04:00	1815.4	1822.0	1811.7	1818.7	8
2023-04-02 08:00	1818.8	1821.0	1813.2	1815.0	8
2023-04-02 12:00	1815.0	1816.4	1787.2	1795.8	8
2023-04-02 16:00	1795.8	1801.5	1771.2	1779.4	8
2023-04-02 20:00	1779.5	1793.7	1776.2	1792.3	8
2023-04-03 00:00	1792.3	1792.5	1761.5	1776.4	8
2023-04-03 04:00	1776.5	1793.0	1770.8	1792.7	8
2023-04-03 08:00	1792.8	1814.6	1792.8	1805.5	8
2023-04-03 12:00	1805.5	1819.3	1786.8	1794.4	8
2023-04-03 16:00	1794.7	1836.9	1789.3	1816.1	8
2023-04-03 20:00	1816.4	1817.1	1767.2	1808.1	8
2023-04-04 00:00	1808.3	1814.2	1800.6	1805.7	8
2023-04-04 04:00	1805.8	1820.6	1801.0	1809.8	8
2023-04-04 08:00	1810.0	1871.4	1809.3	1862.3	8
2023-04-04 12:00	1862.5	1887.8	1850.8	1860.6	8
2023-04-04 16:00	1860.6	1870.9	1855.0	1866.4	8
2023-04-04 20:00	1866.4	1883.1	1857.0	1868.8	8
2023-04-05 00:00	1868.3	1921.7	1862.2	1909.7	13
2023-04-05 04:00	1909.6	1915.3	1904.7	1907.7	9
2023-04-05 08:00	1907.7	1916.7	1901.9	1912.0	8
2023-04-05 12:00	1912.1	1938.9	1881.9	1894.4	9
2023-04-05 16:00	1894.6	1915.5	1885.6	1906.7	8
2023-04-05 20:00	1907.0	1912.0	1901.5	1906.3	8
2023-04-06 00:00	1906.3	1907.3	1883.9	1896.7	8
2023-04-06 04:00	1896.7	1896.7	1875.1	1877.1	8
2023-04-06 08:00	1877.2	1882.6	1853.4	1866.4	8
2023-04-06 12:00	1866.4	1876.5	1852.8	1872.6	8
2023-04-06 16:00	1872.7	1880.7	1864.5	1869.1	8
2023-04-06 20:00	1869.1	1876.6	1857.6	1870.5	8
2023-04-07 00:00	1870.5	1880.4	1864.8	1874.7	8
2023-04-07 04:00	1874.9	1876.9	1841.3	1849.2	8
2023-04-07 08:00	1848.9	1857.0	1842.3	1846.8	8
2023-04-07 12:00	1846.9	1861.2	1841.8	1858.8	8
2023-04-07 16:00	1858.9	1860.0	1850.3	1852.8	8
2023-04-07 20:00	1852.9	1869.2	1849.8	1861.1	8
2023-04-08 00:00	1861.1	1869.0	1852.3	1865.8	8
2023-04-08 04:00	1865.8	1876.2	1861.9	1870.0	8
2023-04-08 08:00	1870.1	1872.6	1864.3	1865.8	8
2023-04-08 12:00	1865.8	1869.3	1860.6	1865.1	8
2023-04-08 16:00	1865.1	1867.4	1845.9	1852.3	8
2023-04-08 20:00	1852.4	1856.2	1845.1	1847.1	8
2023-04-09 00:00	1847.1	1857.7	1845.6	1850.3	8
2023-04-09 04:00	1850.3	1854.0	1823.1	1834.4	8
2023-04-09 08:00	1834.4	1838.2	1828.7	1837.5	8
2023-04-09 12:00	1837.4	1843.2	1825.5	1835.5	8
2023-04-09 16:00	1835.5	1864.2	1834.1	1854.4	8
2023-04-09 20:00	1854.5	1871.0	1850.8	1856.7	9
2023-04-10 00:00	1856.7	1861.8	1844.9	1856.2	8
2023-04-10 04:00	1856.1	1863.6	1851.9	1858.1	8
2023-04-10 08:00	1858.0	1860.8	1853.7	1856.0	8
2023-04-10 12:00	1856.0	1866.6	1845.2	1859.5	8
2023-04-10 16:00	1859.8	1902.6	1856.0	1887.2	8
2023-04-10 20:00	1887.3	1916.5	1877.2	1908.3	8
2023-04-11 00:00	1908.4	1934.9	1906.2	1921.4	8
2023-04-11 04:00	1921.5	1924.9	1907.9	1920.7	8
2023-04-11 08:00	1920.8	1921.4	1910.7	1914.1	8
2023-04-11 12:00	1914.1	1921.2	1904.5	1912.8	8
2023-04-11 16:00	1912.8	1915.4	1891.4	1893.3	8
2023-04-11 20:00	1893.3	1899.1	1883.0	1888.9	8
2023-04-12 00:00	1889.0	1895.8	1855.7	1862.2	8
2023-04-12 04:00	1862.2	1874.3	1859.6	1869.4	8
2023-04-12 08:00	1869.4	1872.7	1862.4	1871.2	8
2023-04-12 12:00	1871.3	1930.7	1865.8	1910.6	8
2023-04-12 16:00	1910.9	1918.2	1893.4	1899.1	8
2023-04-12 20:00	1899.1	1928.4	1898.6	1915.9	8
2023-04-13 00:00	1916.0	1919.0	1898.2	1911.4	8
2023-04-13 04:00	1911.4	1924.3	1907.4	1921.3	8
2023-04-13 08:00	1921.3	1993.9	1918.6	1984.7	8
2023-04-13 12:00	1984.8	2007.4	1984.7	1996.3	9
2023-04-13 16:00	1996.4	2020.6	1990.7	2009.9	10
2023-04-13 20:00	2010.0	2015.8	2001.5	2011.4	8
2023-04-14 00:00	2011.4	2127.5	2008.6	2107.8	13
2023-04-14 04:00	2107.9	2122.9	2102.2	2105.1	10
2023-04-14 08:00	2105.2	2117.6	2101.1	2114.3	8
2023-04-14 12:00	2114.3	2122.0	2048.9	2057.5	8
2023-04-14 16:00	2057.5	2090.5	2041.6	2089.5	9
2023-04-14 20:00	2089.5	2118.1	2084.3	2097.9	8
2023-04-15 00:00	2098.2	2103.9	2070.6	2086.4	8
2023-04-15 04:00	2086.5	2101.9	2079.5	2094.9	8
2023-04-15 08:00	2095.0	2108.6	2089.8	2098.3	8
2023-04-15 12:00	2098.3	2105.9	2091.0	2095.8	8
2023-04-15 16:00	2096.0	2106.8	2081.7	2098.6	8
2023-04-15 20:00	2098.6	2100.2	2081.3	2089.4	8
2023-04-16 00:00	2089.4	2094.2	2072.2	2085.1	8
2023-04-16 04:00	2085.1	2101.0	2084.9	2097.2	8
2023-04-16 08:00	2097.2	2098.4	2082.1	2085.3	8
2023-04-16 12:00	2085.5	2097.0	2075.5	2092.8	8
2023-04-16 16:00	2092.8	2138.7	2087.4	2113.2	8
2023-04-16 20:00	2113.2	2130.6	2096.9	2117.3	8
2023-04-17 00:00	2117.3	2118.9	2072.2	2095.6	8
2023-04-17 04:00	2095.6	2100.9	2087.4	2088.6	8
2023-04-17 08:00	2088.7	2097.1	2066.3	2074.9	8
2023-04-17 12:00	2074.9	2080.6	2056.2	2069.3	8
2023-04-17 16:00	2069.3	2086.0	2068.4	2076.4	8
2023-04-17 20:00	2076.6	2082.1	2065.3	2072.6	8
2023-04-18 00:00	2072.7	2082.3	2051.9	2077.9	8
2023-04-18 04:00	2077.9	2107.2	2076.0	2098.0	8
2023-04-18 08:00	2098.0	2120.7	2092.0	2115.6	9
2023-04-18 12:00	2115.6	2118.3	2086.7	2093.5	8
2023-04-18 16:00	2093.5	2098.3	2068.5	2078.8	8
2023-04-18 20:00	2078.5	2105.3	2072.0	2101.6	8
2023-04-19 00:00	2101.6	2102.5	2085.6	2089.6	8
2023-04-19 04:00	2089.6	2089.9	2063.5	2071.7	8
2023-04-19 08:00	2071.7	2071.7	1964.5	1979.3	13
2023-04-19 12:00	1979.3	2004.6	1968.2	1981.7	8
2023-04-19 16:00	1981.8	1989.6	1964.3	1978.4	8
2023-04-19 20:00	1978.4	1985.9	1922.3	1933.0	8
2023-04-20 00:00	1932.6	1951.7	1923.5	1946.9	8
2023-04-20 04:00	1947.2	1962.1	1945.6	1946.7	8
2023-04-20 08:00	1946.7	1958.9	1935.7	1937.4	8
2023-04-20 12:00	1937.4	1979.7	1934.9	1943.5	8
2023-04-20 16:00	1943.3	1952.0	1913.5	1924.4	8
2023-04-20 20:00	1924.4	1951.0	1920.9	1940.0	8
2023-04-21 00:00	1940.0	1953.6	1932.0	1943.1	8
2023-04-21 04:00	1943.1	1944.4	1897.5	1925.3	8
2023-04-21 08:00	1925.4	1931.0	1901.1	1905.4	8
2023-04-21 12:00	1905.4	1919.3	1890.1	1900.3	8
2023-04-21 16:00	1900.3	1904.6	1834.5	1840.2	10
2023-04-21 20:00	1840.2	1850.2	1824.2	1844.1	8
2023-04-22 00:00	1844.2	1858.1	1841.2	1855.3	8
2023-04-22 04:00	1855.5	1861.1	1845.9	1847.8	8
2023-04-22 08:00	1847.9	1851.9	1840.6	1849.7	8
2023-04-22 12:00	1849.7	1868.6	1844.2	1864.0	8
2023-04-22 16:00	1864.1	1884.5	1863.4	1869.6	8
2023-04-22 20:00	1869.9	1876.5	1861.8	1871.3	8
2023-04-23 00:00	1871.4	1871.5	1845.6	1859.6	8
2023-04-23 04:00	1859.6	1873.7	1857.4	1872.0	8
2023-04-23 08:00	1872.1	1874.4	1860.9	1872.1	8
2023-04-23 12:00	1872.2	1879.6	1852.0	1856.9	8
2023-04-23 16:00	1856.9	1869.5	1835.2	1843.9	8
2023-04-23 20:00	1843.9	1864.6	1836.1	1859.1	8
2023-04-24 00:00	1859.2	1886.3	1848.2	1864.9	8
2023-04-24 04:00	1865.1	1865.4	1825.6	1842.6	8
2023-04-24 08:00	1842.6	1852.4	1829.7	1852.0	8
2023-04-24 12:00	1852.1	1872.5	1828.8	1831.1	8
2023-04-24 16:00	1831.1	1843.9	1805.4	1827.9	8
2023-04-24 20:00	1827.9	1842.3	1824.9	1839.2	8
2023-04-25 00:00	1839.3	1847.3	1824.8	1827.1	8
2023-04-25 04:00	1827.1	1833.1	1809.8	1813.0	8
2023-04-25 08:00	1813.0	1826.3	1803.7	1823.0	8
2023-04-25 12:00	1823.0	1829.9	1800.8	1811.7	8
2023-04-25 16:00	1811.7	1844.5	1809.3	1834.7	8
2023-04-25 20:00	1834.7	1874.4	1833.8	1863.3	8
2023-04-26 00:00	1863.3	1880.3	1859.4	1860.1	8
2023-04-26 04:00	1860.2	1873.5	1856.5	1859.2	8
2023-04-26 08:00	1859.2	1917.5	1859.2	1911.8	8
2023-04-26 12:00	1911.8	1961.5	1911.8	1950.9	8
2023-04-26 16:00	1951.0	1955.2	1816.7	1826.0	10
2023-04-26 20:00	1825.7	1879.8	1784.2	1863.9	11
2023-04-27 00:00	1863.9	1935.9	1858.9	1895.7	8
2023-04-27 04:00	1895.8	1915.9	1870.8	1882.7	8
2023-04-27 08:00	1882.8	1891.7	1873.7	1878.7	8
2023-04-27 12:00	1878.7	1912.8	1860.4	1897.1	8
2023-04-27 16:00	1897.2	1934.8	1888.4	1919.7	8
2023-04-27 20:00	1919.9	1927.2	1892.2	1905.9	11
2023-04-28 00:00	1905.9	1912.1	1899.8	1902.8	12
2023-04-28 04:00	1902.7	1921.4	1901.9	1916.9	8
2023-04-28 08:00	1917.0	1917.2	1897.4	1900.1	8
2023-04-28 12:00	1900.1	1911.8	1872.3	1884.1	13
2023-04-28 16:00	1884.2	1902.4	1880.8	1889.8	15
2023-04-28 20:00	1889.9	1898.2	1884.0	1888.2	8
2023-04-29 00:00	1888.1	1895.6	1882.8	1893.6	8
2023-04-29 04:00	1893.7	1901.7	1893.7	1899.3	8
2023-04-29 08:00	1899.2	1901.2	1891.6	1896.3	8
2023-04-29 12:00	1896.4	1915.8	1894.8	1904.1	8
2023-04-29 16:00	1904.2	1905.9	1882.9	1901.8	8
2023-04-29 20:00	1901.8	1907.4	1895.9	1905.8	8
2023-04-30 00:00	1905.9	1906.1	1891.8	1894.5	8
2023-04-30 04:00	1894.5	1903.3	1891.6	1901.4	8
2023-04-30 08:00	1901.6	1911.1	1897.8	1898.8	8
2023-04-30 12:00	1898.9	1936.3	1896.1	1918.3	8
2023-04-30 16:00	1917.9	1931.9	1893.3	1903.1	8
2023-04-30 20:00	1903.1	1903.1	1865.7	1867.0	8
2023-05-01 00:00	1867.5	1884.0	1822.9	1844.1	11
2023-05-01 04:00	1844.0	1851.4	1832.7	1847.1	9
2023-05-01 08:00	1847.2	1851.0	1838.9	1842.8	8
2023-05-01 12:00	1842.8	1849.4	1824.5	1831.2	8
2023-05-01 16:00	1831.4	1838.9	1805.3	1809.8	11
2023-05-01 20:00	1809.4	1830.6	1803.1	1828.2	8
2023-05-02 00:00	1828.2	1834.3	1821.7	1827.7	8
2023-05-02 04:00	1827.8	1837.8	1821.6	1833.0	8
2023-05-02 08:00	1833.1	1836.7	1823.5	1830.5	8
2023-05-02 12:00	1830.6	1865.8	1821.9	1855.9	15
2023-05-02 16:00	1855.7	1878.7	1850.5	1866.4	12
2023-05-02 20:00	1866.5	1874.4	1865.2	1867.8	8
2023-05-03 00:00	1867.9	1868.9	1853.0	1860.5	8
2023-05-03 04:00	1860.6	1867.4	1855.3	1863.1	8
2023-05-03 08:00	1863.3	1870.3	1856.7	1857.1	8
2023-05-03 12:00	1857.1	1860.0	1841.4	1851.1	8
2023-05-03 16:00	1851.1	1891.6	1848.9	1865.6	9
2023-05-03 20:00	1865.6	1913.1	1855.5	1902.6	8
2023-05-04 00:00	1902.9	1905.8	1893.9	1901.5	8
2023-05-04 04:00	1901.6	1903.2	1894.5	1896.2	8
2023-05-04 08:00	1896.2	1914.9	1893.9	1902.2	8
2023-05-04 12:00	1902.3	1905.7	1876.2	1884.3	8
2023-05-04 16:00	1884.3	1889.4	1864.8	1873.9	8
2023-05-04 20:00	1874.2	1877.3	1868.2	1875.2	8
2023-05-05 00:00	1875.2	1906.7	1873.8	1894.5	8
2023-05-05 04:00	1894.6	1905.0	1891.3	1893.2	8
2023-05-05 08:00	1893.4	1912.6	1892.8	1908.8	8
2023-05-05 12:00	1908.9	1954.5	1890.4	1952.6	15
2023-05-05 16:00	1952.8	1996.8	1952.7	1990.1	10
2023-05-05 20:00	1990.2	1995.3	1982.5	1991.9	8
2023-05-06 00:00	1992.0	2015.7	1962.5	1968.5	8
2023-05-06 04:00	1968.5	1970.3	1954.9	1958.1	8
2023-05-06 08:00	1958.1	1958.1	1921.4	1930.8	7
2023-05-06 20:00	1894.1	1899.1	1885.1	1897.0	6
2023-05-07 00:00	1896.9	1919.0	1888.1	1893.5	8
2023-05-07 04:00	1893.7	1908.5	1891.1	1905.7	8
2023-05-07 08:00	1905.8	1912.4	1896.3	1902.1	8
2023-05-07 12:00	1902.2	1933.3	1902.2	1916.7	8
2023-05-07 16:00	1916.8	1923.1	1904.4	1912.9	8
2023-05-07 20:00	1913.0	1921.1	1869.2	1870.6	8
2023-05-08 00:00	1870.6	1883.6	1840.5	1864.9	8
2023-05-08 04:00	1864.9	1868.9	1838.4	1850.8	9
2023-05-08 08:00	1850.7	1864.5	1834.6	1861.9	11
2023-05-08 12:00	1861.9	1874.6	1847.0	1863.5	8
2023-05-08 16:00	1863.6	1865.7	1809.9	1827.1	8
2023-05-08 20:00	1827.1	1847.8	1825.9	1846.1	8
2023-05-09 00:00	1846.1	1854.9	1835.9	1842.2	8
2023-05-09 04:00	1842.2	1847.8	1829.4	1846.6	8
2023-05-09 08:00	1846.7	1847.5	1832.9	1844.9	8
2023-05-09 12:00	1845.0	1851.9	1833.3	1837.8	8
2023-05-09 16:00	1837.8	1855.9	1834.2	1850.2	8
2023-05-09 20:00	1850.3	1859.2	1839.5	1844.9	8
2023-05-10 00:00	1845.0	1856.4	1838.9	1841.8	8
2023-05-10 04:00	1841.8	1846.5	1832.7	1836.2	8
2023-05-10 08:00	1836.2	1849.0	1832.4	1848.6	8
2023-05-10 12:00	1848.7	1885.5	1845.6	1870.9	8
2023-05-10 16:00	1870.9	1878.1	1789.3	1847.8	14
2023-05-10 20:00	1847.7	1860.9	1825.8	1839.3	11
2023-05-11 00:00	1839.2	1840.2	1819.8	1825.7	11
2023-05-11 04:00	1825.6	1833.2	1823.1	1827.5	9
2023-05-11 08:00	1827.5	1827.6	1809.4	1818.7	10
2023-05-11 12:00	1818.8	1836.7	1784.2	1805.5	16
2023-05-11 16:00	1805.4	1808.1	1770.4	1782.3	13
2023-05-11 20:00	1782.3	1798.4	1780.3	1792.2	8
2023-05-12 00:00	1792.5	1798.9	1757.1	1760.8	8
2023-05-12 04:00	1760.8	1768.0	1737.5	1756.7	11
2023-05-12 08:00	1756.8	1769.8	1753.1	1762.6	8
2023-05-12 12:00	1762.7	1781.2	1759.2	1763.2	9
2023-05-12 16:00	1763.3	1790.8	1741.5	1788.3	8
2023-05-12 20:00	1788.1	1813.1	1779.2	1804.2	8
2023-05-13 00:00	1804.2	1813.1	1798.2	1802.9	8
2023-05-13 04:00	1803.0	1803.6	1793.7	1799.9	8
2023-05-13 08:00	1800.1	1808.1	1797.8	1800.5	8
2023-05-13 12:00	1800.6	1806.7	1783.8	1792.6	8
2023-05-13 16:00	1792.6	1803.0	1782.7	1789.8	8
2023-05-13 20:00	1789.8	1801.8	1789.5	1792.0	8
2023-05-14 00:00	1792.1	1801.8	1787.6	1800.4	8
2023-05-14 04:00	1800.6	1806.5	1797.4	1802.2	8
2023-05-14 08:00	1802.3	1803.7	1796.9	1799.0	8
2023-05-14 12:00	1799.1	1820.4	1794.1	1815.9	8
2023-05-14 16:00	1816.0	1818.5	1790.1	1794.4	8
2023-05-14 20:00	1794.1	1799.7	1789.1	1797.2	8
2023-05-15 00:00	1797.2	1832.5	1783.4	1823.6	8
2023-05-15 04:00	1823.7	1832.1	1817.9	1826.7	10
2023-05-15 08:00	1826.6	1833.2	1821.9	1822.1	8
2023-05-15 12:00	1822.1	1833.0	1811.7	1826.1	8
2023-05-15 16:00	1826.2	1844.4	1821.9	1826.6	8
2023-05-15 20:00	1826.6	1827.3	1811.2	1813.7	8
2023-05-16 00:00	1813.7	1820.2	1794.7	1811.2	8
2023-05-16 04:00	1811.3	1821.4	1804.0	1820.4	8
2023-05-16 08:00	1820.4	1825.1	1809.2	1814.1	8
2023-05-16 12:00	1814.2	1820.6	1808.1	1817.2	12
2023-05-16 16:00	1817.4	1829.7	1811.8	1814.0	10
2023-05-16 20:00	1814.0	1826.7	1812.4	1821.9	8
2023-05-17 00:00	1821.9	1834.1	1815.4	1821.2	8
2023-05-17 04:00	1821.4	1823.9	1802.8	1805.5	8
2023-05-17 08:00	1805.5	1805.7	1785.4	1787.1	9
2023-05-17 12:00	1787.0	1797.4	1782.4	1794.3	8
2023-05-17 16:00	1794.3	1830.7	1791.9	1824.9	8
2023-05-17 20:00	1825.0	1832.7	1816.7	1819.5	8
2023-05-18 00:00	1819.6	1824.8	1815.5	1823.7	8
2023-05-18 04:00	1823.8	1828.8	1812.4	1824.2	8
2023-05-18 08:00	1824.2	1826.9	1820.6	1822.6	8
2023-05-18 12:00	1822.7	1823.8	1804.0	1804.8	8
2023-05-18 16:00	1804.8	1809.7	1769.3	1792.9	8
2023-05-18 20:00	1792.5	1818.0	1791.4	1798.1	8
2023-05-19 00:00	1798.1	1804.7	1794.3	1798.6	8
2023-05-19 04:00	1798.7	1807.8	1796.3	1803.4	8
2023-05-19 08:00	1803.5	1809.1	1803.0	1805.0	8
2023-05-19 12:00	1805.1	1826.5	1798.4	1812.7	8
2023-05-19 16:00	1813.1	1820.2	1805.2	1808.8	8
2023-05-19 20:00	1808.8	1812.7	1807.3	1808.7	8
2023-05-20 00:00	1808.7	1810.1	1803.4	1810.1	8
2023-05-20 04:00	1810.2	1810.4	1805.0	1809.2	8
2023-05-20 08:00	1809.3	1813.7	1809.3	1811.0	8
2023-05-20 12:00	1811.1	1818.3	1810.2	1815.0	8
2023-05-20 16:00	1815.1	1826.6	1811.3	1819.0	8
2023-05-20 20:00	1819.1	1820.5	1809.9	1817.3	8
2023-05-21 00:00	1817.4	1826.4	1814.4	1815.6	8
2023-05-21 04:00	1815.7	1815.9	1811.0	1814.8	8
2023-05-21 08:00	1814.8	1814.8	1804.4	1806.9	8
2023-05-21 12:00	1806.9	1815.2	1801.7	1805.1	8
2023-05-21 16:00	1805.1	1808.2	1800.0	1807.5	8
2023-05-21 20:00	1807.6	1809.4	1794.9	1802.2	8
2023-05-22 00:00	1802.1	1804.3	1789.1	1798.0	10
2023-05-22 04:00	1798.1	1811.8	1797.7	1808.2	8
2023-05-22 08:00	1808.2	1817.3	1807.8	1811.1	8
2023-05-22 12:00	1811.2	1825.9	1806.0	1813.7	11
2023-05-22 16:00	1813.6	1820.8	1810.7	1813.3	9
2023-05-22 20:00	1813.5	1822.4	1810.3	1814.5	8
2023-05-23 00:00	1814.6	1869.0	1812.6	1862.8	11
2023-05-23 04:00	1862.7	1865.8	1845.0	1851.3	8
2023-05-23 08:00	1851.5	1855.0	1847.2	1852.3	8
2023-05-23 12:00	1852.4	1858.1	1840.3	1854.4	8
2023-05-23 16:00	1854.6	1855.0	1840.0	1849.3	8
2023-05-23 20:00	1849.4	1854.9	1844.4	1852.0	8
2023-05-24 00:00	1852.1	1852.2	1811.6	1819.5	8
2023-05-24 04:00	1819.4	1826.5	1811.6	1811.8	8
2023-05-24 08:00	1811.7	1818.8	1808.6	1813.7	8
2023-05-24 12:00	1813.6	1816.1	1776.7	1790.9	8
2023-05-24 16:00	1790.9	1795.8	1782.4	1790.3	8
2023-05-24 20:00	1790.4	1806.6	1789.2	1797.9	8
2023-05-25 00:00	1797.9	1804.0	1759.8	1778.3	8
2023-05-25 04:00	1778.4	1784.8	1771.6	1776.1	8
2023-05-25 08:00	1776.2	1789.1	1776.2	1787.4	8
2023-05-25 12:00	1787.5	1808.0	1786.0	1789.1	8
2023-05-25 16:00	1789.2	1815.3	1788.7	1806.9	8
2023-05-25 20:00	1807.0	1811.5	1803.4	1803.7	8
2023-05-26 00:00	1803.8	1806.8	1795.2	1805.5	8
2023-05-26 04:00	1805.6	1815.1	1800.1	1814.9	8
2023-05-26 08:00	1815.0	1816.1	1809.1	1810.6	8
2023-05-26 12:00	1810.6	1835.9	1807.9	1829.3	8
2023-05-26 16:00	1829.4	1835.6	1821.0	1834.5	8
2023-05-26 20:00	1834.6	1836.0	1822.8	1824.2	8
2023-05-27 00:00	1824.3	1832.8	1821.6	1830.7	8
2023-05-27 04:00	1830.8	1832.0	1825.9	1827.8	8
2023-05-27 08:00	1827.8	1828.0	1821.6	1824.8	8
2023-05-27 12:00	1824.8	1829.9	1811.6	1821.1	8
2023-05-27 16:00	1821.2	1827.0	1815.5	1823.9	8
2023-05-27 20:00	1824.0	1830.1	1822.9	1828.0	8
2023-05-28 00:00	1828.1	1857.5	1821.4	1848.6	8
2023-05-28 04:00	1848.6	1856.4	1842.8	1845.7	8
2023-05-28 08:00	1845.8	1848.7	1839.8	1841.5	8
2023-05-28 12:00	1841.6	1842.5	1835.4	1841.5	8
2023-05-28 16:00	1841.4	1855.8	1836.8	1846.5	10
2023-05-28 20:00	1846.4	1916.7	1846.3	1906.7	8
2023-05-29 00:00	1906.8	1925.4	1899.9	1902.0	8
2023-05-29 04:00	1902.1	1903.9	1891.3	1897.9	8
2023-05-29 08:00	1898.0	1903.4	1892.4	1901.5	8
2023-05-29 12:00	1901.4	1903.3	1884.5	1887.4	8
2023-05-29 16:00	1887.3	1893.1	1872.2	1889.5	8
2023-05-29 20:00	1889.4	1899.9	1884.7	1891.1	8
2023-05-30 00:00	1891.1	1909.8	1880.3	1899.1	8
2023-05-30 04:00	1899.0	1903.2	1890.9	1896.6	8
2023-05-30 08:00	1896.7	1915.1	1896.6	1914.3	8
2023-05-30 12:00	1914.1	1914.7	1892.2	1898.7	8
2023-05-30 16:00	1898.7	1910.0	1889.9	1905.8	8
2023-05-30 20:00	1905.8	1912.7	1895.7	1899.1	8
2023-05-31 00:00	1899.1	1905.6	1883.7	1895.9	8
2023-05-31 04:00	1896.0	1896.4	1856.5	1867.6	8
2023-05-31 08:00	1867.5	1871.0	1860.4	1863.4	8
2023-05-31 12:00	1863.3	1873.1	1846.7	1856.2	8
2023-05-31 16:00	1856.1	1867.6	1852.5	1861.6	8
2023-05-31 20:00	1861.6	1875.4	1859.4	1871.9	8
2023-06-01 00:00	1872.0	1886.6	1838.9	1853.5	8
2023-06-01 04:00	1853.4	1858.2	1849.3	1852.2	8
2023-06-01 08:00	1852.1	1863.6	1849.9	1859.4	8
2023-06-01 12:00	1859.3	1864.7	1853.8	1861.4	8
2023-06-01 16:00	1861.5	1879.5	1855.7	1867.4	8
2023-06-01 20:00	1867.6	1871.9	1851.7	1859.9	8
2023-06-02 00:00	1859.8	1878.2	1846.9	1876.6	8
2023-06-02 04:00	1876.7	1895.2	1873.6	1883.6	8
2023-06-02 08:00	1883.7	1898.2	1883.6	1893.0	8
2023-06-02 12:00	1893.1	1896.8	1875.2	1890.3	8
2023-06-02 16:00	1890.2	1908.5	1885.3	1906.4	8
2023-06-02 20:00	1906.3	1908.5	1898.6	1903.1	8
2023-06-03 00:00	1903.5	1905.3	1894.3	1896.0	8
2023-06-03 04:00	1895.8	1903.3	1893.8	1900.5	8
2023-06-03 08:00	1900.4	1904.7	1897.7	1901.7	8
2023-06-03 12:00	1901.8	1904.6	1890.0	1901.1	8
2023-06-03 16:00	1901.2	1901.5	1880.7	1884.3	8
2023-06-03 20:00	1884.3	1890.6	1880.1	1889.7	8
2023-06-04 00:00	1889.6	1892.5	1882.2	1892.0	8
2023-06-04 04:00	1891.9	1898.9	1887.9	1897.8	8
2023-06-04 08:00	1897.9	1905.9	1896.3	1900.7	8
2023-06-04 12:00	1900.4	1912.1	1897.6	1899.8	8
2023-06-04 16:00	1899.9	1903.5	1893.7	1902.5	8
2023-06-04 20:00	1902.6	1910.3	1882.8	1887.7	8
2023-06-05 00:00	1887.7	1888.5	1865.8	1867.8	8
2023-06-05 04:00	1867.6	1871.8	1860.6	1871.5	8
2023-06-05 08:00	1871.4	1871.8	1861.3	1867.8	8
2023-06-05 12:00	1867.7	1868.8	1819.0	1819.0	8
2023-06-05 16:00	1819.0	1820.8	1777.8	1804.4	8
2023-06-05 20:00	1804.4	1814.7	1793.6	1809.0	8
2023-06-06 00:00	1809.1	1812.1	1801.4	1810.4	8
2023-06-06 04:00	1810.4	1817.2	1809.2	1811.7	8
2023-06-06 08:00	1811.8	1820.6	1808.1	1811.6	8
2023-06-06 12:00	1811.7	1843.3	1796.5	1840.5	8
2023-06-06 16:00	1840.6	1895.6	1840.6	1890.1	8
2023-06-06 20:00	1890.0	1893.4	1872.2	1882.5	8
2023-06-07 00:00	1882.6	1894.9	1869.4	1875.9	8
2023-06-07 04:00	1875.9	1881.7	1872.6	1873.2	8
2023-06-07 08:00	1873.3	1875.4	1841.2	1868.5	8
2023-06-07 12:00	1868.6	1869.0	1834.1	1837.7	8
2023-06-07 16:00	1837.7	1850.6	1831.2	1848.3	8
2023-06-07 20:00	1848.4	1849.0	1819.8	1830.6	8
2023-06-08 00:00	1830.6	1839.6	1826.4	1833.4	8
2023-06-08 04:00	1833.4	1843.6	1830.9	1840.0	8
2023-06-08 08:00	1840.1	1845.9	1836.0	1841.9	8
2023-06-08 12:00	1842.0	1859.3	1836.7	1854.3	8
2023-06-08 16:00	1854.2	1854.8	1840.1	1845.8	8
2023-06-08 20:00	1845.8	1852.0	1843.2	1844.2	8
2023-06-09 00:00	1844.3	1847.5	1826.4	1836.4	8
2023-06-09 04:00	1836.4	1839.9	1829.6	1834.5	8
2023-06-09 08:00	1834.5	1845.5	1832.6	1842.2	8
2023-06-09 12:00	1842.3	1852.9	1837.8	1839.1	8
2023-06-09 16:00	1839.1	1840.7	1828.0	1828.9	8
2023-06-09 20:00	1828.9	1836.8	1825.9	1836.4	8
2023-06-10 00:00	1836.4	1840.8	1818.0	1823.3	8
2023-06-10 04:00	1823.3	1825.5	1725.8	1730.5	8
2023-06-10 08:00	1730.5	1748.0	1717.0	1746.4	8
2023-06-10 12:00	1746.4	1746.4	1731.6	1735.6	8
2023-06-10 16:00	1735.6	1771.0	1719.2	1742.4	10
2023-06-10 20:00	1742.5	1756.0	1736.7	1749.6	8
2023-06-11 00:00	1749.7	1750.6	1741.7	1749.8	8
2023-06-11 04:00	1749.9	1757.6	1742.3	1751.2	8
2023-06-11 08:00	1751.1	1753.8	1743.4	1750.4	8
2023-06-11 12:00	1750.3	1750.7	1738.1	1738.8	8
2023-06-11 16:00	1738.7	1766.4	1737.7	1760.4	9
2023-06-11 20:00	1760.5	1775.6	1740.5	1750.9	9
2023-06-12 00:00	1750.7	1753.5	1719.7	1733.8	8
2023-06-12 04:00	1733.7	1745.6	1731.1	1734.6	8
2023-06-12 08:00	1734.4	1756.7	1732.4	1743.6	8
2023-06-12 12:00	1743.7	1744.9	1727.8	1729.4	8
2023-06-12 16:00	1729.5	1744.3	1719.5	1730.9	8
2023-06-12 20:00	1730.9	1743.9	1728.0	1740.2	8
2023-06-13 00:00	1740.3	1753.2	1725.8	1744.6	10
2023-06-13 04:00	1744.6	1750.3	1738.8	1745.7	8
2023-06-13 08:00	1745.7	1756.0	1743.5	1750.7	9
2023-06-13 12:00	1750.7	1763.2	1722.8	1727.3	10
2023-06-13 16:00	1727.1	1747.3	1726.4	1737.7	8
2023-06-13 20:00	1737.7	1741.8	1731.0	1737.5	8
2023-06-14 00:00	1737.5	1745.2	1735.7	1743.6	8
2023-06-14 04:00	1743.8	1744.3	1734.6	1739.1	8
2023-06-14 08:00	1739.2	1747.6	1738.3	1743.7	8
2023-06-14 12:00	1743.7	1746.4	1734.8	1738.3	8
2023-06-14 16:00	1738.3	1743.8	1719.0	1725.9	9
2023-06-14 20:00	1725.9	1726.2	1628.9	1648.9	8
2023-06-15 00:00	1648.9	1653.3	1641.4	1649.3	8
2023-06-15 04:00	1649.3	1650.4	1627.2	1633.6	8
2023-06-15 08:00	1633.7	1639.0	1621.4	1637.3	8
2023-06-15 12:00	1637.4	1645.7	1630.2	1638.0	8
2023-06-15 16:00	1638.0	1668.0	1630.3	1665.1	8
2023-06-15 20:00	1665.2	1676.4	1650.8	1663.1	8
2023-06-16 00:00	1663.1	1665.8	1656.4	1663.4	8
2023-06-16 04:00	1663.4	1671.3	1662.5	1667.1	8
2023-06-16 08:00	1667.1	1673.1	1659.6	1660.3	8
2023-06-16 12:00	1660.3	1681.2	1649.1	1677.6	8
2023-06-16 16:00	1677.8	1725.1	1673.5	1718.6	8
2023-06-16 20:00	1718.7	1725.0	1710.4	1712.7	8
2023-06-17 00:00	1713.0	1716.8	1709.2	1713.9	8
2023-06-17 04:00	1713.9	1764.7	1712.3	1741.4	8
2023-06-17 08:00	1741.4	1743.8	1733.0	1735.5	8
2023-06-17 12:00	1735.5	1739.2	1718.9	1725.1	8
2023-06-17 16:00	1725.1	1729.4	1718.9	1725.3	8
2023-06-17 20:00	1725.7	1729.6	1720.1	1725.1	8
2023-06-18 00:00	1725.1	1727.3	1717.6	1726.3	8
2023-06-18 04:00	1726.3	1735.1	1720.5	1727.3	8
2023-06-18 08:00	1727.5	1732.2	1723.8	1732.0	8
2023-06-18 12:00	1732.1	1739.4	1727.5	1735.6	8
2023-06-18 16:00	1735.6	1745.2	1733.4	1738.2	8
2023-06-18 20:00	1738.1	1740.1	1711.7	1718.3	9
2023-06-19 00:00	1718.4	1725.5	1712.0	1721.0	8
2023-06-19 04:00	1721.0	1724.9	1717.5	1721.8	8
2023-06-19 08:00	1721.7	1724.3	1717.4	1722.9	8
2023-06-19 12:00	1723.0	1731.3	1713.5	1718.6	8
2023-06-19 16:00	1718.6	1748.1	1699.6	1721.6	8
2023-06-19 20:00	1721.8	1735.5	1719.9	1734.4	8
2023-06-20 00:00	1734.5	1746.7	1727.6	1728.2	8
2023-06-20 04:00	1728.2	1731.4	1720.8	1727.2	8
2023-06-20 08:00	1727.2	1731.3	1720.8	1731.0	8
2023-06-20 12:00	1731.2	1735.1	1712.3	1730.2	8
2023-06-20 16:00	1730.3	1789.2	1725.9	1779.8	8
2023-06-20 20:00	1779.8	1793.9	1773.2	1790.7	8
2023-06-21 00:00	1790.8	1824.2	1785.8	1809.0	8
2023-06-21 04:00	1809.1	1821.1	1805.8	1810.6	8
2023-06-21 08:00	1810.6	1830.3	1805.1	1827.7	8
2023-06-21 12:00	1827.6	1855.3	1813.2	1848.0	8
2023-06-21 16:00	1848.1	1897.4	1844.6	1880.5	9
2023-06-21 20:00	1880.7	1898.3	1870.5	1887.3	8
2023-06-22 00:00	1887.2	1930.7	1881.6	1915.9	9
2023-06-22 04:00	1915.9	1917.1	1900.4	1908.1	8
2023-06-22 08:00	1908.0	1910.0	1879.9	1884.3	9
2023-06-22 12:00	1884.3	1907.4	1864.6	1875.6	10
2023-06-22 16:00	1875.6	1890.7	1873.7	1888.0	8
2023-06-22 20:00	1888.1	1889.8	1865.8	1870.2	8
2023-06-23 00:00	1869.9	1881.6	1862.4	1879.9	8
2023-06-23 04:00	1880.0	1884.3	1873.2	1879.7	8
2023-06-23 08:00	1879.7	1886.6	1873.3	1877.9	8
2023-06-23 12:00	1878.0	1920.1	1861.3	1915.5	8
2023-06-23 16:00	1915.4	1933.8	1887.2	1899.4	9
2023-06-23 20:00	1899.4	1906.6	1873.1	1889.6	8
2023-06-24 00:00	1889.6	1893.6	1875.6	1891.0	8
2023-06-24 04:00	1891.1	1894.8	1879.3	1879.8	8
2023-06-24 08:00	1879.8	1889.8	1879.5	1887.1	8
2023-06-24 12:00	1887.1	1902.8	1866.7	1871.1	8
2023-06-24 16:00	1871.1	1885.9	1864.7	1884.8	8
2023-06-24 20:00	1884.8	1884.8	1863.8	1873.5	8
2023-06-25 00:00	1873.6	1894.8	1867.7	1893.3	8
2023-06-25 04:00	1893.4	1927.4	1893.4	1910.0	8
2023-06-25 08:00	1909.9	1922.3	1906.1	1916.1	8
2023-06-25 12:00	1916.1	1917.3	1879.6	1884.4	13
2023-06-25 16:00	1884.3	1893.3	1879.5	1892.8	10
2023-06-25 20:00	1892.6	1903.6	1886.3	1896.8	8
2023-06-26 00:00	1897.0	1902.6	1864.8	1878.3	11
2023-06-26 04:00	1878.4	1901.8	1869.2	1890.4	8
2023-06-26 08:00	1890.5	1891.7	1870.5	1878.5	8
2023-06-26 12:00	1878.7	1906.3	1869.9	1887.1	8
2023-06-26 16:00	1887.1	1888.4	1835.2	1851.8	11
2023-06-26 20:00	1851.9	1858.0	1844.6	1856.8	8
2023-06-27 00:00	1856.8	1876.7	1852.7	1869.7	8
2023-06-27 04:00	1869.8	1876.8	1859.5	1873.1	8
2023-06-27 08:00	1873.3	1887.5	1869.2	1879.2	8
2023-06-27 12:00	1879.3	1894.4	1864.1	1869.2	8
2023-06-27 16:00	1869.2	1909.8	1867.5	1892.3	8
2023-06-27 20:00	1892.3	1895.5	1883.4	1887.4	8
2023-06-28 00:00	1887.5	1888.0	1853.1	1864.4	8
2023-06-28 04:00	1864.4	1869.5	1848.2	1850.2	8
2023-06-28 08:00	1850.1	1862.7	1849.4	1858.9	8
2023-06-28 12:00	1858.9	1865.6	1844.2	1857.6	8
2023-06-28 16:00	1857.6	1862.9	1816.1	1829.9	9
2023-06-28 20:00	1829.8	1833.7	1822.7	1825.1	9
2023-06-29 00:00	1825.0	1840.0	1824.9	1835.0	8
2023-06-29 04:00	1835.2	1847.1	1833.6	1844.3	8
2023-06-29 08:00	1844.6	1869.9	1844.2	1866.8	10
2023-06-29 12:00	1866.8	1877.0	1844.5	1849.1	9
2023-06-29 16:00	1849.1	1857.5	1839.3	1855.1	9
2023-06-29 20:00	1855.2	1857.0	1840.5	1849.7	8
2023-06-30 00:00	1849.7	1876.0	1839.5	1870.4	8
2023-06-30 04:00	1870.5	1904.8	1867.2	1885.3	10
2023-06-30 08:00	1885.6	1891.7	1881.1	1888.5	8
2023-06-30 12:00	1888.7	1910.8	1823.4	1849.2	12
2023-06-30 16:00	1849.4	1943.9	1846.3	1924.4	16
2023-06-30 20:00	1924.3	1939.4	1913.9	1929.2	8
2023-07-01 00:00	1929.5	1940.0	1912.5	1915.1	9
2023-07-01 04:00	1915.0	1918.0	1904.6	1917.4	8
2023-07-01 08:00	1917.3	1924.2	1909.4	1920.1	8
2023-07-01 12:00	1920.2	1927.0	1915.7	1920.2	8
2023-07-01 16:00	1920.3	1921.3	1914.0	1920.8	8
2023-07-01 20:00	1920.7	1924.5	1918.3	1921.9	8
2023-07-02 00:00	1922.0	1923.9	1909.0	1911.7	8
2023-07-02 04:00	1911.6	1914.5	1908.1	1912.5	8
2023-07-02 08:00	1912.5	1919.7	1910.3	1917.6	8
2023-07-02 12:00	1917.7	1925.0	1884.9	1916.7	10
2023-07-02 16:00	1916.6	1921.3	1899.8	1911.6	9
2023-07-02 20:00	1911.7	1956.7	1908.9	1934.9	9
2023-07-03 00:00	1934.8	1950.9	1931.7	1946.5	8
2023-07-03 04:00	1946.4	1970.9	1939.8	1965.1	9
2023-07-03 08:00	1965.2	1973.3	1952.1	1959.9	8
2023-07-03 12:00	1959.9	1974.3	1951.8	1966.0	8
2023-07-03 16:00	1966.1	1972.8	1953.1	1966.1	8
2023-07-03 20:00	1966.1	1966.1	1946.5	1953.2	8
2023-07-04 00:00	1953.2	1964.4	1948.6	1961.1	8
2023-07-04 04:00	1961.1	1961.1	1945.3	1947.0	8
2023-07-04 08:00	1947.0	1959.5	1945.2	1958.4	8
2023-07-04 12:00	1958.6	1959.4	1948.9	1951.9	8
2023-07-04 16:00	1952.0	1963.1	1929.3	1932.1	8
2023-07-04 20:00	1932.1	1940.1	1930.3	1933.8	8
2023-07-05 00:00	1933.9	1940.1	1931.7	1939.0	8
2023-07-05 04:00	1939.4	1939.4	1930.3	1934.0	8
2023-07-05 08:00	1934.1	1934.7	1904.2	1907.5	13
2023-07-05 12:00	1907.4	1911.4	1893.0	1900.7	10
2023-07-05 16:00	1900.7	1915.5	1899.0	1905.4	8
2023-07-05 20:00	1905.5	1913.2	1903.4	1908.6	8
2023-07-06 00:00	1908.6	1912.8	1896.8	1911.0	8
2023-07-06 04:00	1911.1	1927.8	1907.2	1923.0	8
2023-07-06 08:00	1922.6	1955.3	1909.6	1915.2	8
2023-07-06 12:00	1915.3	1916.6	1863.7	1887.1	13
2023-07-06 16:00	1886.6	1891.6	1876.3	1882.9	8
2023-07-06 20:00	1882.8	1885.0	1844.0	1844.0	10
2023-07-07 00:00	1844.0	1857.1	1824.1	1855.7	9
2023-07-07 04:00	1855.7	1861.0	1849.3	1853.7	8
2023-07-07 08:00	1853.6	1863.1	1851.5	1857.8	8
2023-07-07 12:00	1858.0	1875.4	1850.1	1870.6	12
2023-07-07 16:00	1870.1	1872.8	1855.4	1861.9	8
2023-07-07 20:00	1861.9	1867.6	1860.8	1866.9	8
2023-07-08 00:00	1867.1	1869.0	1858.9	1859.6	8
2023-07-08 04:00	1859.6	1859.6	1853.2	1858.0	8
2023-07-08 08:00	1858.0	1863.8	1853.3	1855.0	8
2023-07-08 12:00	1855.0	1858.2	1853.2	1855.4	8
2023-07-08 16:00	1855.4	1862.4	1840.3	1842.6	8
2023-07-08 20:00	1842.5	1864.0	1838.3	1863.2	8
2023-07-09 00:00	1863.3	1872.2	1860.7	1865.8	8
2023-07-09 04:00	1865.7	1868.6	1862.1	1865.1	8
2023-07-09 08:00	1865.3	1867.9	1862.8	1867.1	8
2023-07-09 12:00	1867.2	1876.7	1854.9	1864.3	10
2023-07-09 16:00	1864.1	1866.4	1858.1	1866.2	8
2023-07-09 20:00	1866.2	1869.5	1853.5	1860.9	8
2023-07-10 00:00	1861.0	1865.5	1844.8	1859.5	8
2023-07-10 04:00	1859.7	1860.9	1850.4	1853.8	8
2023-07-10 08:00	1853.8	1862.9	1848.1	1861.7	8
2023-07-10 12:00	1861.8	1871.2	1858.1	1868.8	8
2023-07-10 16:00	1868.9	1899.0	1863.1	1897.4	8
2023-07-10 20:00	1897.4	1903.2	1864.6	1878.3	8
2023-07-11 00:00	1878.4	1882.5	1874.2	1877.8	8
2023-07-11 04:00	1877.8	1888.6	1874.8	1880.9	8
2023-07-11 08:00	1880.9	1881.6	1862.7	1865.8	8
2023-07-11 12:00	1865.8	1880.2	1860.3	1869.4	8
2023-07-11 16:00	1869.4	1874.2	1863.8	1872.5	8
2023-07-11 20:00	1872.7	1877.8	1869.8	1876.1	8
2023-07-12 00:00	1876.2	1886.2	1874.3	1877.9	8
2023-07-12 04:00	1878.0	1892.9	1876.5	1888.0	8
2023-07-12 08:00	1888.4	1889.5	1884.1	1888.4	8
2023-07-12 12:00	1888.4	1899.8	1876.9	1881.3	8
2023-07-12 16:00	1881.3	1889.2	1864.6	1867.2	8
2023-07-12 20:00	1867.1	1871.3	1863.1	1869.2	8
2023-07-13 00:00	1869.0	1873.7	1863.4	1864.8	8
2023-07-13 04:00	1864.9	1871.9	1860.7	1867.6	8
2023-07-13 08:00	1867.5	1882.9	1866.3	1881.5	8
2023-07-13 12:00	1881.4	1942.4	1874.3	1930.6	11
2023-07-13 16:00	1930.7	2011.3	1930.4	1994.4	24
2023-07-13 20:00	1994.2	2007.8	1970.0	2003.5	10
2023-07-14 00:00	2003.6	2026.6	2001.7	2007.8	8
2023-07-14 04:00	2007.9	2010.7	1985.4	1989.4	8
2023-07-14 08:00	1989.6	2001.8	1983.1	1990.9	8
2023-07-14 12:00	1990.9	2005.4	1983.3	1996.6	8
2023-07-14 16:00	1996.6	1999.1	1897.5	1912.0	9
2023-07-14 20:00	1912.0	1935.1	1898.3	1934.7	8
2023-07-15 00:00	1934.6	1935.1	1922.6	1926.8	8
2023-07-15 04:00	1926.7	1941.3	1923.3	1939.9	8
2023-07-15 08:00	1940.0	1944.6	1934.8	1938.1	8
2023-07-15 12:00	1938.1	1939.4	1928.1	1933.0	8
2023-07-15 16:00	1933.1	1937.0	1927.6	1931.9	8
2023-07-15 20:00	1931.8	1931.9	1924.3	1929.3	8
2023-07-16 00:00	1929.2	1935.7	1912.8	1921.2	9
2023-07-16 04:00	1921.1	1929.7	1919.1	1923.8	8
2023-07-16 08:00	1923.7	1934.4	1923.7	1931.3	8
2023-07-16 12:00	1931.3	1941.4	1927.3	1935.4	8
2023-07-16 16:00	1935.5	1937.8	1924.4	1926.3	8
2023-07-16 20:00	1926.3	1935.3	1915.5	1920.7	9
2023-07-17 00:00	1920.6	1930.4	1915.9	1929.2	8
2023-07-17 04:00	1929.1	1934.3	1925.2	1926.8	8
2023-07-17 08:00	1926.9	1929.3	1890.7	1908.0	8
2023-07-17 12:00	1908.0	1915.4	1898.7	1906.6	8
2023-07-17 16:00	1906.6	1910.9	1872.0	1885.3	8
2023-07-17 20:00	1884.9	1918.2	1884.4	1909.2	8
2023-07-18 00:00	1909.3	1914.8	1904.6	1906.9	8
2023-07-18 04:00	1907.0	1909.9	1892.1	1895.3	8
2023-07-18 08:00	1896.5	1907.1	1889.5	1891.9	8
2023-07-18 12:00	1891.9	1901.1	1883.7	1894.4	8
2023-07-18 16:00	1894.4	1901.3	1875.2	1890.0	8
2023-07-18 20:00	1889.9	1900.3	1888.5	1895.2	8
2023-07-19 00:00	1895.3	1913.0	1893.6	1910.2	8
2023-07-19 04:00	1910.3	1915.9	1905.1	1906.5	8
2023-07-19 08:00	1906.5	1909.6	1900.1	1907.5	8
2023-07-19 12:00	1907.5	1919.2	1892.4	1903.8	8
2023-07-19 16:00	1903.8	1914.9	1898.6	1907.5	8
2023-07-19 20:00	1907.6	1907.8	1880.4	1886.4	8
2023-07-20 00:00	1886.4	1897.8	1881.3	1891.9	8
2023-07-20 04:00	1892.2	1912.0	1891.1	1910.1	8
2023-07-20 08:00	1910.3	1926.4	1909.3	1918.8	8
2023-07-20 12:00	1919.1	1920.6	1882.4	1885.7	8
2023-07-20 16:00	1885.7	1891.0	1875.8	1885.0	8
2023-07-20 20:00	1885.4	1895.8	1880.1	1889.2	8
2023-07-21 00:00	1889.3	1899.0	1885.0	1894.6	8
2023-07-21 04:00	1894.7	1894.9	1885.7	1886.8	8
2023-07-21 08:00	1886.9	1891.9	1882.6	1886.8	8
2023-07-21 12:00	1886.9	1893.9	1883.7	1888.9	8
2023-07-21 16:00	1888.9	1902.8	1883.1	1892.7	8
2023-07-21 20:00	1892.7	1893.5	1886.6	1887.8	8
2023-07-22 00:00	1887.9	1893.3	1887.4	1888.7	8
2023-07-22 04:00	1888.8	1891.8	1886.3	1887.7	8
2023-07-22 08:00	1887.8	1890.6	1880.2	1884.2	8
2023-07-22 12:00	1884.2	1886.4	1881.2	1884.8	8
2023-07-22 16:00	1884.9	1886.8	1878.1	1883.4	8
2023-07-22 20:00	1883.4	1886.5	1850.3	1864.1	9
2023-07-23 00:00	1864.2	1871.0	1856.3	1867.2	8
2023-07-23 04:00	1867.1	1876.8	1867.1	1872.9	8
2023-07-23 08:00	1873.0	1876.2	1870.6	1873.2	8
2023-07-23 12:00	1873.2	1874.1	1869.8	1872.0	8
2023-07-23 16:00	1872.0	1902.2	1871.6	1886.5	8
2023-07-23 20:00	1886.6	1891.3	1873.3	1886.2	8
2023-07-24 00:00	1886.2	1888.2	1864.7	1865.7	8
2023-07-24 04:00	1865.7	1875.0	1861.1	1872.7	8
2023-07-24 08:00	1872.7	1872.7	1831.6	1849.6	10
2023-07-24 12:00	1849.7	1851.1	1831.1	1839.4	10
2023-07-24 16:00	1839.3	1847.6	1836.0	1846.1	8
2023-07-24 20:00	1846.2	1848.5	1842.3	1846.7	8
2023-07-25 00:00	1846.8	1853.1	1841.8	1847.8	8
2023-07-25 04:00	1847.9	1850.2	1843.3	1847.4	8
2023-07-25 08:00	1847.5	1859.5	1845.9	1850.3	8
2023-07-25 12:00	1850.2	1864.8	1848.9	1854.8	8
2023-07-25 16:00	1854.7	1862.9	1849.9	1853.9	8
2023-07-25 20:00	1853.8	1861.4	1853.0	1854.7	8
2023-07-26 00:00	1854.6	1863.3	1848.7	1855.4	8
2023-07-26 04:00	1855.3	1857.5	1848.6	1850.1	8
2023-07-26 08:00	1850.2	1852.9	1845.6	1847.7	8
2023-07-26 12:00	1847.6	1858.2	1846.9	1857.5	8
2023-07-26 16:00	1857.4	1879.5	1852.7	1870.4	8
2023-07-26 20:00	1870.5	1884.5	1864.5	1868.9	8
2023-07-27 00:00	1869.0	1876.1	1864.6	1872.3	8
2023-07-27 04:00	1873.1	1878.8	1866.8	1868.7	8
2023-07-27 08:00	1868.6	1882.9	1866.8	1873.6	8
2023-07-27 12:00	1873.5	1875.7	1861.4	1865.5	8
2023-07-27 16:00	1865.6	1866.1	1852.5	1857.5	8
2023-07-27 20:00	1857.6	1858.8	1851.9	1857.9	8
2023-07-28 00:00	1857.8	1861.7	1856.9	1859.7	8
2023-07-28 04:00	1859.8	1861.5	1854.0	1855.8	8
2023-07-28 08:00	1855.7	1865.5	1855.6	1863.8	8
2023-07-28 12:00	1863.3	1879.6	1863.3	1872.1	8
2023-07-28 16:00	1872.0	1876.4	1863.6	1871.2	8
2023-07-28 20:00	1871.1	1874.2	1869.5	1869.7	8
2023-07-29 00:00	1869.6	1872.7	1868.6	1869.0	8
2023-07-29 04:00	1869.1	1873.0	1867.0	1867.9	8
2023-07-29 08:00	1867.9	1869.5	1865.5	1867.9	3
2023-07-30 04:00	1875.6	1876.7	1869.4	1872.4	8
2023-07-30 08:00	1872.5	1874.0	1868.6	1872.6	8
2023-07-30 12:00	1872.7	1879.7	1869.4	1878.8	7
2023-07-30 16:00	1873.1	1876.2	1856.1	1859.0	3
2023-07-30 20:00	1858.8	1862.7	1846.9	1858.6	9
2023-07-31 00:00	1858.5	1873.6	1857.8	1865.9	8
2023-07-31 04:00	1866.0	1866.9	1859.7	1862.0	8
2023-07-31 08:00	1861.9	1866.4	1861.2	1864.3	8
2023-07-31 12:00	1864.4	1869.8	1853.4	1854.7	8
2023-07-31 16:00	1854.7	1859.4	1851.5	1853.0	8
2023-07-31 20:00	1853.1	1857.1	1848.5	1852.9	9
2023-08-01 00:00	1852.8	1861.6	1814.5	1822.9	8
2023-08-01 04:00	1822.8	1832.6	1818.2	1830.7	8
2023-08-01 08:00	1830.8	1833.6	1826.5	1826.7	8
2023-08-01 12:00	1826.8	1832.4	1812.6	1830.3	8
2023-08-01 16:00	1830.2	1852.8	1825.6	1846.9	8
2023-08-01 20:00	1847.0	1871.6	1843.1	1869.7	8
2023-08-02 00:00	1869.7	1875.5	1859.3	1859.4	8
2023-08-02 04:00	1859.4	1860.9	1852.1	1852.8	8
2023-08-02 08:00	1852.8	1857.4	1849.7	1856.2	8
2023-08-02 12:00	1856.2	1857.3	1830.8	1838.3	8
2023-08-02 16:00	1838.3	1843.2	1817.9	1837.8	8
2023-08-02 20:00	1837.7	1841.7	1833.9	1836.3	8
2023-08-03 00:00	1836.3	1842.1	1833.5	1836.7	8
2023-08-03 04:00	1836.7	1836.8	1827.9	1827.9	8
2023-08-03 08:00	1827.9	1833.9	1822.8	1832.8	8
2023-08-03 12:00	1832.9	1845.1	1829.2	1836.4	8
2023-08-03 16:00	1836.4	1854.3	1834.7	1841.0	8
2023-08-03 20:00	1840.9	1849.0	1826.7	1831.4	8
2023-08-04 00:00	1831.4	1835.2	1826.3	1830.1	8
2023-08-04 04:00	1830.0	1834.4	1827.0	1834.3	8
2023-08-04 08:00	1834.2	1836.0	1829.2	1830.2	8
2023-08-04 12:00	1830.2	1846.7	1827.5	1843.0	8
2023-08-04 16:00	1843.2	1844.2	1823.5	1826.4	8
2023-08-04 20:00	1826.4	1829.1	1813.0	1823.2	8
2023-08-05 00:00	1823.2	1826.6	1820.3	1825.6	8
2023-08-05 04:00	1825.6	1827.3	1821.9	1825.9	8
2023-08-05 08:00	1825.9	1830.2	1823.5	1828.9	8
2023-08-05 12:00	1828.9	1832.5	1824.5	1828.8	8
2023-08-05 16:00	1828.8	1834.3	1824.7	1830.9	8
2023-08-05 20:00	1830.9	1833.9	1828.4	1832.1	8
2023-08-06 00:00	1832.1	1833.7	1827.6	1829.2	8
2023-08-06 04:00	1829.2	1832.1	1827.2	1830.3	8
2023-08-06 08:00	1830.5	1832.7	1823.8	1827.5	8
2023-08-06 12:00	1827.5	1828.1	1821.2	1824.0	8
2023-08-06 16:00	1823.8	1830.8	1822.8	1826.9	8
2023-08-06 20:00	1827.0	1831.3	1823.0	1824.9	8
2023-08-07 00:00	1825.1	1841.1	1821.8	1833.0	8
2023-08-07 04:00	1833.0	1836.6	1826.8	1831.2	8
2023-08-07 08:00	1831.2	1831.4	1826.7	1828.6	8
2023-08-07 12:00	1828.5	1831.2	1809.6	1813.2	8
2023-08-07 16:00	1813.1	1826.1	1797.8	1820.2	8
2023-08-07 20:00	1820.3	1825.5	1818.2	1823.7	8
2023-08-08 00:00	1824.2	1829.9	1821.2	1824.9	8
2023-08-08 04:00	1825.0	1833.5	1824.4	1825.4	8
2023-08-08 08:00	1825.3	1833.8	1824.9	1833.8	8
2023-08-08 12:00	1833.7	1843.8	1830.0	1839.1	8
2023-08-08 16:00	1839.2	1867.5	1838.8	1855.6	8
2023-08-08 20:00	1855.7	1872.5	1851.3	1852.6	8
2023-08-09 00:00	1852.7	1857.3	1849.5	1851.2	8
2023-08-09 04:00	1851.1	1859.3	1849.9	1857.8	8
2023-08-09 08:00	1857.6	1862.0	1854.1	1859.3	8
2023-08-09 12:00	1859.2	1867.7	1847.0	1848.9	8
2023-08-09 16:00	1849.0	1850.7	1842.0	1843.9	8
2023-08-09 20:00	1844.0	1854.5	1843.2	1851.2	8
2023-08-10 00:00	1851.1	1853.5	1848.1	1848.4	8
2023-08-10 04:00	1848.6	1850.9	1845.2	1846.4	8
2023-08-10 08:00	1846.3	1850.0	1845.3	1846.3	8
2023-08-10 12:00	1846.1	1861.2	1843.8	1849.0	8
2023-08-10 16:00	1848.9	1849.3	1842.2	1844.8	8
2023-08-10 20:00	1844.9	1848.4	1844.0	1847.6	8
2023-08-11 00:00	1847.6	1850.1	1840.3	1841.5	8
2023-08-11 04:00	1841.6	1845.9	1841.2	1844.2	8
2023-08-11 08:00	1844.3	1846.9	1840.5	1846.7	8
2023-08-11 12:00	1846.7	1852.4	1839.3	1840.9	8
2023-08-11 16:00	1841.0	1844.1	1834.2	1839.6	8
2023-08-11 20:00	1839.6	1845.1	1837.8	1842.8	8
2023-08-12 00:00	1842.8	1847.8	1841.9	1842.2	8
2023-08-12 04:00	1842.2	1846.9	1841.3	1845.9	8
2023-08-12 08:00	1845.9	1847.0	1842.9	1846.3	8
2023-08-12 12:00	1846.3	1849.8	1845.5	1847.1	8
2023-08-12 16:00	1847.2	1849.2	1842.5	1844.0	8
2023-08-12 20:00	1844.0	1846.4	1841.9	1844.8	8
2023-08-13 00:00	1846.1	1848.2	1844.0	1844.6	8
2023-08-13 04:00	1846.0	1846.2	1842.9	1846.2	8
2023-08-13 08:00	1846.2	1847.6	1843.9	1845.8	8
2023-08-13 12:00	1845.8	1848.1	1842.2	1842.4	8
2023-08-13 16:00	1844.5	1858.0	1841.1	1854.7	8
2023-08-13 20:00	1854.7	1856.3	1830.7	1836.8	8
2023-08-14 00:00	1836.8	1844.7	1831.4	1842.1	8
2023-08-14 04:00	1842.1	1847.1	1842.1	1844.8	8
2023-08-14 08:00	1844.8	1847.1	1841.2	1842.9	8
2023-08-14 12:00	1842.9	1851.2	1839.3	1848.5	8
2023-08-14 16:00	1848.5	1850.8	1836.1	1837.6	8
2023-08-14 20:00	1837.6	1842.0	1836.3	1841.0	8
2023-08-15 00:00	1841.0	1842.8	1838.6	1839.7	8
2023-08-15 04:00	1839.7	1839.8	1836.0	1838.7	8
2023-08-15 08:00	1838.7	1839.9	1835.0	1835.7	8
2023-08-15 12:00	1835.7	1840.6	1833.6	1835.5	8
2023-08-15 16:00	1835.6	1837.5	1810.9	1823.0	8
2023-08-15 20:00	1823.0	1827.0	1820.1	1824.1	8
2023-08-16 00:00	1824.0	1826.3	1823.1	1823.8	8
2023-08-16 04:00	1823.9	1824.1	1815.0	1822.3	8
2023-08-16 08:00	1822.2	1822.5	1815.2	1820.2	8
2023-08-16 12:00	1820.1	1823.0	1814.1	1815.6	8
2023-08-16 16:00	1815.5	1824.1	1811.3	1816.0	8
2023-08-16 20:00	1815.9	1818.0	1794.6	1802.8	8
2023-08-17 00:00	1802.7	1807.1	1780.0	1793.7	8
2023-08-17 04:00	1793.7	1798.2	1792.5	1794.9	8
2023-08-17 08:00	1794.8	1795.1	1780.2	1783.5	8
2023-08-17 12:00	1783.5	1788.0	1725.2	1735.0	8
2023-08-17 16:00	1735.1	1744.1	1721.8	1733.4	8
2023-08-17 20:00	1733.5	1734.6	1548.1	1678.5	9
2023-08-18 00:00	1678.4	1696.2	1669.8	1673.7	8
2023-08-18 04:00	1673.8	1693.4	1660.8	1687.0	8
2023-08-18 08:00	1687.0	1693.6	1675.3	1682.5	8
2023-08-18 12:00	1682.6	1683.6	1650.9	1656.6	8
2023-08-18 16:00	1656.7	1674.1	1640.3	1653.5	8
2023-08-18 20:00	1653.6	1665.0	1652.3	1657.1	8
2023-08-19 00:00	1656.9	1666.9	1651.4	1654.7	8
2023-08-19 04:00	1654.6	1658.8	1649.7	1657.4	8
2023-08-19 08:00	1657.5	1662.1	1655.3	1656.7	8
2023-08-19 12:00	1656.8	1680.5	1654.7	1679.9	8
2023-08-19 16:00	1680.0	1692.5	1671.5	1674.2	8
2023-08-19 20:00	1674.2	1675.3	1660.5	1666.4	8
2023-08-20 00:00	1666.5	1672.0	1661.8	1665.2	8
2023-08-20 04:00	1665.2	1666.8	1658.5	1662.7	8
2023-08-20 08:00	1662.7	1672.6	1660.2	1671.6	8
2023-08-20 12:00	1671.9	1676.1	1661.2	1667.6	8
2023-08-20 16:00	1667.7	1676.5	1662.8	1675.3	8
2023-08-20 20:00	1675.4	1691.1	1675.1	1682.3	8
2023-08-21 00:00	1682.4	1682.6	1672.3	1674.4	8
2023-08-21 04:00	1674.4	1684.5	1666.8	1668.4	8
2023-08-21 08:00	1668.4	1671.6	1659.4	1669.5	8
2023-08-21 12:00	1669.6	1680.2	1647.9	1654.4	8
2023-08-21 16:00	1654.4	1672.1	1653.5	1669.1	8
2023-08-21 20:00	1669.2	1673.6	1663.2	1664.5	8
2023-08-22 00:00	1664.6	1666.2	1658.5	1660.9	8
2023-08-22 04:00	1660.9	1663.5	1657.8	1663.2	8
2023-08-22 08:00	1663.3	1664.2	1657.5	1659.2	8
2023-08-22 12:00	1659.2	1663.9	1644.1	1646.4	8
2023-08-22 16:00	1646.3	1647.4	1617.0	1621.9	8
2023-08-22 20:00	1622.0	1635.3	1578.8	1631.3	8
2023-08-23 00:00	1631.4	1638.0	1625.9	1628.3	8
2023-08-23 04:00	1628.4	1653.1	1627.0	1641.8	8
2023-08-23 08:00	1641.7	1645.4	1636.6	1638.9	8
2023-08-23 12:00	1639.0	1656.1	1631.3	1653.7	8
2023-08-23 16:00	1653.8	1697.4	1652.6	1683.9	8
2023-08-23 20:00	1683.6	1689.2	1657.3	1676.2	8
2023-08-24 00:00	1676.1	1680.0	1669.4	1672.1	8
2023-08-24 04:00	1672.2	1675.7	1669.4	1671.5	8
2023-08-24 08:00	1671.6	1674.4	1662.7	1664.0	8
2023-08-24 12:00	1663.9	1666.2	1638.2	1639.4	8
2023-08-24 16:00	1639.5	1652.3	1635.0	1645.8	8
2023-08-24 20:00	1645.9	1660.8	1640.2	1657.5	8
2023-08-25 00:00	1657.6	1660.6	1644.8	1651.9	8
2023-08-25 04:00	1651.9	1652.5	1643.5	1647.6	8
2023-08-25 08:00	1647.5	1655.2	1647.4	1650.6	8
2023-08-25 12:00	1650.7	1671.8	1632.2	1642.7	8
2023-08-25 16:00	1642.7	1651.6	1632.2	1643.3	8
2023-08-25 20:00	1643.3	1649.9	1642.0	1648.8	8
2023-08-26 00:00	1648.8	1650.5	1646.7	1649.6	8
2023-08-26 04:00	1649.6	1649.6	1646.1	1647.8	8
2023-08-26 08:00	1647.8	1648.7	1641.8	1645.5	8
2023-08-26 12:00	1645.5	1647.5	1641.9	1646.4	8
2023-08-26 16:00	1646.5	1647.0	1638.9	1641.3	8
2023-08-26 20:00	1641.3	1646.3	1640.8	1643.2	8
2023-08-27 00:00	1643.2	1646.3	1641.9	1642.4	8
2023-08-27 04:00	1642.5	1651.2	1642.5	1644.5	8
2023-08-27 08:00	1644.6	1648.6	1643.5	1644.5	8
2023-08-27 12:00	1644.5	1655.8	1643.9	1651.3	8
2023-08-27 16:00	1651.4	1655.9	1646.5	1652.1	8
2023-08-27 20:00	1652.2	1655.5	1647.4	1654.8	8
2023-08-28 00:00	1654.8	1654.8	1644.6	1645.8	8
2023-08-28 04:00	1645.7	1648.0	1633.4	1637.4	8
2023-08-28 08:00	1637.3	1639.3	1622.0	1636.0	8
2023-08-28 12:00	1635.9	1658.9	1635.6	1644.8	8
2023-08-28 16:00	1644.9	1650.8	1634.7	1643.6	8
2023-08-28 20:00	1643.8	1653.1	1640.6	1649.1	8
2023-08-29 00:00	1649.0	1658.1	1646.9	1648.4	8
2023-08-29 04:00	1648.5	1649.6	1641.2	1643.5	8
2023-08-29 08:00	1643.4	1644.1	1636.1	1638.3	8
2023-08-29 12:00	1638.2	1733.2	1636.2	1712.1	8
2023-08-29 16:00	1712.2	1742.1	1706.2	1732.4	8
2023-08-29 20:00	1732.3	1739.1	1720.0	1726.8	8
2023-08-30 00:00	1726.6	1727.9	1710.0	1715.4	8
2023-08-30 04:00	1715.3	1718.9	1712.8	1714.3	8
2023-08-30 08:00	1714.4	1717.6	1708.2	1713.1	8
2023-08-30 12:00	1713.0	1719.1	1694.1	1700.5	8
2023-08-30 16:00	1700.4	1701.6	1693.3	1698.1	8
2023-08-30 20:00	1698.2	1705.0	1698.2	1702.3	8
2023-08-31 00:00	1702.2	1702.2	1694.1	1695.6	8
2023-08-31 04:00	1695.8	1703.7	1695.4	1703.1	8
2023-08-31 08:00	1703.1	1721.6	1700.1	1710.5	8
2023-08-31 12:00	1710.7	1711.0	1677.0	1686.1	8
2023-08-31 16:00	1686.0	1686.1	1642.6	1654.1	8
2023-08-31 20:00	1654.1	1654.3	1628.5	1642.5	8
2023-09-01 00:00	1642.4	1651.1	1641.7	1648.7	8
2023-09-01 04:00	1648.6	1649.5	1639.7	1642.6	8
2023-09-01 08:00	1642.7	1644.9	1637.7	1643.2	8
2023-09-01 12:00	1643.3	1648.8	1621.6	1631.2	8
2023-09-01 16:00	1631.3	1633.5	1599.3	1615.2	8
2023-09-01 20:00	1615.1	1633.3	1612.1	1624.1	8
2023-09-02 00:00	1624.2	1629.3	1623.1	1627.3	8
2023-09-02 04:00	1627.4	1631.3	1625.2	1627.8	8
2023-09-02 08:00	1626.9	1633.2	1625.6	1631.0	8
2023-09-02 12:00	1631.1	1641.4	1629.0	1635.3	8
2023-09-02 16:00	1634.3	1637.3	1625.3	1630.2	8
2023-09-02 20:00	1629.9	1635.8	1628.5	1633.7	8
2023-09-03 00:00	1633.6	1634.0	1628.1	1631.7	8
2023-09-03 04:00	1631.6	1635.7	1629.5	1632.0	8
2023-09-03 08:00	1631.3	1632.7	1627.2	1630.1	8
2023-09-03 12:00	1630.7	1637.2	1624.7	1629.4	8
2023-09-03 16:00	1629.5	1639.1	1621.8	1635.3	8
2023-09-03 20:00	1635.8	1643.6	1630.2	1632.6	8
2023-09-04 00:00	1632.7	1641.4	1628.9	1634.4	8
2023-09-04 04:00	1634.6	1636.8	1631.5	1635.4	8
2023-09-04 08:00	1635.5	1637.1	1627.7	1628.5	8
2023-09-04 12:00	1628.4	1631.4	1615.8	1622.4	8
2023-09-04 16:00	1622.5	1631.9	1621.9	1627.3	8
2023-09-04 20:00	1627.4	1628.6	1613.5	1626.4	8
2023-09-05 00:00	1626.3	1627.1	1606.2	1614.2	8
2023-09-05 04:00	1614.1	1623.4	1614.0	1620.7	8
2023-09-05 08:00	1620.8	1633.8	1616.7	1631.1	8
2023-09-05 12:00	1631.2	1643.6	1622.5	1632.5	8
2023-09-05 16:00	1632.4	1639.3	1628.5	1628.6	8
2023-09-05 20:00	1628.7	1630.8	1623.1	1630.7	8
2023-09-06 00:00	1630.6	1636.1	1628.0	1629.4	8
2023-09-06 04:00	1629.3	1629.8	1623.8	1625.3	8
2023-09-06 08:00	1625.2	1632.2	1625.0	1628.8	8
2023-09-06 12:00	1628.6	1631.4	1615.7	1619.6	8
2023-09-06 16:00	1619.5	1665.4	1607.4	1627.2	8
2023-09-06 20:00	1627.1	1631.2	1624.1	1629.1	8
2023-09-07 00:00	1629.2	1636.1	1627.9	1636.1	8
2023-09-07 04:00	1636.1	1638.3	1631.7	1632.0	8
2023-09-07 08:00	1632.1	1632.1	1622.2	1623.6	8
2023-09-07 12:00	1623.5	1630.0	1619.8	1626.6	8
2023-09-07 16:00	1626.6	1637.2	1625.8	1633.7	8
2023-09-07 20:00	1633.7	1655.4	1632.3	1645.1	8
2023-09-08 00:00	1645.1	1655.2	1640.8	1643.0	8
2023-09-08 04:00	1643.0	1650.3	1639.8	1643.2	8
2023-09-08 08:00	1643.2	1644.1	1613.5	1622.5	8
2023-09-08 12:00	1622.5	1631.0	1621.1	1625.4	8
2023-09-08 16:00	1625.4	1631.8	1621.5	1631.2	8
2023-09-08 20:00	1631.2	1634.2	1629.8	1631.7	8
2023-09-09 00:00	1631.8	1632.2	1628.7	1630.0	8
2023-09-09 04:00	1630.0	1631.0	1627.4	1629.8	8
2023-09-09 08:00	1629.8	1631.5	1628.8	1630.6	8
2023-09-09 12:00	1630.7	1632.5	1625.6	1630.6	8
2023-09-09 16:00	1630.7	1632.8	1627.8	1629.8	8
2023-09-09 20:00	1629.8	1633.2	1629.1	1632.0	8
2023-09-10 00:00	1632.1	1632.3	1623.2	1627.7	8
2023-09-10 04:00	1627.7	1627.7	1615.8	1621.4	8
2023-09-10 08:00	1621.4	1623.2	1616.2	1621.0	8
2023-09-10 12:00	1621.1	1624.5	1608.7	1616.2	8
2023-09-10 16:00	1616.2	1616.2	1594.4	1613.2	8
2023-09-10 20:00	1613.2	1624.2	1610.9	1613.9	8
2023-09-11 00:00	1614.0	1615.6	1601.1	1609.0	8
2023-09-11 04:00	1609.0	1614.6	1604.7	1608.4	8
2023-09-11 08:00	1608.5	1609.0	1575.4	1583.0	8
2023-09-11 12:00	1582.9	1594.0	1547.8	1558.8	8
2023-09-11 16:00	1558.7	1564.3	1534.6	1535.7	8
2023-09-11 20:00	1535.6	1548.6	1529.6	1548.3	8
2023-09-12 00:00	1548.2	1591.1	1546.0	1581.1	8
2023-09-12 04:00	1581.2	1589.2	1571.1	1576.8	8
2023-09-12 08:00	1576.9	1620.2	1573.4	1606.1	8
2023-09-12 12:00	1606.3	1609.7	1592.7	1600.8	8
2023-09-12 16:00	1600.8	1617.6	1582.3	1595.6	8
2023-09-12 20:00	1595.6	1601.0	1588.7	1590.2	8
2023-09-13 00:00	1590.2	1598.0	1583.8	1586.7	8
2023-09-13 04:00	1586.7	1599.6	1578.7	1581.4	8
2023-09-13 08:00	1581.4	1603.9	1580.7	1601.2	8
2023-09-13 12:00	1601.3	1614.8	1589.8	1605.3	8
2023-09-13 16:00	1605.4	1612.7	1593.0	1596.5	8
2023-09-13 20:00	1596.6	1607.1	1596.3	1605.2	8
2023-09-14 00:00	1605.2	1635.1	1604.2	1617.5	8
2023-09-14 04:00	1617.5	1622.8	1609.9	1618.6	8
2023-09-14 08:00	1618.6	1624.1	1614.7	1622.0	8
2023-09-14 12:00	1622.0	1640.4	1614.6	1632.1	8
2023-09-14 16:00	1632.1	1640.7	1624.2	1633.2	8
2023-09-14 20:00	1633.3	1635.2	1622.0	1624.1	8
2023-09-15 00:00	1624.1	1633.2	1620.1	1632.2	8
2023-09-15 04:00	1632.3	1633.3	1624.7	1625.3	8
2023-09-15 08:00	1625.3	1629.2	1616.4	1618.3	8
2023-09-15 12:00	1618.3	1623.1	1608.9	1616.5	8
2023-09-15 16:00	1616.5	1620.6	1615.2	1618.4	8
2023-09-15 20:00	1618.5	1649.3	1616.7	1637.3	8
2023-09-16 00:00	1637.4	1648.4	1634.8	1638.0	8
2023-09-16 04:00	1638.1	1638.4	1630.9	1634.1	8
2023-09-16 08:00	1634.1	1635.8	1628.4	1632.9	8
2023-09-16 12:00	1632.9	1636.8	1628.8	1631.8	8
2023-09-16 16:00	1631.8	1636.5	1629.0	1630.9	8
2023-09-16 20:00	1630.9	1634.9	1630.0	1631.5	8
2023-09-17 00:00	1631.5	1631.5	1616.6	1626.4	8
2023-09-17 04:00	1626.1	1628.8	1623.7	1624.9	8
2023-09-17 08:00	1624.8	1632.1	1624.4	1626.4	8
2023-09-17 12:00	1626.3	1629.4	1624.9	1626.9	8
2023-09-17 16:00	1626.9	1626.9	1616.4	1622.9	8
2023-09-17 20:00	1623.0	1623.9	1609.6	1620.0	8
2023-09-18 00:00	1620.1	1633.4	1605.2	1627.3	8
2023-09-18 04:00	1627.5	1635.2	1624.2	1631.2	8
2023-09-18 08:00	1631.3	1654.8	1627.7	1653.0	8
2023-09-18 12:00	1653.1	1666.1	1648.3	1653.0	8
2023-09-18 16:00	1653.1	1655.6	1630.6	1638.7	8
2023-09-18 20:00	1638.7	1639.4	1632.7	1634.0	8
2023-09-19 00:00	1633.9	1636.8	1624.7	1632.0	8
2023-09-19 04:00	1631.8	1635.8	1630.0	1633.5	8
2023-09-19 08:00	1633.7	1657.7	1633.4	1644.9	8
2023-09-19 12:00	1645.0	1656.3	1632.2	1654.2	8
2023-09-19 16:00	1654.1	1657.0	1637.4	1641.5	8
2023-09-19 20:00	1641.4	1641.9	1634.2	1640.4	8
2023-09-20 00:00	1640.3	1646.4	1633.2	1634.8	8
2023-09-20 04:00	1634.9	1636.5	1628.1	1631.6	8
2023-09-20 08:00	1631.5	1635.1	1617.2	1626.9	8
2023-09-20 12:00	1626.8	1631.5	1617.8	1626.0	8
2023-09-20 16:00	1626.1	1637.0	1602.9	1613.2	8
2023-09-20 20:00	1613.1	1626.5	1612.1	1619.2	8
2023-09-21 00:00	1619.1	1622.3	1610.9	1620.4	8
2023-09-21 04:00	1620.5	1621.7	1613.6	1614.9	8
2023-09-21 08:00	1614.8	1619.5	1587.1	1592.0	8
2023-09-21 12:00	1591.9	1594.1	1564.9	1580.3	8
2023-09-21 16:00	1580.2	1589.8	1578.7	1586.6	8
2023-09-21 20:00	1586.7	1587.4	1580.4	1580.7	8
2023-09-22 00:00	1580.8	1592.6	1574.0	1591.2	8
2023-09-22 04:00	1591.4	1593.8	1584.7	1592.4	8
2023-09-22 08:00	1592.5	1599.2	1589.5	1593.9	8
2023-09-22 12:00	1594.0	1596.9	1589.9	1590.1	8
2023-09-22 16:00	1590.0	1596.1	1583.7	1589.3	8
2023-09-22 20:00	1589.4	1591.2	1584.7	1588.7	8
2023-09-23 00:00	1588.7	1593.8	1585.7	1586.8	8
2023-09-23 04:00	1586.8	1591.4	1585.7	1591.1	8
2023-09-23 08:00	1591.2	1591.5	1586.9	1589.9	8
2023-09-23 12:00	1590.0	1591.8	1584.5	1587.1	8
2023-09-23 16:00	1587.0	1592.3	1584.4	1591.5	8
2023-09-23 20:00	1591.3	1592.3	1586.7	1590.5	8
2023-09-24 00:00	1590.6	1591.6	1586.7	1589.0	8
2023-09-24 04:00	1589.0	1590.0	1587.3	1588.7	9
2023-09-24 08:00	1588.6	1592.9	1587.9	1590.5	8
2023-09-24 12:00	1589.9	1593.3	1585.0	1587.5	8
2023-09-24 16:00	1587.3	1597.9	1575.4	1582.9	9
2023-09-24 20:00	1582.7	1588.1	1568.4	1577.9	8
2023-09-25 00:00	1577.9	1584.1	1560.9	1574.8	8
2023-09-25 04:00	1574.8	1578.4	1569.7	1578.0	8
2023-09-25 08:00	1578.1	1579.6	1562.9	1565.4	7
2023-09-25 12:00	1565.3	1586.0	1561.1	1581.0	8
2023-09-25 16:00	1581.0	1593.9	1581.0	1588.2	8
2023-09-25 20:00	1588.3	1593.1	1581.5	1584.8	8
2023-09-26 00:00	1584.9	1591.1	1582.9	1588.5	8
2023-09-26 04:00	1588.6	1591.3	1583.7	1585.3	8
2023-09-26 08:00	1585.4	1595.3	1582.2	1588.1	8
2023-09-26 12:00	1588.2	1590.3	1576.9	1579.3	8
2023-09-26 16:00	1579.2	1589.2	1578.2	1585.9	8
2023-09-26 20:00	1585.5	1591.5	1580.7	1590.2	8
2023-09-27 00:00	1590.2	1594.4	1585.9	1591.9	8
2023-09-27 04:00	1591.9	1593.6	1587.0	1588.3	8
2023-09-27 08:00	1588.2	1629.8	1586.6	1625.9	8
2023-09-27 12:00	1625.8	1627.3	1588.7	1597.2	8
2023-09-27 16:00	1597.2	1598.9	1580.7	1593.9	8
2023-09-27 20:00	1593.9	1595.6	1589.2	1594.6	8
2023-09-28 00:00	1594.6	1611.3	1594.1	1602.3	8
2023-09-28 04:00	1602.3	1617.3	1600.9	1615.2	8
2023-09-28 08:00	1615.2	1633.0	1610.7	1619.5	8
2023-09-28 12:00	1619.5	1650.2	1617.7	1649.3	8
2023-09-28 16:00	1649.0	1664.5	1642.9	1655.3	8
2023-09-28 20:00	1655.3	1658.8	1640.7	1649.9	8
2023-09-29 00:00	1649.9	1655.8	1645.6	1648.8	8
2023-09-29 04:00	1648.8	1685.2	1646.1	1683.6	8
2023-09-29 08:00	1683.6	1683.8	1664.5	1665.7	8
2023-09-29 12:00	1665.7	1680.6	1654.1	1669.3	8
2023-09-29 16:00	1669.3	1670.3	1654.0	1662.2	8
2023-09-29 20:00	1662.2	1667.1	1660.9	1663.4	8
2023-09-30 00:00	1663.4	1668.2	1661.9	1666.3	8
2023-09-30 04:00	1666.4	1671.6	1666.1	1668.8	8
2023-09-30 08:00	1669.1	1676.0	1668.2	1672.8	8
2023-09-30 12:00	1672.9	1690.8	1669.8	1680.2	8
2023-09-30 16:00	1680.2	1683.1	1671.2	1676.4	8
2023-09-30 20:00	1676.4	1680.4	1663.9	1667.8	8
2023-10-01 00:00	1667.8	1674.2	1667.3	1671.3	8
2023-10-01 04:00	1671.3	1677.3	1669.5	1675.4	8
2023-10-01 08:00	1675.5	1688.9	1673.0	1685.9	8
2023-10-01 12:00	1686.0	1688.1	1676.5	1680.8	8
2023-10-01 16:00	1680.8	1681.2	1668.2	1673.4	8
2023-10-01 20:00	1673.4	1750.2	1665.3	1730.2	8
2023-10-02 00:00	1730.1	1731.8	1716.0	1726.5	8
2023-10-02 04:00	1726.4	1730.9	1711.3	1727.7	8
2023-10-02 08:00	1727.7	1740.6	1722.3	1723.4	8
2023-10-02 12:00	1723.4	1731.2	1685.8	1690.2	8
2023-10-02 16:00	1689.7	1691.0	1644.9	1671.6	9
2023-10-02 20:00	1671.5	1671.5	1634.7	1659.9	8
2023-10-03 00:00	1659.9	1665.4	1657.0	1662.6	8
2023-10-03 04:00	1662.5	1667.5	1659.0	1659.5	8
2023-10-03 08:00	1659.4	1664.6	1647.1	1653.2	8
2023-10-03 12:00	1653.3	1659.8	1640.6	1645.2	8
2023-10-03 16:00	1645.3	1655.4	1643.5	1647.5	8
2023-10-03 20:00	1647.6	1656.9	1643.3	1653.8	8
2023-10-04 00:00	1653.9	1654.7	1623.7	1638.7	8
2023-10-04 04:00	1638.6	1642.0	1633.1	1641.9	8
2023-10-04 08:00	1642.0	1649.3	1640.6	1643.4	8
2023-10-04 12:00	1643.5	1647.0	1625.1	1629.4	8
2023-10-04 16:00	1629.3	1651.3	1628.4	1639.6	8
2023-10-04 20:00	1639.7	1649.5	1637.3	1643.4	8
2023-10-05 00:00	1643.5	1651.6	1639.1	1639.4	8
2023-10-05 04:00	1639.3	1643.1	1629.2	1633.2	8
2023-10-05 08:00	1633.3	1639.0	1631.8	1633.8	8
2023-10-05 12:00	1633.8	1646.5	1606.1	1615.3	8
2023-10-05 16:00	1615.2	1618.5	1606.2	1613.7	8
2023-10-05 20:00	1613.8	1616.7	1607.5	1608.9	8
2023-10-06 00:00	1609.0	1622.4	1609.0	1621.5	8
2023-10-06 04:00	1621.5	1629.6	1616.3	1628.3	8
2023-10-06 08:00	1628.4	1636.6	1626.2	1631.9	8
2023-10-06 12:00	1632.0	1646.8	1609.2	1640.3	8
2023-10-06 16:00	1640.2	1651.9	1632.0	1644.0	8
2023-10-06 20:00	1643.9	1657.9	1639.5	1641.6	8
2023-10-07 00:00	1641.6	1644.4	1636.8	1638.1	8
2023-10-07 04:00	1638.2	1640.0	1633.8	1634.5	8
2023-10-07 08:00	1634.4	1640.8	1633.8	1636.3	8
2023-10-07 12:00	1636.4	1640.7	1633.3	1636.4	8
2023-10-07 16:00	1636.5	1637.4	1628.1	1628.4	8
2023-10-07 20:00	1628.5	1633.9	1628.5	1631.6	8
2023-10-08 00:00	1631.6	1639.4	1631.3	1636.9	8
2023-10-08 04:00	1637.1	1637.6	1623.9	1625.4	8
2023-10-08 08:00	1626.4	1627.6	1614.6	1615.7	8
2023-10-08 12:00	1615.7	1634.7	1615.0	1629.3	8
2023-10-08 16:00	1629.3	1636.2	1626.8	1633.3	8
2023-10-08 20:00	1633.4	1635.8	1625.6	1630.7	8
2023-10-09 00:00	1630.8	1633.3	1621.8	1631.4	8
2023-10-09 04:00	1631.5	1632.5	1615.8	1618.2	8
2023-10-09 08:00	1618.2	1619.6	1583.5	1587.7	8
2023-10-09 12:00	1587.6	1594.5	1581.2	1583.6	8
2023-10-09 16:00	1583.6	1583.9	1547.1	1578.6	8
2023-10-09 20:00	1578.5	1580.9	1571.2	1577.0	8
2023-10-10 00:00	1576.9	1588.4	1572.9	1581.9	8
2023-10-10 04:00	1582.0	1591.0	1579.6	1587.1	8
2023-10-10 08:00	1587.2	1591.8	1575.1	1576.6	8
2023-10-10 12:00	1576.5	1585.1	1560.8	1565.0	8
2023-10-10 16:00	1564.9	1570.0	1555.0	1562.9	8
2023-10-10 20:00	1563.0	1567.5	1548.8	1564.8	8
2023-10-11 00:00	1564.8	1572.9	1543.3	1553.9	8
2023-10-11 04:00	1554.0	1558.9	1546.9	1554.2	8
2023-10-11 08:00	1554.3	1575.3	1553.5	1569.6	8
2023-10-11 12:00	1569.7	1573.6	1551.9	1556.5	8
2023-10-11 16:00	1556.6	1563.0	1545.8	1559.9	8
2023-10-11 20:00	1559.8	1566.1	1557.5	1563.5	8
2023-10-12 00:00	1563.6	1565.2	1553.1	1558.4	8
2023-10-12 04:00	1558.3	1563.5	1554.7	1556.0	8
2023-10-12 08:00	1556.1	1557.6	1533.0	1548.5	8
2023-10-12 12:00	1548.4	1550.2	1535.8	1538.1	8
2023-10-12 16:00	1538.2	1541.5	1519.0	1527.8	8
2023-10-12 20:00	1527.7	1536.7	1526.7	1536.4	8
2023-10-13 00:00	1536.4	1543.9	1534.8	1535.8	8
2023-10-13 04:00	1535.8	1549.9	1535.5	1546.1	8
2023-10-13 08:00	1546.2	1548.9	1539.7	1543.0	8
2023-10-13 12:00	1543.1	1550.1	1534.3	1536.1	8
2023-10-13 16:00	1536.0	1547.4	1535.8	1542.5	8
2023-10-13 20:00	1542.4	1570.2	1540.1	1547.7	9
2023-10-14 00:00	1547.6	1552.0	1544.7	1549.5	8
2023-10-14 04:00	1549.6	1550.7	1541.5	1544.6	8
2023-10-14 08:00	1544.5	1546.1	1541.0	1543.7	8
2023-10-14 12:00	1543.9	1554.5	1542.7	1552.7	8
2023-10-14 16:00	1552.9	1555.2	1549.2	1552.2	8
2023-10-14 20:00	1552.0	1557.9	1550.1	1551.5	8
2023-10-15 00:00	1551.6	1554.6	1546.6	1551.1	8
2023-10-15 04:00	1551.2	1551.8	1548.7	1551.6	8
2023-10-15 08:00	1551.5	1556.5	1551.3	1552.2	8
2023-10-15 12:00	1552.1	1556.6	1546.3	1551.0	8
2023-10-15 16:00	1550.8	1561.9	1547.5	1557.0	8
2023-10-15 20:00	1557.1	1563.0	1550.4	1554.9	8
2023-10-16 00:00	1555.0	1565.0	1552.3	1560.2	8
2023-10-16 04:00	1560.3	1585.7	1557.8	1576.1	8
2023-10-16 08:00	1576.2	1584.5	1572.9	1580.5	8
2023-10-16 12:00	1580.5	1637.5	1564.7	1574.8	10
2023-10-16 16:00	1574.9	1599.8	1571.0	1586.8	10
2023-10-16 20:00	1587.0	1602.4	1576.0	1597.6	8
2023-10-17 00:00	1597.6	1598.4	1586.5	1587.1	8
2023-10-17 04:00	1587.1	1589.7	1580.5	1588.0	8
2023-10-17 08:00	1588.1	1591.5	1580.7	1581.8	8
2023-10-17 12:00	1581.9	1583.5	1562.9	1573.2	8
2023-10-17 16:00	1573.1	1577.9	1550.2	1561.7	8
2023-10-17 20:00	1561.6	1563.3	1555.1	1562.2	8
2023-10-18 00:00	1562.1	1569.6	1559.9	1565.6	8
2023-10-18 04:00	1565.7	1579.1	1564.0	1570.0	8
2023-10-18 08:00	1569.9	1582.8	1567.0	1576.4	8
2023-10-18 12:00	1576.5	1579.7	1566.2	1567.6	8
2023-10-18 16:00	1567.7	1572.2	1560.1	1560.3	8
2023-10-18 20:00	1560.4	1563.3	1553.1	1560.6	8
2023-10-19 00:00	1560.7	1564.5	1540.1	1546.5	8
2023-10-19 04:00	1546.4	1550.7	1543.0	1549.0	8
2023-10-19 08:00	1548.9	1552.7	1539.5	1551.2	8
2023-10-19 12:00	1551.1	1562.6	1548.2	1558.7	8
2023-10-19 16:00	1558.6	1572.1	1557.4	1565.8	8
2023-10-19 20:00	1565.9	1570.4	1559.9	1564.4	8
2023-10-20 00:00	1564.6	1592.4	1558.9	1584.4	8
2023-10-20 04:00	1584.3	1587.2	1576.7	1581.4	8
2023-10-20 08:00	1581.5	1628.3	1581.0	1611.3	8
2023-10-20 12:00	1611.4	1614.7	1596.0	1602.9	9
2023-10-20 16:00	1603.0	1607.5	1595.2	1604.3	8
2023-10-20 20:00	1604.1	1606.8	1598.7	1600.6	8
2023-10-21 00:00	1600.5	1603.2	1588.8	1593.9	8
2023-10-21 04:00	1594.0	1603.6	1593.6	1602.7	8
2023-10-21 08:00	1602.7	1606.1	1599.5	1605.0	8
2023-10-21 12:00	1605.2	1626.2	1599.4	1624.9	8
2023-10-21 16:00	1624.9	1640.7	1616.5	1631.5	10
2023-10-21 20:00	1631.6	1632.6	1622.8	1626.1	8
2023-10-22 00:00	1626.2	1637.4	1620.8	1627.1	8
2023-10-22 04:00	1627.2	1644.4	1622.2	1628.0	10
2023-10-22 08:00	1627.8	1633.2	1622.2	1625.8	8
2023-10-22 12:00	1625.7	1634.8	1619.0	1623.2	8
2023-10-22 16:00	1623.1	1637.9	1622.0	1632.5	8
2023-10-22 20:00	1632.4	1664.7	1630.9	1660.7	8
2023-10-23 00:00	1661.0	1698.0	1654.8	1692.2	8
2023-10-23 04:00	1692.3	1703.0	1669.3	1673.3	8
2023-10-23 08:00	1673.4	1681.7	1659.5	1674.2	8
2023-10-23 12:00	1674.1	1682.0	1660.8	1674.1	8
2023-10-23 16:00	1674.0	1709.9	1669.0	1706.9	16
2023-10-23 20:00	1706.4	1792.4	1702.5	1763.0	10
2023-10-24 00:00	1763.0	1846.3	1755.3	1805.9	14
2023-10-24 04:00	1805.9	1834.3	1797.2	1806.4	8
2023-10-24 08:00	1806.5	1843.0	1803.5	1842.9	8
2023-10-24 12:00	1842.8	1851.1	1761.1	1775.7	9
2023-10-24 16:00	1775.8	1796.1	1752.9	1773.9	9
2023-10-24 20:00	1773.8	1793.1	1762.7	1782.1	8
2023-10-25 00:00	1782.1	1803.5	1774.7	1786.0	8
2023-10-25 04:00	1786.1	1792.6	1759.3	1766.6	8
2023-10-25 08:00	1766.6	1789.6	1757.8	1782.7	8
2023-10-25 12:00	1782.7	1813.7	1777.5	1804.1	8
2023-10-25 16:00	1804.1	1812.5	1777.8	1787.4	8
2023-10-25 20:00	1787.5	1793.2	1776.4	1784.9	8
2023-10-26 00:00	1784.9	1814.9	1777.4	1814.1	8
2023-10-26 04:00	1814.2	1855.1	1789.0	1847.5	8
2023-10-26 08:00	1847.0	1862.8	1802.0	1809.6	8
2023-10-26 12:00	1809.5	1822.4	1764.8	1775.2	8
2023-10-26 16:00	1775.2	1791.2	1760.3	1789.9	8
2023-10-26 20:00	1790.1	1808.7	1787.7	1801.3	8
2023-10-27 00:00	1801.3	1801.4	1770.5	1788.5	8
2023-10-27 04:00	1788.5	1794.3	1774.0	1774.6	8
2023-10-27 08:00	1774.7	1788.6	1772.7	1779.0	8
2023-10-27 12:00	1779.1	1793.8	1767.9	1780.2	8
2023-10-27 16:00	1780.2	1782.1	1744.1	1771.5	8
2023-10-27 20:00	1771.6	1780.2	1771.0	1775.5	8
2023-10-28 00:00	1775.4	1789.2	1774.7	1786.0	8
2023-10-28 04:00	1786.1	1791.5	1781.3	1784.2	8
2023-10-28 08:00	1784.1	1799.4	1782.3	1784.8	10
2023-10-28 12:00	1784.9	1788.6	1773.1	1787.5	8
2023-10-28 16:00	1787.6	1787.8	1773.6	1773.8	8
2023-10-28 20:00	1773.9	1780.3	1768.5	1773.4	8
2023-10-29 00:00	1773.2	1778.7	1760.1	1772.0	8
2023-10-29 04:00	1771.9	1781.2	1769.7	1780.2	8
2023-10-29 08:00	1780.3	1789.5	1780.3	1786.2	8
2023-10-29 12:00	1786.3	1797.5	1785.7	1789.3	8
2023-10-29 16:00	1789.4	1804.6	1784.6	1790.8	8
2023-10-29 20:00	1790.8	1809.1	1789.0	1793.1	8
2023-10-30 00:00	1793.1	1796.1	1776.9	1780.5	8
2023-10-30 04:00	1780.5	1789.4	1775.9	1784.9	8
2023-10-30 08:00	1784.7	1824.7	1782.0	1812.5	8
2023-10-30 12:00	1812.6	1827.5	1803.3	1817.2	8
2023-10-30 16:00	1817.2	1817.2	1777.0	1799.1	8
2023-10-30 20:00	1799.2	1813.4	1794.4	1807.0	8
2023-10-31 00:00	1807.0	1817.1	1792.1	1793.0	8
2023-10-31 04:00	1793.0	1802.4	1786.2	1788.5	8
2023-10-31 08:00	1788.5	1811.7	1781.0	1807.3	8
2023-10-31 12:00	1807.4	1810.3	1779.7	1789.9	8
2023-10-31 16:00	1789.9	1812.1	1786.0	1809.2	8
2023-10-31 20:00	1809.2	1815.8	1800.4	1812.0	8
2023-11-01 00:00	1812.0	1826.8	1805.8	1807.6	8
2023-11-01 04:00	1807.7	1808.0	1795.9	1802.2	8
2023-11-01 08:00	1802.2	1805.8	1790.4	1797.1	8
2023-11-01 12:00	1797.2	1824.1	1782.6	1789.9	8
2023-11-01 16:00	1789.9	1848.8	1789.6	1833.9	8
2023-11-01 20:00	1834.2	1855.2	1834.2	1845.1	8
2023-11-02 00:00	1845.2	1872.3	1838.8	1856.5	8
2023-11-02 04:00	1856.5	1858.2	1827.5	1833.1	8
2023-11-02 08:00	1833.1	1838.4	1819.3	1834.1	8
2023-11-02 12:00	1834.1	1840.9	1799.0	1800.8	8
2023-11-02 16:00	1800.7	1809.6	1783.4	1809.4	8
2023-11-02 20:00	1809.5	1810.6	1790.0	1798.3	8
2023-11-03 00:00	1798.4	1800.5	1775.4	1796.5	8
2023-11-03 04:00	1796.5	1799.2	1785.6	1796.4	8
2023-11-03 08:00	1796.4	1802.1	1778.3	1787.2	8
2023-11-03 12:00	1787.2	1811.7	1782.4	1809.7	8
2023-11-03 16:00	1809.8	1821.7	1797.5	1814.8	8
2023-11-03 20:00	1814.8	1831.3	1812.6	1829.5	8
2023-11-04 00:00	1829.4	1836.4	1820.8	1831.2	8
2023-11-04 04:00	1831.3	1836.4	1822.1	1830.2	8
2023-11-04 08:00	1831.6	1844.8	1828.6	1835.4	8
2023-11-04 12:00	1835.3	1838.6	1826.4	1829.7	8
2023-11-04 16:00	1829.8	1838.4	1829.6	1833.4	8
2023-11-04 20:00	1833.5	1867.2	1832.3	1854.0	10
2023-11-05 00:00	1853.9	1891.0	1844.7	1886.2	9
2023-11-05 04:00	1886.2	1891.7	1874.3	1883.0	9
2023-11-05 08:00	1883.3	1894.2	1875.9	1886.3	8
2023-11-05 12:00	1886.4	1897.6	1863.3	1872.3	9
2023-11-05 16:00	1872.6	1909.7	1871.1	1886.7	10
2023-11-05 20:00	1886.9	1907.6	1855.1	1891.0	9
2023-11-06 00:00	1890.0	1898.5	1879.3	1886.0	8
2023-11-06 04:00	1886.1	1888.4	1867.9	1876.7	8
2023-11-06 08:00	1876.8	1896.8	1871.5	1896.7	8
2023-11-06 12:00	1896.8	1912.4	1887.5	1899.2	8
2023-11-06 16:00	1899.2	1901.7	1883.3	1899.3	8
2023-11-06 20:00	1899.4	1904.1	1879.2	1898.7	8
2023-11-07 00:00	1898.6	1901.5	1875.8	1887.8	8
2023-11-07 04:00	1887.9	1894.9	1883.5	1889.4	8
2023-11-07 08:00	1889.5	1892.5	1864.7	1871.3	8
2023-11-07 12:00	1871.2	1877.9	1856.2	1860.8	8
2023-11-07 16:00	1860.9	1897.7	1848.0	1892.0	8
2023-11-07 20:00	1892.2	1905.1	1872.1	1884.1	8
2023-11-08 00:00	1884.1	1890.6	1878.0	1880.1	8
2023-11-08 04:00	1880.1	1884.6	1871.1	1872.5	8
2023-11-08 08:00	1872.5	1887.4	1871.3	1878.8	8
2023-11-08 12:00	1878.7	1890.2	1878.1	1886.3	8
2023-11-08 16:00	1886.2	1901.7	1883.7	1897.2	8
2023-11-08 20:00	1897.2	1902.1	1881.1	1886.5	8
2023-11-09 00:00	1886.5	1923.4	1880.7	1918.1	8
2023-11-09 04:00	1918.2	1926.9	1908.3	1909.6	8
2023-11-09 08:00	1909.7	1918.1	1903.2	1911.2	8
2023-11-09 12:00	1911.3	2045.8	1906.7	2033.0	9
2023-11-09 16:00	2033.0	2045.3	1982.9	2015.8	11
2023-11-09 20:00	2015.7	2128.5	2008.7	2119.2	8
2023-11-10 00:00	2118.8	2125.7	2092.2	2118.2	8
2023-11-10 04:00	2118.3	2133.3	2097.7	2099.1	8
2023-11-10 08:00	2099.2	2106.5	2080.7	2095.0	8
2023-11-10 12:00	2095.0	2096.7	2063.6	2087.6	8
2023-11-10 16:00	2087.6	2100.8	2084.4	2086.5	8
2023-11-10 20:00	2086.6	2097.4	2068.2	2074.2	8
2023-11-11 00:00	2074.3	2081.6	2027.8	2043.7	11
2023-11-11 04:00	2043.6	2057.8	2032.0	2052.2	9
2023-11-11 08:00	2052.8	2063.4	2043.9	2055.7	8
2023-11-11 12:00	2055.6	2085.7	2051.2	2066.2	11
2023-11-11 16:00	2066.5	2087.8	2064.7	2072.7	9
2023-11-11 20:00	2072.8	2072.9	2030.1	2049.9	10
2023-11-12 00:00	2050.0	2051.4	2013.0	2048.9	10
2023-11-12 04:00	2048.8	2057.3	2041.6	2055.1	8
2023-11-12 08:00	2055.0	2055.8	2043.7	2044.8	8
2023-11-12 12:00	2045.3	2063.9	2033.9	2055.1	8
2023-11-12 16:00	2055.2	2057.3	2042.9	2046.5	8
2023-11-12 20:00	2046.5	2063.4	2032.2	2042.8	8
2023-11-13 00:00	2043.0	2072.3	2034.5	2038.7	8
2023-11-13 04:00	2038.7	2054.7	2027.7	2046.9	8
2023-11-13 08:00	2046.4	2058.9	2036.9	2044.8	8
2023-11-13 12:00	2044.8	2104.8	2037.9	2103.5	9
2023-11-13 16:00	2103.3	2115.6	2063.3	2097.6	8
2023-11-13 20:00	2097.7	2100.0	2042.8	2051.9	8
2023-11-14 00:00	2051.9	2055.9	2029.2	2053.1	8
2023-11-14 04:00	2053.0	2061.8	2045.4	2058.2	8
2023-11-14 08:00	2058.2	2062.1	2025.7	2029.2	8
2023-11-14 12:00	2029.3	2052.0	2021.1	2035.5	8
2023-11-14 16:00	2035.6	2051.0	1934.5	1976.4	8
2023-11-14 20:00	1976.5	1992.0	1966.4	1977.1	8
2023-11-15 00:00	1977.1	1989.1	1964.9	1965.5	8
2023-11-15 04:00	1965.7	1985.3	1965.3	1981.6	8
2023-11-15 08:00	1981.7	2011.6	1978.9	2010.8	8
2023-11-15 12:00	2010.9	2021.1	2003.2	2019.4	8
2023-11-15 16:00	2019.0	2050.2	2000.3	2049.5	8
2023-11-15 20:00	2049.5	2060.4	2034.3	2057.3	8
2023-11-16 00:00	2057.3	2079.3	2049.2	2051.1	8
2023-11-16 04:00	2051.1	2062.8	2046.2	2051.4	8
2023-11-16 08:00	2051.4	2088.9	2034.6	2066.9	8
2023-11-16 12:00	2066.9	2067.6	1984.2	1994.4	8
2023-11-16 16:00	1994.5	2011.4	1937.1	1962.1	8
2023-11-16 20:00	1962.1	1968.4	1942.8	1959.3	8
2023-11-17 00:00	1959.3	1988.6	1957.4	1981.7	8
2023-11-17 04:00	1981.8	1985.2	1965.3	1967.4	8
2023-11-17 08:00	1967.4	1979.4	1952.5	1963.5	8
2023-11-17 12:00	1963.8	1968.4	1910.1	1915.4	8
2023-11-17 16:00	1915.6	1946.6	1904.4	1936.3	8
2023-11-17 20:00	1936.4	1963.7	1935.0	1957.6	8
2023-11-18 00:00	1957.6	1958.3	1936.9	1937.8	8
2023-11-18 04:00	1937.9	1942.1	1915.0	1932.5	8
2023-11-18 08:00	1932.5	1942.1	1927.3	1932.5	8
2023-11-18 12:00	1932.5	1952.3	1928.5	1950.3	8
2023-11-18 16:00	1950.4	1969.0	1950.3	1961.6	8
2023-11-18 20:00	1961.7	1964.4	1948.9	1960.2	8
2023-11-19 00:00	1960.4	1960.9	1941.8	1954.3	8
2023-11-19 04:00	1954.3	1964.2	1950.8	1959.8	8
2023-11-19 08:00	1959.9	1964.3	1944.9	1949.5	8
2023-11-19 12:00	1949.7	1966.4	1943.3	1964.4	8
2023-11-19 16:00	1964.5	1982.7	1963.8	1981.2	8
2023-11-19 20:00	1981.2	2014.1	1974.2	2010.0	8
2023-11-20 00:00	2009.9	2010.9	1993.5	1997.9	8
2023-11-20 04:00	1997.9	2022.0	1992.7	2017.2	8
2023-11-20 08:00	2017.2	2040.4	2006.9	2023.0	8
2023-11-20 12:00	2023.0	2046.6	1993.6	2040.7	8
2023-11-20 16:00	2040.6	2064.7	2011.8	2035.1	8
2023-11-20 20:00	2035.2	2037.9	2014.5	2019.4	8
2023-11-21 00:00	2019.5	2032.9	2006.0	2017.1	8
2023-11-21 04:00	2017.1	2017.8	2001.6	2001.8	8
2023-11-21 08:00	2002.0	2015.1	2000.1	2002.0	8
2023-11-21 12:00	2002.0	2012.8	1952.1	1986.3	8
2023-11-21 16:00	1986.3	2015.8	1959.0	1983.4	8
2023-11-21 20:00	1983.4	2003.7	1930.2	1932.1	8
2023-11-22 00:00	1932.1	1977.0	1928.6	1975.9	8
2023-11-22 04:00	1976.0	1999.6	1974.6	1991.7	8
2023-11-22 08:00	1991.8	2026.9	1990.3	2013.6	8
2023-11-22 12:00	2013.8	2036.4	2009.3	2031.1	8
2023-11-22 16:00	2031.2	2080.0	2025.6	2074.7	8
2023-11-22 20:00	2074.7	2089.6	2055.7	2060.9	10
2023-11-23 00:00	2061.0	2068.9	2050.3	2056.9	8
2023-11-23 04:00	2056.8	2066.6	2054.7	2063.0	8
2023-11-23 08:00	2062.8	2085.6	2042.0	2059.8	8
2023-11-23 12:00	2060.0	2067.7	2037.7	2039.4	8
2023-11-23 16:00	2039.6	2064.0	2037.6	2059.3	8
2023-11-23 20:00	2059.4	2074.5	2057.8	2059.4	8
2023-11-24 00:00	2059.5	2074.0	2057.1	2061.6	8
2023-11-24 04:00	2061.7	2079.3	2060.4	2077.9	8
2023-11-24 08:00	2078.0	2123.8	2073.0	2095.1	8
2023-11-24 12:00	2095.5	2130.9	2094.4	2114.3	8
2023-11-24 16:00	2114.4	2124.0	2077.8	2085.7	8
2023-11-24 20:00	2085.8	2094.8	2062.1	2078.4	8
2023-11-25 00:00	2078.5	2086.7	2070.4	2084.0	8
2023-11-25 04:00	2084.0	2087.0	2077.8	2085.5	8
2023-11-25 08:00	2085.5	2088.2	2063.9	2068.4	8
2023-11-25 12:00	2068.5	2077.4	2065.6	2075.5	8
2023-11-25 16:00	2075.6	2081.7	2071.9	2080.4	8
2023-11-25 20:00	2080.5	2084.1	2078.3	2080.7	8
2023-11-26 00:00	2080.7	2081.5	2065.6	2073.7	8
2023-11-26 04:00	2073.8	2089.2	2068.3	2087.0	8
2023-11-26 08:00	2087.0	2091.8	2080.3	2082.1	8
2023-11-26 12:00	2082.1	2087.1	2059.3	2062.6	8
2023-11-26 16:00	2062.6	2066.3	2034.6	2054.1	8
2023-11-26 20:00	2054.1	2079.0	2052.9	2059.9	8
2023-11-27 00:00	2060.0	2069.1	2037.6	2046.2	8
2023-11-27 04:00	2046.2	2052.7	2029.5	2043.0	8
2023-11-27 08:00	2043.0	2050.3	2015.2	2022.3	8
2023-11-27 12:00	2022.4	2026.8	1999.6	2000.3	8
2023-11-27 16:00	2000.4	2021.4	1983.6	1991.7	8
2023-11-27 20:00	1991.6	2026.2	1984.4	2024.8	8
2023-11-28 00:00	2024.8	2037.2	2017.5	2024.4	8
2023-11-28 04:00	2024.5	2026.6	1992.7	2011.6	8
2023-11-28 08:00	2011.7	2026.1	2002.7	2025.4	8
2023-11-28 12:00	2025.5	2038.7	2016.5	2034.2	8
2023-11-28 16:00	2034.3	2073.0	2033.1	2057.9	8
2023-11-28 20:00	2057.9	2064.0	2041.2	2046.0	8
2023-11-29 00:00	2046.2	2055.7	2037.5	2051.3	8
2023-11-29 04:00	2051.4	2061.8	2046.3	2055.6	8
2023-11-29 08:00	2055.9	2072.3	2043.3	2051.1	8
2023-11-29 12:00	2051.1	2056.2	2018.5	2029.3	6
2023-11-29 16:00	2029.4	2039.9	2017.6	2036.8	8
2023-11-29 20:00	2036.3	2037.7	2017.2	2026.2	8
2023-11-30 00:00	2026.2	2038.0	2020.1	2037.9	8
2023-11-30 04:00	2037.9	2041.3	2029.0	2033.1	8
2023-11-30 08:00	2033.2	2044.2	2019.2	2042.5	8
2023-11-30 12:00	2042.6	2049.6	2022.4	2030.4	8
2023-11-30 16:00	2030.4	2041.8	2025.9	2039.3	8
2023-11-30 20:00	2039.3	2052.2	2037.4	2049.7	8
2023-12-01 00:00	2049.8	2091.2	2043.2	2090.0	8
2023-12-01 04:00	2090.1	2104.0	2085.2	2090.7	8
2023-12-01 08:00	2090.8	2108.1	2084.8	2090.5	8
2023-12-01 12:00	2090.7	2092.4	2068.5	2077.7	8
2023-12-01 16:00	2077.7	2107.3	2075.9	2088.0	8
2023-12-01 20:00	2088.1	2093.8	2079.4	2084.3	8
2023-12-02 00:00	2084.3	2093.7	2082.7	2089.8	8
2023-12-02 04:00	2089.7	2103.4	2086.6	2092.9	8
2023-12-02 08:00	2093.9	2104.1	2093.6	2097.4	8
2023-12-02 12:00	2097.3	2106.4	2091.3	2101.4	8
2023-12-02 16:00	2101.3	2185.1	2094.1	2156.0	14
2023-12-02 20:00	2155.9	2172.6	2150.8	2162.3	11
2023-12-03 00:00	2162.3	2174.8	2153.3	2159.0	8
2023-12-03 04:00	2159.1	2162.5	2151.4	2162.1	8
2023-12-03 08:00	2162.3	2165.4	2155.0	2156.8	8
2023-12-03 12:00	2156.8	2162.3	2148.1	2157.9	8
2023-12-03 16:00	2157.9	2166.1	2149.0	2164.8	8
2023-12-03 20:00	2165.1	2213.5	2163.3	2190.8	8
2023-12-04 00:00	2190.9	2226.2	2189.7	2208.7	8
2023-12-04 04:00	2208.8	2261.8	2208.7	2244.2	8
2023-12-04 08:00	2244.5	2271.0	2213.5	2234.8	8
2023-12-04 12:00	2234.9	2253.2	2201.0	2208.5	8
2023-12-04 16:00	2208.6	2232.6	2206.9	2231.8	9
2023-12-04 20:00	2231.9	2250.1	2218.4	2240.0	8
2023-12-05 00:00	2240.2	2250.3	2220.5	2228.0	8
2023-12-05 04:00	2228.0	2234.8	2186.6	2197.5	8
2023-12-05 08:00	2197.7	2207.3	2187.7	2202.0	8
2023-12-05 12:00	2202.1	2231.1	2196.8	2225.7	8
2023-12-05 16:00	2225.8	2306.5	2218.1	2269.7	8
2023-12-05 20:00	2269.8	2295.6	2249.5	2291.1	8
2023-12-06 00:00	2291.2	2309.1	2272.5	2279.5	8
2023-12-06 04:00	2279.6	2282.3	2256.4	2263.0	8
2023-12-06 08:00	2263.0	2284.7	2232.6	2251.1	8
2023-12-06 12:00	2251.1	2266.4	2245.9	2249.8	8
2023-12-06 16:00	2249.8	2281.8	2248.2	2260.6	8
2023-12-06 20:00	2260.6	2262.6	2218.6	2230.2	8
2023-12-07 00:00	2230.3	2247.4	2228.1	2246.4	8
2023-12-07 04:00	2246.4	2266.6	2245.7	2258.9	8
2023-12-07 08:00	2259.0	2266.1	2220.9	2233.3	8
2023-12-07 12:00	2233.3	2326.8	2229.4	2318.7	8
2023-12-07 16:00	2318.8	2352.8	2314.2	2333.3	8
2023-12-07 20:00	2333.3	2380.6	2332.7	2353.8	8
2023-12-08 00:00	2353.8	2384.4	2351.1	2372.7	8
2023-12-08 04:00	2372.9	2388.0	2351.4	2351.4	8
2023-12-08 08:00	2351.5	2370.5	2343.9	2363.5	8
2023-12-08 12:00	2363.5	2373.9	2336.3	2343.1	8
2023-12-08 16:00	2343.1	2358.7	2339.0	2350.4	8
2023-12-08 20:00	2350.5	2374.4	2349.2	2354.4	8
2023-12-09 00:00	2354.7	2363.0	2346.3	2356.9	8
2023-12-09 04:00	2357.2	2382.7	2356.1	2379.4	6
2023-12-09 08:00	2380.5	2399.1	2347.1	2353.9	8
2023-12-09 12:00	2353.9	2366.4	2336.4	2361.1	8
2023-12-09 16:00	2360.7	2362.6	2341.3	2355.3	8
2023-12-09 20:00	2355.3	2360.0	2326.9	2337.4	8
2023-12-10 00:00	2337.6	2352.1	2336.6	2347.9	8
2023-12-10 04:00	2347.9	2355.1	2342.6	2350.9	8
2023-12-10 08:00	2350.9	2352.6	2320.1	2335.0	8
2023-12-10 12:00	2335.0	2352.0	2334.7	2348.7	8
2023-12-10 16:00	2348.8	2357.3	2337.6	2351.9	8
2023-12-10 20:00	2352.0	2374.0	2343.5	2348.8	8
2023-12-11 00:00	2349.2	2352.0	2142.7	2249.2	11
2023-12-11 04:00	2249.1	2251.3	2224.8	2233.8	8
2023-12-11 08:00	2234.0	2249.8	2227.0	2246.5	8
2023-12-11 12:00	2246.5	2249.0	2202.9	2215.0	8
2023-12-11 16:00	2214.9	2217.7	2152.7	2182.9	8
2023-12-11 20:00	2182.6	2223.7	2176.5	2221.5	8
2023-12-12 00:00	2221.2	2240.1	2217.4	2227.5	8
2023-12-12 04:00	2227.6	2235.2	2208.1	2229.6	9
2023-12-12 08:00	2229.5	2234.9	2204.2	2204.7	8
2023-12-12 12:00	2204.5	2229.7	2182.8	2188.8	12
2023-12-12 16:00	2188.8	2194.3	2162.6	2174.4	8
2023-12-12 20:00	2174.5	2203.3	2163.9	2199.8	8
2023-12-13 00:00	2199.5	2202.4	2148.6	2162.3	10
2023-12-13 04:00	2162.4	2175.6	2143.4	2168.5	8
2023-12-13 08:00	2168.6	2181.8	2164.6	2167.1	8
2023-12-13 12:00	2167.0	2221.8	2164.7	2213.1	8
2023-12-13 16:00	2213.2	2251.7	2198.0	2250.1	8
2023-12-13 20:00	2250.2	2279.9	2242.3	2257.8	8
2023-12-14 00:00	2257.6	2259.7	2243.4	2249.0	8
2023-12-14 04:00	2249.2	2280.8	2244.1	2279.9	8
2023-12-14 08:00	2280.0	2304.8	2268.7	2304.3	8
2023-12-14 12:00	2304.4	2314.1	2227.5	2272.6	10
2023-12-14 16:00	2272.6	2311.4	2271.9	2290.3	8
2023-12-14 20:00	2290.2	2329.1	2281.4	2313.2	8
2023-12-15 00:00	2313.3	2315.3	2275.5	2277.4	8
2023-12-15 04:00	2277.5	2281.3	2256.3	2269.5	8
2023-12-15 08:00	2269.4	2283.8	2263.1	2269.9	8
2023-12-15 12:00	2270.1	2270.5	2221.4	2228.4	9
2023-12-15 16:00	2228.2	2245.3	2227.1	2238.8	8
2023-12-15 20:00	2238.7	2249.2	2195.6	2216.1	10
2023-12-16 00:00	2216.4	2253.5	2205.8	2248.7	9
2023-12-16 04:00	2249.0	2250.2	2232.1	2235.8	8
2023-12-16 08:00	2236.4	2248.5	2235.6	2247.8	8
2023-12-16 12:00	2247.9	2254.1	2235.7	2250.8	8
2023-12-16 16:00	2251.0	2257.7	2227.1	2230.3	8
2023-12-16 20:00	2230.4	2236.8	2216.1	2223.5	8
2023-12-17 00:00	2223.2	2227.8	2207.2	2210.8	8
2023-12-17 04:00	2210.7	2217.9	2195.6	2203.0	9
2023-12-17 08:00	2203.1	2214.6	2199.6	2210.6	8
2023-12-17 12:00	2210.5	2220.2	2196.0	2216.2	8
2023-12-17 16:00	2216.3	2235.8	2206.2	2228.1	9
2023-12-17 20:00	2228.2	2242.1	2189.4	2192.7	8
2023-12-18 00:00	2192.6	2199.8	2158.7	2170.4	8
2023-12-18 04:00	2170.6	2179.3	2161.1	2164.1	8
2023-12-18 08:00	2164.1	2172.6	2113.4	2137.1	8
2023-12-18 12:00	2137.3	2168.4	2122.7	2150.6	8
2023-12-18 16:00	2150.7	2172.2	2145.0	2170.9	8
2023-12-18 20:00	2170.9	2220.7	2164.0	2216.5	8
2023-12-19 00:00	2216.5	2247.7	2207.8	2233.2	8
2023-12-19 04:00	2233.2	2249.1	2227.8	2244.2	8
2023-12-19 08:00	2244.2	2251.2	2232.5	2232.7	8
2023-12-19 12:00	2232.7	2237.2	2176.1	2187.2	8
2023-12-19 16:00	2187.2	2201.4	2132.5	2172.6	8
2023-12-19 20:00	2172.6	2182.3	2161.7	2174.7	8
2023-12-20 00:00	2174.7	2187.4	2168.1	2182.4	8
2023-12-20 04:00	2182.5	2218.5	2180.0	2212.3	8
2023-12-20 08:00	2212.2	2220.4	2201.5	2208.0	8
2023-12-20 12:00	2207.8	2262.0	2200.0	2244.4	9
2023-12-20 16:00	2244.4	2246.7	2193.5	2201.5	8
2023-12-20 20:00	2201.6	2204.1	2155.3	2199.2	10
2023-12-21 00:00	2199.2	2199.3	2180.3	2197.5	8
2023-12-21 04:00	2197.6	2216.2	2189.8	2212.6	8
2023-12-21 08:00	2212.7	2253.5	2201.3	2250.5	8
2023-12-21 12:00	2250.6	2276.5	2202.1	2229.5	8
2023-12-21 16:00	2229.5	2242.6	2215.4	2221.9	8
2023-12-21 20:00	2222.2	2259.8	2214.7	2238.2	8
2023-12-22 00:00	2237.4	2259.2	2228.8	2246.5	8
2023-12-22 04:00	2246.7	2294.1	2243.2	2270.6	8
2023-12-22 08:00	2270.6	2328.8	2267.8	2310.1	8
2023-12-22 12:00	2310.2	2340.3	2287.9	2317.9	8
2023-12-22 16:00	2317.9	2339.7	2304.3	2308.9	8
2023-12-22 20:00	2308.9	2325.6	2301.2	2322.5	8
2023-12-23 00:00	2322.7	2328.4	2265.0	2270.8	8
2023-12-23 04:00	2270.4	2292.6	2264.4	2280.9	8
2023-12-23 08:00	2281.8	2291.1	2279.5	2285.5	8
2023-12-23 12:00	2285.6	2296.0	2283.6	2284.1	8
2023-12-23 16:00	2284.1	2309.1	2282.1	2289.7	8
2023-12-23 20:00	2289.8	2312.7	2284.0	2306.3	8
2023-12-24 00:00	2306.3	2323.4	2293.2	2314.5	8
2023-12-24 04:00	2314.5	2319.0	2274.2	2292.9	8
2023-12-24 08:00	2293.0	2295.4	2273.0	2286.7	8
2023-12-24 12:00	2286.4	2305.0	2284.2	2291.6	8
2023-12-24 16:00	2291.6	2295.5	2281.6	2286.1	8
2023-12-24 20:00	2286.2	2286.5	2244.5	2261.5	8
2023-12-25 20:00	2265.3	2282.7	2259.3	2269.7	6
2023-12-26 00:00	2269.7	2272.5	2261.6	2266.1	8
2023-12-26 04:00	2266.2	2268.7	2222.1	2238.0	8
2023-12-26 08:00	2238.0	2240.6	2215.4	2239.1	8
2023-12-26 12:00	2239.1	2247.2	2222.3	2225.4	8
2023-12-26 16:00	2225.5	2229.4	2178.6	2207.9	8
2023-12-26 20:00	2207.9	2229.3	2206.1	2228.2	8
2023-12-27 00:00	2228.3	2230.1	2209.2	2214.6	8
2023-12-27 04:00	2214.6	2228.5	2213.7	2226.2	8
2023-12-27 08:00	2226.2	2288.4	2224.3	2283.4	8
2023-12-27 12:00	2283.4	2353.3	2272.6	2340.2	8
2023-12-27 16:00	2340.7	2374.3	2332.9	2345.2	8
2023-12-27 20:00	2345.3	2390.8	2343.6	2379.3	8
2023-12-28 00:00	2378.7	2443.8	2375.7	2412.7	8
2023-12-28 04:00	2412.8	2423.7	2364.5	2378.3	8
2023-12-28 08:00	2378.4	2408.9	2370.6	2399.7	8
2023-12-28 12:00	2399.8	2410.4	2347.0	2356.8	8
2023-12-28 16:00	2356.8	2379.9	2346.8	2359.8	8
2023-12-28 20:00	2359.9	2361.4	2335.0	2342.9	8
2023-12-29 00:00	2343.0	2362.3	2312.2	2349.3	10
2023-12-29 04:00	2349.4	2357.7	2329.8	2331.3	8
2023-12-29 08:00	2331.1	2376.7	2330.1	2371.2	8
2023-12-29 12:00	2371.3	2383.7	2317.1	2326.1	9
2023-12-29 16:00	2326.1	2331.5	2284.5	2314.4	8
2023-12-29 20:00	2314.4	2314.4	2252.5	2295.2	8
2023-12-30 00:00	2295.2	2305.5	2283.6	2294.1	8
2023-12-30 04:00	2294.3	2304.4	2289.4	2291.7	8
2023-12-30 08:00	2292.7	2293.9	2265.6	2285.3	8
2023-12-30 12:00	2285.3	2313.1	2280.1	2310.1	8
2023-12-30 16:00	2310.1	2319.1	2294.2	2296.0	8
2023-12-30 20:00	2296.6	2302.5	2276.3	2288.7	8
2023-12-31 00:00	2288.9	2300.4	2274.7	2280.4	8
2023-12-31 04:00	2280.5	2300.3	2276.3	2291.2	8
2023-12-31 08:00	2291.3	2311.6	2286.3	2304.4	8
2023-12-31 12:00	2304.5	2316.2	2292.4	2298.4	5
2024-01-01 20:00	2338.2	2349.4	2321.7	2349.4	6
2024-01-02 00:00	2349.4	2395.6	2345.0	2385.2	8
2024-01-02 04:00	2385.3	2390.9	2373.4	2384.8	8
2024-01-02 08:00	2384.9	2430.0	2379.6	2390.0	8
2024-01-02 12:00	2389.9	2403.2	2351.6	2356.6	8
2024-01-02 16:00	2356.5	2370.7	2348.9	2366.9	8
2024-01-02 20:00	2366.9	2378.1	2343.5	2353.3	8
2024-01-03 00:00	2353.3	2382.4	2345.8	2366.6	8
2024-01-03 04:00	2366.7	2378.6	2355.6	2359.6	8
2024-01-03 08:00	2360.1	2382.4	2297.8	2306.5	8
2024-01-03 12:00	2306.5	2306.5	2101.5	2238.6	14
2024-01-03 16:00	2238.7	2243.6	2190.1	2204.5	9
2024-01-03 20:00	2204.5	2225.8	2194.5	2207.8	8
2024-01-04 00:00	2207.8	2238.0	2202.5	2229.8	8
2024-01-04 04:00	2229.9	2244.0	2220.0	2220.2	8
2024-01-04 08:00	2220.3	2229.8	2204.4	2227.1	8
2024-01-04 12:00	2227.4	2283.8	2222.1	2275.7	8
2024-01-04 16:00	2275.8	2293.4	2258.1	2274.2	8
2024-01-04 20:00	2274.4	2293.8	2261.9	2266.2	8
2024-01-05 00:00	2266.4	2274.2	2214.4	2241.1	10
2024-01-05 04:00	2241.1	2263.9	2233.4	2251.6	8
2024-01-05 08:00	2251.8	2267.3	2233.7	2240.5	8
2024-01-05 12:00	2240.5	2252.0	2216.5	2223.0	9
2024-01-05 16:00	2223.0	2239.0	2205.0	2232.7	9
2024-01-05 20:00	2232.8	2274.6	2232.5	2266.2	8
2024-01-06 00:00	2266.6	2267.5	2248.6	2251.1	8
2024-01-06 04:00	2251.1	2253.6	2214.3	2231.0	8
2024-01-06 08:00	2231.9	2238.0	2226.9	2237.0	8
2024-01-06 12:00	2237.0	2246.6	2226.8	2244.8	8
2024-01-06 16:00	2244.8	2252.8	2235.9	2243.2	8
2024-01-06 20:00	2243.2	2245.9	2229.2	2238.9	8
2024-01-07 00:00	2238.5	2252.4	2233.9	2240.3	8
2024-01-07 04:00	2240.5	2249.5	2239.0	2247.2	8
2024-01-07 08:00	2247.2	2251.1	2228.7	2235.2	8
2024-01-07 12:00	2235.3	2255.2	2220.7	2228.8	8
2024-01-07 16:00	2228.7	2248.2	2220.3	2247.0	8
2024-01-07 20:00	2247.0	2249.4	2205.8	2219.9	8
2024-01-08 00:00	2219.9	2222.4	2165.0	2188.8	9
2024-01-08 04:00	2188.8	2227.7	2185.7	2221.9	8
2024-01-08 08:00	2221.9	2239.0	2202.9	2237.8	8
2024-01-08 12:00	2238.1	2281.0	2237.8	2268.2	11
2024-01-08 16:00	2268.2	2357.4	2258.4	2353.5	13
2024-01-08 20:00	2353.4	2356.6	2325.5	2329.1	8
2024-01-09 00:00	2329.1	2335.7	2288.7	2307.8	9
2024-01-09 04:00	2307.8	2316.9	2295.7	2304.4	8
2024-01-09 08:00	2304.4	2309.4	2283.5	2296.7	8
2024-01-09 12:00	2296.7	2302.2	2231.4	2254.9	10
2024-01-09 16:00	2254.8	2275.7	2240.8	2268.2	8
2024-01-09 20:00	2268.3	2368.8	2245.2	2341.8	19
2024-01-10 00:00	2341.8	2397.9	2337.7	2359.1	24
2024-01-10 04:00	2359.1	2390.7	2355.4	2366.3	24
2024-01-10 08:00	2366.5	2427.4	2360.5	2399.8	23
2024-01-10 12:00	2399.9	2453.2	2343.7	2446.9	29
2024-01-10 16:00	2446.2	2479.9	2398.8	2476.7	26
2024-01-10 20:00	2476.2	2637.4	2413.2	2582.1	27
2024-01-11 00:00	2582.1	2612.1	2564.1	2610.6	24
2024-01-11 04:00	2610.4	2627.5	2570.5	2587.2	23
2024-01-11 08:00	2586.8	2664.1	2584.0	2656.2	23
2024-01-11 12:00	2655.9	2688.0	2594.6	2610.0	27
2024-01-11 16:00	2610.7	2622.2	2565.9	2619.7	25
2024-01-11 20:00	2619.5	2630.6	2586.1	2615.8	20
2024-01-12 00:00	2615.7	2622.3	2578.4	2587.1	24
2024-01-12 04:00	2587.0	2622.9	2583.4	2594.1	24
2024-01-12 08:00	2594.0	2665.1	2582.2	2644.9	24
2024-01-12 12:00	2645.2	2715.3	2632.6	2643.4	27
2024-01-12 16:00	2643.3	2684.8	2559.3	2578.8	28
2024-01-12 20:00	2579.0	2595.2	2451.6	2517.7	22
2024-01-13 00:00	2517.7	2551.9	2492.3	2543.6	12
2024-01-13 04:00	2543.3	2556.5	2534.4	2546.5	8
2024-01-13 08:00	2546.6	2557.7	2518.4	2539.4	16
2024-01-13 12:00	2539.2	2562.9	2528.6	2560.8	17
2024-01-13 16:00	2560.7	2576.3	2546.9	2568.5	17
2024-01-13 20:00	2568.6	2587.4	2560.0	2575.5	13
2024-01-14 00:00	2574.8	2576.3	2547.1	2547.7	16
2024-01-14 04:00	2547.6	2552.7	2539.1	2547.8	13
2024-01-14 08:00	2547.7	2550.5	2532.3	2534.4	10
2024-01-14 12:00	2534.3	2543.0	2521.0	2534.4	14
2024-01-14 16:00	2534.5	2541.0	2496.7	2497.5	15
2024-01-14 20:00	2497.4	2526.2	2465.4	2468.2	18
2024-01-15 00:00	2468.1	2510.3	2466.6	2499.9	20
2024-01-15 04:00	2500.0	2518.1	2499.6	2509.4	16
2024-01-15 08:00	2509.5	2538.5	2503.0	2535.5	16
2024-01-15 12:00	2535.6	2545.5	2501.8	2510.7	23
2024-01-15 16:00	2510.5	2549.5	2510.0	2530.3	21
2024-01-15 20:00	2530.2	2535.2	2498.4	2507.9	16
2024-01-16 00:00	2507.9	2533.7	2500.7	2533.1	18
2024-01-16 04:00	2533.0	2537.1	2517.1	2523.1	16
2024-01-16 08:00	2523.2	2543.9	2517.3	2525.7	20
2024-01-16 12:00	2525.7	2567.2	2496.1	2556.2	23
2024-01-16 16:00	2556.0	2576.2	2545.6	2570.7	22
2024-01-16 20:00	2570.9	2611.5	2568.2	2584.1	20
2024-01-17 00:00	2584.0	2590.1	2567.9	2568.2	18
2024-01-17 04:00	2568.4	2572.5	2548.2	2548.7	18
2024-01-17 08:00	2548.7	2550.5	2532.7	2538.3	20
2024-01-17 12:00	2538.4	2570.3	2529.4	2535.0	24
2024-01-17 16:00	2535.1	2540.8	2513.9	2529.0	23
2024-01-17 20:00	2528.9	2540.8	2502.9	2525.5	19
2024-01-18 00:00	2525.5	2529.1	2505.2	2524.5	23
2024-01-18 04:00	2524.7	2534.4	2520.1	2533.3	19
2024-01-18 08:00	2533.2	2544.2	2510.1	2517.6	18
2024-01-18 12:00	2517.5	2530.3	2498.7	2520.6	24
2024-01-18 16:00	2520.6	2521.8	2424.4	2434.1	25
2024-01-18 20:00	2434.2	2467.7	2422.2	2466.4	19
2024-01-19 00:00	2466.5	2469.7	2438.5	2455.0	16
2024-01-19 04:00	2454.8	2469.6	2451.4	2460.1	17
2024-01-19 08:00	2460.1	2489.7	2454.9	2484.2	16
2024-01-19 12:00	2484.3	2495.2	2455.7	2458.6	19
2024-01-19 16:00	2458.8	2498.8	2411.3	2488.1	23
2024-01-19 20:00	2488.1	2500.6	2476.2	2485.8	16
2024-01-20 00:00	2485.7	2485.7	2469.1	2475.5	8
2024-01-20 04:00	2475.6	2480.7	2469.5	2472.9	8
2024-01-20 08:00	2472.8	2474.6	2457.3	2464.6	8
2024-01-20 12:00	2464.6	2470.0	2452.6	2457.9	8
2024-01-20 16:00	2457.8	2462.0	2448.0	2455.2	8
2024-01-20 20:00	2455.1	2472.0	2453.5	2469.3	8
2024-01-21 00:00	2469.3	2477.7	2462.0	2472.1	8
2024-01-21 04:00	2472.2	2473.3	2462.8	2472.5	8
2024-01-21 08:00	2472.6	2479.4	2468.7	2470.8	8
2024-01-21 12:00	2470.7	2478.3	2461.6	2465.3	8
2024-01-21 16:00	2465.3	2475.8	2461.7	2471.7	8
2024-01-21 20:00	2471.5	2472.8	2450.5	2452.9	8
2024-01-22 00:00	2453.0	2463.0	2421.9	2434.5	9
2024-01-22 04:00	2434.5	2435.1	2400.8	2418.1	10
2024-01-22 08:00	2418.0	2418.0	2359.1	2377.5	14
2024-01-22 12:00	2377.7	2401.2	2351.5	2375.0	10
2024-01-22 16:00	2375.5	2382.1	2302.0	2318.4	18
2024-01-22 20:00	2318.3	2348.5	2300.8	2310.4	13
2024-01-23 00:00	2310.3	2339.3	2307.9	2335.3	10
2024-01-23 04:00	2335.2	2347.8	2312.5	2320.1	9
2024-01-23 08:00	2320.0	2322.3	2199.5	2213.5	17
2024-01-23 12:00	2213.4	2228.8	2163.6	2215.2	17
2024-01-23 16:00	2215.3	2229.1	2178.5	2182.4	13
2024-01-23 20:00	2182.4	2244.2	2180.2	2239.1	10
2024-01-24 00:00	2239.8	2251.9	2209.1	2211.0	14
2024-01-24 04:00	2210.4	2241.9	2209.0	2230.6	8
2024-01-24 08:00	2230.5	2261.7	2225.0	2240.6	9
2024-01-24 12:00	2241.1	2245.0	2215.6	2232.1	11
2024-01-24 16:00	2232.2	2241.2	2200.4	2209.8	9
2024-01-24 20:00	2209.6	2237.2	2193.8	2232.1	10
2024-01-25 00:00	2232.5	2236.6	2203.9	2214.2	9
2024-01-25 04:00	2214.1	2225.0	2201.0	2224.3	8
2024-01-25 08:00	2224.5	2239.8	2214.3	2228.5	8
2024-01-25 12:00	2229.0	2231.3	2178.7	2185.5	12
2024-01-25 16:00	2185.6	2221.3	2168.8	2215.1	12
2024-01-25 20:00	2215.5	2227.9	2208.8	2214.9	8
2024-01-26 00:00	2214.6	2234.7	2207.6	2220.0	8
2024-01-26 04:00	2221.0	2226.9	2193.4	2194.5	8
2024-01-26 08:00	2194.0	2257.9	2193.5	2251.2	11
2024-01-26 12:00	2251.1	2261.6	2231.1	2255.0	10
2024-01-26 16:00	2255.0	2279.5	2249.1	2255.8	15
2024-01-26 20:00	2256.0	2267.4	2250.1	2263.2	9
2024-01-27 00:00	2263.9	2278.2	2260.8	2269.3	8
2024-01-27 04:00	2269.4	2271.7	2248.8	2253.7	8
2024-01-27 08:00	2255.8	2268.5	2249.1	2263.1	8
2024-01-27 12:00	2263.1	2272.4	2259.5	2267.7	8
2024-01-27 16:00	2267.7	2274.8	2259.4	2270.3	8
2024-01-27 20:00	2270.4	2273.1	2259.5	2265.6	8
2024-01-28 00:00	2265.6	2286.2	2260.6	2284.4	8
2024-01-28 04:00	2284.4	2305.7	2279.6	2280.6	8
2024-01-28 08:00	2280.8	2298.8	2274.7	2278.8	8
2024-01-28 12:00	2278.7	2283.4	2260.3	2267.4	8
2024-01-28 16:00	2267.3	2273.3	2245.6	2251.4	8
2024-01-28 20:00	2251.3	2263.8	2241.3	2254.4	8
2024-01-29 00:00	2254.5	2275.2	2248.1	2269.2	8
2024-01-29 04:00	2269.1	2271.3	2255.9	2256.6	8
2024-01-29 08:00	2257.2	2274.4	2251.5	2261.4	8
2024-01-29 12:00	2261.6	2272.6	2232.0	2272.1	8
2024-01-29 16:00	2272.6	2311.6	2262.4	2290.9	11
2024-01-29 20:00	2291.0	2320.0	2289.9	2315.1	8
2024-01-30 00:00	2315.0	2325.5	2301.5	2308.9	8
2024-01-30 04:00	2309.0	2311.6	2298.9	2306.6	8
2024-01-30 08:00	2306.7	2314.9	2300.1	2311.4	8
2024-01-30 12:00	2311.5	2344.8	2294.8	2338.5	11
2024-01-30 16:00	2338.6	2378.2	2333.4	2372.5	12
2024-01-30 20:00	2372.6	2389.2	2334.7	2340.6	9
2024-01-31 00:00	2340.7	2349.4	2325.0	2340.4	9
2024-01-31 04:00	2340.4	2341.7	2327.6	2337.1	8
2024-01-31 08:00	2337.2	2339.8	2277.9	2297.3	9
2024-01-31 12:00	2297.3	2329.8	2289.1	2326.9	12
2024-01-31 16:00	2327.0	2347.5	2307.3	2320.3	13
2024-01-31 20:00	2320.2	2321.7	2261.0	2280.6	12
2024-02-01 00:00	2280.6	2286.2	2239.8	2253.9	10
2024-02-01 04:00	2253.9	2274.8	2248.1	2267.7	8
2024-02-01 08:00	2268.4	2275.1	2260.2	2262.5	8
2024-02-01 12:00	2262.7	2305.5	2258.9	2285.7	11
2024-02-01 16:00	2285.6	2309.0	2266.7	2302.4	9
2024-02-01 20:00	2302.3	2307.2	2284.8	2301.5	8
2024-02-02 00:00	2301.4	2317.8	2295.7	2298.8	8
2024-02-02 04:00	2298.9	2316.2	2293.7	2310.6	8
2024-02-02 08:00	2310.5	2316.4	2301.6	2315.5	8
2024-02-02 12:00	2315.5	2321.4	2279.0	2311.3	10
2024-02-02 16:00	2311.3	2320.8	2283.9	2297.7	9
2024-02-02 20:00	2297.8	2304.8	2290.9	2303.9	8
2024-02-03 00:00	2303.9	2324.3	2301.5	2315.9	8
2024-02-03 04:00	2315.9	2319.9	2308.5	2309.4	8
2024-02-03 08:00	2312.0	2313.4	2297.5	2300.4	8
2024-02-03 12:00	2300.3	2306.2	2288.5	2300.8	9
2024-02-03 16:00	2300.7	2309.8	2292.1	2300.3	8
2024-02-03 20:00	2300.2	2302.7	2290.6	2293.6	8
2024-02-04 00:00	2293.6	2303.5	2287.4	2300.4	8
2024-02-04 04:00	2300.4	2300.9	2284.4	2287.9	8
2024-02-04 08:00	2288.0	2306.6	2284.3	2303.6	8
2024-02-04 12:00	2303.4	2306.4	2294.9	2298.8	8
2024-02-04 16:00	2298.5	2304.9	2265.7	2276.7	9
2024-02-04 20:00	2276.8	2307.8	2271.2	2287.2	10
2024-02-05 00:00	2287.2	2294.6	2266.0	2292.5	9
2024-02-05 04:00	2292.3	2309.4	2285.6	2306.7	8
2024-02-05 08:00	2306.1	2329.7	2305.7	2325.6	8
2024-02-05 12:00	2325.8	2334.4	2290.7	2294.4	10
2024-02-05 16:00	2294.4	2309.0	2285.9	2300.7	8
2024-02-05 20:00	2300.5	2302.7	2279.8	2296.1	8
2024-02-06 00:00	2296.1	2326.1	2293.2	2312.9	8
2024-02-06 04:00	2312.9	2323.8	2304.2	2322.9	8
2024-02-06 08:00	2322.9	2340.1	2314.2	2322.6	9
2024-02-06 12:00	2322.7	2345.5	2309.5	2339.6	8
2024-02-06 16:00	2339.8	2377.0	2336.7	2376.5	9
2024-02-06 20:00	2376.6	2388.2	2369.3	2370.1	9
2024-02-07 00:00	2370.1	2387.6	2359.7	2362.1	8
2024-02-07 04:00	2362.0	2365.8	2354.1	2359.0	8
2024-02-07 08:00	2359.1	2373.5	2351.1	2357.7	8
2024-02-07 12:00	2357.6	2382.5	2356.9	2366.3	8
2024-02-07 16:00	2365.7	2422.5	2365.2	2416.7	10
2024-02-07 20:00	2416.8	2442.1	2416.7	2422.6	10
2024-02-08 00:00	2422.7	2441.4	2421.4	2430.9	9
2024-02-08 04:00	2431.1	2432.3	2409.1	2416.9	8
2024-02-08 08:00	2417.0	2426.4	2413.5	2422.7	8
2024-02-08 12:00	2422.8	2459.4	2413.1	2451.4	9
2024-02-08 16:00	2451.3	2453.1	2410.9	2419.1	9
2024-02-08 20:00	2419.4	2431.6	2417.1	2417.3	8
2024-02-09 00:00	2417.2	2463.0	2416.6	2446.1	8
2024-02-09 04:00	2446.4	2460.8	2437.7	2450.9	8
2024-02-09 08:00	2451.0	2503.9	2450.6	2500.8	9
2024-02-09 12:00	2500.3	2520.0	2474.5	2492.6	12
2024-02-09 16:00	2492.4	2520.9	2475.9	2484.1	14
2024-02-09 20:00	2484.1	2504.0	2482.1	2483.5	9
2024-02-10 00:00	2483.4	2511.8	2479.8	2509.7	8
2024-02-10 04:00	2509.6	2513.7	2492.0	2492.8	8
2024-02-10 08:00	2492.7	2496.7	2470.7	2480.9	9
2024-02-10 12:00	2480.9	2494.3	2479.2	2488.5	8
2024-02-10 16:00	2488.4	2495.0	2481.7	2495.0	8
2024-02-10 20:00	2495.1	2514.0	2490.3	2497.8	9
2024-02-11 00:00	2497.9	2526.6	2491.8	2526.6	9
2024-02-11 04:00	2526.5	2534.8	2513.3	2525.2	9
2024-02-11 08:00	2525.3	2537.2	2511.1	2529.0	8
2024-02-11 12:00	2528.9	2529.9	2503.8	2507.0	8
2024-02-11 16:00	2507.0	2517.9	2495.1	2505.7	8
2024-02-11 20:00	2505.8	2511.8	2491.9	2504.7	8
2024-02-12 00:00	2504.6	2522.6	2491.1	2497.4	10
2024-02-12 04:00	2497.6	2501.9	2479.2	2499.3	10
2024-02-12 08:00	2499.4	2502.8	2470.6	2485.6	8
2024-02-12 12:00	2485.4	2560.6	2478.8	2555.4	11
2024-02-12 16:00	2555.5	2636.5	2535.0	2608.1	15
2024-02-12 20:00	2608.3	2663.3	2608.3	2657.4	11
2024-02-13 00:00	2657.5	2683.5	2634.1	2638.0	11
2024-02-13 04:00	2638.0	2651.9	2636.0	2646.8	10
2024-02-13 08:00	2646.9	2683.5	2644.8	2679.3	12
2024-02-13 12:00	2679.4	2683.7	2588.8	2628.5	15
2024-02-13 16:00	2628.8	2638.0	2591.5	2609.0	12
2024-02-13 20:00	2609.1	2646.7	2608.9	2638.8	8
2024-02-14 00:00	2638.1	2642.3	2616.6	2634.5	8
2024-02-14 04:00	2634.4	2652.4	2618.4	2650.9	8
2024-02-14 08:00	2650.8	2757.8	2645.9	2753.5	17
2024-02-14 12:00	2753.6	2769.0	2729.3	2747.0	15
2024-02-14 16:00	2747.5	2763.2	2725.2	2759.7	13
2024-02-14 20:00	2759.4	2784.8	2753.3	2773.7	8
2024-02-15 00:00	2773.9	2824.3	2770.9	2800.9	8
2024-02-15 04:00	2800.7	2800.9	2760.1	2771.1	8
2024-02-15 08:00	2770.8	2801.0	2767.3	2791.5	8
2024-02-15 12:00	2791.4	2866.4	2775.8	2824.0	12
2024-02-15 16:00	2823.8	2839.5	2800.5	2834.3	12
2024-02-15 20:00	2832.4	2844.4	2786.3	2821.6	8
2024-02-16 00:00	2822.3	2856.0	2819.5	2845.3	8
2024-02-16 04:00	2845.3	2850.2	2810.0	2813.4	8
2024-02-16 08:00	2813.3	2833.1	2793.2	2821.7	8
2024-02-16 12:00	2821.8	2845.7	2744.3	2773.7	12
2024-02-16 16:00	2773.7	2804.8	2754.9	2761.1	10
2024-02-16 20:00	2760.7	2808.1	2756.4	2799.8	8
2024-02-17 00:00	2799.8	2802.6	2775.5	2790.5	8
2024-02-17 04:00	2790.5	2795.0	2775.9	2792.2	8
2024-02-17 08:00	2792.1	2793.2	2763.2	2779.1	10
2024-02-17 12:00	2778.7	2784.7	2718.1	2752.4	15
2024-02-17 16:00	2752.2	2774.7	2740.8	2772.0	9
2024-02-17 20:00	2771.9	2798.8	2769.7	2784.3	9
2024-02-18 00:00	2784.4	2794.9	2764.0	2779.8	9
2024-02-18 04:00	2780.0	2804.6	2776.8	2798.2	9
2024-02-18 08:00	2798.1	2820.4	2795.1	2801.3	9
2024-02-18 12:00	2801.3	2810.8	2783.8	2804.9	10
2024-02-18 16:00	2805.0	2842.1	2792.2	2825.5	11
2024-02-18 20:00	2825.6	2891.4	2814.9	2878.9	12
2024-02-19 00:00	2879.1	2890.4	2856.0	2884.4	15
2024-02-19 04:00	2884.3	2928.2	2878.5	2923.9	13
2024-02-19 08:00	2924.1	2925.6	2894.2	2910.6	8
2024-02-19 12:00	2910.5	2917.3	2884.1	2906.5	9
2024-02-19 16:00	2906.0	2951.4	2885.7	2931.7	15
2024-02-19 20:00	2931.6	2980.6	2925.2	2942.3	14
2024-02-20 00:00	2941.8	2953.2	2902.5	2904.9	14
2024-02-20 04:00	2905.0	2932.6	2902.2	2919.1	10
2024-02-20 08:00	2918.9	2938.7	2872.8	2933.2	9
2024-02-20 12:00	2933.0	3001.7	2898.3	2922.7	15
2024-02-20 16:00	2922.6	2984.3	2883.7	2983.5	13
2024-02-20 20:00	2983.4	3030.6	2963.8	3012.9	14
2024-02-21 00:00	3012.9	3015.2	2986.4	3003.2	14
2024-02-21 04:00	3002.9	3007.7	2921.7	2938.0	12
2024-02-21 08:00	2936.3	2954.0	2885.3	2896.6	16
2024-02-21 12:00	2897.0	2926.1	2867.4	2912.0	17
2024-02-21 16:00	2912.1	2935.1	2883.8	2910.4	13
2024-02-21 20:00	2910.3	2977.6	2897.6	2965.9	12
2024-02-22 00:00	2966.1	2966.1	2904.0	2932.7	12
2024-02-22 04:00	2932.8	2995.5	2918.6	2991.4	10
2024-02-22 08:00	2991.4	3029.8	2968.6	2988.3	13
2024-02-22 12:00	2988.2	3002.2	2928.5	2983.4	16
2024-02-22 16:00	2983.5	2999.7	2957.9	2984.5	12
2024-02-22 20:00	2984.3	3033.0	2966.4	2968.0	11
2024-02-23 00:00	2967.9	2991.0	2930.9	2952.7	10
2024-02-23 04:00	2953.0	2965.1	2920.8	2931.0	11
2024-02-23 08:00	2930.9	2945.9	2910.7	2941.2	10
2024-02-23 12:00	2941.3	2960.1	2912.2	2913.7	12
2024-02-23 16:00	2913.8	2948.7	2903.8	2943.6	10
2024-02-23 20:00	2943.6	2951.3	2901.8	2917.7	8
2024-02-24 00:00	2917.8	2932.7	2901.9	2926.4	8
2024-02-24 04:00	2926.4	2960.4	2924.5	2958.5	8
2024-02-24 08:00	2960.9	2963.0	2945.3	2958.9	8
2024-02-24 12:00	2959.0	2965.6	2950.9	2953.0	8
2024-02-24 16:00	2953.1	3003.0	2952.8	2984.8	12
2024-02-24 20:00	2984.9	2992.9	2976.8	2989.7	8
2024-02-25 00:00	2989.8	3045.6	2981.4	3022.7	11
2024-02-25 04:00	3022.9	3044.9	3010.2	3027.5	9
2024-02-25 08:00	3027.6	3038.5	3008.5	3037.5	9
2024-02-25 12:00	3037.6	3070.6	3025.0	3041.2	14
2024-02-25 16:00	3041.3	3084.9	3026.5	3079.2	13
2024-02-25 20:00	3079.1	3118.2	3079.1	3110.3	12
2024-02-26 00:00	3110.3	3131.7	3083.1	3105.4	12
2024-02-26 04:00	3105.2	3112.8	3083.5	3084.8	8
2024-02-26 08:00	3084.7	3100.2	3035.3	3054.7	13
2024-02-26 12:00	3054.8	3144.3	3035.6	3143.8	13
2024-02-26 16:00	3144.2	3181.2	3126.5	3178.4	14
2024-02-26 20:00	3178.6	3194.6	3165.1	3175.0	10
2024-02-27 00:00	3175.1	3272.0	3164.3	3215.7	12
2024-02-27 04:00	3216.7	3236.5	3200.7	3215.4	10
2024-02-27 08:00	3215.7	3267.0	3214.4	3253.6	9
2024-02-27 12:00	3253.8	3286.6	3218.0	3228.2	12
2024-02-27 16:00	3228.0	3258.1	3202.3	3248.8	14
2024-02-27 20:00	3248.9	3264.7	3233.8	3240.6	8
2024-02-28 00:00	3241.1	3256.7	3229.2	3247.6	8
2024-02-28 04:00	3247.5	3304.6	3242.8	3301.2	9
2024-02-28 08:00	3301.3	3367.4	3279.2	3295.1	13
2024-02-28 12:00	3294.6	3374.1	3287.5	3347.4	17
2024-02-28 16:00	3346.2	3485.2	3183.8	3297.0	21
2024-02-28 20:00	3296.8	3384.5	3254.4	3383.2	16
2024-02-29 00:00	3383.3	3464.7	3373.7	3404.8	14
2024-02-29 04:00	3404.9	3491.2	3395.8	3465.6	18
2024-02-29 08:00	3465.7	3520.1	3441.5	3511.3	17
2024-02-29 12:00	3511.2	3515.3	3445.0	3466.5	17
2024-02-29 16:00	3466.6	3469.8	3348.1	3401.1	22
2024-02-29 20:00	3400.4	3413.4	3299.7	3338.0	12
2024-03-01 00:00	3338.1	3386.0	3337.0	3365.3	15
2024-03-01 04:00	3365.2	3395.7	3363.0	3363.8	15
2024-03-01 08:00	3363.7	3435.2	3353.2	3409.0	9
2024-03-01 12:00	3408.7	3446.9	3378.8	3388.1	13
2024-03-01 16:00	3388.2	3433.3	3377.9	3426.7	14
2024-03-01 20:00	3426.6	3450.2	3420.3	3431.9	12
2024-03-02 00:00	3432.4	3457.8	3423.3	3442.4	13
2024-03-02 04:00	3442.5	3449.7	3400.8	3430.6	9
2024-03-02 08:00	3430.6	3436.1	3395.5	3404.8	17
2024-03-02 12:00	3404.6	3427.1	3394.0	3417.9	19
2024-03-02 16:00	3418.2	3430.6	3409.3	3425.2	15
2024-03-02 20:00	3425.1	3430.7	3401.8	3419.7	14
2024-03-03 00:00	3419.5	3432.4	3409.0	3429.5	16
2024-03-03 04:00	3429.5	3444.5	3360.4	3392.1	19
2024-03-03 08:00	3392.0	3412.6	3374.4	3411.0	16
2024-03-03 12:00	3411.0	3445.6	3404.2	3420.9	17
2024-03-03 16:00	3421.0	3481.7	3416.7	3463.7	18
2024-03-03 20:00	3463.7	3488.8	3457.1	3485.6	14
2024-03-04 00:00	3485.7	3526.6	3433.1	3470.5	13
2024-03-04 04:00	3470.4	3486.0	3455.5	3476.6	8
2024-03-04 08:00	3476.7	3541.2	3476.7	3505.1	11
2024-03-04 12:00	3505.1	3566.9	3461.0	3559.7	11
2024-03-04 16:00	3559.7	3607.8	3530.5	3594.1	10
2024-03-04 20:00	3593.3	3640.2	3559.8	3628.3	10
2024-03-05 00:00	3629.0	3696.0	3607.8	3691.0	9
2024-03-05 04:00	3690.8	3739.2	3643.9	3673.6	16
2024-03-05 08:00	3673.6	3740.2	3652.0	3729.7	8
2024-03-05 12:00	3729.8	3824.1	3729.5	3784.3	8
2024-03-05 16:00	3783.2	3793.7	3201.7	3370.6	32
2024-03-05 20:00	3370.8	3580.4	3328.7	3554.3	18
2024-03-06 00:00	3554.4	3592.7	3498.6	3536.8	8
2024-03-06 04:00	3536.9	3787.2	3535.0	3784.7	16
2024-03-06 08:00	3785.1	3893.4	3776.3	3877.0	20
2024-03-06 12:00	3876.9	3898.5	3723.8	3788.0	22
2024-03-06 16:00	3788.1	3880.7	3764.9	3852.9	14
2024-03-06 20:00	3852.8	3894.8	3795.1	3818.2	11
2024-03-07 00:00	3817.5	3849.9	3764.1	3772.8	16
2024-03-07 04:00	3773.0	3800.5	3733.9	3787.6	16
2024-03-07 08:00	3787.3	3813.3	3769.3	3786.5	16
2024-03-07 12:00	3785.9	3854.9	3764.5	3837.9	18
2024-03-07 16:00	3837.1	3885.4	3813.4	3871.7	13
2024-03-07 20:00	3871.8	3935.9	3842.8	3871.0	12
2024-03-08 00:00	3870.6	3941.3	3865.6	3900.0	11
2024-03-08 04:00	3900.0	3949.9	3880.7	3912.1	11
2024-03-08 08:00	3912.0	3955.4	3909.5	3949.7	9
2024-03-08 12:00	3949.8	3995.7	3891.0	3901.3	16
2024-03-08 16:00	3900.3	3978.9	3824.4	3931.5	16
2024-03-08 20:00	3931.6	3958.5	3878.6	3888.3	13
2024-03-09 00:00	3888.5	3935.9	3882.2	3929.4	8
2024-03-09 04:00	3929.5	3947.0	3915.8	3929.5	8
2024-03-09 08:00	3929.6	3938.3	3890.5	3914.1	13
2024-03-09 12:00	3914.0	3932.0	3903.4	3921.8	16
2024-03-09 16:00	3922.4	3926.3	3873.5	3884.6	19
2024-03-09 20:00	3884.6	3917.4	3884.6	3909.4	14
2024-03-10 00:00	3909.6	3945.7	3901.3	3937.1	18
2024-03-10 04:00	3938.0	3954.0	3931.7	3947.3	15
2024-03-10 08:00	3948.0	3967.8	3923.4	3936.5	19
2024-03-10 12:00	3936.3	3951.1	3863.7	3887.9	23
2024-03-10 16:00	3887.9	3928.6	3883.8	3900.4	17
2024-03-10 20:00	3900.4	3907.0	3792.6	3877.6	15
2024-03-11 00:00	3877.9	3886.8	3731.7	3864.2	18
2024-03-11 04:00	3864.3	4006.8	3833.8	3998.2	18
2024-03-11 08:00	3998.8	4051.0	3979.2	4031.7	25
2024-03-11 12:00	4031.7	4063.3	4014.9	4017.2	16
2024-03-11 16:00	4017.3	4085.4	3999.6	4029.2	13
2024-03-11 20:00	4029.9	4079.5	4027.2	4062.4	12
2024-03-12 00:00	4062.7	4089.7	4019.6	4027.5	12
2024-03-12 04:00	4027.5	4049.6	3998.0	4025.2	12
2024-03-12 08:00	4024.9	4062.4	3964.5	4019.4	16
2024-03-12 12:00	4018.8	4049.1	3949.1	3985.5	20
2024-03-12 16:00	3985.6	3990.5	3830.2	3977.8	22
2024-03-12 20:00	3978.5	3978.5	3927.7	3977.5	14
2024-03-13 00:00	3977.5	4043.2	3970.8	4041.9	16
2024-03-13 04:00	4041.8	4075.2	4027.4	4037.0	13
2024-03-13 08:00	4036.7	4080.9	4035.5	4047.2	12
2024-03-13 12:00	4047.9	4052.3	3931.3	3962.9	13
2024-03-13 16:00	3963.0	4010.8	3952.4	4002.0	9
2024-03-13 20:00	4002.0	4019.6	3975.6	4003.5	13
2024-03-14 00:00	4004.4	4008.9	3954.5	3991.2	16
2024-03-14 04:00	3991.1	4003.4	3941.2	3961.4	16
2024-03-14 08:00	3962.2	3995.7	3941.9	3952.6	14
2024-03-14 12:00	3952.4	3966.6	3819.3	3842.3	21
2024-03-14 16:00	3842.4	3892.5	3719.6	3779.4	24
2024-03-14 20:00	3779.5	3888.1	3776.2	3877.9	19
2024-03-15 00:00	3878.2	3928.9	3621.1	3719.1	24
2024-03-15 04:00	3719.0	3776.9	3655.1	3749.8	25
2024-03-15 08:00	3748.9	3758.2	3565.2	3683.6	28
2024-03-15 12:00	3683.0	3737.3	3667.2	3686.1	23
2024-03-15 16:00	3686.1	3802.7	3657.0	3686.6	22
2024-03-15 20:00	3686.5	3744.8	3605.7	3738.9	17
2024-03-16 00:00	3739.4	3777.1	3717.2	3730.4	15
2024-03-16 04:00	3730.5	3739.1	3685.7	3734.7	11
2024-03-16 08:00	3736.7	3737.5	3661.4	3689.4	19
2024-03-16 12:00	3689.4	3708.4	3635.1	3675.6	24
2024-03-16 16:00	3675.8	3676.2	3565.8	3596.3	26
2024-03-16 20:00	3596.2	3629.3	3465.4	3519.1	31
2024-03-17 00:00	3519.5	3577.1	3500.9	3567.2	28
2024-03-17 04:00	3567.1	3568.6	3410.0	3468.6	25
2024-03-17 08:00	3467.9	3599.5	3457.2	3572.7	27
2024-03-17 12:00	3572.5	3641.4	3524.3	3624.3	27
2024-03-17 16:00	3623.8	3651.5	3598.8	3647.4	24
2024-03-17 20:00	3647.5	3675.4	3622.2	3639.8	17
2024-03-18 00:00	3639.8	3641.0	3554.1	3596.0	19
2024-03-18 04:00	3596.0	3639.0	3572.8	3622.7	16
2024-03-18 08:00	3622.0	3623.8	3546.6	3594.9	19
2024-03-18 12:00	3594.7	3609.8	3482.4	3522.4	20
2024-03-18 16:00	3522.4	3560.4	3453.5	3476.2	17
2024-03-18 20:00	3476.4	3544.4	3476.4	3517.6	15
2024-03-19 00:00	3517.5	3542.4	3361.1	3415.8	23
2024-03-19 04:00	3415.6	3424.7	3303.6	3356.0	24
2024-03-19 08:00	3356.0	3357.1	3200.7	3273.0	25
2024-03-19 12:00	3273.1	3320.6	3218.9	3297.7	27
2024-03-19 16:00	3298.2	3357.0	3279.5	3332.0	23
2024-03-19 20:00	3332.1	3336.2	3148.1	3156.5	23
2024-03-20 00:00	3156.5	3260.9	3150.9	3157.7	25
2024-03-20 04:00	3157.6	3222.0	3057.6	3215.2	22
2024-03-20 08:00	3215.3	3292.1	3202.8	3290.7	23
2024-03-20 12:00	3290.7	3394.3	3272.9	3289.8	24
2024-03-20 16:00	3289.5	3402.0	3139.6	3376.0	27
2024-03-20 20:00	3376.5	3532.3	3369.1	3512.8	19
2024-03-21 00:00	3513.2	3558.1	3492.6	3509.4	17
2024-03-21 04:00	3509.4	3534.6	3446.1	3515.3	17
2024-03-21 08:00	3515.4	3583.6	3515.3	3527.6	18
2024-03-21 12:00	3527.8	3571.7	3474.9	3494.2	16
2024-03-21 16:00	3493.4	3542.3	3408.0	3438.7	18
2024-03-21 20:00	3437.6	3517.3	3409.9	3489.7	18
2024-03-22 00:00	3489.7	3523.6	3450.8	3518.8	18
2024-03-22 04:00	3518.2	3539.6	3498.4	3508.3	15
2024-03-22 08:00	3507.9	3520.8	3396.5	3402.4	18
2024-03-22 12:00	3402.2	3422.3	3278.4	3346.5	22
2024-03-22 16:00	3346.6	3357.3	3286.3	3338.7	19
2024-03-22 20:00	3339.0	3342.9	3246.0	3333.1	18
2024-03-23 00:00	3333.6	3359.1	3267.1	3299.8	14
2024-03-23 04:00	3300.2	3376.2	3295.3	3361.4	3
2024-03-23 08:00	3362.7	3376.9	3326.0	3361.6	16
2024-03-23 12:00	3361.7	3420.1	3343.2	3402.9	18
2024-03-23 16:00	3402.9	3432.2	3382.3	3383.6	17
2024-03-23 20:00	3383.7	3398.1	3325.7	3327.1	15
2024-03-24 00:00	3327.2	3365.5	3305.4	3306.0	18
2024-03-24 04:00	3306.2	3340.2	3297.4	3339.5	16
2024-03-24 08:00	3339.7	3389.5	3332.9	3384.5	16
2024-03-24 12:00	3384.6	3411.2	3375.0	3394.3	16
2024-03-24 16:00	3394.4	3405.9	3331.3	3379.7	18
2024-03-24 20:00	3379.6	3468.6	3372.8	3452.1	17
2024-03-25 00:00	3452.4	3458.2	3417.2	3451.6	14
2024-03-25 04:00	3451.7	3503.4	3439.1	3442.0	13
2024-03-25 08:00	3441.9	3469.4	3430.8	3434.1	13
2024-03-25 12:00	3434.2	3584.9	3428.0	3578.8	18
2024-03-25 16:00	3578.7	3656.2	3564.1	3636.9	14
2024-03-25 20:00	3636.7	3643.8	3567.3	3587.6	13
2024-03-26 00:00	3587.9	3640.0	3579.0	3621.5	15
2024-03-26 04:00	3621.6	3675.7	3617.4	3633.2	10
2024-03-26 08:00	3633.3	3668.0	3627.8	3629.3	13
2024-03-26 12:00	3629.2	3650.8	3546.1	3591.0	19
2024-03-26 16:00	3590.7	3600.5	3541.8	3557.8	13
2024-03-26 20:00	3558.0	3610.9	3555.5	3587.5	8
2024-03-27 00:00	3585.2	3624.7	3577.3	3604.5	8
2024-03-27 04:00	3604.0	3613.5	3560.9	3564.4	8
2024-03-27 08:00	3564.7	3587.9	3532.1	3582.2	12
2024-03-27 12:00	3582.2	3662.9	3496.8	3510.0	24
2024-03-27 16:00	3510.2	3528.5	3460.0	3487.7	21
2024-03-27 20:00	3487.7	3517.2	3485.4	3498.4	15
2024-03-28 00:00	3498.4	3528.4	3461.6	3493.5	16
2024-03-28 04:00	3493.4	3576.6	3490.7	3570.7	16
2024-03-28 08:00	3571.0	3590.1	3562.5	3575.9	16
2024-03-28 12:00	3576.0	3608.8	3549.4	3575.8	18
2024-03-28 16:00	3576.0	3578.2	3540.5	3561.7	13
2024-03-28 20:00	3561.9	3576.7	3540.5	3558.5	8
2024-03-29 00:00	3558.2	3581.5	3547.8	3559.6	10
2024-03-29 04:00	3559.5	3577.2	3510.6	3517.1	11
2024-03-29 08:00	3516.6	3560.1	3514.3	3547.1	11
2024-03-29 12:00	3547.0	3555.6	3479.4	3485.7	14
2024-03-29 16:00	3485.6	3499.7	3470.5	3497.5	9
2024-03-29 20:00	3497.0	3521.3	3473.1	3506.9	9
2024-03-30 00:00	3506.9	3517.6	3483.9	3487.0	8
2024-03-30 04:00	3487.0	3528.4	3484.5	3490.2	9
2024-03-30 08:00	3489.9	3561.8	3489.8	3558.6	13
2024-03-30 12:00	3558.5	3563.8	3529.7	3534.8	16
2024-03-30 16:00	3534.9	3546.1	3485.3	3507.0	17
2024-03-30 20:00	3506.8	3516.2	3494.2	3503.7	15
2024-03-31 00:00	3503.8	3541.1	3503.1	3534.6	10
2024-03-31 04:00	3534.7	3628.4	3529.5	3621.8	14
2024-03-31 08:00	3622.4	3629.6	3597.7	3606.3	9
2024-03-31 12:00	3606.4	3634.6	3603.8	3615.1	12
2024-03-31 16:00	3615.2	3652.0	3611.3	3635.2	11
2024-03-31 20:00	3635.2	3647.8	3615.3	3642.7	9
2024-04-01 00:00	3642.8	3643.3	3598.6	3607.8	10
2024-04-01 04:00	3607.7	3611.1	3500.5	3544.5	12
2024-04-01 08:00	3544.3	3558.0	3517.9	3535.9	9
2024-04-01 12:00	3535.8	3567.8	3434.7	3440.6	11
2024-04-01 16:00	3440.5	3487.5	3414.3	3483.8	8
2024-04-01 20:00	3483.7	3512.2	3473.7	3501.0	8
2024-04-02 00:00	3504.2	3504.2	3323.0	3364.8	8
2024-04-02 04:00	3361.6	3388.1	3348.8	3363.5	6
2024-04-02 08:00	3361.8	3369.5	3278.6	3306.8	8
2024-04-02 12:00	3301.8	3321.2	3230.6	3237.9	13
2024-04-02 16:00	3238.1	3282.0	3211.5	3275.5	16
2024-04-02 20:00	3275.9	3303.0	3240.4	3276.2	11
2024-04-03 00:00	3276.1	3320.7	3201.7	3313.3	16
2024-04-03 04:00	3312.7	3321.8	3279.4	3304.8	10
2024-04-03 08:00	3304.6	3355.0	3288.7	3315.5	11
2024-04-03 12:00	3316.0	3361.9	3291.3	3326.5	13
2024-04-03 16:00	3326.6	3364.8	3280.7	3312.6	13
2024-04-03 20:00	3312.5	3322.9	3286.5	3308.6	10
2024-04-04 00:00	3308.4	3330.6	3262.2	3272.3	10
2024-04-04 04:00	3272.4	3330.5	3249.7	3319.9	10
2024-04-04 08:00	3319.8	3352.6	3315.2	3337.6	9
2024-04-04 12:00	3336.5	3392.5	3335.7	3361.8	8
2024-04-04 16:00	3361.6	3440.6	3358.0	3363.7	8
2024-04-04 20:00	3363.7	3367.9	3278.2	3325.6	13
2024-04-05 00:00	3325.6	3332.7	3250.7	3305.5	12
2024-04-05 04:00	3305.4	3315.7	3241.0	3284.6	12
2024-04-05 08:00	3283.4	3310.0	3234.9	3239.8	10
2024-04-05 12:00	3239.7	3327.5	3208.6	3325.7	11
2024-04-05 16:00	3324.7	3343.3	3303.6	3317.6	11
2024-04-05 20:00	3317.4	3342.2	3307.4	3314.9	10
2024-04-06 00:00	3315.0	3343.2	3304.4	3328.0	10
2024-04-06 04:00	3328.0	3349.6	3318.3	3328.7	9
2024-04-06 08:00	3328.6	3348.8	3323.6	3328.3	16
2024-04-06 12:00	3328.4	3358.5	3312.0	3333.3	15
2024-04-06 16:00	3333.2	3354.6	3329.1	3347.0	10
2024-04-06 20:00	3346.9	3395.4	3341.6	3349.9	12
2024-04-07 00:00	3350.0	3409.8	3342.3	3386.4	16
2024-04-07 04:00	3386.5	3403.4	3373.1	3384.0	12
2024-04-07 08:00	3384.2	3392.5	3375.2	3387.8	8
2024-04-07 12:00	3388.0	3417.2	3382.3	3387.4	15
2024-04-07 16:00	3387.5	3409.7	3366.8	3379.0	16
2024-04-07 20:00	3379.0	3456.6	3375.6	3451.3	11
2024-04-08 00:00	3451.5	3454.5	3405.2	3420.2	14
2024-04-08 04:00	3420.5	3474.9	3410.8	3471.1	9
2024-04-08 08:00	3471.0	3636.7	3467.3	3629.6	19
2024-04-08 12:00	3629.6	3668.2	3611.0	3626.3	16
2024-04-08 16:00	3626.3	3708.5	3624.3	3699.4	14
2024-04-08 20:00	3699.8	3727.3	3678.6	3691.7	12
2024-04-09 00:00	3691.8	3723.7	3662.6	3689.8	16
2024-04-09 04:00	3689.6	3699.1	3629.7	3639.4	16
2024-04-09 08:00	3639.3	3644.0	3580.1	3630.0	16
2024-04-09 12:00	3630.0	3640.4	3476.9	3527.0	20
2024-04-09 16:00	3526.6	3529.8	3450.4	3514.6	18
2024-04-09 20:00	3514.2	3522.0	3483.7	3502.8	14
2024-04-10 00:00	3502.8	3534.2	3463.0	3509.9	19
2024-04-10 04:00	3509.9	3550.9	3503.0	3533.9	16
2024-04-10 08:00	3533.8	3537.4	3490.8	3518.5	17
2024-04-10 12:00	3518.9	3525.4	3410.8	3475.6	20
2024-04-10 16:00	3475.9	3544.5	3466.6	3518.8	17
2024-04-10 20:00	3518.7	3557.3	3492.7	3542.6	10
2024-04-11 00:00	3542.8	3573.0	3522.5	3573.0	13
2024-04-11 04:00	3573.1	3601.9	3550.4	3580.4	16
2024-04-11 08:00	3580.6	3614.8	3512.2	3520.2	15
2024-04-11 12:00	3520.3	3571.8	3483.9	3505.3	19
2024-04-11 16:00	3505.9	3519.0	3471.8	3515.2	13
2024-04-11 20:00	3515.0	3529.6	3488.0	3500.2	9
2024-04-12 00:00	3500.3	3535.1	3498.6	3531.7	12
2024-04-12 04:00	3531.6	3550.0	3505.4	3513.7	14
2024-04-12 08:00	3513.7	3538.2	3505.9	3529.4	14
2024-04-12 12:00	3529.3	3529.3	3434.5	3437.4	16
2024-04-12 16:00	3437.4	3451.1	3094.4	3204.0	21
2024-04-12 20:00	3204.1	3253.3	3199.0	3235.0	18
2024-04-13 00:00	3234.6	3234.8	3140.3	3227.3	17
2024-04-13 04:00	3227.2	3269.0	3220.3	3254.2	11
2024-04-13 08:00	3254.1	3298.0	3244.2	3264.7	8
2024-04-13 12:00	3264.5	3293.7	3249.2	3268.9	11
2024-04-13 16:00	3269.0	3276.5	3002.2	3084.2	21
2024-04-13 20:00	3085.0	3091.2	2848.5	3007.6	50
2024-04-14 00:00	3007.4	3020.5	2907.9	2969.3	35
2024-04-14 04:00	2969.2	3101.2	2963.3	3082.8	25
2024-04-14 08:00	3082.6	3098.3	3007.9	3026.0	24
2024-04-14 12:00	3025.8	3071.2	3005.2	3054.3	27
2024-04-14 16:00	3054.4	3099.3	2978.7	3071.0	27
2024-04-14 20:00	3071.0	3172.8	3046.4	3154.0	23
2024-04-15 00:00	3153.8	3156.6	3101.6	3146.4	26
2024-04-15 04:00	3146.2	3254.2	3121.6	3242.7	24
2024-04-15 08:00	3242.8	3276.1	3226.5	3228.2	23
2024-04-15 12:00	3228.3	3242.4	3101.2	3162.4	22
2024-04-15 16:00	3162.6	3178.1	3023.0	3099.6	27
2024-04-15 20:00	3099.4	3126.0	3058.2	3099.4	17
2024-04-16 00:00	3099.6	3118.4	3050.4	3071.2	24
2024-04-16 04:00	3070.5	3125.5	2989.4	3105.8	24
2024-04-16 08:00	3105.7	3108.8	3002.4	3091.1	25
2024-04-16 12:00	3091.2	3093.3	3007.6	3007.6	27
2024-04-16 16:00	3008.4	3082.2	2995.7	3055.2	23
2024-04-16 20:00	3055.6	3115.8	3049.1	3082.1	17
2024-04-17 00:00	3082.5	3105.4	3067.2	3092.6	24
2024-04-17 04:00	3092.8	3120.9	3064.7	3075.8	24
2024-04-17 08:00	3075.6	3086.3	3037.0	3039.4	21
2024-04-17 12:00	3039.4	3061.3	2924.7	2943.9	28
2024-04-17 16:00	2943.9	3040.8	2912.7	2998.4	29
2024-04-17 20:00	2998.7	3012.0	2963.0	2982.6	18
2024-04-18 00:00	2982.3	3032.8	2951.9	3023.2	23
2024-04-18 04:00	3023.1	3031.6	2955.4	2972.5	19
2024-04-18 08:00	2972.6	3062.4	2953.4	3045.3	20
2024-04-18 12:00	3044.9	3091.7	2983.1	3066.5	26
2024-04-18 16:00	3066.8	3081.5	3016.2	3061.8	24
2024-04-18 20:00	3062.1	3077.5	3054.2	3062.4	13
2024-04-19 00:00	3061.7	3067.8	2863.7	2976.9	26
2024-04-19 04:00	2976.8	3125.5	2976.3	3083.2	25
2024-04-19 08:00	3081.2	3121.4	3075.3	3101.6	24
2024-04-19 12:00	3101.4	3119.8	3053.5	3078.6	22
2024-04-19 16:00	3079.0	3104.9	3043.2	3101.5	20
2024-04-19 20:00	3101.7	3102.7	3018.1	3053.6	13
2024-04-20 00:00	3053.6	3068.2	3015.6	3053.2	12
2024-04-20 04:00	3053.0	3067.9	3046.4	3057.7	8
2024-04-20 08:00	3058.1	3058.4	3027.1	3044.2	8
2024-04-20 12:00	3044.6	3111.3	3037.2	3106.8	9
2024-04-20 16:00	3106.9	3162.7	3084.9	3144.8	16
2024-04-20 20:00	3145.0	3167.0	3137.7	3152.8	9
2024-04-21 00:00	3152.7	3194.4	3123.7	3163.8	10
2024-04-21 04:00	3163.9	3188.3	3151.9	3176.6	8
2024-04-21 08:00	3176.6	3184.2	3150.1	3165.2	8
2024-04-21 12:00	3165.0	3173.5	3134.9	3155.6	8
2024-04-21 16:00	3155.5	3158.8	3113.3	3132.8	10
2024-04-21 20:00	3132.5	3165.5	3126.2	3146.3	8
2024-04-22 00:00	3146.4	3206.3	3126.2	3186.5	8
2024-04-22 04:00	3186.5	3232.9	3182.1	3200.9	8
2024-04-22 08:00	3201.0	3221.9	3187.4	3193.1	15
2024-04-22 12:00	3192.0	3209.1	3165.4	3181.6	21
2024-04-22 16:00	3181.5	3215.1	3168.1	3187.1	19
2024-04-22 20:00	3186.9	3221.9	3182.1	3199.2	13
2024-04-23 00:00	3199.0	3220.9	3180.4	3183.4	16
2024-04-23 04:00	3184.0	3192.2	3151.3	3158.8	17
2024-04-23 08:00	3158.7	3184.1	3151.1	3176.9	16
2024-04-23 12:00	3177.0	3261.8	3171.0	3223.9	20
2024-04-23 16:00	3223.3	3244.1	3212.2	3215.8	18
2024-04-23 20:00	3215.7	3219.9	3184.9	3216.6	13
2024-04-24 00:00	3216.5	3246.2	3208.4	3235.2	16
2024-04-24 04:00	3235.1	3272.5	3234.4	3247.4	15
2024-04-24 08:00	3247.5	3284.1	3240.4	3279.1	19
2024-04-24 12:00	3279.0	3290.5	3166.1	3172.6	25
2024-04-24 16:00	3172.6	3190.7	3102.1	3131.4	30
2024-04-24 20:00	3131.4	3148.0	3109.2	3138.0	23
2024-04-25 00:00	3137.9	3168.4	3125.1	3145.0	24
2024-04-25 04:00	3144.6	3164.9	3124.7	3134.1	20
2024-04-25 08:00	3133.7	3150.7	3070.4	3109.9	23
2024-04-25 12:00	3110.1	3165.1	3080.5	3157.3	29
2024-04-25 16:00	3157.1	3173.1	3143.9	3163.6	24
2024-04-25 20:00	3163.3	3189.5	3151.2	3153.6	13
2024-04-26 00:00	3153.5	3162.2	3122.5	3139.7	17
2024-04-26 04:00	3139.6	3151.9	3127.5	3134.1	19
2024-04-26 08:00	3134.2	3155.7	3120.1	3126.7	16
2024-04-26 12:00	3126.3	3165.8	3100.1	3115.1	23
2024-04-26 16:00	3115.2	3152.8	3103.0	3131.6	21
2024-04-26 20:00	3131.7	3148.6	3115.3	3125.7	9
2024-04-27 00:00	3125.7	3133.5	3064.0	3116.5	12
2024-04-27 04:00	3116.2	3130.6	3103.3	3117.1	8
2024-04-27 08:00	3117.0	3125.1	3105.9	3122.4	9
2024-04-27 12:00	3122.3	3163.5	3119.4	3142.4	13
2024-04-27 16:00	3142.4	3281.3	3140.2	3234.8	21
2024-04-27 20:00	3234.9	3260.3	3220.8	3253.1	12
2024-04-28 00:00	3253.1	3326.8	3247.9	3306.4	15
2024-04-28 04:00	3306.4	3335.0	3297.4	3314.9	11
2024-04-28 08:00	3314.9	3322.3	3272.5	3282.8	13
2024-04-28 12:00	3283.1	3325.6	3280.9	3318.6	15
2024-04-28 16:00	3318.5	3354.9	3306.0	3315.4	11
2024-04-28 20:00	3315.4	3318.9	3250.4	3260.9	13
2024-04-29 00:00	3261.1	3285.2	3169.4	3175.3	22
2024-04-29 04:00	3175.1	3204.9	3154.5	3186.1	15
2024-04-29 08:00	3186.2	3193.3	3146.4	3157.9	16
2024-04-29 12:00	3157.8	3183.7	3114.1	3179.9	21
2024-04-29 16:00	3180.0	3187.3	3154.0	3183.6	18
2024-04-29 20:00	3183.3	3233.2	3161.9	3214.7	17
2024-04-30 00:00	3214.5	3248.6	3148.2	3178.4	23
2024-04-30 04:00	3178.5	3183.5	3150.7	3155.0	17
2024-04-30 08:00	3154.9	3159.4	3002.4	3004.8	25
2024-04-30 12:00	3004.7	3034.3	2964.9	2991.4	29
2024-04-30 16:00	2991.5	2996.4	2916.4	2925.2	35
2024-04-30 20:00	2925.1	3026.7	2921.3	3010.6	23
2024-05-01 00:00	3010.4	3021.2	2957.6	3001.6	30
2024-05-01 04:00	3001.7	3010.3	2857.0	2866.6	30
2024-05-01 08:00	2867.0	2903.5	2813.8	2902.7	37
2024-05-01 12:00	2902.4	2931.3	2862.3	2881.8	35
2024-05-01 16:00	2882.0	3012.9	2865.4	2923.4	36
2024-05-01 20:00	2923.5	2981.7	2911.9	2969.8	23
2024-05-02 00:00	2969.0	2979.4	2890.1	2926.9	27
2024-05-02 04:00	2925.7	2936.0	2895.6	2918.9	26
2024-05-02 08:00	2918.8	3000.2	2914.1	2993.1	21
2024-05-02 12:00	2993.2	3010.6	2950.5	2988.4	21
2024-05-02 16:00	2988.5	3004.6	2972.8	2997.8	16
2024-05-02 20:00	2997.9	3014.2	2968.6	2985.5	12
2024-05-03 00:00	2985.4	3034.0	2976.4	3008.3	16
2024-05-03 04:00	3008.3	3014.9	2956.5	2966.5	13
2024-05-03 08:00	2966.6	2988.5	2957.5	2977.4	14
2024-05-03 12:00	2977.2	3083.8	2967.7	3075.7	20
2024-05-03 16:00	3075.5	3086.2	3061.0	3072.3	14
2024-05-03 20:00	3072.3	3125.8	3068.3	3099.7	10
2024-05-04 00:00	3099.8	3127.3	3089.6	3108.5	8
2024-05-04 04:00	3108.4	3119.8	3092.0	3092.9	8
2024-05-04 08:00	3092.4	3165.8	3092.4	3129.4	12
2024-05-04 12:00	3129.3	3157.0	3115.4	3125.5	14
2024-05-04 16:00	3125.6	3138.6	3113.8	3135.9	11
2024-05-04 20:00	3135.9	3144.5	3104.4	3115.8	8
2024-05-05 00:00	3115.8	3124.9	3072.4	3085.7	12
2024-05-05 04:00	3085.8	3114.3	3079.7	3105.1	8
2024-05-05 08:00	3105.0	3169.4	3102.4	3135.8	10
2024-05-05 12:00	3135.7	3165.8	3126.6	3160.3	14
2024-05-05 16:00	3160.4	3164.8	3131.4	3141.7	11
2024-05-05 20:00	3141.7	3144.4	3119.7	3134.3	9
2024-05-06 00:00	3134.5	3163.4	3122.4	3132.4	9
2024-05-06 04:00	3132.3	3189.3	3125.9	3178.2	11
2024-05-06 08:00	3178.3	3218.5	3129.0	3147.2	14
2024-05-06 12:00	3147.1	3152.5	3054.7	3087.8	16
2024-05-06 16:00	3087.7	3093.9	3044.2	3067.2	15
2024-05-06 20:00	3067.1	3086.5	3058.9	3060.3	9
2024-05-07 00:00	3060.5	3094.0	3020.8	3046.9	14
2024-05-07 04:00	3046.5	3080.2	3041.8	3075.9	12
2024-05-07 08:00	3075.3	3127.5	3057.3	3061.3	13
2024-05-07 12:00	3061.6	3102.9	3043.8	3069.0	14
2024-05-07 16:00	3069.1	3077.0	3024.6	3047.4	9
2024-05-07 20:00	3047.3	3058.3	2998.3	3003.2	10
2024-05-08 00:00	3003.3	3035.5	2992.8	3030.0	10
2024-05-08 04:00	3030.2	3033.9	2988.0	2992.7	9
2024-05-08 08:00	2992.6	3007.4	2976.1	2987.9	11
2024-05-08 12:00	2988.1	3029.5	2982.7	3004.6	14
2024-05-08 16:00	3004.9	3021.3	2983.9	2996.7	8
2024-05-08 20:00	2996.8	3000.8	2934.3	2971.7	11
2024-05-09 00:00	2971.3	3002.1	2969.7	2995.3	8
2024-05-09 04:00	2995.4	3012.0	2973.6	2981.3	8
2024-05-09 08:00	2981.1	2989.2	2948.5	2974.9	8
2024-05-09 12:00	2975.8	3015.3	2953.5	3003.9	8
2024-05-09 16:00	3003.7	3023.4	2987.3	3019.1	10
2024-05-09 20:00	3018.9	3056.7	3013.1	3033.7	9
2024-05-10 00:00	3033.8	3040.7	3015.9	3024.1	8
2024-05-10 04:00	3024.1	3050.8	3019.3	3039.9	8
2024-05-10 08:00	3039.5	3042.7	3020.2	3035.5	8
2024-05-10 12:00	3035.6	3041.5	2905.1	2916.0	13
2024-05-10 16:00	2916.1	2931.8	2876.4	2898.8	12
2024-05-10 20:00	2898.9	2911.1	2881.9	2905.1	9
2024-05-11 00:00	2905.0	2931.4	2900.2	2906.1	8
2024-05-11 04:00	2906.0	2923.1	2901.3	2917.0	8
2024-05-11 08:00	2917.5	2920.2	2881.6	2898.0	8
2024-05-11 12:00	2898.0	2939.6	2890.6	2920.4	8
2024-05-11 16:00	2920.6	2935.3	2912.3	2925.0	8
2024-05-11 20:00	2925.0	2925.5	2903.7	2909.4	8
2024-05-12 00:00	2909.3	2922.1	2906.9	2918.1	8
2024-05-12 04:00	2918.2	2929.4	2899.2	2904.7	8
2024-05-12 08:00	2904.8	2940.1	2899.8	2924.6	10
2024-05-12 12:00	2924.7	2940.3	2922.7	2934.8	9
2024-05-12 16:00	2934.9	2951.7	2916.4	2926.5	10
2024-05-12 20:00	2926.4	2933.2	2908.1	2926.8	8
2024-05-13 00:00	2926.9	2940.4	2862.0	2887.6	10
2024-05-13 04:00	2887.5	2954.9	2868.1	2950.7	10
2024-05-13 08:00	2951.0	2993.5	2946.0	2963.2	9
2024-05-13 12:00	2962.4	2983.7	2947.0	2958.9	11
2024-05-13 16:00	2958.5	2975.2	2926.3	2954.4	12
2024-05-13 20:00	2954.2	2957.5	2934.7	2947.9	8
2024-05-14 00:00	2947.8	2957.3	2934.0	2938.2	8
2024-05-14 04:00	2938.0	2945.8	2879.9	2916.5	9
2024-05-14 08:00	2916.7	2917.4	2894.6	2905.4	8
2024-05-14 12:00	2905.2	2920.8	2867.9	2896.2	13
2024-05-14 16:00	2896.4	2897.8	2859.2	2891.0	9
2024-05-14 20:00	2891.0	2899.3	2874.8	2879.6	8
2024-05-15 00:00	2880.0	2900.1	2861.4	2899.7	8
2024-05-15 04:00	2899.7	2918.8	2894.6	2913.9	8
2024-05-15 08:00	2914.0	2930.7	2884.7	2896.3	10
2024-05-15 12:00	2896.3	2990.1	2891.0	2974.7	16
2024-05-15 16:00	2974.5	3023.8	2967.8	3022.8	15
2024-05-15 20:00	3022.7	3039.1	3007.3	3030.9	10
2024-05-16 00:00	3030.5	3038.9	2995.0	3011.7	10
2024-05-16 04:00	3011.5	3019.0	3002.3	3014.0	9
2024-05-16 08:00	3013.9	3025.3	2989.1	3004.8	9
2024-05-16 12:00	3004.7	3006.1	2929.4	2954.7	16
2024-05-16 16:00	2954.6	2958.3	2923.2	2942.5	10
2024-05-16 20:00	2942.4	2944.2	2921.0	2942.4	10
2024-05-17 00:00	2942.5	2953.9	2931.0	2948.2	8
2024-05-17 04:00	2948.2	3030.3	2938.7	3022.6	11
2024-05-17 08:00	3022.7	3055.6	3015.7	3028.2	17
2024-05-17 12:00	3028.1	3115.6	3018.0	3110.0	16
2024-05-17 16:00	3110.0	3117.7	3065.6	3083.2	14
2024-05-17 20:00	3082.8	3092.4	3079.0	3089.0	8
2024-05-18 00:00	3088.9	3122.5	3081.0	3110.8	8
2024-05-18 04:00	3111.1	3116.0	3088.0	3098.9	8
2024-05-18 08:00	3098.7	3143.8	3097.2	3131.2	8
2024-05-18 12:00	3131.3	3132.2	3093.3	3107.3	8
2024-05-18 16:00	3107.4	3117.4	3102.4	3115.9	8
2024-05-18 20:00	3116.0	3123.8	3104.2	3120.6	8
2024-05-19 00:00	3120.9	3134.1	3110.6	3126.9	8
2024-05-19 04:00	3127.0	3128.0	3102.2	3113.4	8
2024-05-19 08:00	3113.5	3122.5	3081.3	3100.3	11
2024-05-19 12:00	3100.3	3100.7	3061.5	3075.0	13
2024-05-19 16:00	3075.1	3079.3	3056.2	3062.6	11
2024-05-19 20:00	3062.5	3079.8	3049.6	3068.9	8
2024-05-20 00:00	3068.8	3096.7	3046.2	3084.8	10
2024-05-20 04:00	3084.9	3136.9	3063.4	3090.1	14
2024-05-20 08:00	3089.7	3111.7	3084.9	3092.0	11
2024-05-20 12:00	3091.9	3118.7	3074.6	3115.8	16
2024-05-20 16:00	3115.9	3454.5	3109.2	3438.1	21
2024-05-20 20:00	3437.4	3689.9	3418.6	3659.0	21
2024-05-21 00:00	3659.1	3718.2	3637.8	3693.6	16
2024-05-21 04:00	3693.5	3697.3	3624.0	3657.7	9
2024-05-21 08:00	3657.6	3820.3	3646.4	3775.2	19
2024-05-21 12:00	3775.1	3832.3	3746.3	3775.2	19
2024-05-21 16:00	3774.9	3836.4	3680.2	3708.8	16
2024-05-21 20:00	3708.6	3818.3	3706.9	3787.3	10
2024-05-22 00:00	3787.5	3810.3	3773.1	3791.1	12
2024-05-22 04:00	3790.4	3792.7	3719.0	3744.5	12
2024-05-22 08:00	3744.7	3776.5	3687.7	3688.2	8
2024-05-22 12:00	3688.4	3771.2	3651.8	3759.1	15
2024-05-22 16:00	3759.2	3794.3	3698.6	3733.9	14
2024-05-22 20:00	3734.3	3777.6	3723.2	3734.5	13
2024-05-23 00:00	3735.2	3785.9	3733.9	3778.9	9
2024-05-23 04:00	3778.8	3831.1	3755.1	3810.7	12
2024-05-23 08:00	3810.6	3919.7	3788.7	3915.3	13
2024-05-23 12:00	3915.2	3944.8	3730.5	3810.2	23
2024-05-23 16:00	3810.0	3823.9	3700.5	3787.7	20
2024-05-23 20:00	3786.8	3897.1	3528.8	3780.2	23
2024-05-24 00:00	3780.2	3826.2	3741.4	3801.1	14
2024-05-24 04:00	3801.1	3812.4	3648.5	3676.7	15
2024-05-24 08:00	3676.9	3714.9	3626.8	3710.3	14
2024-05-24 12:00	3709.9	3729.9	3667.6	3690.8	12
2024-05-24 16:00	3690.7	3751.8	3652.7	3741.5	16
2024-05-24 20:00	3741.7	3752.6	3718.2	3722.7	9
2024-05-25 00:00	3722.8	3742.3	3703.7	3739.8	8
2024-05-25 04:00	3739.5	3773.4	3738.8	3743.4	8
2024-05-25 08:00	3743.9	3772.7	3734.9	3737.1	9
2024-05-25 12:00	3737.1	3755.6	3719.4	3741.5	11
2024-05-25 16:00	3741.5	3762.8	3734.3	3755.2	9
2024-05-25 20:00	3755.1	3757.9	3729.0	3747.0	8
2024-05-26 00:00	3747.0	3768.9	3729.0	3768.5	8
2024-05-26 04:00	3768.6	3792.4	3738.7	3782.5	9
2024-05-26 08:00	3782.8	3819.4	3774.2	3811.0	10
2024-05-26 12:00	3811.1	3872.6	3789.3	3830.4	12
2024-05-26 16:00	3830.3	3879.9	3828.7	3874.7	8
2024-05-26 20:00	3875.4	3875.6	3815.1	3822.7	8
2024-05-27 00:00	3823.9	3936.7	3820.9	3917.0	12
2024-05-27 04:00	3917.0	3932.9	3884.0	3909.6	9
2024-05-27 08:00	3910.5	3950.9	3880.5	3896.6	12
2024-05-27 12:00	3896.6	3974.1	3888.7	3958.8	13
2024-05-27 16:00	3957.9	3970.5	3851.7	3866.1	13
2024-05-27 20:00	3868.5	3900.7	3856.6	3889.8	12
2024-05-28 00:00	3891.4	3906.2	3824.5	3846.1	15
2024-05-28 04:00	3846.1	3861.6	3817.7	3845.0	14
2024-05-28 08:00	3845.0	3927.4	3836.3	3899.5	12
2024-05-28 12:00	3899.7	3908.1	3827.7	3856.9	15
2024-05-28 16:00	3856.9	3865.8	3769.0	3835.3	12
2024-05-28 20:00	3835.7	3867.2	3817.7	3841.5	11
2024-05-29 00:00	3842.0	3859.2	3831.9	3846.2	10
2024-05-29 04:00	3846.2	3883.2	3816.8	3817.1	11
2024-05-29 08:00	3817.7	3826.4	3777.9	3806.4	10
2024-05-29 12:00	3805.0	3835.6	3747.7	3757.1	13
2024-05-29 16:00	3757.2	3774.5	3740.4	3746.5	16
2024-05-29 20:00	3746.7	3789.3	3742.2	3763.4	15
2024-05-30 00:00	3763.7	3795.1	3748.3	3788.7	22
2024-05-30 04:00	3788.8	3799.2	3712.5	3717.5	25
2024-05-30 08:00	3717.4	3753.9	3700.6	3733.7	23
2024-05-30 12:00	3734.2	3795.6	3731.2	3773.6	24
2024-05-30 16:00	3773.5	3821.9	3750.3	3760.4	14
2024-05-30 20:00	3760.6	3760.6	3717.4	3745.1	14
2024-05-31 00:00	3745.1	3765.6	3738.9	3757.7	17
2024-05-31 04:00	3757.8	3763.4	3721.4	3725.9	16
2024-05-31 08:00	3725.8	3810.4	3724.5	3799.8	20
2024-05-31 12:00	3799.9	3842.8	3740.1	3741.0	22
2024-05-31 16:00	3740.9	3789.5	3721.0	3781.5	18
2024-05-31 20:00	3781.6	3798.0	3734.1	3754.1	9
2024-06-01 00:00	3754.8	3774.7	3744.4	3771.3	8
2024-06-01 04:00	3771.4	3786.5	3762.4	3765.4	8
2024-06-01 08:00	3765.5	3801.2	3765.1	3780.7	8
2024-06-01 12:00	3780.8	3805.7	3779.3	3791.5	8
2024-06-01 16:00	3791.5	3802.0	3783.2	3796.2	8
2024-06-01 20:00	3795.9	3829.7	3791.4	3812.8	10
2024-06-02 00:00	3813.0	3834.3	3794.9	3804.0	12
2024-06-02 04:00	3804.0	3820.1	3789.6	3790.5	8
2024-06-02 08:00	3790.3	3806.0	3768.3	3801.4	12
2024-06-02 12:00	3801.5	3806.3	3774.4	3795.9	14
2024-06-02 16:00	3795.9	3800.7	3750.4	3779.1	12
2024-06-02 20:00	3779.0	3790.5	3764.1	3778.9	12
2024-06-03 00:00	3778.3	3818.1	3758.4	3796.8	20
2024-06-03 04:00	3796.7	3839.2	3792.6	3815.2	19
2024-06-03 08:00	3815.1	3836.5	3801.9	3806.2	16
2024-06-03 12:00	3806.2	3848.0	3757.8	3793.8	20
2024-06-03 16:00	3794.1	3795.8	3756.9	3770.4	19
2024-06-03 20:00	3770.9	3782.2	3757.5	3764.2	14
2024-06-04 00:00	3764.6	3781.2	3730.0	3771.0	17
2024-06-04 04:00	3771.2	3776.2	3750.3	3771.9	17
2024-06-04 08:00	3771.9	3779.9	3739.4	3762.6	18
2024-06-04 12:00	3761.8	3815.5	3750.7	3810.0	23
2024-06-04 16:00	3810.0	3829.4	3775.4	3798.5	15
2024-06-04 20:00	3798.5	3818.0	3790.3	3807.8	10
2024-06-05 00:00	3808.8	3836.9	3798.3	3807.7	16
2024-06-05 04:00	3807.6	3817.2	3775.8	3806.7	17
2024-06-05 08:00	3806.8	3808.9	3786.1	3801.1	10
2024-06-05 12:00	3801.9	3821.2	3779.3	3810.6	12
2024-06-05 16:00	3810.7	3874.6	3794.4	3873.7	12
2024-06-05 20:00	3874.3	3884.1	3838.7	3863.1	9
2024-06-06 00:00	3863.2	3875.3	3851.0	3858.9	11
2024-06-06 04:00	3859.5	3862.8	3838.1	3848.9	12
2024-06-06 08:00	3849.3	3853.7	3839.7	3846.9	13
2024-06-06 12:00	3847.1	3863.6	3822.4	3841.8	20
2024-06-06 16:00	3841.9	3852.8	3785.1	3788.2	19
2024-06-06 20:00	3787.6	3812.5	3757.2	3810.8	14
2024-06-07 00:00	3811.0	3811.4	3789.9	3803.5	16
2024-06-07 04:00	3804.0	3822.8	3802.9	3813.4	17
2024-06-07 08:00	3813.5	3836.8	3798.3	3830.0	15
2024-06-07 12:00	3830.8	3838.5	3769.9	3797.9	23
2024-06-07 16:00	3797.9	3804.8	3577.9	3684.5	26
2024-06-07 20:00	3684.5	3692.9	3668.3	3672.0	13
2024-06-08 00:00	3672.0	3686.6	3667.4	3680.5	7
2024-06-08 04:00	3676.7	3706.8	3671.0	3706.3	7
2024-06-08 08:00	3706.3	3706.7	3675.9	3680.5	8
2024-06-08 12:00	3680.6	3694.6	3658.8	3684.5	9
2024-06-08 16:00	3684.6	3691.6	3670.2	3679.6	8
2024-06-08 20:00	3679.7	3681.2	3667.1	3678.6	8
2024-06-09 00:00	3678.5	3681.4	3663.8	3671.1	8
2024-06-09 04:00	3670.9	3688.1	3664.5	3683.2	8
2024-06-09 08:00	3683.2	3690.5	3680.0	3690.3	8
2024-06-09 12:00	3690.2	3709.1	3679.0	3687.8	8
2024-06-09 16:00	3687.8	3705.9	3686.8	3698.0	8
2024-06-09 20:00	3698.3	3716.9	3691.4	3703.5	8
2024-06-10 00:00	3703.5	3703.9	3678.1	3681.3	8
2024-06-10 04:00	3681.0	3689.3	3641.4	3646.3	10
2024-06-10 08:00	3645.9	3677.4	3644.1	3672.9	8
2024-06-10 12:00	3672.9	3710.2	3660.4	3699.4	8
2024-06-10 16:00	3699.5	3702.4	3660.8	3665.3	8
2024-06-10 20:00	3665.4	3673.7	3648.0	3664.5	8
2024-06-11 00:00	3664.5	3669.1	3567.8	3592.8	12
2024-06-11 04:00	3592.1	3592.1	3500.6	3531.3	13
2024-06-11 08:00	3531.2	3545.4	3501.2	3526.3	13
2024-06-11 12:00	3526.3	3541.6	3434.4	3444.1	19
2024-06-11 16:00	3443.7	3499.4	3429.2	3494.1	16
2024-06-11 20:00	3494.0	3505.5	3480.9	3494.5	8
2024-06-12 00:00	3494.4	3510.0	3459.2	3506.7	13
2024-06-12 04:00	3506.8	3529.0	3504.6	3523.9	8
2024-06-12 08:00	3524.2	3560.0	3514.1	3528.9	9
2024-06-12 12:00	3528.5	3653.6	3528.4	3616.5	15
2024-06-12 16:00	3616.6	3622.6	3511.3	3527.4	15
2024-06-12 20:00	3527.2	3571.5	3519.4	3557.8	10
2024-06-13 00:00	3557.7	3559.1	3474.4	3500.7	15
2024-06-13 04:00	3500.7	3514.3	3482.8	3504.7	11
2024-06-13 08:00	3504.8	3509.6	3471.0	3494.7	11
2024-06-13 12:00	3495.1	3528.4	3432.2	3440.1	18
2024-06-13 16:00	3440.4	3488.5	3426.4	3479.1	11
2024-06-13 20:00	3478.7	3488.4	3459.8	3467.0	8
2024-06-14 00:00	3467.1	3506.5	3456.1	3488.6	14
2024-06-14 04:00	3488.8	3529.2	3488.1	3514.3	10
2024-06-14 08:00	3514.3	3527.3	3503.1	3513.3	10
2024-06-14 12:00	3513.3	3522.8	3458.5	3459.2	17
2024-06-14 16:00	3459.3	3464.5	3360.6	3403.9	17
2024-06-14 20:00	3403.8	3523.0	3401.7	3475.2	11
2024-06-15 00:00	3475.1	3497.6	3466.7	3497.6	8
2024-06-15 04:00	3497.8	3550.8	3491.2	3522.6	8
2024-06-15 08:00	3522.7	3535.6	3512.4	3532.0	8
2024-06-15 12:00	3532.3	3587.5	3530.9	3559.8	11
2024-06-15 16:00	3559.6	3569.2	3545.2	3552.4	9
2024-06-15 20:00	3552.3	3572.4	3530.3	3565.6	8
2024-06-16 00:00	3565.5	3570.5	3545.8	3551.7	8
2024-06-16 04:00	3551.8	3571.4	3538.8	3559.2	8
2024-06-16 08:00	3558.9	3566.5	3544.2	3551.8	8
2024-06-16 12:00	3551.4	3608.0	3549.8	3589.2	12
2024-06-16 16:00	3589.1	3605.2	3584.7	3595.9	9
2024-06-16 20:00	3595.9	3647.9	3581.9	3621.7	8
2024-06-17 00:00	3621.8	3635.5	3573.6	3579.3	10
2024-06-17 04:00	3579.6	3592.8	3536.4	3549.7	8
2024-06-17 08:00	3549.8	3557.6	3489.6	3525.1	14
2024-06-17 12:00	3525.1	3543.6	3484.8	3494.5	21
2024-06-17 16:00	3494.3	3575.6	3464.1	3551.3	22
2024-06-17 20:00	3551.4	3553.9	3499.0	3509.0	15
2024-06-18 00:00	3509.1	3514.9	3354.0	3439.1	21
2024-06-18 04:00	3439.2	3460.3	3427.9	3441.1	16
2024-06-18 08:00	3441.7	3449.5	3391.5	3411.8	15
2024-06-18 12:00	3412.1	3437.9	3370.3	3421.4	22
2024-06-18 16:00	3422.1	3433.7	3385.7	3420.5	23
2024-06-18 20:00	3420.5	3487.1	3410.3	3481.1	18
2024-06-19 00:00	3481.5	3570.3	3464.0	3563.6	23
2024-06-19 04:00	3563.7	3582.6	3531.5	3541.9	16
2024-06-19 08:00	3541.8	3562.1	3516.3	3534.6	17
2024-06-19 12:00	3534.7	3548.3	3509.9	3525.1	18
2024-06-19 16:00	3525.0	3585.7	3521.3	3543.9	19
2024-06-19 20:00	3544.5	3574.3	3530.4	3558.1	11
2024-06-20 00:00	3558.2	3591.7	3532.5	3551.0	19
2024-06-20 04:00	3551.2	3613.4	3543.6	3605.5	21
2024-06-20 08:00	3605.3	3623.0	3570.7	3596.5	18
2024-06-20 12:00	3596.6	3609.5	3489.8	3504.5	25
2024-06-20 16:00	3504.4	3538.6	3483.4	3534.6	22
2024-06-20 20:00	3534.3	3536.3	3508.8	3510.6	13
2024-06-21 00:00	3510.5	3533.9	3490.5	3499.1	22
2024-06-21 04:00	3499.1	3519.6	3465.3	3472.5	19
2024-06-21 08:00	3472.5	3528.8	3444.3	3500.9	27
2024-06-21 12:00	3501.0	3517.0	3453.5	3488.9	27
2024-06-21 16:00	3488.9	3534.9	3468.9	3533.8	24
2024-06-21 20:00	3533.5	3545.2	3494.3	3512.8	10
2024-06-22 00:00	3513.1	3515.7	3488.8	3500.9	8
2024-06-22 04:00	3501.2	3503.6	3483.2	3487.9	8
2024-06-22 08:00	3488.2	3492.6	3469.7	3487.2	8
2024-06-22 12:00	3487.1	3505.2	3481.5	3499.5	8
2024-06-22 16:00	3499.7	3502.7	3480.2	3485.5	8
2024-06-22 20:00	3485.4	3505.5	3479.7	3492.5	8
2024-06-23 00:00	3492.6	3516.3	3492.1	3515.5	8
2024-06-23 04:00	3515.6	3518.5	3503.3	3508.3	8
2024-06-23 08:00	3508.4	3510.0	3485.7	3494.3	8
2024-06-23 12:00	3494.4	3500.3	3469.2	3471.9	12
2024-06-23 16:00	3471.8	3478.3	3455.4	3475.8	11
2024-06-23 20:00	3476.2	3476.8	3401.2	3417.4	9
2024-06-24 00:00	3417.9	3431.5	3385.0	3400.5	12
2024-06-24 04:00	3399.4	3410.4	3350.7	3366.6	15
2024-06-24 08:00	3366.0	3391.5	3231.9	3318.6	17
2024-06-24 12:00	3318.6	3334.3	3260.4	3277.7	18
2024-06-24 16:00	3277.8	3311.5	3239.5	3288.5	20
2024-06-24 20:00	3291.2	3360.0	3258.8	3349.4	15
2024-06-25 00:00	3349.4	3382.1	3332.9	3368.6	14
2024-06-25 04:00	3368.6	3391.8	3354.2	3358.0	9
2024-06-25 08:00	3357.9	3387.2	3342.2	3373.2	11
2024-06-25 12:00	3373.3	3422.3	3355.5	3416.9	14
2024-06-25 16:00	3416.7	3426.0	3378.8	3413.8	14
2024-06-25 20:00	3413.5	3416.4	3386.5	3392.1	8
2024-06-26 00:00	3392.0	3423.5	3382.8	3392.2	9
2024-06-26 04:00	3392.9	3402.9	3374.1	3399.3	8
2024-06-26 08:00	3399.4	3399.6	3364.3	3379.0	9
2024-06-26 12:00	3378.9	3392.2	3344.2	3358.9	12
2024-06-26 16:00	3359.2	3406.2	3324.1	3404.9	13
2024-06-26 20:00	3404.8	3414.0	3362.3	3368.1	9
2024-06-27 00:00	3368.1	3388.6	3359.5	3380.4	8
2024-06-27 04:00	3380.4	3386.1	3362.8	3372.5	8
2024-06-27 08:00	3372.5	3409.4	3365.3	3399.3	8
2024-06-27 12:00	3399.4	3473.5	3399.3	3449.2	12
2024-06-27 16:00	3449.3	3462.3	3435.0	3443.2	8
2024-06-27 20:00	3444.3	3447.9	3433.2	3445.5	8
2024-06-28 00:00	3445.5	3484.1	3430.9	3457.3	10
2024-06-28 04:00	3452.7	3457.9	3422.9	3429.2	8
2024-06-28 08:00	3428.6	3457.0	3416.5	3448.4	8
2024-06-28 12:00	3448.4	3471.5	3397.3	3405.7	12
2024-06-28 16:00	3408.3	3411.2	3359.6	3368.7	9
2024-06-28 20:00	3373.1	3388.4	3357.9	3369.3	11
2024-06-29 00:00	3369.4	3389.0	3368.6	3376.0	8
2024-06-29 04:00	3376.0	3402.3	3371.6	3394.4	8
2024-06-29 08:00	3394.4	3400.7	3381.4	3394.8	8
2024-06-29 12:00	3394.7	3398.4	3377.7	3388.4	8
2024-06-29 16:00	3388.8	3390.1	3370.9	3380.5	8
2024-06-29 20:00	3380.5	3384.1	3366.5	3372.9	8
2024-06-30 00:00	3373.0	3383.5	3347.9	3364.9	12
2024-06-30 04:00	3364.9	3394.9	3353.6	3386.7	11
2024-06-30 08:00	3386.8	3393.9	3379.5	3383.2	8
2024-06-30 12:00	3383.2	3397.5	3373.3	3394.2	9
2024-06-30 16:00	3394.2	3427.1	3384.7	3422.7	12
2024-06-30 20:00	3422.7	3450.9	3399.3	3432.5	10
2024-07-01 00:00	3432.5	3517.9	3426.6	3493.6	11
2024-07-01 04:00	3493.6	3495.9	3478.5	3486.1	8
2024-07-01 08:00	3486.1	3491.3	3452.7	3454.9	8
2024-07-01 12:00	3454.9	3477.1	3447.7	3469.0	11
2024-07-01 16:00	3469.0	3494.5	3457.4	3466.8	8
2024-07-01 20:00	3467.7	3471.5	3419.9	3438.6	8
2024-07-02 00:00	3438.6	3459.6	3430.5	3449.8	8
2024-07-02 04:00	3451.7	3460.7	3430.4	3434.7	8
2024-07-02 08:00	3434.7	3449.8	3428.0	3448.4	8
2024-07-02 12:00	3448.3	3456.2	3394.7	3411.3	11
2024-07-02 16:00	3411.3	3428.7	3401.7	3411.3	8
2024-07-02 20:00	3411.5	3422.7	3404.7	3416.4	8
2024-07-03 00:00	3416.4	3426.8	3327.7	3354.5	10
2024-07-03 04:00	3356.2	3368.9	3345.9	3347.0	8
2024-07-03 08:00	3347.3	3352.5	3279.3	3303.3	11
2024-07-03 12:00	3303.3	3322.6	3271.9	3299.7	12
2024-07-03 16:00	3299.7	3317.6	3253.4	3264.1	10
2024-07-03 20:00	3262.6	3301.9	3249.5	3290.5	10
2024-07-04 00:00	3292.4	3308.9	3157.1	3239.1	12
2024-07-04 04:00	3239.2	3243.9	3167.8	3178.9	11
2024-07-04 08:00	3178.9	3192.7	3123.7	3157.1	16
2024-07-04 12:00	3157.1	3157.1	3087.1	3135.1	17
2024-07-04 16:00	3135.2	3149.6	3109.3	3131.1	12
2024-07-04 20:00	3131.3	3164.9	3048.4	3056.6	11
2024-07-05 00:00	3056.5	3106.5	2878.1	2917.9	23
2024-07-05 04:00	2918.5	2925.6	2809.2	2879.7	19
2024-07-05 08:00	2879.2	2954.0	2821.8	2944.8	16
2024-07-05 12:00	2944.7	3001.7	2920.7	2988.8	19
2024-07-05 16:00	2988.9	2998.8	2956.7	2985.9	17
2024-07-05 20:00	2985.8	2989.4	2961.7	2977.5	9
2024-07-06 00:00	2977.4	3022.3	2951.4	2975.9	10
2024-07-06 04:00	2975.8	3013.8	2957.7	3002.3	9
2024-07-06 08:00	3002.6	3012.5	2983.5	3003.6	9
2024-07-06 12:00	3003.5	3028.1	2987.6	3017.9	13
2024-07-06 16:00	3018.0	3063.5	3014.5	3056.1	12
2024-07-06 20:00	3056.2	3078.6	3053.0	3064.7	8
2024-07-07 00:00	3064.8	3070.9	3037.9	3048.7	10
2024-07-07 04:00	3048.8	3048.8	2991.4	3002.2	10
2024-07-07 08:00	3002.3	3029.4	3001.9	3012.9	9
2024-07-07 12:00	3013.0	3021.4	2953.4	2968.5	15
2024-07-07 16:00	2968.5	3006.9	2961.5	2982.8	11
2024-07-07 20:00	2983.0	2997.9	2919.8	2928.7	10
2024-07-08 00:00	2928.2	2949.2	2821.2	2877.2	22
2024-07-08 04:00	2877.3	2930.0	2872.8	2924.4	15
2024-07-08 08:00	2924.5	3092.0	2920.6	3051.1	19
2024-07-08 12:00	3051.1	3061.4	2890.7	2966.7	19
2024-07-08 16:00	2966.9	3007.1	2942.9	3002.0	17
2024-07-08 20:00	3001.9	3040.7	2982.6	3016.5	12
2024-07-09 00:00	3016.3	3073.3	3001.8	3062.1	17
2024-07-09 04:00	3062.0	3087.5	3052.5	3059.5	16
2024-07-09 08:00	3059.6	3111.7	3053.2	3081.1	14
2024-07-09 12:00	3081.0	3106.3	3034.4	3065.7	19
2024-07-09 16:00	3065.5	3085.4	3044.5	3066.3	13
2024-07-09 20:00	3066.4	3076.6	3044.5	3064.2	8
2024-07-10 00:00	3064.2	3080.1	3021.9	3077.9	13
2024-07-10 04:00	3077.8	3127.7	3077.8	3095.3	17
2024-07-10 08:00	3095.2	3106.9	3076.4	3099.9	13
2024-07-10 12:00	3100.2	3126.1	3075.8	3120.2	14
2024-07-10 16:00	3120.2	3148.5	3088.6	3104.5	14
2024-07-10 20:00	3104.7	3108.2	3078.8	3098.7	8
2024-07-11 00:00	3098.7	3126.5	3052.6	3074.3	14
2024-07-11 04:00	3074.7	3121.5	3071.7	3115.7	10
2024-07-11 08:00	3115.6	3154.0	3112.1	3144.7	13
2024-07-11 12:00	3144.6	3213.1	3103.0	3115.9	19
2024-07-11 16:00	3116.0	3145.9	3096.4	3104.8	14
2024-07-11 20:00	3104.7	3119.2	3083.8	3097.0	13
2024-07-12 00:00	3097.1	3115.3	3053.2	3083.2	17
2024-07-12 04:00	3083.1	3096.5	3056.0	3069.8	15
2024-07-12 08:00	3069.9	3083.4	3045.2	3067.7	15
2024-07-12 12:00	3067.7	3137.3	3056.0	3129.4	17
2024-07-12 16:00	3129.3	3155.5	3111.4	3113.8	15
2024-07-12 20:00	3114.0	3131.8	3088.0	3130.7	9
2024-07-13 00:00	3130.5	3136.6	3116.7	3117.6	8
2024-07-13 04:00	3117.6	3139.2	3109.9	3136.8	8
2024-07-13 08:00	3136.8	3166.9	3125.5	3153.2	8
2024-07-13 12:00	3153.8	3161.6	3138.1	3151.6	8
2024-07-13 16:00	3151.5	3162.0	3143.1	3159.9	8
2024-07-13 20:00	3159.7	3198.7	3140.7	3172.6	10
2024-07-14 00:00	3172.3	3190.7	3160.3	3169.4	8
2024-07-14 04:00	3169.4	3203.4	3167.9	3192.6	8
2024-07-14 08:00	3192.5	3222.4	3192.5	3200.0	8
2024-07-14 12:00	3200.2	3201.0	3170.5	3187.0	8
2024-07-14 16:00	3187.0	3194.4	3179.7	3187.5	8
2024-07-14 20:00	3187.3	3265.8	3186.9	3242.3	8
2024-07-15 00:00	3242.2	3338.5	3230.8	3326.7	8
2024-07-15 04:00	3326.7	3366.7	3318.8	3354.3	9
2024-07-15 08:00	3354.5	3370.2	3326.4	3337.8	12
2024-07-15 12:00	3337.9	3391.7	3332.0	3365.5	13
2024-07-15 16:00	3365.4	3429.0	3357.5	3405.1	13
2024-07-15 20:00	3405.9	3492.2	3402.9	3482.7	10
2024-07-16 00:00	3481.5	3495.7	3453.0	3468.8	11
2024-07-16 04:00	3469.0	3476.4	3370.5	3375.3	14
2024-07-16 08:00	3375.1	3422.4	3345.1	3417.2	16
2024-07-16 12:00	3417.3	3483.1	3374.5	3474.6	16
2024-07-16 16:00	3474.5	3492.2	3439.9	3472.6	16
2024-07-16 20:00	3472.5	3473.1	3414.7	3442.7	11
2024-07-17 00:00	3442.7	3514.8	3440.3	3478.3	15
2024-07-17 04:00	3479.3	3512.9	3471.5	3485.1	15
2024-07-17 08:00	3484.8	3498.6	3440.5	3447.2	15
2024-07-17 12:00	3447.3	3473.3	3431.4	3435.5	18
2024-07-17 16:00	3435.5	3437.0	3374.4	3415.2	14
2024-07-17 20:00	3415.1	3426.0	3383.7	3385.1	10
2024-07-18 00:00	3384.9	3437.7	3381.2	3428.6	11
2024-07-18 04:00	3428.8	3451.3	3406.7	3430.9	8
2024-07-18 08:00	3431.2	3458.9	3429.9	3456.6	13
2024-07-18 12:00	3456.9	3487.1	3382.6	3387.0	17
2024-07-18 16:00	3386.9	3421.6	3365.6	3402.6	14
2024-07-18 20:00	3402.9	3434.8	3394.7	3423.6	8
2024-07-19 00:00	3424.0	3429.5	3382.2	3427.1	12
2024-07-19 04:00	3427.5	3447.6	3384.4	3389.1	10
2024-07-19 08:00	3388.9	3408.1	3374.7	3401.1	9
2024-07-19 12:00	3401.8	3471.9	3394.3	3462.5	14
2024-07-19 16:00	3462.4	3538.3	3461.9	3521.1	17
2024-07-19 20:00	3522.0	3523.9	3491.8	3501.4	9
2024-07-20 00:00	3501.5	3506.5	3477.7	3492.8	8
2024-07-20 04:00	3492.8	3506.3	3487.0	3487.2	8
2024-07-20 08:00	3487.0	3493.4	3480.0	3483.6	8
2024-07-20 12:00	3483.7	3505.5	3480.0	3501.7	8
2024-07-20 16:00	3501.8	3537.2	3490.1	3512.4	14
2024-07-20 20:00	3512.5	3524.2	3499.6	3515.5	8
2024-07-21 00:00	3515.6	3527.2	3502.9	3509.5	8
2024-07-21 04:00	3509.3	3511.4	3475.9	3483.5	8
2024-07-21 08:00	3483.4	3504.8	3482.4	3496.4	8
2024-07-21 12:00	3496.3	3514.7	3481.5	3497.9	11
2024-07-21 16:00	3497.8	3522.6	3409.9	3489.4	20
2024-07-21 20:00	3489.3	3543.3	3481.4	3533.6	13
2024-07-22 00:00	3533.7	3560.2	3513.6	3515.1	14
2024-07-22 04:00	3514.7	3521.0	3458.0	3477.0	13
2024-07-22 08:00	3476.3	3501.2	3467.6	3498.0	10
2024-07-22 12:00	3498.1	3504.9	3435.0	3454.9	15
2024-07-22 16:00	3455.1	3496.7	3443.1	3495.7	16
2024-07-22 20:00	3496.1	3497.5	3421.9	3437.6	14
2024-07-23 00:00	3437.5	3487.7	3433.7	3472.8	16
2024-07-23 04:00	3472.7	3481.4	3423.3	3452.4	16
2024-07-23 08:00	3452.4	3538.3	3449.9	3513.0	17
2024-07-23 12:00	3513.1	3516.5	3427.7	3452.9	17
2024-07-23 16:00	3452.5	3495.9	3388.0	3456.8	16
2024-07-23 20:00	3456.6	3497.7	3454.4	3480.1	12
2024-07-24 00:00	3480.2	3485.7	3425.3	3446.5	9
2024-07-24 04:00	3446.0	3449.4	3427.9	3444.3	11
2024-07-24 08:00	3444.6	3470.3	3441.0	3457.5	9
2024-07-24 12:00	3458.0	3469.2	3407.7	3412.9	13
2024-07-24 16:00	3412.8	3430.0	3356.4	3359.7	14
2024-07-24 20:00	3360.0	3373.8	3300.5	3333.5	12
2024-07-25 00:00	3333.4	3339.6	3151.5	3165.7	16
2024-07-25 04:00	3165.5	3191.8	3128.9	3169.5	14
2024-07-25 08:00	3169.3	3185.0	3151.6	3169.5	11
2024-07-25 12:00	3169.4	3180.8	3109.3	3139.3	16
2024-07-25 16:00	3139.7	3169.8	3099.1	3121.4	16
2024-07-25 20:00	3121.3	3195.8	3085.1	3172.7	15
2024-07-26 00:00	3172.5	3257.4	3168.1	3233.9	16
2024-07-26 04:00	3234.3	3273.2	3231.1	3247.5	10
2024-07-26 08:00	3248.2	3261.1	3232.4	3244.3	9
2024-07-26 12:00	3244.4	3268.7	3219.6	3252.6	14
2024-07-26 16:00	3252.7	3283.3	3240.5	3272.3	13
2024-07-26 20:00	3272.3	3282.4	3248.1	3270.6	8
2024-07-27 00:00	3270.5	3271.5	3238.7	3241.3	8
2024-07-27 04:00	3241.2	3273.7	3240.2	3268.4	8
2024-07-27 08:00	3268.1	3279.2	3258.9	3274.8	8
2024-07-27 12:00	3275.1	3323.3	3266.4	3277.2	8
2024-07-27 16:00	3277.2	3287.8	3226.2	3257.9	10
2024-07-27 20:00	3257.8	3291.7	3187.2	3246.9	15
2024-07-28 00:00	3246.8	3253.5	3224.1	3235.9	11
2024-07-28 04:00	3235.8	3241.7	3196.8	3225.1	9
2024-07-28 08:00	3225.2	3262.8	3213.7	3254.2	8
2024-07-28 12:00	3254.3	3276.8	3252.2	3266.5	10
2024-07-28 16:00	3266.6	3281.3	3260.0	3269.4	10
2024-07-28 20:00	3269.5	3271.4	3246.6	3267.7	8
2024-07-29 00:00	3267.8	3353.7	3264.9	3346.5	16
2024-07-29 04:00	3346.6	3386.7	3337.6	3364.5	11
2024-07-29 08:00	3364.6	3394.4	3360.3	3373.1	12
2024-07-29 12:00	3372.8	3384.5	3287.9	3305.9	17
2024-07-29 16:00	3305.4	3320.3	3255.5	3308.1	18
2024-07-29 20:00	3308.4	3348.4	3306.5	3315.8	10
2024-07-30 00:00	3315.5	3335.1	3280.5	3318.2	12
2024-07-30 04:00	3318.2	3349.5	3295.9	3338.1	10
2024-07-30 08:00	3338.4	3353.2	3324.8	3332.4	10
2024-07-30 12:00	3332.2	3363.1	3289.4	3318.7	15
2024-07-30 16:00	3318.6	3325.1	3257.8	3268.9	15
2024-07-30 20:00	3269.1	3282.0	3231.5	3276.8	9
2024-07-31 00:00	3276.7	3301.9	3259.6	3291.6	11
2024-07-31 04:00	3291.3	3329.3	3260.1	3314.9	10
2024-07-31 08:00	3314.7	3323.3	3304.5	3320.4	8
2024-07-31 12:00	3320.4	3345.5	3295.4	3299.3	14
2024-07-31 16:00	3299.4	3323.4	3243.0	3262.7	17
2024-07-31 20:00	3263.1	3268.6	3211.0	3229.6	13
2024-08-01 00:00	3230.1	3239.8	3169.3	3175.1	15
2024-08-01 04:00	3175.1	3185.9	3134.1	3163.8	11
2024-08-01 08:00	3163.7	3190.7	3162.1	3185.5	8
2024-08-01 12:00	3185.4	3203.8	3100.2	3113.8	14
2024-08-01 16:00	3113.6	3131.8	3077.2	3128.2	13
2024-08-01 20:00	3128.0	3213.7	3117.2	3200.1	10
2024-08-02 00:00	3199.7	3215.4	3133.6	3164.6	11
2024-08-02 04:00	3164.5	3171.9	3123.9	3143.7	8
2024-08-02 08:00	3143.7	3163.9	3130.7	3150.1	8
2024-08-02 12:00	3150.1	3178.5	2983.3	3035.7	17
2024-08-02 16:00	3035.8	3045.1	2991.6	3008.0	14
2024-08-02 20:00	3008.7	3037.0	2960.3	2981.5	17
2024-08-03 00:00	2981.5	2995.6	2906.4	2975.2	14
2024-08-03 04:00	2975.2	2991.9	2953.7	2980.7	8
2024-08-03 08:00	2980.8	3001.3	2971.4	2993.9	15
2024-08-03 12:00	2993.8	3013.6	2935.7	2939.9	16
2024-08-03 16:00	2939.8	2952.1	2876.4	2890.6	25
2024-08-03 20:00	2890.8	2919.0	2857.1	2900.6	20
2024-08-04 00:00	2900.5	2931.1	2874.4	2912.5	17
2024-08-04 04:00	2912.7	2918.9	2884.8	2890.1	15
2024-08-04 08:00	2890.3	2921.9	2874.8	2911.1	13
2024-08-04 12:00	2911.0	2922.4	2816.9	2823.1	19
2024-08-04 16:00	2823.5	2834.2	2628.0	2754.9	29
2024-08-04 20:00	2754.8	2768.5	2678.8	2686.6	15
2024-08-05 00:00	2686.4	2694.5	2117.2	2311.4	23
2024-08-05 04:00	2311.6	2383.1	2160.1	2355.7	28
2024-08-05 08:00	2356.1	2359.6	2222.8	2288.2	28
2024-08-05 12:00	2288.3	2458.1	2181.4	2450.4	25
2024-08-05 16:00	2450.2	2515.4	2362.1	2403.2	23
2024-08-05 20:00	2403.2	2472.5	2400.1	2417.4	20
2024-08-06 00:00	2417.2	2545.3	2413.6	2490.1	21
2024-08-06 04:00	2490.5	2533.2	2476.9	2522.4	16
2024-08-06 08:00	2521.6	2522.8	2440.7	2456.6	16
2024-08-06 12:00	2456.4	2552.3	2414.1	2525.4	22
2024-08-06 16:00	2525.9	2546.2	2479.4	2491.3	16
2024-08-06 20:00	2491.1	2510.6	2444.7	2459.6	14
2024-08-07 00:00	2459.5	2527.4	2424.4	2504.8	19
2024-08-07 04:00	2504.9	2532.2	2483.6	2509.0	16
2024-08-07 08:00	2509.3	2549.2	2469.9	2471.5	15
2024-08-07 12:00	2471.2	2484.8	2363.2	2410.5	22
2024-08-07 16:00	2410.6	2413.9	2324.9	2348.1	24
2024-08-07 20:00	2348.2	2367.4	2306.6	2340.9	17
2024-08-08 00:00	2340.7	2462.9	2318.4	2428.1	20
2024-08-08 04:00	2427.9	2442.8	2409.4	2411.7	15
2024-08-08 08:00	2411.9	2458.4	2406.7	2445.5	16
2024-08-08 12:00	2445.6	2523.8	2410.5	2505.6	20
2024-08-08 16:00	2506.3	2603.6	2502.4	2572.2	16
2024-08-08 20:00	2572.5	2721.0	2565.9	2681.2	15
2024-08-09 00:00	2680.5	2699.2	2644.6	2692.3	15
2024-08-09 04:00	2692.4	2704.6	2646.9	2667.9	16
2024-08-09 08:00	2668.0	2679.0	2616.6	2632.7	16
2024-08-09 12:00	2632.8	2661.0	2554.8	2556.1	19
2024-08-09 16:00	2556.2	2607.0	2550.8	2588.4	16
2024-08-09 20:00	2588.5	2610.5	2559.8	2595.6	12
2024-08-10 00:00	2595.8	2641.4	2573.8	2599.0	9
2024-08-10 04:00	2599.2	2634.2	2584.9	2630.8	8
2024-08-10 08:00	2631.3	2639.5	2619.2	2633.2	8
2024-08-10 12:00	2633.2	2634.3	2593.2	2595.8	8
2024-08-10 16:00	2595.8	2619.8	2586.0	2599.1	8
2024-08-10 20:00	2599.0	2615.6	2592.4	2607.6	10
2024-08-11 00:00	2607.5	2665.6	2603.9	2644.6	15
2024-08-11 04:00	2644.5	2679.2	2632.4	2676.0	15
2024-08-11 08:00	2675.9	2716.6	2643.2	2651.5	17
2024-08-11 12:00	2651.4	2654.1	2593.0	2612.1	21
2024-08-11 16:00	2611.9	2643.5	2594.5	2597.4	18
2024-08-11 20:00	2597.1	2600.9	2538.9	2553.3	15
2024-08-12 00:00	2553.1	2575.4	2508.3	2539.0	17
2024-08-12 04:00	2538.8	2580.0	2514.4	2565.7	16
2024-08-12 08:00	2565.8	2680.7	2556.2	2671.3	18
2024-08-12 12:00	2671.1	2718.8	2590.6	2687.3	21
2024-08-12 16:00	2687.1	2696.8	2626.1	2657.5	18
2024-08-12 20:00	2657.6	2747.5	2656.7	2720.5	15
2024-08-13 00:00	2720.5	2736.1	2649.0	2654.1	16
2024-08-13 04:00	2654.0	2661.7	2633.5	2646.6	14
2024-08-13 08:00	2646.9	2656.2	2610.1	2642.2	15
2024-08-13 12:00	2642.3	2672.5	2629.2	2650.2	16
2024-08-13 16:00	2650.4	2727.9	2647.8	2709.8	16
2024-08-13 20:00	2709.1	2730.9	2691.2	2700.1	9
2024-08-14 00:00	2700.4	2723.3	2684.3	2707.2	13
2024-08-14 04:00	2707.7	2747.6	2706.0	2725.2	14
2024-08-14 08:00	2725.6	2761.4	2713.6	2750.2	13
2024-08-14 12:00	2750.0	2776.3	2631.3	2672.4	19
2024-08-14 16:00	2672.3	2672.9	2639.3	2667.1	16
2024-08-14 20:00	2667.0	2677.2	2638.4	2659.3	9
2024-08-15 00:00	2659.6	2671.3	2632.0	2650.2	13
2024-08-15 04:00	2650.3	2654.0	2587.1	2612.5	12
2024-08-15 08:00	2612.6	2641.2	2603.4	2635.5	10
2024-08-15 12:00	2635.3	2673.1	2631.0	2666.1	14
2024-08-15 16:00	2666.0	2672.8	2519.9	2547.7	18
2024-08-15 20:00	2547.6	2587.2	2515.1	2567.7	13
2024-08-16 00:00	2567.9	2606.9	2549.9	2577.7	12
2024-08-16 04:00	2577.8	2626.8	2575.8	2615.1	9
2024-08-16 08:00	2615.1	2624.1	2604.6	2610.2	8
2024-08-16 12:00	2610.7	2616.5	2549.7	2567.4	17
2024-08-16 16:00	2566.8	2628.3	2561.9	2617.5	17
2024-08-16 20:00	2618.2	2623.8	2583.0	2589.4	11
2024-08-17 00:00	2589.3	2604.7	2583.9	2592.4	8
2024-08-17 04:00	2592.3	2600.0	2589.0	2597.7	8
2024-08-17 08:00	2597.8	2605.0	2591.1	2597.2	8
2024-08-17 12:00	2597.1	2616.2	2594.6	2604.5	8
2024-08-17 16:00	2604.6	2625.0	2604.6	2612.7	8
2024-08-17 20:00	2612.8	2615.6	2597.9	2612.1	8
2024-08-18 00:00	2612.2	2635.5	2603.0	2604.5	9
2024-08-18 04:00	2604.4	2608.1	2592.8	2605.5	8
2024-08-18 08:00	2605.4	2662.3	2603.2	2646.9	10
2024-08-18 12:00	2647.0	2684.3	2641.0	2669.8	11
2024-08-18 16:00	2669.9	2676.1	2641.8	2665.6	10
2024-08-18 20:00	2665.7	2668.1	2607.8	2609.8	10
2024-08-19 00:00	2610.0	2645.2	2602.4	2642.3	13
2024-08-19 04:00	2642.0	2645.9	2609.9	2612.1	8
2024-08-19 08:00	2612.2	2620.2	2566.3	2585.4	10
2024-08-19 12:00	2585.3	2602.4	2562.0	2582.4	12
2024-08-19 16:00	2582.2	2627.1	2572.4	2604.3	11
2024-08-19 20:00	2604.4	2638.3	2602.1	2634.2	9
2024-08-20 00:00	2635.2	2674.5	2621.0	2660.4	11
2024-08-20 04:00	2660.6	2693.1	2656.1	2672.6	8
2024-08-20 08:00	2672.6	2674.0	2638.6	2640.9	8
2024-08-20 12:00	2641.0	2653.8	2553.1	2572.8	14
2024-08-20 16:00	2572.7	2604.5	2563.8	2599.9	10
2024-08-20 20:00	2599.8	2607.4	2564.3	2570.6	9
2024-08-21 00:00	2570.5	2595.9	2555.1	2589.1	9
2024-08-21 04:00	2589.2	2604.3	2586.8	2598.4	8
2024-08-21 08:00	2598.5	2605.5	2565.6	2575.7	10
2024-08-21 12:00	2575.1	2615.3	2534.5	2599.5	16
2024-08-21 16:00	2599.9	2647.6	2590.2	2644.5	14
2024-08-21 20:00	2644.6	2660.8	2618.0	2628.3	9
2024-08-22 00:00	2628.4	2637.7	2582.0	2614.3	10
2024-08-22 04:00	2614.4	2639.5	2611.6	2634.1	8
2024-08-22 08:00	2634.1	2641.6	2617.9	2639.8	9
2024-08-22 12:00	2639.2	2642.6	2588.7	2597.1	13
2024-08-22 16:00	2596.9	2616.8	2595.7	2604.3	11
2024-08-22 20:00	2604.4	2624.2	2604.2	2620.7	8
2024-08-23 00:00	2620.8	2650.7	2619.4	2633.5	9
2024-08-23 04:00	2633.6	2687.1	2632.6	2667.1	12
2024-08-23 08:00	2667.0	2678.7	2649.8	2650.8	8
2024-08-23 12:00	2650.7	2697.0	2630.5	2668.7	15
2024-08-23 16:00	2668.8	2748.6	2660.9	2744.9	17
2024-08-23 20:00	2745.1	2796.5	2743.7	2760.5	13
2024-08-24 00:00	2761.1	2767.7	2739.7	2744.6	8
2024-08-24 04:00	2744.4	2762.7	2737.5	2756.9	8
2024-08-24 08:00	2756.8	2782.7	2754.0	2754.9	8
2024-08-24 12:00	2754.8	2762.5	2751.1	2759.7	8
2024-08-24 16:00	2759.5	2817.6	2758.7	2791.4	13
2024-08-24 20:00	2791.5	2804.7	2730.7	2767.0	11
2024-08-25 00:00	2766.8	2780.1	2747.7	2762.2	12
2024-08-25 04:00	2762.3	2768.0	2731.9	2741.9	10
2024-08-25 08:00	2741.4	2758.7	2736.2	2749.0	8
2024-08-25 12:00	2749.1	2770.3	2744.5	2762.0	8
2024-08-25 16:00	2762.2	2771.6	2758.8	2764.3	8
2024-08-25 20:00	2764.5	2788.7	2739.0	2744.6	8
2024-08-26 00:00	2744.7	2759.7	2719.4	2742.4	11
2024-08-26 04:00	2742.9	2750.4	2727.5	2731.5	8
2024-08-26 08:00	2731.2	2746.5	2710.7	2735.4	9
2024-08-26 12:00	2735.3	2740.1	2701.4	2719.5	13
2024-08-26 16:00	2720.1	2729.8	2673.8	2678.5	12
2024-08-26 20:00	2678.6	2690.9	2665.2	2678.3	9
2024-08-27 00:00	2678.2	2691.4	2665.1	2683.1	8
2024-08-27 04:00	2683.1	2697.4	2672.2	2685.6	8
2024-08-27 08:00	2685.7	2689.7	2616.9	2624.3	11
2024-08-27 12:00	2624.2	2626.6	2558.1	2576.7	17
2024-08-27 16:00	2576.5	2589.5	2561.3	2581.8	11
2024-08-27 20:00	2581.7	2585.2	2393.8	2455.5	14
2024-08-28 00:00	2455.4	2477.7	2417.6	2476.1	16
2024-08-28 04:00	2476.2	2483.4	2431.3	2435.0	10
2024-08-28 08:00	2434.9	2547.5	2427.3	2520.9	14
2024-08-28 12:00	2520.5	2537.1	2467.5	2494.1	15
2024-08-28 16:00	2493.9	2543.8	2454.2	2503.1	18
2024-08-28 20:00	2503.0	2552.2	2502.7	2526.0	11
2024-08-29 00:00	2525.9	2535.6	2510.3	2521.1	9
2024-08-29 04:00	2521.1	2556.6	2516.7	2546.0	10
2024-08-29 08:00	2545.5	2571.8	2535.7	2553.2	10
2024-08-29 12:00	2553.0	2594.0	2550.4	2574.8	16
2024-08-29 16:00	2574.3	2583.4	2508.5	2526.2	12
2024-08-29 20:00	2526.3	2541.3	2502.3	2525.6	8
2024-08-30 00:00	2525.4	2532.9	2502.8	2514.4	11
2024-08-30 04:00	2514.5	2531.0	2502.0	2515.0	9
2024-08-30 08:00	2515.1	2526.0	2505.2	2510.1	8
2024-08-30 12:00	2510.2	2548.0	2432.7	2446.3	17
2024-08-30 16:00	2446.5	2539.0	2430.2	2504.5	15
2024-08-30 20:00	2504.3	2526.4	2503.8	2521.5	8
2024-08-31 00:00	2521.4	2529.6	2514.5	2519.1	8
2024-08-31 04:00	2518.8	2525.5	2513.8	2516.5	8
2024-08-31 08:00	2516.5	2525.3	2507.1	2520.9	8
2024-08-31 12:00	2521.0	2523.4	2509.6	2514.5	8
2024-08-31 16:00	2514.5	2515.4	2488.0	2495.6	8
2024-08-31 20:00	2495.6	2525.3	2489.6	2510.7	8
2024-09-01 00:00	2510.6	2513.5	2474.4	2486.5	9
2024-09-01 04:00	2486.4	2488.4	2457.0	2484.1	9
2024-09-01 08:00	2484.2	2490.4	2457.1	2475.2	8
2024-09-01 12:00	2475.1	2486.6	2436.2	2478.3	13
2024-09-01 16:00	2478.2	2511.3	2455.1	2499.0	12
2024-09-01 20:00	2499.1	2513.0	2397.9	2423.7	13
2024-09-02 00:00	2423.4	2452.7	2421.3	2448.0	13
2024-09-02 04:00	2447.9	2463.3	2430.9	2438.6	9
2024-09-02 08:00	2438.7	2535.1	2436.0	2513.2	13
2024-09-02 12:00	2513.5	2525.7	2490.2	2511.0	11
2024-09-02 16:00	2511.3	2528.4	2503.5	2522.1	8
2024-09-02 20:00	2522.1	2562.1	2519.9	2535.8	10
2024-09-03 00:00	2535.9	2550.9	2512.6	2513.5	9
2024-09-03 04:00	2513.6	2523.0	2510.3	2517.8	8
2024-09-03 08:00	2517.3	2518.2	2492.1	2507.3	9
2024-09-03 12:00	2507.0	2516.3	2434.5	2441.6	14
2024-09-03 16:00	2441.6	2466.6	2433.6	2444.4	11
2024-09-03 20:00	2445.0	2467.4	2413.8	2422.5	8
2024-09-04 00:00	2422.8	2446.6	2305.7	2370.4	18
2024-09-04 04:00	2370.3	2411.5	2361.1	2398.8	11
2024-09-04 08:00	2398.9	2407.9	2384.9	2396.6	9
2024-09-04 12:00	2396.4	2456.1	2390.8	2453.1	16
2024-09-04 16:00	2453.0	2487.3	2437.2	2449.7	14
2024-09-04 20:00	2449.8	2464.9	2441.2	2446.4	8
2024-09-05 00:00	2446.3	2463.6	2402.0	2403.2	10
2024-09-05 04:00	2403.4	2416.1	2374.7	2410.1	9
2024-09-05 08:00	2409.9	2413.5	2381.1	2387.2	10
2024-09-05 12:00	2386.9	2411.3	2353.4	2369.0	18
2024-09-05 16:00	2369.2	2393.5	2345.8	2361.3	14
2024-09-05 20:00	2361.1	2375.9	2347.9	2366.3	8
2024-09-06 00:00	2366.1	2405.8	2355.2	2390.3	8
2024-09-06 04:00	2390.8	2394.9	2319.0	2342.1	9
2024-09-06 08:00	2342.0	2377.1	2336.1	2370.6	8
2024-09-06 12:00	2371.2	2406.0	2264.4	2287.9	18
2024-09-06 16:00	2287.9	2290.8	2205.3	2219.8	17
2024-09-06 20:00	2219.9	2226.9	2146.1	2220.2	12
2024-09-07 00:00	2220.2	2237.8	2216.9	2233.5	8
2024-09-07 04:00	2233.4	2291.3	2232.6	2285.7	9
2024-09-07 08:00	2285.6	2297.1	2273.0	2281.2	8
2024-09-07 12:00	2281.2	2309.0	2279.8	2298.2	9
2024-09-07 16:00	2298.0	2302.3	2261.0	2287.9	10
2024-09-07 20:00	2287.8	2288.8	2255.9	2271.0	8
2024-09-08 00:00	2271.1	2286.1	2260.7	2283.5	8
2024-09-08 04:00	2283.6	2302.2	2281.4	2292.4	8
2024-09-08 08:00	2292.5	2307.3	2285.2	2294.1	8
2024-09-08 12:00	2294.0	2296.7	2238.7	2243.2	12
2024-09-08 16:00	2243.3	2281.1	2240.9	2269.7	9
2024-09-08 20:00	2269.6	2329.7	2265.2	2294.9	8
2024-09-09 00:00	2294.9	2318.0	2287.3	2301.9	9
2024-09-09 04:00	2301.9	2314.0	2280.8	2312.2	8
2024-09-09 08:00	2312.0	2336.5	2308.2	2313.1	8
2024-09-09 12:00	2313.1	2323.1	2270.7	2290.1	11
2024-09-09 16:00	2290.2	2350.1	2288.7	2348.3	12
2024-09-09 20:00	2348.2	2378.0	2334.8	2357.2	9
2024-09-10 00:00	2357.3	2358.0	2332.8	2338.5	8
2024-09-10 04:00	2339.0	2364.4	2327.5	2361.2	8
2024-09-10 08:00	2361.1	2369.8	2336.9	2348.6	8
2024-09-10 12:00	2348.5	2361.4	2318.9	2322.7	11
2024-09-10 16:00	2322.5	2388.9	2322.1	2378.5	8
2024-09-10 20:00	2378.4	2397.0	2368.3	2386.1	8
2024-09-11 00:00	2386.2	2387.1	2336.5	2345.9	9
2024-09-11 04:00	2345.8	2345.8	2316.9	2339.3	8
2024-09-11 08:00	2339.2	2339.5	2306.2	2323.1	8
2024-09-11 12:00	2322.8	2353.0	2275.4	2323.6	13
2024-09-11 16:00	2323.3	2366.5	2322.9	2338.6	8
2024-09-11 20:00	2338.4	2349.5	2329.9	2338.1	8
2024-09-12 00:00	2338.2	2389.6	2337.5	2365.8	9
2024-09-12 04:00	2365.9	2377.0	2350.5	2357.3	8
2024-09-12 08:00	2357.2	2363.7	2341.0	2346.1	8
2024-09-12 12:00	2346.2	2364.5	2313.2	2320.9	9
2024-09-12 16:00	2320.7	2359.2	2320.1	2358.7	8
2024-09-12 20:00	2358.7	2371.0	2339.1	2359.5	8
2024-09-13 00:00	2359.4	2362.3	2348.1	2353.8	8
2024-09-13 04:00	2353.9	2357.0	2335.1	2346.6	8
2024-09-13 08:00	2347.0	2373.8	2339.7	2352.1	8
2024-09-13 12:00	2352.2	2410.1	2340.4	2405.6	10
2024-09-13 16:00	2405.5	2426.3	2394.1	2418.9	9
2024-09-13 20:00	2419.1	2462.2	2411.1	2436.9	10
2024-09-14 00:00	2436.9	2438.2	2419.5	2429.9	8
2024-09-14 04:00	2429.7	2430.5	2410.6	2417.0	8
2024-09-14 08:00	2416.9	2418.5	2405.2	2413.8	8
2024-09-14 12:00	2413.9	2420.5	2408.5	2415.0	8
2024-09-14 16:00	2415.1	2417.7	2374.9	2405.0	9
2024-09-14 20:00	2405.2	2418.3	2403.2	2415.7	8
2024-09-15 00:00	2415.8	2428.3	2414.4	2418.1	8
2024-09-15 04:00	2418.0	2422.1	2412.1	2420.6	8
2024-09-15 08:00	2420.7	2421.1	2400.1	2404.6	8
2024-09-15 12:00	2404.4	2416.6	2394.1	2406.5	8
2024-09-15 16:00	2406.6	2406.9	2360.5	2370.1	10
2024-09-15 20:00	2370.1	2370.1	2283.9	2313.8	10
2024-09-16 00:00	2313.9	2320.0	2250.6	2276.1	9
2024-09-16 04:00	2276.0	2310.4	2274.1	2308.4	8
2024-09-16 08:00	2308.3	2333.4	2286.3	2305.5	8
2024-09-16 12:00	2305.2	2310.1	2267.1	2284.9	10
2024-09-16 16:00	2285.2	2308.3	2267.1	2272.9	8
2024-09-16 20:00	2272.7	2299.1	2266.5	2293.1	8
2024-09-17 00:00	2293.2	2296.5	2261.1	2281.7	8
2024-09-17 04:00	2281.8	2308.4	2279.9	2306.8	8
2024-09-17 08:00	2306.9	2321.2	2300.1	2305.8	8
2024-09-17 12:00	2305.7	2391.2	2300.6	2381.5	12
2024-09-17 16:00	2381.4	2387.5	2327.2	2350.7	9
2024-09-17 20:00	2350.8	2359.1	2326.4	2339.5	8
2024-09-18 00:00	2339.2	2339.3	2307.9	2332.5	8
2024-09-18 04:00	2332.4	2333.9	2310.3	2327.7	8
2024-09-18 08:00	2327.6	2327.6	2274.8	2298.1	8
2024-09-18 12:00	2298.2	2315.7	2285.7	2293.7	9
2024-09-18 16:00	2293.6	2362.3	2286.5	2312.5	15
2024-09-18 20:00	2312.6	2373.9	2289.0	2372.3	9
2024-09-19 00:00	2372.4	2410.4	2370.5	2401.4	10
2024-09-19 04:00	2401.5	2440.1	2397.3	2435.4	8
2024-09-19 08:00	2435.5	2439.9	2421.6	2433.0	8
2024-09-19 12:00	2432.9	2450.4	2418.7	2437.7	10
2024-09-19 16:00	2437.6	2492.0	2431.3	2458.5	10
2024-09-19 20:00	2458.5	2476.5	2450.8	2463.1	8
2024-09-20 00:00	2463.0	2519.4	2435.2	2518.4	8
2024-09-20 04:00	2518.3	2569.5	2514.9	2558.7	9
2024-09-20 08:00	2558.8	2562.3	2537.2	2542.6	8
2024-09-20 12:00	2542.4	2567.0	2513.9	2557.6	14
2024-09-20 16:00	2557.7	2566.6	2523.0	2538.8	11
2024-09-20 20:00	2538.9	2558.7	2535.6	2557.7	8
2024-09-21 00:00	2557.8	2584.5	2530.1	2539.8	10
2024-09-21 04:00	2539.9	2556.6	2524.4	2553.4	8
2024-09-21 08:00	2553.5	2555.1	2542.8	2554.3	8
2024-09-21 12:00	2554.4	2574.4	2548.6	2557.6	10
2024-09-21 16:00	2557.7	2576.1	2553.9	2569.7	8
2024-09-21 20:00	2569.6	2620.2	2557.7	2610.3	10
2024-09-22 00:00	2610.4	2629.7	2585.9	2592.6	11
2024-09-22 04:00	2592.5	2602.3	2573.8	2585.6	8
2024-09-22 08:00	2585.6	2593.3	2568.0	2578.4	8
2024-09-22 12:00	2578.2	2585.7	2553.4	2568.2	10
2024-09-22 16:00	2568.1	2589.3	2550.3	2576.0	11
2024-09-22 20:00	2576.0	2591.5	2522.6	2578.8	9
2024-09-23 00:00	2579.2	2684.2	2537.7	2674.4	15
2024-09-23 04:00	2674.4	2678.7	2634.2	2644.0	8
2024-09-23 08:00	2644.1	2658.4	2631.7	2643.7	8
2024-09-23 12:00	2643.6	2682.5	2629.8	2673.0	13
2024-09-23 16:00	2672.8	2700.8	2655.8	2670.1	10
2024-09-23 20:00	2670.2	2680.0	2638.1	2644.6	8
2024-09-24 00:00	2645.0	2649.1	2607.1	2625.1	8
2024-09-24 04:00	2625.1	2647.0	2616.8	2644.6	8
2024-09-24 08:00	2644.7	2665.4	2633.1	2634.5	8
2024-09-24 12:00	2634.7	2644.0	2589.5	2610.0	10
2024-09-24 16:00	2610.4	2654.4	2608.9	2648.4	8
2024-09-24 20:00	2648.2	2668.7	2638.1	2650.9	8
2024-09-25 00:00	2651.0	2671.4	2630.3	2644.4	8
2024-09-25 04:00	2644.5	2644.5	2608.7	2619.3	8
2024-09-25 08:00	2619.4	2628.1	2611.8	2625.1	8
2024-09-25 12:00	2625.1	2627.1	2593.7	2598.5	8
2024-09-25 16:00	2598.7	2606.9	2564.5	2568.5	8
2024-09-25 20:00	2568.4	2582.4	2553.2	2577.5	8
2024-09-26 00:00	2577.8	2603.7	2557.1	2600.0	8
2024-09-26 04:00	2600.1	2632.5	2589.7	2627.3	8
2024-09-26 08:00	2627.4	2637.1	2610.5	2626.0	8
2024-09-26 12:00	2626.5	2661.5	2607.5	2649.6	12
2024-09-26 16:00	2649.7	2663.8	2625.1	2647.0	8
2024-09-26 20:00	2646.8	2652.7	2615.3	2629.9	8
2024-09-27 00:00	2629.9	2642.4	2613.0	2636.2	8
2024-09-27 04:00	2636.3	2666.0	2634.5	2654.9	8
2024-09-27 08:00	2654.8	2675.2	2639.1	2649.7	8
2024-09-27 12:00	2649.5	2697.2	2640.0	2681.4	9
2024-09-27 16:00	2681.4	2725.8	2676.2	2699.8	9
2024-09-27 20:00	2699.6	2704.6	2686.2	2691.0	8
2024-09-28 00:00	2691.0	2700.9	2684.1	2686.7	8
2024-09-28 04:00	2686.6	2696.4	2671.0	2674.1	8
2024-09-28 08:00	2674.2	2674.8	2648.0	2672.9	9
2024-09-28 12:00	2673.0	2673.4	2650.3	2667.7	8
2024-09-28 16:00	2667.8	2682.2	2659.9	2676.0	8
2024-09-28 20:00	2675.9	2678.2	2653.4	2672.9	8
2024-09-29 00:00	2673.0	2681.4	2661.4	2672.5	8
2024-09-29 04:00	2672.6	2672.6	2633.1	2638.4	10
2024-09-29 08:00	2638.2	2652.8	2632.0	2650.4	8
2024-09-29 12:00	2650.5	2666.9	2638.9	2664.0	10
2024-09-29 16:00	2664.1	2669.6	2648.2	2664.4	8
2024-09-29 20:00	2664.6	2671.3	2645.9	2655.3	8
2024-09-30 00:00	2655.7	2660.9	2599.8	2627.3	10
2024-09-30 04:00	2627.2	2641.1	2620.7	2635.4	8
2024-09-30 08:00	2635.5	2640.6	2590.7	2626.6	9
2024-09-30 12:00	2627.0	2636.5	2591.8	2593.7	8
2024-09-30 16:00	2593.7	2607.7	2572.5	2592.1	8
2024-09-30 20:00	2592.4	2615.0	2574.1	2599.7	9
2024-10-01 00:00	2599.8	2630.7	2588.8	2627.4	8
2024-10-01 04:00	2627.5	2656.5	2625.2	2643.0	8
2024-10-01 08:00	2643.1	2644.7	2626.4	2626.5	8
2024-10-01 12:00	2626.4	2631.1	2483.1	2522.2	14
2024-10-01 16:00	2522.1	2528.7	2427.9	2486.2	17
2024-10-01 20:00	2486.0	2490.0	2411.4	2445.7	12
2024-10-02 00:00	2445.4	2496.7	2439.7	2487.2	8
2024-10-02 04:00	2487.1	2490.2	2464.8	2479.7	8
2024-10-02 08:00	2479.5	2484.5	2439.5	2452.7	8
2024-10-02 12:00	2452.8	2461.2	2416.7	2458.3	14
2024-10-02 16:00	2458.1	2476.3	2365.8	2370.0	13
2024-10-02 20:00	2369.8	2390.3	2348.6	2361.7	11
2024-10-03 00:00	2361.3	2397.1	2350.4	2396.9	10
2024-10-03 04:00	2396.8	2400.9	2357.5	2362.3	8
2024-10-03 08:00	2362.3	2367.5	2316.8	2350.0	11
2024-10-03 12:00	2349.9	2363.7	2307.7	2338.2	15
2024-10-03 16:00	2338.1	2351.9	2309.4	2351.3	10
2024-10-03 20:00	2351.2	2355.4	2330.4	2347.5	8
2024-10-04 00:00	2347.4	2377.4	2336.8	2364.7	8
2024-10-04 04:00	2364.6	2385.1	2363.3	2379.0	8
2024-10-04 08:00	2379.2	2391.1	2371.4	2383.5	8
2024-10-04 12:00	2383.4	2415.8	2350.1	2414.6	14
2024-10-04 16:00	2414.9	2439.2	2407.5	2426.2	8
2024-10-04 20:00	2426.3	2429.2	2407.9	2410.1	8
2024-10-05 00:00	2410.1	2424.0	2385.9	2395.3	8
2024-10-05 04:00	2395.2	2422.4	2392.7	2410.5	8
2024-10-05 08:00	2410.5	2425.5	2410.4	2415.0	8
2024-10-05 12:00	2415.1	2421.8	2402.5	2412.6	8
2024-10-05 16:00	2412.5	2413.8	2390.5	2394.2	8
2024-10-05 20:00	2394.3	2417.2	2387.7	2412.3	8
2024-10-06 00:00	2412.3	2420.5	2404.6	2411.3	8
2024-10-06 04:00	2411.4	2418.7	2408.0	2415.0	8
2024-10-06 08:00	2415.1	2428.3	2413.2	2424.2	8
2024-10-06 12:00	2424.3	2455.4	2422.4	2444.3	9
2024-10-06 16:00	2444.3	2450.5	2431.3	2439.1	8
2024-10-06 20:00	2439.2	2442.2	2411.2	2437.7	8
2024-10-07 00:00	2437.4	2510.7	2433.4	2493.0	9
2024-10-07 04:00	2493.3	2496.4	2474.9	2478.0	8
2024-10-07 08:00	2478.1	2486.3	2435.4	2473.5	8
2024-10-07 12:00	2473.7	2518.6	2460.2	2471.9	9
2024-10-07 16:00	2471.8	2478.8	2417.9	2442.7	9
2024-10-07 20:00	2443.3	2454.9	2402.3	2420.3	8
2024-10-08 00:00	2420.1	2445.8	2420.1	2435.8	8
2024-10-08 04:00	2435.9	2443.4	2408.2	2426.1	8
2024-10-08 08:00	2425.9	2438.5	2415.0	2437.0	8
2024-10-08 12:00	2437.2	2450.6	2396.8	2417.0	10
2024-10-08 16:00	2416.9	2453.2	2408.9	2436.9	8
2024-10-08 20:00	2437.6	2463.7	2431.7	2438.3	8
2024-10-09 00:00	2438.2	2470.5	2424.8	2444.3	8
2024-10-09 04:00	2444.2	2450.2	2429.8	2433.5	8
2024-10-09 08:00	2433.5	2439.9	2425.4	2438.8	8
2024-10-09 12:00	2438.8	2469.4	2420.8	2458.8	9
2024-10-09 16:00	2458.8	2459.8	2405.5	2416.2	10
2024-10-09 20:00	2416.2	2416.2	2346.7	2373.2	9
2024-10-10 00:00	2373.1	2397.3	2365.0	2392.7	8
2024-10-10 04:00	2392.7	2408.5	2386.7	2393.9	8
2024-10-10 08:00	2393.9	2404.6	2366.3	2404.1	8
2024-10-10 12:00	2404.1	2405.2	2368.0	2402.1	12
2024-10-10 16:00	2402.1	2418.1	2328.4	2364.7	15
2024-10-10 20:00	2364.6	2383.7	2356.3	2383.3	8
2024-10-11 00:00	2383.4	2413.7	2378.2	2408.4	8
2024-10-11 04:00	2408.4	2415.9	2398.4	2404.9	8
2024-10-11 08:00	2404.7	2423.1	2399.7	2415.8	8
2024-10-11 12:00	2416.1	2451.8	2412.6	2442.0	8
2024-10-11 16:00	2442.1	2469.4	2431.6	2457.7	8
2024-10-11 20:00	2457.6	2460.5	2429.2	2434.8	8
2024-10-12 00:00	2434.8	2446.5	2429.1	2433.9	8
2024-10-12 04:00	2434.0	2446.5	2433.9	2441.5	8
2024-10-12 08:00	2441.5	2462.2	2437.5	2447.5	8
2024-10-12 12:00	2447.4	2479.0	2443.7	2468.3	8
2024-10-12 16:00	2468.4	2481.8	2461.9	2467.7	8
2024-10-12 20:00	2467.6	2488.2	2463.9	2474.4	8
2024-10-13 00:00	2474.4	2483.0	2451.5	2456.0	8
2024-10-13 04:00	2455.9	2467.4	2455.3	2463.1	8
2024-10-13 08:00	2463.1	2469.7	2455.5	2456.3	8
2024-10-13 12:00	2456.3	2468.4	2434.5	2438.5	9
2024-10-13 16:00	2438.3	2460.3	2435.9	2456.0	8
2024-10-13 20:00	2456.1	2478.9	2450.9	2467.0	8
2024-10-14 00:00	2467.3	2523.5	2441.6	2519.0	8
2024-10-14 04:00	2519.0	2546.2	2509.8	2533.7	8
2024-10-14 08:00	2533.8	2544.7	2517.9	2535.9	8
2024-10-14 12:00	2536.0	2640.8	2532.6	2633.5	10
2024-10-14 16:00	2633.2	2638.4	2613.3	2618.7	8
2024-10-14 20:00	2617.8	2651.8	2612.3	2627.9	8
2024-10-15 00:00	2628.6	2635.4	2606.6	2610.3	8
2024-10-15 04:00	2610.4	2621.7	2588.5	2613.6	8
2024-10-15 08:00	2613.8	2620.7	2578.2	2584.3	8
2024-10-15 12:00	2584.4	2686.4	2535.6	2571.5	16
2024-10-15 16:00	2571.8	2616.0	2569.2	2590.6	8
2024-10-15 20:00	2590.2	2606.6	2561.7	2605.4	8
2024-10-16 00:00	2605.5	2628.6	2586.8	2615.0	8
2024-10-16 04:00	2614.9	2622.6	2597.0	2605.2	8
2024-10-16 08:00	2605.1	2640.6	2603.1	2628.4	8
2024-10-16 12:00	2628.6	2645.6	2593.7	2605.7	12
2024-10-16 16:00	2605.4	2626.1	2589.7	2613.0	8
2024-10-16 20:00	2612.9	2626.1	2607.2	2609.2	8
2024-10-17 00:00	2609.3	2643.1	2608.3	2638.8	8
2024-10-17 04:00	2638.6	2646.2	2617.2	2626.5	8
2024-10-17 08:00	2626.7	2628.3	2594.5	2596.2	8
2024-10-17 12:00	2596.3	2629.1	2581.8	2626.2	8
2024-10-17 16:00	2626.2	2627.3	2573.6	2593.5	9
2024-10-17 20:00	2593.4	2612.9	2592.6	2603.6	8
2024-10-18 00:00	2603.4	2649.4	2594.6	2608.0	8
2024-10-18 04:00	2608.1	2643.6	2607.0	2642.8	8
2024-10-18 08:00	2642.7	2648.2	2618.8	2619.9	8
2024-10-18 12:00	2619.8	2661.6	2610.4	2651.2	8
2024-10-18 16:00	2651.3	2673.7	2627.8	2649.6	8
2024-10-18 20:00	2649.4	2650.2	2628.8	2637.7	8
2024-10-19 00:00	2637.7	2658.6	2630.2	2641.6	8
2024-10-19 04:00	2641.9	2646.2	2633.2	2636.5	8
2024-10-19 08:00	2636.7	2646.6	2629.2	2629.6	8
2024-10-19 12:00	2629.5	2652.5	2629.3	2643.8	8
2024-10-19 16:00	2643.9	2644.7	2635.1	2639.5	8
2024-10-19 20:00	2639.4	2653.6	2638.6	2646.4	8
2024-10-20 00:00	2646.4	2651.6	2633.7	2638.4	8
2024-10-20 04:00	2638.4	2649.8	2636.4	2644.2	8
2024-10-20 08:00	2644.3	2649.5	2641.0	2647.5	8
2024-10-20 12:00	2647.6	2718.5	2639.9	2704.5	11
2024-10-20 16:00	2704.4	2707.6	2681.2	2697.9	8
2024-10-20 20:00	2697.8	2757.1	2695.0	2745.1	8
2024-10-21 00:00	2745.0	2767.4	2723.5	2732.0	8
2024-10-21 04:00	2732.4	2742.4	2719.8	2720.1	8
2024-10-21 08:00	2720.2	2727.3	2700.1	2702.9	8
2024-10-21 12:00	2702.8	2709.1	2657.2	2677.5	8
2024-10-21 16:00	2677.4	2682.7	2653.2	2677.9	8
2024-10-21 20:00	2678.0	2679.7	2663.5	2664.3	8
2024-10-22 00:00	2664.6	2669.8	2613.0	2642.5	9
2024-10-22 04:00	2642.4	2657.1	2633.2	2644.2	8
2024-10-22 08:00	2641.9	2646.9	2611.1	2630.7	8
2024-10-22 12:00	2630.8	2642.8	2604.2	2622.2	8
2024-10-22 16:00	2622.0	2631.5	2604.9	2625.8	8
2024-10-22 20:00	2625.6	2642.0	2616.3	2620.8	8
2024-10-23 00:00	2620.9	2624.1	2599.8	2614.4	8
2024-10-23 04:00	2614.3	2622.1	2600.9	2600.9	8
2024-10-23 08:00	2600.9	2606.0	2561.7	2578.9	8
2024-10-23 12:00	2579.0	2584.2	2528.2	2538.3	8
2024-10-23 16:00	2539.1	2539.8	2448.6	2510.0	13
2024-10-23 20:00	2510.0	2526.1	2497.4	2522.7	8
2024-10-24 00:00	2522.7	2558.5	2507.4	2542.8	10
2024-10-24 04:00	2542.9	2560.1	2538.2	2542.1	8
2024-10-24 08:00	2542.1	2548.7	2506.4	2527.2	9
2024-10-24 12:00	2527.3	2542.3	2511.5	2523.8	9
2024-10-24 16:00	2523.7	2539.9	2504.9	2537.5	8
2024-10-24 20:00	2537.5	2557.8	2524.2	2533.7	9
2024-10-25 00:00	2533.4	2536.2	2507.7	2519.6	8
2024-10-25 04:00	2519.5	2520.3	2460.4	2480.5	8
2024-10-25 08:00	2481.0	2544.7	2476.6	2543.0	9
2024-10-25 12:00	2543.1	2564.0	2506.7	2522.8	12
2024-10-25 16:00	2523.0	2534.5	2452.2	2473.7	17
2024-10-25 20:00	2473.8	2488.0	2375.3	2431.7	16
2024-10-26 00:00	2431.7	2449.2	2421.3	2444.2	9
2024-10-26 04:00	2444.2	2471.9	2443.4	2458.2	8
2024-10-26 08:00	2458.2	2471.4	2455.9	2465.4	8
2024-10-26 12:00	2465.2	2471.3	2435.0	2449.8	8
2024-10-26 16:00	2450.4	2480.3	2450.4	2478.9	7
2024-10-26 20:00	2479.3	2499.4	2476.3	2480.2	8
2024-10-27 00:00	2480.3	2482.1	2466.9	2481.8	8
2024-10-27 04:00	2481.7	2484.1	2475.1	2478.5	8
2024-10-27 08:00	2478.5	2481.7	2461.6	2467.0	8
2024-10-27 12:00	2466.9	2503.4	2466.6	2499.6	15
2024-10-27 16:00	2499.5	2508.5	2483.2	2492.0	11
2024-10-27 20:00	2491.9	2521.0	2483.2	2505.8	10
2024-10-28 00:00	2505.8	2510.1	2469.6	2475.6	16
2024-10-28 04:00	2475.6	2524.2	2471.2	2509.3	14
2024-10-28 08:00	2509.4	2542.2	2503.1	2525.0	17
2024-10-28 12:00	2525.0	2534.4	2496.6	2499.3	23
2024-10-28 16:00	2499.3	2522.4	2487.2	2504.8	19
2024-10-28 20:00	2504.9	2583.6	2503.2	2565.6	13
2024-10-29 00:00	2565.8	2628.9	2559.4	2605.9	22
2024-10-29 04:00	2605.9	2624.6	2605.9	2611.4	16
2024-10-29 08:00	2611.5	2636.8	2611.0	2629.8	16
2024-10-29 12:00	2629.7	2648.8	2609.5	2646.6	21
2024-10-29 16:00	2646.5	2680.0	2621.1	2622.5	18
2024-10-29 20:00	2622.4	2646.4	2604.9	2637.0	11
2024-10-30 00:00	2636.5	2649.5	2598.2	2639.9	13
2024-10-30 04:00	2639.7	2682.6	2634.4	2666.7	11
2024-10-30 08:00	2666.8	2694.7	2655.6	2657.4	16
2024-10-30 12:00	2657.3	2720.8	2651.3	2681.1	23
2024-10-30 16:00	2681.2	2694.2	2651.5	2653.5	17
2024-10-30 20:00	2653.3	2684.4	2635.3	2657.2	15
2024-10-31 00:00	2657.2	2667.2	2636.5	2655.3	16
2024-10-31 04:00	2655.4	2656.4	2629.8	2644.9	15
2024-10-31 08:00	2645.0	2646.4	2623.5	2636.6	13
2024-10-31 12:00	2636.5	2638.9	2539.8	2561.0	19
2024-10-31 16:00	2560.9	2561.8	2504.9	2512.0	13
2024-10-31 20:00	2511.9	2525.5	2499.4	2516.0	11
2024-11-01 00:00	2516.0	2529.6	2465.6	2501.0	13
2024-11-01 04:00	2501.1	2513.9	2483.6	2502.1	15
2024-11-01 08:00	2502.0	2523.7	2493.4	2513.8	15
2024-11-01 12:00	2513.7	2584.9	2480.3	2498.4	21
2024-11-01 16:00	2498.3	2536.2	2493.5	2513.0	19
2024-11-01 20:00	2512.6	2525.6	2480.5	2506.0	9
2024-11-02 00:00	2505.9	2518.2	2496.6	2501.5	8
2024-11-02 04:00	2501.6	2508.3	2494.2	2501.9	8
2024-11-02 08:00	2505.7	2508.5	2489.5	2500.3	8
2024-11-02 12:00	2500.3	2502.7	2468.9	2486.4	13
2024-11-02 16:00	2486.4	2495.3	2477.5	2490.9	10
2024-11-02 20:00	2490.9	2495.6	2483.3	2492.0	9
2024-11-03 00:00	2491.9	2494.2	2419.7	2447.7	13
2024-11-03 04:00	2447.6	2461.8	2439.4	2448.3	8
2024-11-03 08:00	2448.2	2460.8	2442.2	2452.8	8
2024-11-03 12:00	2452.7	2458.6	2411.7	2440.9	13
2024-11-03 16:00	2440.8	2457.5	2409.1	2451.1	11
2024-11-03 20:00	2451.0	2470.1	2445.6	2455.9	12
2024-11-04 00:00	2455.8	2489.6	2433.0	2471.9	19
2024-11-04 04:00	2471.8	2480.6	2455.4	2457.7	16
2024-11-04 08:00	2457.6	2476.3	2445.5	2468.4	19
2024-11-04 12:00	2468.8	2484.0	2430.0	2441.1	20
2024-11-04 16:00	2441.2	2444.5	2404.0	2428.5	19
2024-11-04 20:00	2428.6	2430.2	2356.0	2396.4	19
2024-11-05 00:00	2396.3	2419.4	2379.1	2418.7	18
2024-11-05 04:00	2418.7	2443.8	2415.5	2441.4	15
2024-11-05 08:00	2441.6	2446.2	2428.5	2438.9	16
2024-11-05 12:00	2439.0	2478.6	2425.8	2439.2	19
2024-11-05 16:00	2439.3	2473.2	2400.4	2406.4	12
2024-11-05 20:00	2406.6	2438.4	2400.5	2420.7	10
2024-11-06 00:00	2420.6	2631.9	2418.7	2577.6	20
2024-11-06 04:00	2577.6	2640.2	2559.9	2592.2	22
2024-11-06 08:00	2592.6	2636.0	2569.4	2627.8	19
2024-11-06 12:00	2627.8	2665.9	2607.5	2633.6	20
2024-11-06 16:00	2633.7	2686.2	2632.1	2686.1	14
2024-11-06 20:00	2686.1	2742.8	2669.1	2720.2	10
2024-11-07 00:00	2720.5	2877.9	2698.7	2850.8	18
2024-11-07 04:00	2850.9	2853.3	2779.2	2818.4	12
2024-11-07 08:00	2818.5	2828.5	2788.6	2790.8	14
2024-11-07 12:00	2790.9	2847.3	2775.8	2846.7	19
2024-11-07 16:00	2846.9	2891.1	2823.5	2884.0	16
2024-11-07 20:00	2883.9	2915.3	2861.6	2893.6	10
2024-11-08 00:00	2894.1	2953.2	2884.8	2900.9	16
2024-11-08 04:00	2900.9	2922.7	2890.6	2912.7	8
2024-11-08 08:00	2912.8	2929.2	2894.0	2913.4	8
2024-11-08 12:00	2913.4	2955.5	2901.5	2935.8	11
2024-11-08 16:00	2935.7	2981.2	2890.3	2950.5	9
2024-11-08 20:00	2950.4	2973.7	2914.2	2959.8	11
2024-11-09 00:00	2959.8	2993.2	2952.7	2963.6	12
2024-11-09 04:00	2963.5	3057.1	2953.1	3028.1	11
2024-11-09 08:00	3028.8	3054.7	3020.1	3050.6	15
2024-11-09 12:00	3050.5	3053.1	3027.5	3039.4	12
2024-11-09 16:00	3039.4	3092.6	2989.6	3068.8	15
2024-11-09 20:00	3068.9	3155.6	3064.2	3124.7	15
2024-11-10 00:00	3124.6	3148.6	3102.5	3133.2	15
2024-11-10 04:00	3133.3	3215.4	3128.3	3183.5	18
2024-11-10 08:00	3183.9	3228.2	3166.8	3218.2	16
2024-11-10 12:00	3218.3	3234.7	3166.5	3208.2	20
2024-11-10 16:00	3208.3	3246.9	3147.1	3162.3	26
2024-11-10 20:00	3162.4	3222.9	3065.5	3182.1	23
2024-11-11 00:00	3182.1	3220.2	3171.3	3194.4	12
2024-11-11 04:00	3194.2	3195.4	3104.9	3138.7	9
2024-11-11 08:00	3138.7	3211.0	3131.6	3197.4	13
2024-11-11 12:00	3197.4	3257.4	3140.6	3236.9	18
2024-11-11 16:00	3237.1	3344.9	3233.6	3302.7	8
2024-11-11 20:00	3302.4	3386.2	3282.4	3371.7	9
2024-11-12 00:00	3371.7	3372.9	3253.5	3336.5	9
2024-11-12 04:00	3336.5	3393.2	3316.6	3368.4	10
2024-11-12 08:00	3368.5	3440.8	3209.6	3282.0	15
2024-11-12 12:00	3282.0	3295.5	3207.5	3261.2	24
2024-11-12 16:00	3261.1	3305.5	3210.1	3273.8	10
2024-11-12 20:00	3273.9	3305.8	3238.7	3243.5	8
2024-11-13 00:00	3243.6	3285.4	3203.9	3208.2	8
2024-11-13 04:00	3208.7	3230.2	3117.7	3161.3	8
2024-11-13 08:00	3161.4	3191.1	3141.7	3168.6	8
2024-11-13 12:00	3168.6	3331.4	3153.7	3316.1	19
2024-11-13 16:00	3316.0	3337.3	3154.8	3159.4	17
2024-11-13 20:00	3159.4	3198.6	3118.9	3188.6	21
2024-11-14 00:00	3188.8	3227.4	3164.3	3216.9	24
2024-11-14 04:00	3216.7	3239.3	3172.7	3216.7	20
2024-11-14 08:00	3216.5	3229.6	3155.0	3184.5	24
2024-11-14 12:00	3184.3	3198.2	3058.1	3076.3	27
2024-11-14 16:00	3076.2	3179.1	3069.6	3144.2	23
2024-11-14 20:00	3144.1	3144.2	3029.2	3057.3	22
2024-11-15 00:00	3057.1	3090.8	3033.6	3081.3	21
2024-11-15 04:00	3080.8	3081.3	3014.0	3037.8	18
2024-11-15 08:00	3037.8	3112.7	3021.0	3102.6	17
2024-11-15 12:00	3102.7	3129.8	3013.1	3021.3	25
2024-11-15 16:00	3021.4	3058.1	3013.8	3038.0	23
2024-11-15 20:00	3038.1	3117.3	3036.5	3086.4	19
2024-11-16 00:00	3086.4	3154.2	3068.7	3152.1	16
2024-11-16 04:00	3151.8	3162.0	3098.7	3103.5	10
2024-11-16 08:00	3105.5	3194.0	3102.4	3193.8	14
2024-11-16 12:00	3193.6	3217.9	3119.8	3139.3	19
2024-11-16 16:00	3139.4	3183.6	3126.6	3168.3	16
2024-11-16 20:00	3168.2	3174.3	3121.2	3131.5	18
2024-11-17 00:00	3131.7	3152.9	3035.0	3079.6	22
2024-11-17 04:00	3079.7	3145.4	3074.9	3134.9	18
2024-11-17 08:00	3134.9	3159.9	3099.8	3103.5	17
2024-11-17 12:00	3103.4	3124.8	3066.5	3084.5	18
2024-11-17 16:00	3084.6	3113.9	3069.1	3096.2	17
2024-11-17 20:00	3096.2	3104.9	3039.2	3074.3	17
2024-11-18 00:00	3074.4	3122.5	3067.4	3110.0	16
2024-11-18 04:00	3110.2	3148.0	3094.7	3128.7	11
2024-11-18 08:00	3128.8	3138.1	3049.2	3054.7	15
2024-11-18 12:00	3054.7	3156.0	3050.4	3142.1	20
2024-11-18 16:00	3142.0	3197.9	3089.6	3127.5	24
2024-11-18 20:00	3127.3	3223.3	3123.4	3206.5	17
2024-11-19 00:00	3206.8	3220.4	3142.1	3148.2	14
2024-11-19 04:00	3148.3	3159.3	3108.0	3118.1	14
2024-11-19 08:00	3117.5	3129.3	3091.1	3125.6	18
2024-11-19 12:00	3125.7	3149.2	3074.8	3104.0	27
2024-11-19 16:00	3104.1	3144.9	3099.1	3122.1	20
2024-11-19 20:00	3122.0	3131.2	3066.2	3107.9	13
2024-11-20 00:00	3108.0	3123.0	3072.2	3096.2	12
2024-11-20 04:00	3096.2	3114.6	3087.5	3109.1	15
2024-11-20 08:00	3108.8	3134.6	3084.8	3099.6	18
2024-11-20 12:00	3099.7	3158.3	3081.2	3129.9	21
2024-11-20 16:00	3129.5	3134.3	3029.2	3057.8	22
2024-11-20 20:00	3057.8	3090.8	3044.7	3069.3	15
2024-11-21 00:00	3069.3	3100.3	3032.1	3081.7	18
2024-11-21 04:00	3081.6	3142.5	3080.2	3135.6	24
2024-11-21 08:00	3135.7	3153.0	3116.7	3146.1	20
2024-11-21 12:00	3145.6	3370.3	3144.3	3275.9	26
2024-11-21 16:00	3275.8	3386.4	3275.8	3346.1	24
2024-11-21 20:00	3346.3	3378.1	3334.5	3356.5	12
2024-11-22 00:00	3356.4	3379.6	3304.7	3365.8	22
2024-11-22 04:00	3365.9	3425.7	3355.7	3363.4	20
2024-11-22 08:00	3363.3	3384.2	3311.3	3345.0	19
2024-11-22 12:00	3344.9	3357.6	3259.2	3314.6	22
2024-11-22 16:00	3314.4	3321.8	3265.3	3282.5	22
2024-11-22 20:00	3282.3	3329.9	3273.6	3327.8	18
2024-11-23 00:00	3327.8	3364.8	3312.6	3345.0	18
2024-11-23 04:00	3345.3	3361.2	3326.0	3341.3	13
2024-11-23 08:00	3342.8	3402.8	3336.5	3354.9	16
2024-11-23 12:00	3355.0	3497.6	3350.3	3463.0	21
2024-11-23 16:00	3463.2	3473.2	3382.8	3408.7	25
2024-11-23 20:00	3408.8	3428.7	3379.7	3394.4	19
2024-11-24 00:00	3394.5	3450.0	3389.2	3427.8	16
2024-11-24 04:00	3427.8	3432.8	3398.4	3423.1	19
2024-11-24 08:00	3423.0	3429.0	3340.7	3345.2	21
2024-11-24 12:00	3345.1	3358.4	3283.0	3293.7	26
2024-11-24 16:00	3293.8	3332.2	3286.5	3326.7	20
2024-11-24 20:00	3326.5	3372.3	3321.3	3361.4	19
2024-11-25 00:00	3361.5	3370.2	3301.3	3362.9	24
2024-11-25 04:00	3362.7	3420.1	3361.8	3399.6	21
2024-11-25 08:00	3399.7	3526.1	3397.4	3472.2	24
2024-11-25 12:00	3472.5	3536.3	3348.0	3518.2	27
2024-11-25 16:00	3518.1	3545.2	3423.7	3462.5	28
2024-11-25 20:00	3462.6	3504.7	3362.7	3413.7	22
2024-11-26 00:00	3413.4	3461.6	3394.5	3434.4	21
2024-11-26 04:00	3433.8	3442.7	3381.8	3393.9	20
2024-11-26 08:00	3393.7	3396.6	3278.6	3322.6	25
2024-11-26 12:00	3322.5	3361.1	3288.6	3295.7	24
2024-11-26 16:00	3295.5	3338.1	3252.6	3300.1	24
2024-11-26 20:00	3300.1	3339.2	3286.8	3322.9	19
2024-11-27 00:00	3322.8	3370.9	3300.4	3359.2	24
2024-11-27 04:00	3358.9	3443.9	3357.2	3422.4	20
2024-11-27 08:00	3422.5	3484.4	3402.5	3459.4	17
2024-11-27 12:00	3459.6	3573.4	3441.2	3552.6	21
2024-11-27 16:00	3552.8	3613.7	3537.0	3592.6	19
2024-11-27 20:00	3592.5	3686.3	3590.5	3654.2	19
2024-11-28 00:00	3654.1	3663.7	3566.9	3599.1	19
2024-11-28 04:00	3600.6	3619.4	3567.4	3593.0	17
2024-11-28 08:00	3592.8	3637.6	3575.0	3619.9	20
2024-11-28 12:00	3620.4	3641.8	3536.8	3540.8	24
2024-11-28 16:00	3541.0	3584.3	3529.2	3574.7	17
2024-11-28 20:00	3574.5	3596.1	3549.8	3578.3	14
2024-11-29 00:00	3578.2	3601.8	3549.6	3583.2	16
2024-11-29 04:00	3583.0	3595.0	3534.4	3544.2	15
2024-11-29 08:00	3544.0	3599.5	3544.0	3594.0	16
2024-11-29 12:00	3594.4	3646.8	3574.5	3619.3	18
2024-11-29 16:00	3619.6	3623.3	3560.0	3583.4	18
2024-11-29 20:00	3584.6	3604.9	3577.4	3589.3	13
2024-11-30 00:00	3589.3	3657.2	3565.6	3653.4	16
2024-11-30 04:00	3653.4	3723.1	3632.6	3699.7	16
2024-11-30 08:00	3701.9	3717.9	3631.0	3653.6	19
2024-11-30 12:00	3653.6	3684.8	3651.4	3674.0	19
2024-11-30 16:00	3674.1	3696.5	3656.7	3689.7	16
2024-11-30 20:00	3689.7	3738.7	3687.4	3704.6	18
2024-12-01 00:00	3704.7	3730.8	3659.9	3706.7	23
2024-12-01 04:00	3706.8	3718.0	3682.2	3702.0	16
2024-12-01 08:00	3702.2	3718.1	3676.2	3692.5	18
2024-12-01 12:00	3692.6	3746.5	3679.7	3729.2	20
2024-12-01 16:00	3729.4	3744.8	3693.9	3708.5	19
2024-12-01 20:00	3708.4	3732.6	3679.8	3708.6	18
2024-12-02 00:00	3708.5	3760.7	3675.4	3685.2	23
2024-12-02 04:00	3685.1	3709.9	3650.7	3666.6	21
2024-12-02 08:00	3666.4	3672.0	3568.4	3588.0	22
2024-12-02 12:00	3588.1	3680.8	3581.7	3671.9	20
2024-12-02 16:00	3672.0	3681.8	3555.1	3610.8	21
2024-12-02 20:00	3610.9	3644.1	3596.6	3642.9	18
2024-12-03 00:00	3643.2	3657.2	3607.4	3638.9	15
2024-12-03 04:00	3638.8	3669.5	3599.0	3616.0	17
2024-12-03 08:00	3616.2	3633.8	3585.7	3612.5	17
2024-12-03 12:00	3612.4	3616.5	3501.0	3572.2	20
2024-12-03 16:00	3571.4	3594.2	3539.0	3576.9	17
2024-12-03 20:00	3577.0	3635.0	3574.4	3615.9	13
2024-12-04 00:00	3615.9	3709.0	3614.9	3663.2	20
2024-12-04 04:00	3663.1	3723.1	3660.7	3716.8	12
2024-12-04 08:00	3716.8	3752.5	3697.9	3728.7	17
2024-12-04 12:00	3728.4	3854.7	3689.9	3823.9	23
2024-12-04 16:00	3822.5	3847.1	3734.5	3844.0	20
2024-12-04 20:00	3844.0	3893.2	3826.9	3840.3	9
2024-12-05 00:00	3840.0	3904.5	3769.0	3833.1	19
2024-12-05 04:00	3833.2	3880.6	3820.5	3851.6	21
2024-12-05 08:00	3851.8	3944.2	3851.2	3932.9	19
2024-12-05 12:00	3932.7	3957.0	3862.6	3890.1	19
2024-12-05 16:00	3890.2	3925.9	3819.3	3830.8	20
2024-12-05 20:00	3829.7	3861.7	3679.9	3786.1	15
2024-12-06 00:00	3786.3	3913.6	3778.4	3907.1	23
2024-12-06 04:00	3907.0	3929.2	3874.3	3894.0	17
2024-12-06 08:00	3893.9	3910.6	3846.3	3867.1	19
2024-12-06 12:00	3867.1	4042.9	3833.7	3994.3	17
2024-12-06 16:00	3994.6	4078.2	3983.2	4072.6	10
2024-12-06 20:00	4072.8	4092.6	3993.0	4000.8	12
2024-12-07 00:00	4001.0	4025.9	3972.3	3988.5	16
2024-12-07 04:00	3988.5	4004.7	3969.2	3986.9	8
2024-12-07 08:00	3988.1	4010.5	3974.6	3999.7	9
2024-12-07 12:00	3999.5	4010.2	3977.4	4006.2	13
2024-12-07 16:00	4006.3	4022.1	3987.4	4013.6	14
2024-12-07 20:00	4013.9	4025.1	3993.4	3997.5	12
2024-12-08 00:00	3997.4	4010.3	3986.4	3989.7	12
2024-12-08 04:00	3989.9	3996.4	3959.3	3980.8	13
2024-12-08 08:00	3980.9	3981.9	3924.5	3972.3	13
2024-12-08 12:00	3972.4	4004.0	3956.5	3991.4	10
2024-12-08 16:00	3991.3	4000.9	3961.6	3991.1	9
2024-12-08 20:00	3987.3	4016.2	3970.7	4005.6	8
2024-12-09 00:00	4006.2	4006.5	3909.1	3930.1	8
2024-12-09 04:00	3930.3	3948.4	3881.4	3918.8	9
2024-12-09 08:00	3918.1	3918.2	3840.8	3848.5	9
2024-12-09 12:00	3848.1	3943.0	3800.8	3818.4	8
2024-12-09 16:00	3818.7	3861.8	3781.8	3790.3	8
2024-12-09 20:00	3790.2	3798.8	3501.3	3712.2	8
2024-12-10 00:00	3711.1	3777.1	3613.5	3679.6	8
2024-12-10 04:00	3679.8	3739.2	3636.0	3731.4	8
2024-12-10 08:00	3731.4	3771.4	3711.8	3748.5	8
2024-12-10 12:00	3748.5	3753.2	3555.1	3566.2	8
2024-12-10 16:00	3565.9	3632.4	3514.9	3626.9	8
2024-12-10 20:00	3627.0	3672.1	3613.1	3627.5	8
2024-12-11 00:00	3627.4	3667.7	3562.1	3663.9	8
2024-12-11 04:00	3663.8	3680.0	3645.9	3650.9	8
2024-12-11 08:00	3650.7	3726.4	3649.9	3715.4	8
2024-12-11 12:00	3715.2	3819.9	3708.3	3786.7	8
2024-12-11 16:00	3787.1	3814.9	3753.6	3805.2	8
2024-12-11 20:00	3805.1	3848.4	3804.5	3831.3	8
2024-12-12 00:00	3827.0	3947.0	3796.9	3934.4	8
2024-12-12 04:00	3934.5	3944.2	3893.6	3902.9	8
2024-12-12 08:00	3903.1	3935.4	3889.6	3911.1	8
2024-12-12 12:00	3910.9	3986.0	3910.9	3957.4	8
2024-12-12 16:00	3957.2	3984.6	3851.9	3867.9	8
2024-12-12 20:00	3868.0	3898.9	3833.7	3879.5	8
2024-12-13 00:00	3879.6	3938.7	3851.2	3930.8	8
2024-12-13 04:00	3930.7	3934.0	3869.5	3883.6	8
2024-12-13 08:00	3883.5	3920.8	3869.7	3899.3	8
2024-12-13 12:00	3899.3	3966.1	3876.7	3884.2	8
2024-12-13 16:00	3884.2	3943.5	3879.1	3915.0	8
2024-12-13 20:00	3915.1	3933.2	3889.4	3903.5	8
2024-12-14 00:00	3903.6	3940.9	3891.7	3906.7	14
2024-12-14 04:00	3907.2	3931.3	3902.2	3916.7	8
2024-12-14 08:00	3916.8	3926.9	3882.1	3890.1	8
2024-12-14 12:00	3890.0	3894.5	3842.7	3884.1	11
2024-12-14 16:00	3884.1	3893.8	3823.4	3854.5	14
2024-12-14 20:00	3854.2	3871.4	3820.7	3865.1	10
2024-12-15 00:00	3865.1	3890.0	3851.2	3868.9	8
2024-12-15 04:00	3869.1	3905.2	3827.0	3840.2	8
2024-12-15 08:00	3840.1	3873.3	3832.3	3872.2	8
2024-12-15 12:00	3872.2	3904.3	3863.0	3888.9	8
2024-12-15 16:00	3888.8	3913.7	3880.4	3898.2	9
2024-12-15 20:00	3898.2	3969.7	3839.7	3954.3	10
2024-12-16 00:00	3954.4	4018.8	3925.8	3937.5	8
2024-12-16 04:00	3937.4	3977.7	3931.5	3968.9	8
2024-12-16 08:00	3968.8	3970.9	3898.0	3905.0	8
2024-12-16 12:00	3905.0	3955.3	3880.0	3938.3	8
2024-12-16 16:00	3938.3	4105.2	3935.7	4055.0	8
2024-12-16 20:00	4055.1	4070.0	3977.8	3984.2	8
2024-12-17 00:00	3984.5	4038.3	3942.3	4032.4	8
2024-12-17 04:00	4032.3	4032.5	3980.8	3991.4	8
2024-12-17 08:00	3991.3	4027.6	3987.1	3993.7	8
2024-12-17 12:00	3993.8	4022.9	3914.8	3936.1	8
2024-12-17 16:00	3935.8	3981.5	3914.9	3941.3	8
2024-12-17 20:00	3941.2	3948.1	3845.7	3890.0	8
2024-12-18 00:00	3890.0	3900.6	3832.7	3846.5	8
2024-12-18 04:00	3846.5	3858.6	3801.1	3844.0	8
2024-12-18 08:00	3843.8	3883.5	3837.5	3878.9	8
2024-12-18 12:00	3879.0	3886.6	3821.1	3864.1	8
2024-12-18 16:00	3864.1	3902.4	3767.6	3767.6	8
2024-12-18 20:00	3767.6	3780.3	3613.2	3622.1	8
2024-12-19 00:00	3622.0	3667.5	3537.5	3663.1	8
2024-12-19 04:00	3663.1	3691.9	3647.8	3688.8	8
2024-12-19 08:00	3688.9	3715.4	3660.2	3700.7	8
2024-12-19 12:00	3700.8	3705.8	3567.5	3608.5	8
2024-12-19 16:00	3608.6	3631.0	3371.8	3432.7	8
2024-12-19 20:00	3432.8	3458.8	3324.4	3411.5	8
2024-12-20 00:00	3411.4	3457.8	3363.4	3407.9	8
2024-12-20 04:00	3407.8	3424.9	3322.6	3383.8	8
2024-12-20 08:00	3383.6	3384.0	3097.3	3098.6	8
2024-12-20 12:00	3098.7	3391.5	3095.2	3370.1	8
2024-12-20 16:00	3370.2	3494.5	3362.0	3476.0	8
2024-12-20 20:00	3476.1	3483.2	3389.6	3466.1	11
2024-12-21 00:00	3466.4	3484.2	3441.4	3461.3	15
2024-12-21 04:00	3461.4	3549.1	3454.7	3517.1	13
2024-12-21 08:00	3517.1	3521.5	3418.2	3436.7	10
2024-12-21 12:00	3436.6	3438.5	3341.4	3385.1	16
2024-12-21 16:00	3384.8	3395.7	3320.7	3354.0	18
2024-12-21 20:00	3353.9	3382.7	3287.4	3332.7	15
2024-12-22 00:00	3333.0	3368.3	3312.6	3349.7	16
2024-12-22 04:00	3349.5	3355.3	3288.5	3325.5	10
2024-12-22 08:00	3325.5	3396.1	3324.2	3374.2	8
2024-12-22 12:00	3374.5	3390.5	3268.1	3295.4	13
2024-12-22 16:00	3295.4	3331.6	3230.6	3240.0	16
2024-12-22 20:00	3240.4	3303.2	3213.7	3276.1	12
2024-12-23 00:00	3276.2	3350.4	3211.9	3344.8	8
2024-12-23 04:00	3344.8	3356.9	3255.1	3298.9	8
2024-12-23 08:00	3299.0	3348.9	3287.8	3333.2	8
2024-12-23 12:00	3333.3	3355.2	3264.1	3270.0	8
2024-12-23 16:00	3270.2	3376.5	3264.3	3331.0	8
2024-12-23 20:00	3330.9	3460.1	3322.5	3416.1	8
2024-12-24 00:00	3416.0	3418.8	3351.6	3390.7	8
2024-12-24 04:00	3390.7	3428.1	3379.1	3394.3	8
2024-12-24 08:00	3394.3	3409.4	3379.4	3407.8	8
2024-12-24 12:00	3407.6	3504.1	3389.1	3487.6	8
2024-12-24 16:00	3487.6	3534.5	3460.6	3460.7	8
2024-12-24 20:00	3460.7	3504.9	3420.0	3489.2	6
2024-12-25 00:00	3493.1	3495.9	3458.0	3478.2	8
2024-12-25 04:00	3478.2	3509.6	3469.6	3485.3	8
2024-12-25 08:00	3482.3	3547.1	3459.0	3470.9	12
2024-12-25 12:00	3469.9	3501.0	3451.8	3469.0	10
2024-12-25 16:00	3473.4	3488.5	3433.4	3477.3	8
2024-12-25 20:00	3473.0	3494.5	3443.2	3491.5	9
2024-12-26 00:00	3491.6	3509.2	3445.4	3450.2	8
2024-12-26 04:00	3450.2	3450.2	3412.2	3416.4	8
2024-12-26 08:00	3416.5	3419.7	3341.4	3366.9	8
2024-12-26 12:00	3366.9	3367.3	3322.5	3338.4	8
2024-12-26 16:00	3338.3	3359.2	3308.1	3334.2	8
2024-12-26 20:00	3334.1	3343.9	3299.2	3328.6	8
2024-12-27 00:00	3328.6	3380.6	3311.1	3372.5	8
2024-12-27 04:00	3372.5	3391.8	3311.1	3319.2	8
2024-12-27 08:00	3319.2	3434.6	3319.2	3412.9	8
2024-12-27 12:00	3412.9	3416.5	3301.2	3319.2	8
2024-12-27 16:00	3319.2	3358.8	3300.4	3346.9	8
2024-12-27 20:00	3347.0	3347.6	3301.1	3324.3	8
2024-12-28 00:00	3324.4	3343.0	3313.0	3335.8	8
2024-12-28 04:00	3335.9	3351.1	3323.1	3325.4	8
2024-12-28 08:00	3325.4	3353.4	3323.0	3349.7	8
2024-12-28 12:00	3349.4	3386.0	3341.3	3358.0	9
2024-12-28 16:00	3358.0	3402.6	3355.7	3390.2	9
2024-12-28 20:00	3390.8	3416.8	3379.6	3393.5	8
2024-12-29 00:00	3393.5	3396.3	3365.7	3372.9	8
2024-12-29 04:00	3372.9	3398.1	3369.9	3397.3	8
2024-12-29 08:00	3397.1	3404.0	3380.2	3388.7	8
2024-12-29 12:00	3388.8	3401.3	3345.2	3363.7	9
2024-12-29 16:00	3363.7	3366.3	3336.0	3351.3	8
2024-12-29 20:00	3351.3	3358.1	3318.0	3348.2	8
2024-12-30 00:00	3348.1	3427.1	3339.0	3392.9	8
2024-12-30 04:00	3392.8	3421.7	3378.0	3417.0	8
2024-12-30 08:00	3417.2	3424.2	3386.1	3414.3	8
2024-12-30 12:00	3414.5	3421.7	3295.0	3314.3	8
2024-12-30 16:00	3314.5	3400.6	3307.5	3394.9	8
2024-12-30 20:00	3394.8	3413.4	3302.5	3353.5	8
2024-12-31 00:00	3353.6	3355.9	3307.5	3331.7	8
2024-12-31 04:00	3331.5	3355.1	3320.7	3345.9	8
2024-12-31 08:00	3345.8	3400.7	3345.0	3386.4	8
2024-12-31 12:00	3386.3	3444.0	3384.8	3420.6	6
2025-01-01 12:00	3341.6	3347.7	3316.5	3341.2	4
2025-01-01 16:00	3341.1	3352.3	3310.4	3344.8	8
2025-01-01 20:00	3345.6	3365.4	3340.3	3350.6	8
2025-01-02 00:00	3350.7	3395.9	3344.3	3379.8	8
2025-01-02 04:00	3379.8	3417.5	3378.4	3412.3	8
2025-01-02 08:00	3412.4	3469.0	3405.8	3464.4	8
2025-01-02 12:00	3464.3	3502.2	3434.4	3457.1	8
2025-01-02 16:00	3457.0	3483.8	3423.7	3456.8	8
2025-01-02 20:00	3456.6	3469.0	3417.1	3450.3	8
2025-01-03 00:00	3449.9	3470.3	3436.9	3464.1	8
2025-01-03 04:00	3464.2	3464.7	3426.8	3427.2	8
2025-01-03 08:00	3427.3	3462.2	3417.5	3460.2	8
2025-01-03 12:00	3460.1	3569.3	3456.0	3559.7	8
2025-01-03 16:00	3559.6	3626.6	3559.6	3619.1	8
2025-01-03 20:00	3619.5	3619.5	3591.5	3603.3	8
2025-01-04 00:00	3603.5	3615.0	3577.0	3592.6	8
2025-01-04 04:00	3592.6	3604.0	3578.5	3588.2	8
2025-01-04 08:00	3588.2	3600.1	3567.3	3596.4	8
2025-01-04 12:00	3596.4	3657.6	3589.1	3603.2	9
2025-01-04 16:00	3603.2	3639.6	3596.8	3626.2	9
2025-01-04 20:00	3626.4	3666.2	3626.3	3652.1	9
2025-01-05 00:00	3652.4	3670.6	3624.4	3632.6	8
2025-01-05 04:00	3632.7	3644.4	3623.7	3626.5	8
2025-01-05 08:00	3626.5	3627.9	3597.7	3608.1	8
2025-01-05 12:00	3607.7	3633.3	3589.4	3624.3	9
2025-01-05 16:00	3624.4	3642.7	3608.0	3632.5	8
2025-01-05 20:00	3632.6	3651.7	3624.0	3633.0	8
2025-01-06 00:00	3632.9	3680.2	3607.8	3660.9	8
2025-01-06 04:00	3660.7	3693.8	3639.8	3646.7	8
2025-01-06 08:00	3646.6	3656.5	3629.3	3650.4	8
2025-01-06 12:00	3650.2	3710.4	3623.0	3710.3	8
2025-01-06 16:00	3711.0	3742.6	3654.2	3685.6	8
2025-01-06 20:00	3685.5	3702.1	3664.5	3686.0	8
2025-01-07 00:00	3685.9	3698.9	3662.4	3680.0	8
2025-01-07 04:00	3680.1	3684.2	3656.7	3665.2	8
2025-01-07 08:00	3665.1	3676.3	3623.0	3636.2	8
2025-01-07 12:00	3636.3	3642.6	3411.4	3457.9	9
2025-01-07 16:00	3457.8	3487.4	3372.0	3380.5	8
2025-01-07 20:00	3380.4	3409.2	3353.3	3377.6	8
2025-01-08 00:00	3378.0	3411.6	3339.5	3356.9	8
2025-01-08 04:00	3356.8	3369.6	3303.7	3350.1	8
2025-01-08 08:00	3350.0	3372.2	3319.8	3345.6	8
2025-01-08 12:00	3345.5	3382.7	3329.7	3343.2	8
2025-01-08 16:00	3343.1	3344.0	3204.5	3276.8	8
2025-01-08 20:00	3276.7	3331.6	3261.8	3323.7	8
2025-01-09 00:00	3323.2	3353.6	3303.2	3320.1	8
2025-01-09 04:00	3320.0	3338.9	3278.2	3284.7	8
2025-01-09 08:00	3284.6	3322.9	3263.2	3296.6	8
2025-01-09 12:00	3296.5	3332.6	3206.3	3316.4	8
2025-01-09 16:00	3316.5	3324.6	3190.3	3191.8	8
2025-01-09 20:00	3191.9	3236.8	3155.3	3216.4	8
2025-01-10 00:00	3216.5	3256.6	3210.5	3251.2	8
2025-01-10 04:00	3251.1	3310.1	3239.4	3292.7	8
2025-01-10 08:00	3292.6	3318.3	3285.1	3308.4	8
2025-01-10 12:00	3308.5	3313.8	3192.1	3241.6	8
2025-01-10 16:00	3241.7	3317.6	3228.9	3292.0	10
2025-01-10 20:00	3291.7	3291.7	3253.2	3262.2	8
2025-01-11 00:00	3262.0	3265.4	3226.7	3232.1	8
2025-01-11 04:00	3232.3	3245.7	3220.0	3230.3	8
2025-01-11 08:00	3230.2	3275.0	3213.8	3268.0	8
2025-01-11 12:00	3267.8	3276.7	3252.6	3265.6	8
2025-01-11 16:00	3265.6	3277.4	3252.9	3272.2	8
2025-01-11 20:00	3272.2	3314.6	3269.3	3277.7	8
2025-01-12 00:00	3277.8	3285.1	3268.5	3280.2	8
2025-01-12 04:00	3280.2	3283.7	3257.3	3260.9	8
2025-01-12 08:00	3260.8	3265.3	3218.9	3246.9	8
2025-01-12 12:00	3247.2	3288.3	3242.3	3279.3	8
2025-01-12 16:00	3279.7	3293.9	3262.8	3274.3	8
2025-01-12 20:00	3274.3	3283.3	3230.3	3261.7	8
2025-01-13 00:00	3261.7	3332.3	3230.5	3237.5	9
2025-01-13 04:00	3237.5	3254.9	3175.9	3194.9	8
2025-01-13 08:00	3195.5	3199.5	3048.3	3049.1	9
2025-01-13 12:00	3049.2	3083.8	2914.1	3044.9	17
2025-01-13 16:00	3044.1	3054.9	2981.5	3019.5	9
2025-01-13 20:00	3019.5	3138.6	3006.3	3132.6	8
2025-01-14 00:00	3132.7	3170.4	3121.6	3154.1	8
2025-01-14 04:00	3154.2	3184.5	3152.9	3166.3	8
2025-01-14 08:00	3166.2	3251.6	3164.5	3212.4	8
2025-01-14 12:00	3212.4	3228.5	3174.0	3194.5	10
2025-01-14 16:00	3194.5	3231.4	3167.2	3209.5	9
2025-01-14 20:00	3209.3	3236.7	3190.2	3222.0	8
2025-01-15 00:00	3221.6	3241.1	3201.7	3236.5	8
2025-01-15 04:00	3236.6	3247.4	3211.2	3228.5	8
2025-01-15 08:00	3228.6	3244.0	3182.4	3195.2	8
2025-01-15 12:00	3195.1	3350.5	3182.5	3331.8	8
2025-01-15 16:00	3331.7	3439.9	3322.0	3432.4	8
2025-01-15 20:00	3432.5	3471.7	3416.0	3448.6	8
2025-01-16 00:00	3448.7	3456.6	3343.7	3359.3	8
2025-01-16 04:00	3359.4	3387.2	3357.9	3380.3	8
2025-01-16 08:00	3380.4	3381.7	3296.8	3347.4	8
2025-01-16 12:00	3347.5	3360.9	3261.3	3328.8	8
2025-01-16 16:00	3328.9	3362.1	3306.6	3340.9	8
2025-01-16 20:00	3341.0	3349.5	3265.3	3304.4	8
2025-01-17 00:00	3304.5	3392.7	3303.8	3356.3	8
2025-01-17 04:00	3356.4	3384.1	3343.8	3369.3	8
2025-01-17 08:00	3369.3	3435.4	3368.8	3419.5	8
2025-01-17 12:00	3419.6	3447.9	3392.5	3419.4	8
2025-01-17 16:00	3419.5	3446.3	3405.7	3431.5	8
2025-01-17 20:00	3431.9	3523.7	3425.2	3471.1	10
2025-01-18 00:00	3471.2	3492.1	3364.5	3379.1	15
2025-01-18 04:00	3379.1	3390.5	3275.6	3281.6	16
2025-01-18 08:00	3281.7	3318.3	3221.5	3305.7	16
2025-01-18 12:00	3305.9	3340.2	3269.0	3300.3	17
2025-01-18 16:00	3301.1	3309.6	3243.0	3282.8	19
2025-01-18 20:00	3282.9	3313.3	3251.2	3299.7	15
2025-01-19 00:00	3299.8	3370.0	3290.7	3327.5	16
2025-01-19 04:00	3327.6	3329.6	3251.5	3266.1	19
2025-01-19 08:00	3266.2	3268.3	3121.5	3140.6	20
2025-01-19 12:00	3140.7	3416.3	3135.2	3374.3	26
2025-01-19 16:00	3374.3	3440.7	3368.6	3410.5	22
2025-01-19 20:00	3410.6	3423.4	3155.2	3207.9	25
2025-01-20 00:00	3208.4	3273.9	3138.4	3265.8	9
2025-01-20 04:00	3265.7	3443.7	3244.1	3374.9	8
2025-01-20 08:00	3374.9	3405.6	3327.8	3368.5	8
2025-01-20 12:00	3368.1	3372.2	3253.3	3329.0	11
2025-01-20 16:00	3329.3	3382.4	3200.0	3336.5	11
2025-01-20 20:00	3336.8	3337.6	3248.8	3278.1	8
2025-01-21 00:00	3277.9	3283.1	3198.6	3256.1	8
2025-01-21 04:00	3256.0	3259.3	3207.3	3247.7	8
2025-01-21 08:00	3247.5	3307.2	3227.8	3298.6	8
2025-01-21 12:00	3298.5	3328.7	3259.1	3289.0	8
2025-01-21 16:00	3288.9	3364.7	3284.4	3329.4	9
2025-01-21 20:00	3329.2	3344.3	3299.0	3324.8	8
2025-01-22 00:00	3324.9	3362.7	3318.8	3328.2	8
2025-01-22 04:00	3328.3	3336.4	3283.5	3284.5	8
2025-01-22 08:00	3284.4	3326.7	3270.5	3323.1	8
2025-01-22 12:00	3323.0	3329.2	3265.9	3275.2	8
2025-01-22 16:00	3275.3	3288.4	3241.0	3258.2	8
2025-01-22 20:00	3258.3	3273.2	3220.0	3238.2	8
2025-01-23 00:00	3238.0	3256.3	3199.5	3221.3	8
2025-01-23 04:00	3221.4	3228.9	3179.9	3228.5	8
2025-01-23 08:00	3228.2	3228.7	3184.3	3209.1	8
2025-01-23 12:00	3209.2	3283.9	3185.4	3256.9	8
2025-01-23 16:00	3257.3	3295.2	3192.9	3203.0	8
2025-01-23 20:00	3202.9	3345.8	3193.2	3336.2	8
2025-01-24 00:00	3336.1	3346.5	3272.6	3299.0	8
2025-01-24 04:00	3298.9	3416.7	3288.7	3377.3	8
2025-01-24 08:00	3377.4	3413.3	3372.2	3396.4	8
2025-01-24 12:00	3396.3	3424.0	3353.6	3381.4	8
2025-01-24 16:00	3381.1	3407.7	3362.6	3366.8	8
2025-01-24 20:00	3367.0	3376.8	3300.1	3305.4	9
2025-01-25 00:00	3305.5	3319.8	3265.1	3314.8	11
2025-01-25 04:00	3314.7	3315.2	3278.7	3286.8	8
2025-01-25 08:00	3286.4	3306.9	3267.4	3302.4	8
2025-01-25 12:00	3302.5	3340.7	3289.8	3330.6	9
2025-01-25 16:00	3330.6	3345.3	3325.8	3335.4	8
2025-01-25 20:00	3335.5	3345.9	3310.4	3314.3	10
2025-01-26 00:00	3314.5	3345.3	3308.9	3334.2	16
2025-01-26 04:00	3334.1	3356.8	3326.2	3334.1	14
2025-01-26 08:00	3334.2	3339.0	3290.0	3307.5	17
2025-01-26 12:00	3307.5	3316.4	3294.0	3310.8	12
2025-01-26 16:00	3310.7	3339.7	3303.7	3334.2	13
2025-01-26 20:00	3334.1	3338.0	3225.3	3228.2	12
2025-01-27 00:00	3228.2	3250.0	3156.5	3179.1	8
2025-01-27 04:00	3179.2	3179.2	3018.6	3066.4	8
2025-01-27 08:00	3066.5	3085.9	3030.8	3055.2	8
2025-01-27 12:00	3055.2	3149.5	3049.5	3129.2	8
2025-01-27 16:00	3129.1	3130.3	3042.7	3070.9	8
2025-01-27 20:00	3071.2	3234.6	3068.5	3178.5	8
2025-01-28 00:00	3178.7	3215.0	3148.2	3199.5	8
2025-01-28 04:00	3199.4	3220.4	3186.0	3193.2	8
2025-01-28 08:00	3193.1	3204.7	3174.4	3183.3	8
2025-01-28 12:00	3183.2	3210.4	3153.5	3178.1	8
2025-01-28 16:00	3178.0	3180.0	3117.8	3143.7	8
2025-01-28 20:00	3143.5	3151.4	3035.6	3072.9	8
2025-01-29 00:00	3072.8	3128.7	3071.9	3126.4	8
2025-01-29 04:00	3126.5	3156.0	3112.9	3152.8	8
2025-01-29 08:00	3152.7	3159.9	3116.7	3130.7	8
2025-01-29 12:00	3130.4	3136.1	3080.1	3097.0	8
2025-01-29 16:00	3097.1	3148.7	3051.0	3123.7	8
2025-01-29 20:00	3123.5	3178.3	3088.2	3110.9	8
2025-01-30 00:00	3110.8	3198.8	3090.3	3197.8	8
2025-01-30 04:00	3197.8	3211.9	3176.1	3187.6	8
2025-01-30 08:00	3187.4	3226.3	3178.0	3219.3	8
2025-01-30 12:00	3219.4	3277.9	3206.2	3252.3	8
2025-01-30 16:00	3252.8	3280.5	3246.8	3268.5	8
2025-01-30 20:00	3268.2	3270.6	3227.4	3244.7	8
2025-01-31 00:00	3244.6	3277.2	3218.4	3226.9	8
2025-01-31 04:00	3226.7	3274.3	3210.5	3238.5	8
2025-01-31 08:00	3238.6	3335.2	3230.8	3332.1	8
2025-01-31 12:00	3332.1	3425.6	3322.8	3425.2	8
2025-01-31 16:00	3425.6	3435.1	3293.6	3334.7	8
2025-01-31 20:00	3334.6	3334.6	3274.3	3295.7	9
2025-02-01 00:00	3295.6	3326.6	3278.3	3287.4	9
2025-02-01 04:00	3287.3	3301.9	3275.6	3275.6	8
2025-02-01 08:00	3275.6	3281.4	3220.0	3246.6	8
2025-02-01 12:00	3246.6	3267.9	3224.1	3246.6	9
2025-02-01 16:00	3246.6	3262.9	3180.0	3192.0	11
2025-02-01 20:00	3191.7	3191.9	3097.4	3112.8	20
2025-02-02 00:00	3112.6	3158.6	3065.0	3073.0	25
2025-02-02 04:00	3072.9	3134.5	3069.3	3096.4	21
2025-02-02 08:00	3096.1	3119.0	3047.5	3059.9	20
2025-02-02 12:00	3060.2	3096.6	3045.6	3076.2	24
2025-02-02 16:00	3076.2	3077.2	2890.2	2953.5	44
2025-02-02 20:00	2953.8	2982.1	2748.7	2866.0	24
2025-02-03 00:00	2866.1	2868.8	2130.6	2525.7	10
2025-02-03 04:00	2526.0	2630.6	2446.9	2621.5	10
2025-02-03 08:00	2621.5	2621.8	2527.5	2579.7	11
2025-02-03 12:00	2579.7	2730.4	2530.0	2702.5	8
2025-02-03 16:00	2702.6	2771.3	2668.8	2761.6	8
2025-02-03 20:00	2766.1	2921.2	2695.6	2880.0	8
2025-02-04 00:00	2879.9	2888.8	2792.3	2810.0	8
2025-02-04 04:00	2809.9	2836.0	2664.5	2702.7	8
2025-02-04 08:00	2702.5	2788.1	2676.6	2757.2	8
2025-02-04 12:00	2757.5	2844.2	2732.6	2776.0	8
2025-02-04 16:00	2775.9	2868.0	2765.3	2770.8	8
2025-02-04 20:00	2770.6	2792.2	2631.4	2728.4	8
2025-02-05 00:00	2728.6	2763.5	2696.9	2718.4	8
2025-02-05 04:00	2718.5	2785.8	2706.6	2757.5	8
2025-02-05 08:00	2757.3	2816.2	2745.2	2798.2	8
2025-02-05 12:00	2798.1	2824.2	2756.0	2770.8	8
2025-02-05 16:00	2770.7	2784.0	2712.3	2772.5	8
2025-02-05 20:00	2772.6	2800.4	2736.8	2785.5	8
2025-02-06 00:00	2785.4	2816.5	2753.1	2803.7	8
2025-02-06 04:00	2803.7	2853.9	2803.6	2829.3	8
2025-02-06 08:00	2829.4	2855.3	2791.9	2802.0	8
2025-02-06 12:00	2802.3	2806.0	2682.1	2702.7	8
2025-02-06 16:00	2702.9	2724.1	2672.2	2686.7	8
2025-02-06 20:00	2686.6	2722.9	2654.9	2683.9	8
2025-02-07 00:00	2683.7	2737.2	2676.7	2713.0	8
2025-02-07 04:00	2713.1	2728.2	2665.8	2710.3	8
2025-02-07 08:00	2710.3	2762.5	2702.6	2760.5	8
2025-02-07 12:00	2760.5	2796.2	2709.7	2720.1	8
2025-02-07 16:00	2719.9	2724.7	2654.3	2656.5	8
2025-02-07 20:00	2656.6	2659.2	2559.1	2618.6	12
2025-02-08 00:00	2618.8	2663.8	2612.1	2638.0	11
2025-02-08 04:00	2638.0	2645.3	2590.7	2624.8	10
2025-02-08 08:00	2625.2	2628.1	2596.8	2608.7	10
2025-02-08 12:00	2608.9	2631.6	2584.3	2600.3	17
2025-02-08 16:00	2600.4	2645.8	2584.8	2633.9	18
2025-02-08 20:00	2633.8	2642.0	2620.7	2628.9	13
2025-02-09 00:00	2629.2	2694.6	2623.3	2675.3	16
2025-02-09 04:00	2675.2	2675.2	2646.1	2659.4	12
2025-02-09 08:00	2659.5	2670.2	2648.9	2651.8	13
2025-02-09 12:00	2651.9	2658.6	2608.0	2649.9	17
2025-02-09 16:00	2650.0	2662.7	2613.2	2620.2	16
2025-02-09 20:00	2620.2	2645.4	2519.3	2624.6	14
2025-02-10 00:00	2624.6	2656.2	2557.7	2623.0	8
2025-02-10 04:00	2623.3	2657.0	2615.5	2634.9	8
2025-02-10 08:00	2634.9	2659.8	2631.6	2650.9	8
2025-02-10 12:00	2650.8	2681.4	2629.6	2656.0	8
2025-02-10 16:00	2656.1	2691.4	2647.9	2670.0	8
2025-02-10 20:00	2669.8	2684.5	2649.3	2658.6	8
2025-02-11 00:00	2658.7	2721.9	2658.0	2676.4	8
2025-02-11 04:00	2676.5	2722.1	2673.6	2709.7	8
2025-02-11 08:00	2709.5	2718.4	2689.4	2706.0	8
2025-02-11 12:00	2706.1	2707.2	2625.0	2659.5	8
2025-02-11 16:00	2659.6	2668.1	2579.8	2586.3	8
2025-02-11 20:00	2586.4	2628.5	2558.9	2598.9	8
2025-02-12 00:00	2598.8	2620.8	2568.1	2583.1	8
2025-02-12 04:00	2583.1	2620.5	2574.1	2615.4	8
2025-02-12 08:00	2615.3	2636.7	2607.8	2623.8	8
2025-02-12 12:00	2623.9	2661.8	2546.5	2603.9	8
2025-02-12 16:00	2604.3	2680.7	2580.2	2675.1	8
2025-02-12 20:00	2675.2	2793.4	2666.5	2736.1	8
2025-02-13 00:00	2735.6	2754.9	2713.6	2741.0	8
2025-02-13 04:00	2741.2	2742.5	2669.4	2678.4	8
2025-02-13 08:00	2678.5	2685.3	2648.0	2653.2	8
2025-02-13 12:00	2653.1	2674.7	2615.4	2645.2	8
2025-02-13 16:00	2645.5	2658.7	2611.2	2638.0	8
2025-02-13 20:00	2637.9	2677.0	2637.4	2673.1	8
2025-02-14 00:00	2672.9	2718.8	2662.2	2712.6	8
2025-02-14 04:00	2712.5	2713.4	2686.9	2696.6	8
2025-02-14 08:00	2696.6	2713.7	2679.9	2682.1	8
2025-02-14 12:00	2682.0	2744.5	2675.2	2731.7	8
2025-02-14 16:00	2731.9	2789.0	2707.4	2735.8	8
2025-02-14 20:00	2735.7	2749.2	2703.8	2721.6	10
2025-02-15 00:00	2722.1	2735.2	2701.5	2720.8	10
2025-02-15 04:00	2720.9	2729.4	2690.1	2693.5	8
2025-02-15 08:00	2693.5	2710.8	2691.9	2704.3	8
2025-02-15 12:00	2704.6	2710.3	2661.6	2687.0	9
2025-02-15 16:00	2687.0	2704.1	2675.4	2687.8	8
2025-02-15 20:00	2687.8	2701.1	2675.2	2689.2	8
2025-02-16 00:00	2689.2	2701.9	2683.7	2694.7	8
2025-02-16 04:00	2694.8	2722.3	2686.4	2691.4	8
2025-02-16 08:00	2691.4	2708.7	2685.4	2706.7	8
2025-02-16 12:00	2706.9	2708.5	2673.1	2690.1	9
2025-02-16 16:00	2690.1	2699.5	2657.4	2680.1	10
2025-02-16 20:00	2679.9	2686.4	2650.1	2658.6	8
2025-02-17 00:00	2658.6	2681.2	2655.7	2668.9	8
2025-02-17 04:00	2669.0	2692.4	2637.0	2679.4	8
2025-02-17 08:00	2679.3	2771.7	2673.9	2752.1	8
2025-02-17 12:00	2752.0	2846.3	2743.4	2752.8	8
2025-02-17 16:00	2752.9	2762.4	2684.6	2714.8	8
2025-02-17 20:00	2714.7	2774.8	2713.9	2740.8	8
2025-02-18 00:00	2740.9	2753.6	2704.7	2708.8	8
2025-02-18 04:00	2708.5	2714.5	2649.8	2669.2	8
2025-02-18 08:00	2669.0	2702.8	2650.6	2675.6	8
2025-02-18 12:00	2675.7	2728.7	2656.2	2669.6	8
2025-02-18 16:00	2669.9	2680.9	2602.2	2625.5	8
2025-02-18 20:00	2625.4	2667.8	2614.3	2667.3	8
2025-02-19 00:00	2667.4	2695.5	2652.4	2689.6	8
2025-02-19 04:00	2689.7	2713.6	2661.0	2704.6	8
2025-02-19 08:00	2704.4	2733.0	2701.7	2723.6	8
2025-02-19 12:00	2723.5	2727.7	2674.9	2693.3	8
2025-02-19 16:00	2693.0	2720.8	2691.3	2708.6	8
2025-02-19 20:00	2708.5	2731.2	2702.8	2712.2	8
2025-02-20 00:00	2712.3	2747.6	2707.0	2738.9	8
2025-02-20 04:00	2738.9	2755.3	2719.6	2727.2	8
2025-02-20 08:00	2727.1	2744.0	2722.1	2737.7	8
2025-02-20 12:00	2737.9	2767.9	2706.1	2709.1	8
2025-02-20 16:00	2709.3	2765.5	2704.5	2745.5	8
2025-02-20 20:00	2745.4	2759.1	2720.3	2735.6	8
2025-02-21 00:00	2735.5	2747.1	2724.1	2741.9	8
2025-02-21 04:00	2741.8	2767.1	2741.5	2753.5	8
2025-02-21 08:00	2753.3	2828.4	2745.6	2786.1	8
2025-02-21 12:00	2786.2	2842.8	2674.7	2720.5	8
2025-02-21 16:00	2720.6	2766.9	2622.3	2636.2	8
2025-02-21 20:00	2636.0	2658.2	2610.7	2657.3	11
2025-02-22 00:00	2657.3	2684.6	2647.9	2671.0	11
2025-02-22 04:00	2670.7	2692.2	2668.2	2679.9	8
2025-02-22 08:00	2679.7	2748.1	2672.0	2728.3	10
2025-02-22 12:00	2728.4	2780.7	2717.8	2771.4	9
2025-02-22 16:00	2771.3	2793.5	2752.4	2765.5	13
2025-02-22 20:00	2765.5	2773.7	2755.1	2759.2	8
2025-02-23 00:00	2759.1	2772.0	2741.4	2748.8	8
2025-02-23 04:00	2748.8	2826.0	2742.4	2821.8	10
2025-02-23 08:00	2821.8	2827.6	2779.8	2793.3	8
2025-02-23 12:00	2793.3	2822.8	2769.7	2778.9	11
2025-02-23 16:00	2778.9	2820.5	2777.4	2804.5	12
2025-02-23 20:00	2804.5	2852.8	2783.1	2816.4	8
2025-02-24 00:00	2816.3	2836.5	2709.9	2714.8	8
2025-02-24 04:00	2714.6	2733.0	2690.3	2719.4	8
2025-02-24 08:00	2719.5	2719.9	2660.8	2686.6	8
2025-02-24 12:00	2686.5	2693.2	2633.2	2655.1	8
2025-02-24 16:00	2655.0	2679.1	2620.3	2637.6	8
2025-02-24 20:00	2637.9	2660.1	2471.0	2510.2	8
2025-02-25 00:00	2510.0	2527.2	2456.5	2491.6	8
2025-02-25 04:00	2491.5	2509.2	2317.0	2365.5	8
2025-02-25 08:00	2365.0	2434.6	2353.1	2429.4	8
2025-02-25 12:00	2429.2	2444.9	2360.0	2403.5	9
2025-02-25 16:00	2403.6	2467.2	2377.3	2465.7	8
2025-02-25 20:00	2465.8	2527.6	2451.3	2489.8	8
2025-02-26 00:00	2489.7	2501.3	2465.9	2484.8	8
2025-02-26 04:00	2485.0	2501.0	2469.4	2478.3	8
2025-02-26 08:00	2478.5	2490.6	2454.3	2459.9	8
2025-02-26 12:00	2460.1	2462.2	2365.2	2422.5	8
2025-02-26 16:00	2422.6	2428.1	2262.1	2290.5	8
2025-02-26 20:00	2290.6	2375.8	2250.0	2329.8	8
2025-02-27 00:00	2329.9	2364.6	2309.8	2326.2	8
2025-02-27 04:00	2326.1	2367.5	2300.0	2351.0	8
2025-02-27 08:00	2350.9	2375.9	2338.1	2348.7	8
2025-02-27 12:00	2348.6	2357.3	2286.1	2318.4	8
2025-02-27 16:00	2318.5	2332.0	2272.7	2286.2	8
2025-02-27 20:00	2286.1	2305.7	2225.3	2302.0	8
2025-02-28 00:00	2302.1	2308.8	2119.7	2141.7	8
2025-02-28 04:00	2141.9	2150.5	2075.7	2100.4	8
2025-02-28 08:00	2100.5	2146.6	2071.1	2121.9	8
2025-02-28 12:00	2121.4	2225.4	2100.2	2219.2	8
2025-02-28 16:00	2219.1	2251.0	2189.9	2226.3	8
2025-02-28 20:00	2226.4	2234.4	2194.4	2232.0	12
2025-03-01 00:00	2232.3	2270.4	2207.9	2258.0	15
2025-03-01 04:00	2257.7	2276.1	2219.0	2223.8	11
2025-03-01 08:00	2223.9	2234.7	2166.7	2179.3	9
2025-03-01 12:00	2179.3	2182.3	2138.2	2168.1	14
2025-03-01 16:00	2168.4	2228.8	2164.1	2217.7	16
2025-03-01 20:00	2217.7	2231.4	2186.6	2212.8	13
2025-03-02 00:00	2212.8	2225.8	2196.7	2215.6	16
2025-03-02 04:00	2215.7	2230.6	2213.4	2216.8	12
2025-03-02 08:00	2216.7	2255.9	2203.5	2234.3	13
2025-03-02 12:00	2234.4	2287.0	2168.8	2225.7	20
2025-03-02 16:00	2225.8	2515.1	2209.8	2482.8	35
2025-03-02 20:00	2482.7	2548.3	2476.8	2515.4	16
2025-03-03 00:00	2515.5	2520.5	2415.5	2437.2	8
2025-03-03 04:00	2437.1	2453.2	2349.7	2383.1	8
2025-03-03 08:00	2383.0	2384.2	2318.6	2352.4	8
2025-03-03 12:00	2352.5	2384.8	2265.0	2282.9	8
2025-03-03 16:00	2283.0	2292.8	2094.1	2105.6	8
2025-03-03 20:00	2105.1	2168.6	2092.8	2144.4	8
2025-03-04 00:00	2144.3	2162.5	2000.5	2070.6	8
2025-03-04 04:00	2070.7	2117.6	2064.5	2075.9	8
2025-03-04 08:00	2076.0	2113.7	2066.5	2097.3	8
2025-03-04 12:00	2097.2	2152.3	2022.1	2069.8	8
2025-03-04 16:00	2069.8	2171.7	1993.4	2169.5	8
2025-03-04 20:00	2169.4	2218.5	2123.3	2167.8	8
2025-03-05 00:00	2167.7	2189.3	2151.9	2156.9	8
2025-03-05 04:00	2157.2	2209.3	2155.2	2203.6	8
2025-03-05 08:00	2203.2	2269.8	2201.0	2214.7	8
2025-03-05 12:00	2214.8	2229.4	2164.6	2183.1	8
2025-03-05 16:00	2183.3	2219.1	2159.3	2214.6	8
2025-03-05 20:00	2214.7	2249.8	2210.9	2238.2	8
2025-03-06 00:00	2238.3	2293.0	2231.8	2286.5	8
2025-03-06 04:00	2286.4	2316.8	2272.5	2282.6	8
2025-03-06 08:00	2282.7	2302.4	2274.7	2294.7	8
2025-03-06 12:00	2294.8	2295.9	2206.9	2254.5	8
2025-03-06 16:00	2254.4	2262.4	2174.3	2195.1	8
2025-03-06 20:00	2194.7	2225.1	2190.2	2199.1	8
2025-03-07 00:00	2199.0	2224.1	2101.2	2144.6	8
2025-03-07 04:00	2144.5	2190.3	2142.1	2189.1	8
2025-03-07 08:00	2189.4	2208.0	2174.1	2194.5	8
2025-03-07 12:00	2194.6	2255.1	2163.1	2206.0	8
2025-03-07 16:00	2206.1	2212.3	2138.7	2174.6	8
2025-03-07 20:00	2174.7	2183.7	2110.3	2136.5	11
2025-03-08 00:00	2136.5	2150.7	2100.5	2132.9	10
2025-03-08 04:00	2132.9	2147.6	2126.3	2133.3	8
2025-03-08 08:00	2133.1	2138.6	2121.8	2137.0	8
2025-03-08 12:00	2136.9	2193.7	2133.0	2176.5	8
2025-03-08 16:00	2176.6	2229.8	2156.2	2220.0	10
2025-03-08 20:00	2219.9	2221.4	2189.5	2199.6	11
2025-03-09 00:00	2199.5	2208.2	2172.1	2181.8	15
2025-03-09 04:00	2181.7	2193.0	2168.1	2181.1	12
2025-03-09 08:00	2181.0	2183.6	2124.2	2142.8	13
2025-03-09 12:00	2142.9	2143.2	2081.4	2093.2	17
2025-03-09 16:00	2092.8	2105.4	1994.4	2036.5	22
2025-03-09 20:00	2036.6	2052.8	1987.4	2016.5	12
2025-03-10 00:00	2016.6	2067.4	1994.2	2054.4	8
2025-03-10 04:00	2054.5	2076.2	2051.4	2071.9	8
2025-03-10 08:00	2072.0	2148.8	2045.1	2124.9	8
2025-03-10 12:00	2125.1	2132.6	1993.1	2013.7	9
2025-03-10 16:00	2013.8	2021.3	1807.7	1865.5	9
2025-03-10 20:00	1865.5	1899.3	1840.5	1861.0	8
2025-03-11 00:00	1861.2	1886.5	1753.2	1845.7	8
2025-03-11 04:00	1845.8	1910.1	1842.3	1900.4	8
2025-03-11 08:00	1900.6	1926.3	1896.0	1910.5	8
2025-03-11 12:00	1910.7	1956.8	1837.5	1910.6	8
2025-03-11 16:00	1910.5	1959.6	1883.0	1948.7	8
2025-03-11 20:00	1948.5	1951.7	1913.5	1919.9	8
2025-03-12 00:00	1920.0	1929.3	1863.6	1865.1	8
2025-03-12 04:00	1865.2	1912.6	1849.1	1907.7	8
2025-03-12 08:00	1907.4	1952.5	1871.1	1913.1	8
2025-03-12 12:00	1913.2	1942.6	1826.8	1866.1	8
2025-03-12 16:00	1866.0	1891.1	1859.7	1874.6	8
2025-03-12 20:00	1874.5	1911.9	1870.0	1904.6	8
2025-03-13 00:00	1904.5	1913.6	1879.0	1883.4	8
2025-03-13 04:00	1883.5	1888.0	1855.4	1868.8	8
2025-03-13 08:00	1868.7	1902.2	1851.1	1896.7	8
2025-03-13 12:00	1896.6	1919.5	1860.8	1871.7	8
2025-03-13 16:00	1871.6	1874.7	1818.5	1847.3	8
2025-03-13 20:00	1847.5	1879.6	1835.7	1860.6	8
2025-03-14 00:00	1860.5	1891.1	1857.3	1885.7	8
2025-03-14 04:00	1885.9	1902.0	1884.3	1889.7	8
2025-03-14 08:00	1889.8	1905.5	1886.2	1899.3	8
2025-03-14 12:00	1899.2	1939.4	1872.0	1919.0	8
2025-03-14 16:00	1919.2	1942.6	1911.1	1931.1	8
2025-03-14 20:00	1931.3	1932.3	1904.0	1907.3	8
2025-03-15 00:00	1907.2	1918.8	1899.6	1916.2	8
2025-03-15 04:00	1916.2	1930.8	1910.6	1913.5	8
2025-03-15 08:00	1913.5	1928.0	1908.6	1924.8	8
2025-03-15 12:00	1924.9	1935.1	1918.8	1933.4	8
2025-03-15 16:00	1933.7	1944.2	1924.5	1932.9	8
2025-03-15 20:00	1933.1	1953.2	1932.1	1933.3	8
2025-03-16 00:00	1933.1	1936.6	1912.2	1923.4	8
2025-03-16 04:00	1923.4	1929.9	1917.4	1921.7	8
2025-03-16 08:00	1921.9	1922.8	1862.7	1869.6	9
2025-03-16 12:00	1869.8	1893.8	1869.0	1891.0	8
2025-03-16 16:00	1890.7	1919.2	1858.1	1878.9	14
2025-03-16 20:00	1879.3	1894.9	1866.8	1883.7	12
2025-03-17 00:00	1883.8	1912.4	1883.2	1905.7	8
2025-03-17 04:00	1905.7	1909.6	1876.8	1897.6	8
2025-03-17 08:00	1897.5	1914.9	1889.7	1907.4	8
2025-03-17 12:00	1907.3	1935.0	1885.4	1915.9	8
2025-03-17 16:00	1916.0	1949.3	1905.5	1939.1	8
2025-03-17 20:00	1939.0	1945.5	1919.0	1923.3	8
2025-03-18 00:00	1923.2	1927.1	1894.4	1897.8	8
2025-03-18 04:00	1897.9	1907.3	1890.7	1901.7	8
2025-03-18 08:00	1901.6	1909.9	1882.7	1889.2	8
2025-03-18 12:00	1889.1	1899.9	1869.0	1877.5	8
2025-03-18 16:00	1877.6	1905.0	1869.8	1900.9	8
2025-03-18 20:00	1901.0	1932.5	1894.8	1928.2	8
2025-03-19 00:00	1928.3	1945.6	1924.4	1935.0	8
2025-03-19 04:00	1934.9	1940.1	1926.9	1928.6	8
2025-03-19 08:00	1929.0	2030.5	1928.5	2025.0	8
2025-03-19 12:00	2024.9	2053.7	1992.3	2046.1	8
2025-03-19 16:00	2046.2	2057.6	1996.9	2029.2	8
2025-03-19 20:00	2029.2	2067.5	2027.2	2055.1	8
2025-03-20 00:00	2055.1	2065.8	2018.6	2020.4	8
2025-03-20 04:00	2020.4	2022.9	2003.4	2005.7	8
2025-03-20 08:00	2005.7	2019.0	1969.6	1986.6	8
2025-03-20 12:00	1986.6	2007.3	1963.5	1969.4	8
2025-03-20 16:00	1969.4	1976.7	1949.5	1971.2	8
2025-03-20 20:00	1971.2	1981.3	1968.0	1979.7	8
2025-03-21 00:00	1979.7	1992.4	1969.9	1974.8	8
2025-03-21 04:00	1974.1	1986.3	1963.2	1972.9	8
2025-03-21 08:00	1972.9	1978.4	1953.8	1963.8	8
2025-03-21 12:00	1963.8	1969.8	1933.6	1947.7	8
2025-03-21 16:00	1947.7	1973.9	1942.5	1970.4	8
2025-03-21 20:00	1970.4	1978.4	1957.6	1960.9	8
2025-03-22 00:00	1960.9	1982.4	1959.4	1981.1	8
2025-03-22 04:00	1981.1	1988.4	1978.2	1979.3	8
2025-03-22 08:00	1979.3	2002.4	1977.4	1986.4	10
2025-03-22 12:00	1986.2	1993.7	1977.2	1982.4	11
2025-03-22 16:00	1982.3	1996.4	1978.4	1992.2	12
2025-03-22 20:00	1992.0	2000.6	1971.1	1976.8	10
2025-03-23 00:00	1976.9	2004.9	1973.1	2004.5	8
2025-03-23 04:00	2004.7	2015.4	1988.4	2004.4	8
2025-03-23 08:00	2004.5	2016.9	1999.2	2004.3	9
2025-03-23 12:00	2004.4	2016.5	1998.6	2003.4	11
2025-03-23 16:00	2003.5	2004.5	1984.1	1992.6	12
2025-03-23 20:00	1992.5	2004.3	1977.5	2003.9	9
2025-03-24 00:00	2003.9	2018.6	1974.5	2012.0	8
2025-03-24 04:00	2012.0	2076.3	2012.0	2066.1	8
2025-03-24 08:00	2065.9	2100.6	2065.9	2089.7	8
2025-03-24 12:00	2089.8	2099.2	2070.6	2086.7	8
2025-03-24 16:00	2086.8	2097.7	2064.8	2086.0	8
2025-03-24 20:00	2085.9	2092.7	2065.8	2078.5	8
2025-03-25 00:00	2078.6	2095.2	2038.5	2040.2	8
2025-03-25 04:00	2040.3	2063.6	2034.3	2052.7	8
2025-03-25 08:00	2052.8	2072.3	2050.5	2065.6	8
2025-03-25 12:00	2065.5	2077.2	2049.4	2064.7	8
2025-03-25 16:00	2064.8	2081.0	2053.7	2073.0	8
2025-03-25 20:00	2072.9	2080.4	2051.3	2063.6	8
2025-03-26 00:00	2063.7	2075.9	2040.1	2046.3	8
2025-03-26 04:00	2046.4	2068.9	2045.1	2066.7	8
2025-03-26 08:00	2066.8	2073.3	2054.9	2066.0	8
2025-03-26 12:00	2066.2	2067.9	2003.9	2009.5	8
2025-03-26 16:00	2009.4	2019.6	1978.4	1996.8	8
2025-03-26 20:00	1996.6	2014.4	1989.2	2006.5	8
2025-03-27 00:00	2006.6	2034.4	2003.8	2028.5	8
2025-03-27 04:00	2028.6	2030.1	2018.4	2023.5	8
2025-03-27 08:00	2023.6	2033.1	2009.3	2013.4	8
2025-03-27 12:00	2013.5	2023.3	1983.9	2002.0	8
2025-03-27 16:00	2002.1	2011.8	1992.5	2000.6	8
2025-03-27 20:00	2000.9	2016.6	1996.0	2000.1	8
2025-03-28 00:00	2000.0	2012.6	1989.3	1996.5	8
2025-03-28 04:00	1996.4	2001.1	1900.2	1906.2	8
2025-03-28 08:00	1906.1	1919.4	1863.2	1896.8	8
2025-03-28 12:00	1896.7	1898.9	1867.0	1868.2	8
2025-03-28 16:00	1868.2	1882.9	1858.0	1869.8	8
2025-03-28 20:00	1869.9	1897.0	1868.3	1891.9	8
2025-03-29 00:00	1891.9	1908.5	1881.5	1894.9	8
2025-03-29 04:00	1894.8	1900.0	1870.7	1875.2	8
2025-03-29 08:00	1876.1	1883.1	1829.3	1840.3	12
2025-03-29 12:00	1840.2	1859.4	1829.5	1835.4	10
2025-03-29 16:00	1835.6	1843.9	1794.1	1823.4	18
2025-03-29 20:00	1823.5	1826.4	1807.3	1823.9	10
2025-03-30 00:00	1824.2	1840.6	1808.5	1830.5	10
2025-03-30 04:00	1830.4	1842.9	1828.3	1833.5	8
2025-03-30 08:00	1833.6	1845.4	1823.3	1829.4	10
2025-03-30 12:00	1829.5	1835.8	1785.4	1809.7	13
2025-03-30 16:00	1809.8	1829.6	1781.6	1810.5	12
2025-03-30 20:00	1810.6	1817.8	1765.9	1804.3	10
2025-03-31 00:00	1804.3	1819.6	1773.3	1794.8	12
2025-03-31 04:00	1794.8	1810.1	1785.5	1795.3	8
2025-03-31 08:00	1795.1	1816.5	1773.9	1809.9	8
2025-03-31 12:00	1809.5	1850.6	1793.1	1838.9	13
2025-03-31 16:00	1838.9	1844.1	1813.9	1823.4	9
2025-03-31 20:00	1823.9	1831.4	1813.9	1818.7	8
2025-04-01 00:00	1818.6	1837.9	1814.1	1831.0	8
2025-04-01 04:00	1831.3	1863.2	1828.5	1850.7	8
2025-04-01 08:00	1850.5	1888.1	1850.5	1859.1	9
2025-04-01 12:00	1859.1	1924.2	1838.6	1914.8	14
2025-04-01 16:00	1915.1	1920.7	1898.1	1906.6	10
2025-04-01 20:00	1906.7	1918.5	1893.8	1901.7	8
2025-04-02 00:00	1901.7	1904.9	1869.0	1872.9	8
2025-04-02 04:00	1871.9	1879.7	1849.1	1861.7	8
2025-04-02 08:00	1861.5	1884.7	1859.2	1865.7	8
2025-04-02 12:00	1865.8	1915.8	1852.5	1898.4	8
2025-04-02 16:00	1898.3	1913.2	1880.4	1909.8	8
2025-04-02 20:00	1909.8	1952.3	1778.8	1792.3	8
2025-04-03 00:00	1791.6	1831.6	1786.9	1821.7	8
2025-04-03 04:00	1821.8	1841.9	1805.5	1813.2	8
2025-04-03 08:00	1813.2	1821.5	1785.7	1792.1	8
2025-04-03 12:00	1792.2	1797.1	1749.9	1779.4	8
2025-04-03 16:00	1779.3	1795.0	1765.4	1782.8	8
2025-04-03 20:00	1782.9	1817.8	1777.1	1813.6	8
2025-04-04 00:00	1813.7	1819.4	1770.9	1789.7	8
2025-04-04 04:00	1789.8	1818.4	1781.5	1815.1	8
2025-04-04 08:00	1815.2	1832.2	1757.5	1781.3	8
2025-04-04 12:00	1781.2	1817.2	1766.9	1796.4	8
2025-04-04 16:00	1792.6	1825.8	1780.2	1807.7	8
2025-04-04 20:00	1807.0	1822.5	1803.7	1812.0	8
2025-04-05 00:00	1812.1	1822.4	1804.4	1805.1	8
2025-04-05 04:00	1805.4	1810.9	1799.2	1809.2	8
2025-04-05 08:00	1809.1	1817.9	1802.6	1803.2	8
2025-04-05 12:00	1803.3	1804.4	1773.9	1778.2	8
2025-04-05 16:00	1777.9	1791.4	1775.4	1778.0	8
2025-04-05 20:00	1777.9	1805.8	1761.0	1801.5	9
2025-04-06 00:00	1801.7	1812.7	1797.6	1805.2	8
2025-04-06 04:00	1805.4	1809.2	1787.8	1793.6	8
2025-04-06 08:00	1793.5	1793.6	1779.1	1784.1	8
2025-04-06 12:00	1784.0	1787.6	1734.0	1756.5	10
2025-04-06 16:00	1755.5	1756.1	1597.7	1621.8	21
2025-04-06 20:00	1621.7	1627.0	1533.9	1576.1	19
2025-04-07 00:00	1576.3	1610.2	1517.2	1539.3	15
2025-04-07 04:00	1539.6	1556.7	1406.9	1455.3	17
2025-04-07 08:00	1455.4	1516.5	1450.9	1479.6	9
2025-04-07 12:00	1479.6	1634.3	1475.1	1553.3	8
2025-04-07 16:00	1553.2	1569.2	1522.7	1541.7	8
2025-04-07 20:00	1542.1	1582.3	1541.8	1549.6	8
2025-04-08 00:00	1549.6	1615.8	1538.7	1582.1	8
2025-04-08 04:00	1582.0	1599.7	1559.6	1568.1	8
2025-04-08 08:00	1567.9	1586.7	1551.9	1585.8	8
2025-04-08 12:00	1586.0	1590.8	1515.5	1528.9	8
2025-04-08 16:00	1528.8	1530.0	1451.1	1462.5	8
2025-04-08 20:00	1462.0	1481.8	1443.9	1469.5	8
2025-04-09 00:00	1469.6	1477.9	1382.6	1415.5	8
2025-04-09 04:00	1415.3	1488.1	1411.1	1480.4	8
2025-04-09 08:00	1480.3	1493.4	1442.3	1452.4	8
2025-04-09 12:00	1452.4	1497.7	1437.8	1481.5	8
2025-04-09 16:00	1481.7	1668.0	1478.1	1636.7	8
2025-04-09 20:00	1636.2	1685.9	1636.2	1666.5	8
2025-04-10 00:00	1666.4	1666.8	1599.0	1613.6	8
2025-04-10 04:00	1613.7	1622.7	1581.6	1592.6	8
2025-04-10 08:00	1592.7	1603.3	1578.9	1591.4	8
2025-04-10 12:00	1591.3	1622.7	1480.6	1492.3	8
2025-04-10 16:00	1492.2	1528.1	1469.8	1510.7	8
2025-04-10 20:00	1510.6	1530.0	1510.6	1518.8	8
2025-04-11 00:00	1518.4	1546.7	1501.5	1541.2	8
2025-04-11 04:00	1541.1	1558.2	1537.7	1549.6	8
2025-04-11 08:00	1549.8	1580.9	1535.2	1555.2	8
2025-04-11 12:00	1555.1	1577.5	1538.2	1561.8	8
2025-04-11 16:00	1561.9	1587.7	1552.4	1562.4	8
2025-04-11 20:00	1562.1	1582.0	1554.0	1561.8	8
2025-04-12 00:00	1561.6	1564.8	1541.3	1549.4	8
2025-04-12 04:00	1549.3	1580.5	1545.6	1577.3	8
2025-04-12 08:00	1577.3	1601.1	1576.3	1589.7	8
2025-04-12 12:00	1589.8	1664.8	1586.5	1651.5	12
2025-04-12 16:00	1651.8	1658.3	1624.4	1639.1	8
2025-04-12 20:00	1639.4	1656.3	1637.6	1640.5	8
2025-04-13 00:00	1640.9	1645.7	1602.5	1620.6	9
2025-04-13 04:00	1620.4	1620.6	1593.9	1609.7	8
2025-04-13 08:00	1609.9	1624.3	1589.6	1600.4	8
2025-04-13 12:00	1600.7	1605.0	1561.9	1582.5	10
2025-04-13 16:00	1582.6	1644.7	1559.4	1586.3	13
2025-04-13 20:00	1586.4	1612.7	1568.4	1594.4	12
2025-04-14 00:00	1594.4	1656.7	1592.6	1626.5	8
2025-04-14 04:00	1626.6	1638.9	1609.9	1632.6	8
2025-04-14 08:00	1632.8	1688.0	1626.6	1672.5	8
2025-04-14 12:00	1672.4	1686.5	1617.9	1625.2	8
2025-04-14 16:00	1625.2	1648.5	1612.8	1633.5	8
2025-04-14 20:00	1633.8	1634.9	1605.1	1620.8	8
2025-04-15 00:00	1620.9	1640.4	1612.5	1635.4	8
2025-04-15 04:00	1635.5	1645.1	1629.5	1642.0	8
2025-04-15 08:00	1642.1	1648.5	1620.4	1629.3	8
2025-04-15 12:00	1629.3	1657.7	1599.7	1618.0	8
2025-04-15 16:00	1617.9	1624.9	1595.5	1604.6	8
2025-04-15 20:00	1604.8	1612.1	1581.0	1585.9	8
2025-04-16 00:00	1585.9	1601.1	1574.3	1587.7	8
2025-04-16 04:00	1588.4	1590.7	1552.8	1561.4	8
2025-04-16 08:00	1561.3	1583.0	1554.3	1581.1	8
2025-04-16 12:00	1581.0	1610.4	1564.3	1588.2	8
2025-04-16 16:00	1588.2	1609.4	1536.8	1586.4	8
2025-04-16 20:00	1586.0	1595.4	1568.1	1574.8	8
2025-04-17 00:00	1574.7	1592.5	1572.2	1582.4	8
2025-04-17 04:00	1582.3	1607.5	1578.6	1599.1	8
2025-04-17 08:00	1599.1	1601.5	1586.2	1591.0	8
2025-04-17 12:00	1591.0	1599.9	1561.1	1580.2	8
2025-04-17 16:00	1580.3	1613.2	1575.3	1579.2	8
2025-04-17 20:00	1579.1	1589.2	1577.0	1580.6	8
2025-04-18 00:00	1580.7	1586.4	1575.4	1581.6	8
2025-04-18 04:00	1581.5	1582.7	1571.4	1581.4	8
2025-04-18 08:00	1581.4	1589.6	1579.7	1587.6	8
2025-04-18 12:00	1587.7	1594.6	1577.3	1580.3	8
2025-04-18 16:00	1580.3	1592.3	1579.8	1590.2	8
2025-04-18 20:00	1590.2	1596.4	1582.8	1584.2	8
2025-04-19 00:00	1584.3	1595.6	1580.7	1593.3	8
2025-04-19 04:00	1593.2	1608.5	1590.9	1596.3	8
2025-04-19 08:00	1596.4	1601.8	1589.7	1592.4	8
2025-04-19 12:00	1592.6	1607.9	1590.7	1602.7	8
2025-04-19 16:00	1602.7	1626.7	1594.0	1610.4	8
2025-04-19 20:00	1610.3	1618.7	1606.7	1609.5	8
2025-04-20 00:00	1609.4	1615.4	1604.1	1607.9	8
2025-04-20 04:00	1608.0	1613.8	1582.7	1593.7	8
2025-04-20 08:00	1593.5	1593.8	1562.1	1569.1	8
2025-04-20 12:00	1568.8	1580.4	1567.4	1570.0	8
2025-04-20 16:00	1569.8	1584.3	1568.0	1582.5	8
2025-04-20 20:00	1582.4	1596.7	1572.5	1584.8	8
2025-04-21 00:00	1584.8	1642.2	1583.6	1631.8	8
2025-04-21 04:00	1631.8	1655.3	1629.1	1643.1	8
2025-04-21 08:00	1643.3	1651.7	1615.8	1624.0	8
2025-04-21 12:00	1623.9	1638.9	1606.4	1621.2	8
2025-04-21 16:00	1621.1	1623.8	1561.8	1571.6	8
2025-04-21 20:00	1571.4	1578.2	1569.0	1577.3	8
2025-04-22 00:00	1577.2	1591.3	1538.5	1576.9	8
2025-04-22 04:00	1576.8	1620.7	1571.4	1616.8	8
2025-04-22 08:00	1616.4	1635.1	1611.4	1628.7	8
2025-04-22 12:00	1628.7	1724.2	1624.9	1701.5	8
2025-04-22 16:00	1701.6	1708.9	1682.6	1697.0	8
2025-04-22 20:00	1696.8	1775.3	1690.9	1754.3	8
2025-04-23 00:00	1754.6	1804.2	1743.5	1793.5	8
2025-04-23 04:00	1793.4	1815.5	1772.0	1789.7	8
2025-04-23 08:00	1789.8	1809.3	1777.5	1795.2	8
2025-04-23 12:00	1795.3	1831.0	1759.6	1792.6	8
2025-04-23 16:00	1792.6	1807.5	1772.5	1784.7	8
2025-04-23 20:00	1784.4	1804.6	1783.8	1793.2	8
2025-04-24 00:00	1793.1	1800.2	1764.9	1766.2	8
2025-04-24 04:00	1766.1	1774.1	1749.9	1753.9	8
2025-04-24 08:00	1753.9	1757.9	1721.1	1752.4	8
2025-04-24 12:00	1752.3	1775.4	1742.8	1762.7	8
2025-04-24 16:00	1762.6	1775.6	1744.1	1761.8	8
2025-04-24 20:00	1761.9	1772.8	1747.4	1767.6	8
2025-04-25 00:00	1767.7	1787.9	1737.5	1758.6	8
2025-04-25 04:00	1758.7	1779.5	1756.1	1775.1	8
2025-04-25 08:00	1775.2	1790.8	1762.5	1787.9	8
2025-04-25 12:00	1787.9	1825.2	1756.6	1804.7	8
2025-04-25 16:00	1804.8	1809.0	1781.3	1800.6	8
2025-04-25 20:00	1800.6	1806.9	1780.8	1781.6	8
2025-04-26 00:00	1781.5	1812.5	1781.5	1793.9	8
2025-04-26 04:00	1793.9	1808.0	1785.6	1797.6	8
2025-04-26 08:00	1797.8	1837.5	1776.6	1783.1	9
2025-04-26 12:00	1783.2	1801.1	1777.6	1797.2	8
2025-04-26 16:00	1797.3	1811.5	1792.9	1810.2	8
2025-04-26 20:00	1810.4	1828.3	1802.1	1817.6	8
2025-04-27 00:00	1818.0	1854.1	1798.6	1807.1	12
2025-04-27 04:00	1806.9	1808.9	1787.8	1800.8	8
2025-04-27 08:00	1800.7	1812.0	1798.4	1803.3	8
2025-04-27 12:00	1803.5	1804.7	1780.4	1790.9	8
2025-04-27 16:00	1790.8	1805.3	1784.5	1805.3	8
2025-04-27 20:00	1805.1	1805.1	1782.8	1789.2	8
2025-04-28 00:00	1789.2	1791.5	1751.3	1782.2	8
2025-04-28 04:00	1782.3	1810.0	1782.3	1802.9	8
2025-04-28 08:00	1803.0	1825.1	1787.1	1814.2	8
2025-04-28 12:00	1814.2	1815.2	1751.2	1760.9	8
2025-04-28 16:00	1760.9	1802.0	1743.3	1795.0	8
2025-04-28 20:00	1794.7	1803.4	1779.3	1797.4	8
2025-04-29 00:00	1797.4	1809.2	1786.3	1800.0	8
2025-04-29 04:00	1800.1	1822.8	1786.5	1819.6	8
2025-04-29 08:00	1819.6	1840.2	1815.0	1827.7	8
2025-04-29 12:00	1827.7	1830.9	1801.8	1813.0	8
2025-04-29 16:00	1813.1	1829.9	1806.1	1819.4	8
2025-04-29 20:00	1819.5	1823.4	1778.8	1796.0	8
2025-04-30 00:00	1796.0	1810.6	1787.6	1806.7	8
2025-04-30 04:00	1806.7	1810.4	1789.7	1794.3	8
2025-04-30 08:00	1794.2	1814.6	1790.7	1813.5	8
2025-04-30 12:00	1813.4	1814.1	1730.7	1762.3	8
2025-04-30 16:00	1762.3	1790.4	1754.0	1784.6	8
2025-04-30 20:00	1784.8	1806.7	1782.6	1791.2	8
2025-05-01 00:00	1791.3	1816.5	1790.1	1805.6	8
2025-05-01 04:00	1805.7	1814.0	1800.9	1808.4	8
2025-05-01 08:00	1808.3	1856.5	1806.9	1843.2	8
2025-05-01 12:00	1843.2	1871.1	1824.0	1850.9	8
2025-05-01 16:00	1850.9	1868.2	1839.9	1841.2	8
2025-05-01 20:00	1841.1	1848.9	1832.6	1836.1	8
2025-05-02 00:00	1836.1	1848.9	1833.1	1845.5	8
2025-05-02 04:00	1845.6	1848.9	1814.0	1814.0	8
2025-05-02 08:00	1813.9	1833.1	1812.1	1830.9	8
2025-05-02 12:00	1831.0	1852.0	1822.3	1838.9	8
2025-05-02 16:00	1838.9	1867.8	1831.1	1838.3	8
2025-05-02 20:00	1837.4	1847.1	1829.7	1838.6	8
2025-05-03 00:00	1838.8	1839.5	1823.0	1831.3	8
2025-05-03 04:00	1831.2	1835.7	1820.9	1822.9	8
2025-05-03 08:00	1822.9	1826.6	1814.1	1820.2	8
2025-05-03 12:00	1820.3	1835.9	1820.0	1830.7	8
2025-05-03 16:00	1830.8	1835.2	1806.5	1834.3	8
2025-05-03 20:00	1834.5	1844.9	1825.1	1829.7	8
2025-05-04 00:00	1829.8	1845.2	1822.6	1828.1	8
2025-05-04 04:00	1828.3	1845.9	1825.7	1836.9	8
2025-05-04 08:00	1837.0	1837.3	1817.9	1823.5	8
2025-05-04 12:00	1823.4	1829.8	1814.4	1826.5	8
2025-05-04 16:00	1826.4	1829.1	1818.6	1825.3	8
2025-05-04 20:00	1825.4	1839.0	1800.7	1806.4	8
2025-05-05 00:00	1806.3	1816.0	1780.0	1792.2	8
2025-05-05 04:00	1792.2	1827.1	1790.4	1824.1	8
2025-05-05 08:00	1824.2	1828.6	1796.2	1802.2	8
2025-05-05 12:00	1802.3	1812.8	1792.3	1798.4	8
2025-05-05 16:00	1798.5	1825.2	1798.1	1813.6	8
2025-05-05 20:00	1813.4	1829.9	1797.2	1817.4	8
2025-05-06 00:00	1817.5	1817.8	1790.7	1803.7	8
2025-05-06 04:00	1803.8	1806.2	1796.1	1803.5	8
2025-05-06 08:00	1803.5	1803.5	1756.0	1766.8	8
2025-05-06 12:00	1766.4	1776.6	1749.7	1767.0	8
2025-05-06 16:00	1767.0	1795.6	1759.8	1782.3	8
2025-05-06 20:00	1782.4	1816.5	1762.9	1814.3	8
2025-05-07 00:00	1814.5	1846.7	1812.8	1823.8	8
2025-05-07 04:00	1823.8	1835.7	1822.3	1835.7	8
2025-05-07 08:00	1835.6	1844.5	1828.7	1833.7	8
2025-05-07 12:00	1833.9	1834.6	1812.9	1815.2	8
2025-05-07 16:00	1815.1	1815.3	1785.5	1794.2	8
2025-05-07 20:00	1794.2	1822.4	1787.1	1808.8	8
2025-05-08 00:00	1808.9	1903.2	1806.5	1898.3	8
2025-05-08 04:00	1898.2	1940.3	1889.8	1925.9	8
2025-05-08 08:00	1926.0	1965.2	1924.2	1955.4	8
2025-05-08 12:00	1955.5	2071.8	1952.8	2049.8	8
2025-05-08 16:00	2049.9	2136.9	2035.1	2115.0	8
2025-05-08 20:00	2115.6	2222.9	2109.5	2205.0	8
2025-05-09 00:00	2205.0	2241.6	2183.0	2202.1	8
2025-05-09 04:00	2202.2	2389.4	2199.7	2362.4	8
2025-05-09 08:00	2362.3	2487.1	2290.6	2348.4	8
2025-05-09 12:00	2348.1	2385.2	2271.6	2298.9	8
2025-05-09 16:00	2298.9	2352.4	2272.6	2329.5	8
2025-05-09 20:00	2329.5	2349.4	2318.9	2341.1	8
2025-05-10 00:00	2341.1	2376.2	2314.4	2335.9	10
2025-05-10 04:00	2336.0	2414.3	2322.7	2396.4	11
2025-05-10 08:00	2397.2	2432.0	2360.5	2380.6	16
2025-05-10 12:00	2380.8	2444.8	2380.7	2429.7	16
2025-05-10 16:00	2430.0	2508.8	2425.4	2495.6	17
2025-05-10 20:00	2495.5	2597.1	2465.4	2580.5	20
2025-05-11 00:00	2580.2	2604.7	2503.4	2534.9	22
2025-05-11 04:00	2534.2	2559.0	2451.4	2470.0	17
2025-05-11 08:00	2470.1	2532.5	2469.5	2527.5	16
2025-05-11 12:00	2527.6	2528.7	2434.3	2459.4	18
2025-05-11 16:00	2459.3	2522.7	2436.9	2505.4	17
2025-05-11 20:00	2505.5	2525.7	2482.1	2512.4	9
2025-05-12 00:00	2512.6	2545.6	2490.0	2517.2	8
2025-05-12 04:00	2517.4	2621.5	2485.0	2552.1	9
2025-05-12 08:00	2552.1	2582.3	2521.0	2528.1	8
2025-05-12 12:00	2527.9	2573.5	2479.0	2484.3	8
2025-05-12 16:00	2484.4	2509.9	2405.8	2458.3	8
2025-05-12 20:00	2458.2	2496.8	2449.9	2492.9	8
2025-05-13 00:00	2493.1	2493.3	2414.3	2422.5	8
2025-05-13 04:00	2422.4	2476.9	2417.4	2457.7	8
2025-05-13 08:00	2457.7	2522.7	2449.2	2510.8	8
2025-05-13 12:00	2510.9	2571.3	2490.1	2564.0	8
2025-05-13 16:00	2564.1	2735.3	2558.0	2689.6	8
2025-05-13 20:00	2689.4	2705.0	2654.0	2677.4	8
2025-05-14 00:00	2677.3	2722.2	2621.0	2644.2	8
2025-05-14 04:00	2644.0	2683.7	2633.9	2638.3	8
2025-05-14 08:00	2638.3	2643.0	2577.4	2622.1	8
2025-05-14 12:00	2622.3	2632.3	2557.6	2594.8	8
2025-05-14 16:00	2594.7	2614.7	2545.6	2602.2	8
2025-05-14 20:00	2602.2	2611.6	2582.6	2607.6	8
2025-05-15 00:00	2607.9	2643.6	2566.3	2573.0	8
2025-05-15 04:00	2572.8	2594.3	2514.1	2528.9	8
2025-05-15 08:00	2528.7	2564.3	2515.6	2552.8	8
2025-05-15 12:00	2552.8	2576.8	2476.7	2562.3	8
2025-05-15 16:00	2562.2	2601.2	2511.3	2528.4	8
2025-05-15 20:00	2528.7	2561.6	2510.9	2546.2	8
2025-05-16 00:00	2546.3	2582.0	2532.0	2579.4	8
2025-05-16 04:00	2579.5	2617.1	2562.4	2599.4	8
2025-05-16 08:00	2599.5	2645.9	2557.2	2618.8	8
2025-05-16 12:00	2618.9	2620.9	2572.3	2592.6	8
2025-05-16 16:00	2592.7	2600.0	2568.5	2591.0	8
2025-05-16 20:00	2589.9	2590.6	2526.0	2533.7	10
2025-05-17 00:00	2533.6	2535.1	2449.3	2493.4	14
2025-05-17 04:00	2493.2	2510.0	2471.7	2490.2	8
2025-05-17 08:00	2490.1	2493.6	2465.0	2478.9	14
2025-05-17 12:00	2479.1	2484.1	2444.9	2471.7	14
2025-05-17 16:00	2471.6	2486.1	2445.8	2467.6	13
2025-05-17 20:00	2467.5	2492.9	2451.0	2472.8	11
2025-05-18 00:00	2472.9	2485.2	2465.5	2474.4	10
2025-05-18 04:00	2474.5	2512.2	2474.5	2506.2	8
2025-05-18 08:00	2507.0	2525.7	2496.3	2498.9	9
2025-05-18 12:00	2498.5	2584.5	2486.7	2576.4	13
2025-05-18 16:00	2576.5	2581.2	2401.0	2405.5	21
2025-05-18 20:00	2405.6	2508.9	2321.1	2496.0	15
2025-05-19 00:00	2496.3	2511.1	2378.6	2383.9	8
2025-05-19 04:00	2383.9	2410.8	2347.6	2401.4	8
2025-05-19 08:00	2401.5	2420.1	2389.0	2415.3	8
2025-05-19 12:00	2415.1	2471.2	2383.4	2465.1	8
2025-05-19 16:00	2465.4	2544.7	2449.5	2517.5	8
2025-05-19 20:00	2516.8	2532.2	2491.2	2526.3	8
2025-05-20 00:00	2526.4	2585.3	2509.6	2551.0	8
2025-05-20 04:00	2551.1	2574.9	2520.7	2530.5	8
2025-05-20 08:00	2530.4	2537.7	2492.6	2512.5	8
2025-05-20 12:00	2512.5	2513.0	2463.4	2480.6	8
2025-05-20 16:00	2480.7	2509.4	2443.2	2499.9	8
2025-05-20 20:00	2499.7	2538.1	2483.4	2522.4	8
2025-05-21 00:00	2522.5	2552.5	2508.3	2543.1	8
2025-05-21 04:00	2543.2	2613.8	2533.4	2550.3	8
2025-05-21 08:00	2551.1	2560.6	2514.6	2535.3	8
2025-05-21 12:00	2535.4	2580.0	2520.6	2565.5	8
2025-05-21 16:00	2565.9	2612.9	2451.8	2511.4	8
2025-05-21 20:00	2510.8	2595.7	2486.3	2549.3	8
2025-05-22 00:00	2549.5	2645.0	2543.3	2627.0	8
2025-05-22 04:00	2627.2	2644.9	2600.6	2631.3	8
2025-05-22 08:00	2631.1	2689.9	2625.6	2648.6	8
2025-05-22 12:00	2648.2	2677.3	2621.9	2661.8	8
2025-05-22 16:00	2662.1	2674.5	2625.0	2632.2	8
2025-05-22 20:00	2632.2	2663.2	2627.1	2662.4	8
2025-05-23 00:00	2662.4	2730.4	2643.1	2720.0	8
2025-05-23 04:00	2720.0	2722.7	2648.4	2652.2	8
2025-05-23 08:00	2652.2	2685.4	2550.4	2563.5	8
2025-05-23 12:00	2564.6	2589.5	2498.9	2566.6	8
2025-05-23 16:00	2566.6	2584.4	2544.7	2558.5	8
2025-05-23 20:00	2558.1	2559.8	2499.7	2522.7	13
2025-05-24 00:00	2522.5	2552.8	2511.6	2546.3	11
2025-05-24 04:00	2546.5	2559.6	2531.9	2543.3	8
2025-05-24 08:00	2543.5	2573.3	2541.6	2560.5	10
2025-05-24 12:00	2560.7	2562.8	2541.1	2553.0	9
2025-05-24 16:00	2553.1	2564.9	2541.9	2552.0	8
2025-05-24 20:00	2552.1	2554.1	2514.9	2528.0	10
2025-05-25 00:00	2528.1	2536.8	2474.3	2510.4	13
2025-05-25 04:00	2510.3	2516.4	2485.0	2491.5	8
2025-05-25 08:00	2491.6	2499.0	2462.3	2495.1	12
2025-05-25 12:00	2495.2	2521.6	2477.4	2509.2	11
2025-05-25 16:00	2509.1	2533.0	2493.5	2523.9	10
2025-05-25 20:00	2524.2	2552.1	2505.8	2549.2	8
2025-05-26 00:00	2549.4	2574.7	2538.3	2558.6	8
2025-05-26 04:00	2558.5	2597.6	2555.9	2579.3	8
2025-05-26 08:00	2579.5	2581.3	2553.9	2565.7	8
2025-05-26 12:00	2565.6	2572.5	2538.9	2564.4	8
2025-05-26 16:00	2564.8	2571.6	2525.3	2540.0	8
2025-05-26 20:00	2539.8	2581.4	2535.5	2561.6	8
2025-05-27 00:00	2561.6	2571.4	2507.8	2547.4	8
2025-05-27 04:00	2547.5	2615.5	2547.5	2604.8	8
2025-05-27 08:00	2604.6	2651.5	2604.6	2650.0	8
2025-05-27 12:00	2649.8	2681.5	2632.3	2666.7	8
2025-05-27 16:00	2666.9	2710.6	2657.3	2685.7	8
2025-05-27 20:00	2685.3	2691.8	2651.0	2659.7	8
2025-05-28 00:00	2659.5	2659.5	2617.9	2643.9	8
2025-05-28 04:00	2643.7	2650.4	2622.5	2634.5	8
2025-05-28 08:00	2634.7	2656.8	2607.8	2655.4	8
2025-05-28 12:00	2655.4	2686.9	2613.0	2625.2	8
2025-05-28 16:00	2625.3	2662.2	2615.1	2616.5	8
2025-05-28 20:00	2616.2	2684.0	2610.9	2679.9	8
2025-05-29 00:00	2678.9	2784.9	2669.5	2760.8	8
2025-05-29 04:00	2760.6	2764.6	2701.9	2729.3	8
2025-05-29 08:00	2729.4	2742.2	2707.1	2714.1	8
2025-05-29 12:00	2714.0	2717.0	2621.2	2640.9	9
2025-05-29 16:00	2641.0	2670.5	2628.0	2647.1	8
2025-05-29 20:00	2647.8	2665.6	2618.6	2628.8	8
2025-05-30 00:00	2628.7	2642.0	2558.0	2628.9	8
2025-05-30 04:00	2629.0	2646.1	2606.1	2617.0	8
2025-05-30 08:00	2617.1	2625.6	2587.2	2619.9	8
2025-05-30 12:00	2620.0	2623.9	2571.8	2596.6	8
2025-05-30 16:00	2596.2	2601.7	2534.3	2572.2	8
2025-05-30 20:00	2571.2	2586.8	2504.9	2527.9	13
2025-05-31 00:00	2527.9	2537.4	2473.0	2510.3	15
2025-05-31 04:00	2510.3	2523.6	2501.2	2518.1	8
2025-05-31 08:00	2518.0	2534.8	2505.5	2516.3	8
2025-05-31 12:00	2516.3	2547.3	2512.9	2533.3	8
2025-05-31 16:00	2533.2	2544.9	2520.7	2534.5	8
2025-05-31 20:00	2534.5	2548.2	2522.2	2525.8	8
2025-06-01 00:00	2525.9	2528.2	2491.1	2510.9	12
2025-06-01 04:00	2511.0	2525.2	2503.9	2506.7	8
2025-06-01 08:00	2506.5	2508.6	2475.6	2495.0	15
2025-06-01 12:00	2494.7	2523.0	2467.3	2521.1	13
2025-06-01 16:00	2520.7	2545.7	2493.0	2524.1	12
2025-06-01 20:00	2524.4	2545.5	2517.2	2537.4	8
2025-06-02 00:00	2537.4	2539.7	2483.9	2494.6	8
2025-06-02 04:00	2494.6	2511.7	2482.3	2505.1	8
2025-06-02 08:00	2504.7	2513.8	2473.5	2479.2	8
2025-06-02 12:00	2479.2	2553.3	2476.6	2542.2	9
2025-06-02 16:00	2542.4	2563.2	2523.4	2530.6	8
2025-06-02 20:00	2530.5	2613.3	2530.3	2605.6	8
2025-06-03 00:00	2606.0	2648.3	2588.1	2602.0	9
2025-06-03 04:00	2602.0	2618.7	2588.9	2608.4	8
2025-06-03 08:00	2608.4	2618.3	2593.0	2600.0	8
2025-06-03 12:00	2600.1	2654.7	2596.2	2622.2	8
2025-06-03 16:00	2622.4	2627.1	2602.6	2623.6	8
2025-06-03 20:00	2623.6	2623.9	2578.5	2591.6	9
2025-06-04 00:00	2591.5	2638.8	2581.8	2626.0	14
2025-06-04 04:00	2625.9	2643.0	2618.4	2625.6	11
2025-06-04 08:00	2625.7	2648.4	2622.7	2622.8	12
2025-06-04 12:00	2622.9	2677.4	2593.2	2666.5	8
2025-06-04 16:00	2666.6	2667.4	2621.6	2622.6	8
2025-06-04 20:00	2622.6	2623.2	2598.2	2606.2	8
2025-06-05 00:00	2606.1	2630.4	2601.3	2623.8	8
2025-06-05 04:00	2623.8	2632.3	2600.0	2602.5	8
2025-06-05 08:00	2602.7	2611.9	2581.2	2606.6	8
2025-06-05 12:00	2606.4	2638.9	2562.3	2587.7	8
2025-06-05 16:00	2588.0	2589.9	2505.4	2526.7	8
2025-06-05 20:00	2526.8	2533.2	2390.3	2413.2	8
2025-06-06 00:00	2413.4	2455.2	2384.4	2454.1	8
2025-06-06 04:00	2454.2	2465.5	2446.0	2453.9	8
2025-06-06 08:00	2453.8	2491.3	2452.4	2475.2	8
2025-06-06 12:00	2475.4	2529.3	2466.8	2508.4	8
2025-06-06 16:00	2508.3	2517.0	2483.0	2483.5	8
2025-06-06 20:00	2482.2	2505.1	2470.2	2473.9	11
2025-06-07 00:00	2474.0	2491.5	2454.5	2486.7	8
2025-06-07 04:00	2486.7	2500.1	2477.5	2489.4	8
2025-06-07 08:00	2489.6	2499.3	2480.3	2493.6	8
2025-06-07 12:00	2493.7	2521.8	2490.6	2517.5	12
2025-06-07 16:00	2517.6	2523.8	2504.5	2515.1	11
2025-06-07 20:00	2515.2	2541.5	2515.2	2522.6	9
2025-06-08 00:00	2522.5	2524.0	2505.8	2509.5	8
2025-06-08 04:00	2509.4	2517.2	2505.9	2512.5	8
2025-06-08 08:00	2512.2	2518.5	2490.1	2511.1	10
2025-06-08 12:00	2511.2	2524.2	2497.9	2512.3	11
2025-06-08 16:00	2512.2	2538.3	2510.8	2530.3	11
2025-06-08 20:00	2530.4	2545.8	2499.4	2508.3	8
2025-06-09 00:00	2508.4	2510.5	2481.6	2495.6	8
2025-06-09 04:00	2495.5	2495.7	2477.0	2490.6	8
2025-06-09 08:00	2490.8	2545.4	2483.4	2540.7	8
2025-06-09 12:00	2540.6	2547.0	2509.8	2533.1	8
2025-06-09 16:00	2533.2	2588.2	2533.2	2579.3	8
2025-06-09 20:00	2579.4	2691.5	2574.5	2678.5	8
2025-06-10 00:00	2678.5	2725.0	2674.9	2687.1	8
2025-06-10 04:00	2687.1	2697.5	2654.8	2675.7	8
2025-06-10 08:00	2675.9	2795.4	2668.1	2771.5	10
2025-06-10 12:00	2771.5	2776.1	2691.5	2730.7	9
2025-06-10 16:00	2730.9	2802.5	2727.8	2771.6	8
2025-06-10 20:00	2771.7	2823.1	2735.8	2814.0	8
2025-06-11 00:00	2813.9	2831.3	2770.7	2789.0	8
2025-06-11 04:00	2788.8	2800.6	2778.1	2789.5	8
2025-06-11 08:00	2789.5	2791.6	2751.9	2769.8	8
2025-06-11 12:00	2769.8	2876.9	2761.5	2863.4	8
2025-06-11 16:00	2863.4	2872.8	2800.1	2812.1	8
2025-06-11 20:00	2812.1	2829.5	2742.1	2769.7	8
2025-06-12 00:00	2769.7	2782.5	2744.8	2762.8	8
2025-06-12 04:00	2762.9	2774.0	2732.8	2738.4	8
2025-06-12 08:00	2738.4	2759.6	2720.6	2727.8	8
2025-06-12 12:00	2727.8	2770.7	2710.6	2717.8	8
2025-06-12 16:00	2717.9	2769.2	2690.4	2693.6	8
2025-06-12 20:00	2693.5	2701.0	2615.9	2641.2	8
2025-06-13 00:00	2640.7	2643.3	2438.7	2514.5	8
2025-06-13 04:00	2514.2	2539.8	2491.6	2525.6	8
2025-06-13 08:00	2525.3	2543.9	2506.0	2543.4	8
2025-06-13 12:00	2543.6	2561.7	2503.1	2550.0	8
2025-06-13 16:00	2550.0	2582.9	2508.9	2525.9	8
2025-06-13 20:00	2525.3	2580.6	2521.7	2575.9	10
2025-06-14 00:00	2576.2	2576.5	2544.1	2545.8	8
2025-06-14 04:00	2545.7	2553.6	2524.8	2535.2	8
2025-06-14 08:00	2534.4	2538.0	2516.9	2536.2	8
2025-06-14 12:00	2535.7	2543.3	2503.0	2517.1	10
2025-06-14 16:00	2517.0	2524.0	2486.3	2505.4	15
2025-06-14 20:00	2505.5	2537.6	2494.8	2528.6	9
2025-06-15 00:00	2528.7	2538.4	2522.8	2527.9	8
2025-06-15 04:00	2528.0	2550.5	2520.6	2526.4	8
2025-06-15 08:00	2526.5	2527.8	2506.1	2513.4	8
2025-06-15 12:00	2513.5	2551.7	2513.4	2539.2	11
2025-06-15 16:00	2539.1	2556.0	2528.5	2533.9	11
2025-06-15 20:00	2534.2	2547.3	2488.7	2545.2	11
2025-06-16 00:00	2545.2	2576.0	2513.3	2566.3	8
2025-06-16 04:00	2566.4	2635.0	2564.6	2626.4	8
2025-06-16 08:00	2626.7	2630.7	2590.8	2614.8	8
2025-06-16 12:00	2614.5	2655.2	2602.8	2630.4	8
2025-06-16 16:00	2630.8	2668.1	2626.4	2659.3	8
2025-06-16 20:00	2659.5	2678.0	2534.7	2542.1	8
2025-06-17 00:00	2542.2	2615.9	2523.9	2605.3	8
2025-06-17 04:00	2605.5	2608.6	2568.6	2580.5	8
2025-06-17 08:00	2580.4	2583.4	2539.9	2550.3	8
2025-06-17 12:00	2550.2	2565.1	2481.1	2496.3	8
2025-06-17 16:00	2496.1	2540.8	2452.4	2526.7	8
2025-06-17 20:00	2526.6	2531.6	2490.5	2507.8	8
2025-06-18 00:00	2507.0	2533.2	2504.0	2525.7	8
2025-06-18 04:00	2525.7	2542.9	2516.3	2530.9	8
2025-06-18 08:00	2530.8	2545.1	2487.2	2511.6	8
2025-06-18 12:00	2511.5	2536.6	2466.4	2507.2	8
2025-06-18 16:00	2507.1	2514.7	2465.7	2490.4	8
2025-06-18 20:00	2489.2	2534.9	2480.8	2523.0	8
2025-06-19 00:00	2522.9	2544.4	2505.6	2523.4	8
2025-06-19 04:00	2523.5	2528.3	2512.4	2517.0	8
2025-06-19 08:00	2517.0	2542.2	2517.0	2530.0	8
2025-06-19 12:00	2530.1	2534.3	2488.6	2491.0	8
2025-06-19 16:00	2491.1	2520.2	2483.1	2502.9	8
2025-06-19 20:00	2503.0	2529.6	2501.5	2519.0	8
2025-06-20 00:00	2519.0	2528.9	2510.8	2515.1	8
2025-06-20 04:00	2515.2	2547.8	2502.1	2546.9	8
2025-06-20 08:00	2546.8	2566.2	2540.0	2547.6	8
2025-06-20 12:00	2547.5	2557.1	2484.9	2491.6	8
2025-06-20 16:00	2491.5	2493.8	2367.2	2413.0	8
2025-06-20 20:00	2412.8	2435.3	2381.1	2404.3	8
2025-06-21 00:00	2404.3	2429.9	2394.0	2423.6	8
2025-06-21 04:00	2423.5	2425.9	2416.4	2424.7	8
2025-06-21 08:00	2424.8	2444.7	2420.8	2440.6	8
2025-06-21 12:00	2440.6	2442.9	2410.8	2421.4	8
2025-06-21 16:00	2421.5	2425.5	2380.9	2382.3	8
2025-06-21 20:00	2382.2	2406.3	2215.9	2293.8	8
2025-06-22 00:00	2294.0	2311.9	2247.0	2262.7	8
2025-06-22 04:00	2262.6	2295.5	2259.9	2268.6	8
2025-06-22 08:00	2268.7	2278.5	2235.7	2271.4	8
2025-06-22 12:00	2271.4	2284.8	2156.0	2172.1	8
2025-06-22 16:00	2172.7	2217.4	2169.3	2182.0	8
2025-06-22 20:00	2182.2	2234.8	2111.2	2225.4	8
2025-06-23 00:00	2225.3	2257.5	2220.7	2232.8	8
2025-06-23 04:00	2232.8	2272.6	2226.2	2256.6	8
2025-06-23 08:00	2256.7	2272.2	2237.5	2251.6	8
2025-06-23 12:00	2251.7	2310.3	2231.4	2247.3	8
2025-06-23 16:00	2247.2	2322.7	2187.7	2312.3	8
2025-06-23 20:00	2312.2	2437.3	2303.7	2410.7	8
2025-06-24 00:00	2410.8	2417.2	2388.2	2398.0	8
2025-06-24 04:00	2397.9	2432.8	2390.9	2392.6	8
2025-06-24 08:00	2392.7	2445.4	2376.3	2408.8	8
2025-06-24 12:00	2408.6	2451.4	2402.3	2436.7	8
2025-06-24 16:00	2436.8	2480.1	2416.9	2433.8	8
2025-06-24 20:00	2433.8	2449.0	2429.3	2446.4	8
2025-06-25 00:00	2446.5	2466.3	2436.1	2443.1	8
2025-06-25 04:00	2443.2	2449.5	2423.5	2443.5	8
2025-06-25 08:00	2443.6	2446.8	2407.9	2427.8	8
2025-06-25 12:00	2427.6	2443.9	2390.7	2404.5	8
2025-06-25 16:00	2404.5	2437.3	2400.5	2430.8	8
2025-06-25 20:00	2430.8	2452.6	2407.3	2417.1	8
2025-06-26 00:00	2417.2	2518.1	2416.4	2487.8	8
2025-06-26 04:00	2487.9	2498.5	2466.8	2489.5	8
2025-06-26 08:00	2489.5	2498.7	2440.2	2448.8	8
2025-06-26 12:00	2449.0	2457.2	2408.7	2432.1	8
2025-06-26 16:00	2432.1	2440.7	2417.1	2434.0	8
2025-06-26 20:00	2433.9	2455.8	2394.5	2414.2	8
2025-06-27 00:00	2414.3	2446.6	2381.4	2444.9	8
2025-06-27 04:00	2444.9	2457.7	2433.6	2440.8	8
2025-06-27 08:00	2440.1	2461.1	2434.6	2445.4	8
2025-06-27 12:00	2445.3	2454.9	2413.0	2437.3	8
2025-06-27 16:00	2437.4	2447.0	2387.3	2411.9	8
2025-06-27 20:00	2411.7	2427.7	2410.0	2421.5	8
2025-06-28 00:00	2421.7	2422.2	2404.6	2419.2	8
2025-06-28 04:00	2419.4	2431.5	2415.7	2430.3	8
2025-06-28 08:00	2430.4	2430.8	2417.7	2425.9	8
2025-06-28 12:00	2426.0	2439.7	2418.9	2435.3	8
2025-06-28 16:00	2435.3	2446.0	2430.5	2431.7	8
2025-06-28 20:00	2431.5	2440.7	2425.3	2434.8	8
2025-06-29 00:00	2434.7	2440.6	2424.3	2426.6	8
2025-06-29 04:00	2426.6	2438.5	2425.6	2438.5	8
2025-06-29 08:00	2438.8	2461.3	2436.7	2460.4	8
2025-06-29 12:00	2460.3	2461.4	2432.5	2434.2	8
2025-06-29 16:00	2435.2	2440.8	2428.9	2435.7	8
2025-06-29 20:00	2435.5	2521.8	2410.2	2498.4	8
2025-06-30 00:00	2498.7	2520.8	2493.8	2497.8	8
2025-06-30 04:00	2497.9	2503.1	2456.3	2478.9	8
2025-06-30 08:00	2478.8	2484.1	2445.1	2456.5	8
2025-06-30 12:00	2456.6	2485.2	2431.9	2472.8	8
2025-06-30 16:00	2472.9	2516.4	2460.3	2514.5	8
2025-06-30 20:00	2514.9	2520.1	2481.8	2483.6	8
2025-07-01 00:00	2482.7	2498.4	2475.9	2483.7	8
2025-07-01 04:00	2483.8	2484.1	2444.7	2463.2	8
2025-07-01 08:00	2463.2	2463.3	2441.8	2447.3	8
2025-07-01 12:00	2446.4	2454.2	2407.2	2421.8	8
2025-07-01 16:00	2421.7	2431.1	2401.0	2401.2	8
2025-07-01 20:00	2401.4	2416.1	2384.0	2403.0	8
2025-07-02 00:00	2402.9	2429.0	2373.3	2428.5	8
2025-07-02 04:00	2428.4	2451.8	2423.8	2445.3	8
2025-07-02 08:00	2445.2	2457.8	2440.6	2443.8	8
2025-07-02 12:00	2443.7	2499.9	2429.2	2497.8	8
2025-07-02 16:00	2497.8	2605.2	2494.6	2603.9	8
2025-07-02 20:00	2603.6	2615.8	2567.4	2568.5	8
2025-07-03 00:00	2568.6	2584.1	2555.0	2559.2	8
2025-07-03 04:00	2559.0	2603.9	2558.9	2598.6	8
2025-07-03 08:00	2598.8	2614.3	2581.4	2595.8	8
2025-07-03 12:00	2595.7	2633.2	2564.6	2568.7	8
2025-07-03 16:00	2568.7	2591.2	2565.0	2584.6	8
2025-07-03 20:00	2584.7	2602.1	2584.2	2589.3	8
2025-07-04 00:00	2589.1	2600.6	2570.5	2576.3	8
2025-07-04 04:00	2576.3	2582.5	2529.4	2533.4	8
2025-07-04 08:00	2533.3	2556.9	2526.6	2547.5	8
2025-07-04 12:00	2547.6	2553.9	2498.1	2499.3	8
2025-07-04 16:00	2499.2	2501.5	2472.7	2479.9	8
2025-07-04 20:00	2479.6	2518.7	2479.3	2505.8	8
2025-07-05 00:00	2505.9	2523.0	2496.1	2516.7	8
2025-07-05 04:00	2516.8	2527.3	2509.1	2518.8	8
2025-07-05 08:00	2518.9	2523.8	2506.3	2516.9	8
2025-07-05 12:00	2516.9	2519.8	2502.8	2505.6	8
2025-07-05 16:00	2505.4	2511.3	2486.7	2504.0	8
2025-07-05 20:00	2503.9	2520.1	2496.6	2514.5	8
2025-07-06 00:00	2514.7	2518.9	2508.1	2512.9	8
2025-07-06 04:00	2512.8	2524.2	2507.5	2516.2	8
2025-07-06 08:00	2516.1	2516.5	2502.2	2513.9	8
2025-07-06 12:00	2513.8	2567.3	2509.8	2555.8	8
2025-07-06 16:00	2555.7	2558.0	2522.1	2539.0	8
2025-07-06 20:00	2538.9	2602.2	2538.5	2569.0	8
2025-07-07 00:00	2569.1	2587.6	2549.0	2574.9	8
2025-07-07 04:00	2574.9	2578.0	2558.2	2576.3	8
2025-07-07 08:00	2576.2	2585.9	2551.1	2560.8	8
2025-07-07 12:00	2560.8	2566.0	2526.4	2531.5	8
2025-07-07 16:00	2531.6	2554.5	2510.7	2541.6	8
2025-07-07 20:00	2541.4	2542.9	2521.8	2539.9	8
2025-07-08 00:00	2540.0	2551.1	2521.8	2535.8	8
2025-07-08 04:00	2535.6	2561.0	2530.6	2550.5	8
2025-07-08 08:00	2550.5	2582.8	2541.7	2572.7	8
2025-07-08 12:00	2572.9	2597.9	2557.1	2562.3	8
2025-07-08 16:00	2562.5	2624.9	2557.8	2609.1	8
2025-07-08 20:00	2609.0	2616.0	2595.2	2613.5	8
2025-07-09 00:00	2613.4	2623.8	2588.9	2589.6	8
2025-07-09 04:00	2589.6	2642.5	2589.3	2622.8	8
2025-07-09 08:00	2622.9	2627.9	2603.7	2623.9	8
2025-07-09 12:00	2623.8	2671.8	2621.9	2654.8	8
2025-07-09 16:00	2654.8	2792.7	2651.3	2763.4	8
2025-07-09 20:00	2763.0	2782.2	2730.0	2767.5	8
2025-07-10 00:00	2767.6	2796.7	2754.9	2774.7	8
2025-07-10 04:00	2774.6	2820.8	2765.0	2789.8	8
2025-07-10 08:00	2789.5	2795.2	2771.5	2777.4	8
2025-07-10 12:00	2777.3	2793.5	2759.0	2768.0	8
2025-07-10 16:00	2768.1	2839.7	2768.0	2816.1	8
2025-07-10 20:00	2816.1	2997.0	2813.3	2949.1	9
2025-07-11 00:00	2949.3	2972.8	2916.0	2967.8	8
2025-07-11 04:00	2967.9	3027.3	2947.6	2968.8	8
2025-07-11 08:00	2969.0	3036.8	2964.1	2983.0	8
2025-07-11 12:00	2983.2	3007.6	2938.0	2948.5	8
2025-07-11 16:00	2948.5	3008.8	2936.8	3006.8	8
2025-07-11 20:00	3006.8	3008.3	2923.0	2956.2	8
2025-07-12 00:00	2956.1	2969.0	2932.2	2963.9	8
2025-07-12 04:00	2964.6	2975.2	2942.1	2962.2	8
2025-07-12 08:00	2962.1	2977.9	2956.8	2961.7	8
2025-07-12 12:00	2961.6	2965.2	2903.1	2913.5	8
2025-07-12 16:00	2913.4	2943.6	2909.5	2938.6	8
2025-07-12 20:00	2938.7	2948.7	2914.3	2941.0	8
2025-07-13 00:00	2941.0	2959.0	2935.5	2953.4	8
2025-07-13 04:00	2953.7	2964.9	2948.5	2961.7	8
2025-07-13 08:00	2961.7	2963.8	2943.0	2963.4	8
2025-07-13 12:00	2963.3	3018.1	2958.8	2991.3	8
2025-07-13 16:00	2991.2	3008.2	2962.7	2988.0	8
2025-07-13 20:00	2988.0	2996.6	2940.5	2970.8	8
2025-07-14 00:00	2971.0	3048.8	2962.2	3035.3	8
2025-07-14 04:00	3035.7	3061.7	3015.4	3042.8	8
2025-07-14 08:00	3042.9	3079.7	3021.7	3050.1	8
2025-07-14 12:00	3050.0	3065.6	2992.8	3009.9	8
2025-07-14 16:00	3009.9	3027.7	2981.9	2997.7	8
2025-07-14 20:00	2997.7	3016.2	2979.9	3011.9	8
2025-07-15 00:00	3011.6	3020.3	2931.7	2949.2	8
2025-07-15 04:00	2949.1	2991.5	2933.0	2974.5	8
2025-07-15 08:00	2974.4	2985.4	2957.5	2978.4	8
2025-07-15 12:00	2978.4	3064.0	2965.1	3036.3	8
2025-07-15 16:00	3036.8	3094.5	3031.6	3039.2	8
2025-07-15 20:00	3038.6	3141.6	3028.6	3137.1	8
2025-07-16 00:00	3137.2	3149.2	3102.1	3113.6	8
2025-07-16 04:00	3113.8	3172.4	3099.2	3160.1	8
2025-07-16 08:00	3160.0	3170.4	3143.2	3148.1	8
2025-07-16 12:00	3148.6	3263.8	3146.2	3243.7	8
2025-07-16 16:00	3243.6	3382.8	3234.8	3382.0	8
2025-07-16 20:00	3382.2	3422.1	3343.6	3370.2	8
2025-07-17 00:00	3370.2	3396.1	3309.5	3329.8	8
2025-07-17 04:00	3329.4	3466.1	3319.7	3447.1	8
2025-07-17 08:00	3447.2	3477.9	3424.7	3431.9	8
2025-07-17 12:00	3432.1	3438.7	3362.0	3419.5	8
2025-07-17 16:00	3419.4	3455.0	3366.4	3412.0	8
2025-07-17 20:00	3411.9	3522.4	3375.0	3477.0	8
2025-07-18 00:00	3477.1	3625.8	3460.1	3595.7	8
2025-07-18 04:00	3596.0	3673.5	3577.9	3606.0	8
2025-07-18 08:00	3606.0	3627.2	3582.9	3609.9	8
2025-07-18 12:00	3609.9	3671.5	3529.3	3563.7	8
2025-07-18 16:00	3563.7	3623.1	3538.1	3552.0	8
2025-07-18 20:00	3552.1	3575.4	3478.9	3546.9	8
2025-07-19 00:00	3546.7	3598.5	3508.5	3592.8	8
2025-07-19 04:00	3593.1	3607.0	3567.8	3572.0	8
2025-07-19 08:00	3572.2	3577.3	3539.2	3552.2	8
2025-07-19 12:00	3552.3	3571.4	3527.5	3551.8	8
2025-07-19 16:00	3551.7	3581.1	3532.3	3577.3	8
2025-07-19 20:00	3577.3	3597.6	3538.9	3592.7	8
2025-07-20 00:00	3592.9	3692.4	3578.7	3657.2	8
2025-07-20 04:00	3657.3	3688.5	3633.3	3668.4	8
2025-07-20 08:00	3668.5	3763.2	3668.5	3755.4	8
2025-07-20 12:00	3755.1	3788.5	3724.0	3785.0	8
2025-07-20 16:00	3785.0	3821.5	3731.3	3749.0	8
2025-07-20 20:00	3749.1	3771.7	3681.6	3756.2	8
2025-07-21 00:00	3756.3	3765.0	3702.7	3756.7	8
2025-07-21 04:00	3756.6	3810.9	3747.6	3786.6	9
2025-07-21 08:00	3786.1	3835.5	3755.8	3806.7	8
2025-07-21 12:00	3807.2	3857.1	3774.4	3810.2	8
2025-07-21 16:00	3810.1	3816.8	3719.9	3735.5	8
2025-07-21 20:00	3735.5	3778.3	3719.7	3761.4	8
2025-07-22 00:00	3761.6	3797.9	3697.9	3731.1	8
2025-07-22 04:00	3731.3	3733.4	3651.9	3675.5	8
2025-07-22 08:00	3675.3	3717.7	3616.9	3705.9	8
2025-07-22 12:00	3706.0	3728.1	3626.0	3717.0	8
2025-07-22 16:00	3717.2	3749.6	3655.8	3669.8	8
2025-07-22 20:00	3669.7	3749.3	3661.2	3746.1	8
2025-07-23 00:00	3746.3	3763.5	3714.0	3728.2	8
2025-07-23 04:00	3728.2	3736.1	3664.1	3673.1	8
2025-07-23 08:00	3673.0	3697.0	3640.3	3671.5	8
2025-07-23 12:00	3671.5	3680.5	3579.8	3644.5	8
2025-07-23 16:00	3644.0	3644.0	3552.6	3587.1	8
2025-07-23 20:00	3586.8	3633.0	3527.1	3627.1	8
2025-07-24 00:00	3627.2	3665.1	3612.5	3640.3	8
2025-07-24 04:00	3640.4	3656.2	3506.9	3591.8	8
2025-07-24 08:00	3591.9	3659.9	3580.2	3655.0	8
2025-07-24 12:00	3654.8	3770.6	3614.0	3731.2	8
2025-07-24 16:00	3731.4	3754.1	3667.0	3735.2	8
2025-07-24 20:00	3735.5	3743.0	3695.5	3706.4	8
2025-07-25 00:00	3706.8	3707.2	3574.3	3594.7	8
2025-07-25 04:00	3593.9	3665.8	3579.2	3630.2	8
2025-07-25 08:00	3629.7	3743.3	3627.5	3720.2	8
2025-07-25 12:00	3720.2	3732.8	3600.4	3632.3	8
2025-07-25 16:00	3632.3	3658.1	3615.2	3640.3	8
2025-07-25 20:00	3640.4	3727.7	3639.1	3723.2	8
2025-07-26 00:00	3723.2	3764.4	3699.4	3737.8	8
2025-07-26 04:00	3737.7	3754.5	3731.7	3740.8	8
2025-07-26 08:00	3741.0	3780.7	3732.3	3738.3	8
2025-07-26 12:00	3738.4	3753.6	3714.0	3734.6	8
2025-07-26 16:00	3734.7	3754.2	3710.2	3749.5	8
2025-07-26 20:00	3749.4	3791.0	3734.0	3740.2	8
2025-07-27 00:00	3740.4	3786.5	3730.0	3773.5	8
2025-07-27 04:00	3773.4	3807.9	3762.2	3767.3	8
2025-07-27 08:00	3767.4	3837.9	3751.9	3813.7	8
2025-07-27 12:00	3814.1	3834.3	3791.8	3817.4	8
2025-07-27 16:00	3817.5	3866.7	3808.5	3827.0	8
2025-07-27 20:00	3827.1	3876.8	3816.2	3871.9	8
2025-07-28 00:00	3871.3	3903.0	3842.6	3877.8	8
2025-07-28 04:00	3877.8	3938.0	3866.8	3891.6	8
2025-07-28 08:00	3891.5	3898.4	3856.3	3876.7	8
2025-07-28 12:00	3876.7	3887.1	3771.9	3806.1	8
2025-07-28 16:00	3806.0	3820.4	3752.5	3795.6	8
2025-07-28 20:00	3795.5	3800.6	3763.5	3796.4	8
2025-07-29 00:00	3796.3	3818.6	3730.4	3789.2	8
2025-07-29 04:00	3789.2	3875.7	3772.7	3875.3	8
2025-07-29 08:00	3875.4	3882.2	3810.2	3822.8	8
2025-07-29 12:00	3822.9	3870.5	3747.0	3759.5	8
2025-07-29 16:00	3759.4	3793.9	3715.5	3761.6	8
2025-07-29 20:00	3761.7	3796.5	3741.2	3790.8	8
2025-07-30 00:00	3790.8	3823.7	3753.6	3814.6	8
2025-07-30 04:00	3815.0	3830.7	3785.7	3808.5	8
2025-07-30 08:00	3808.4	3822.7	3742.8	3754.7	8
2025-07-30 12:00	3754.9	3827.4	3745.8	3794.5	8
2025-07-30 16:00	3794.6	3818.2	3677.0	3758.1	8
2025-07-30 20:00	3757.7	3807.7	3740.1	3806.7	8
2025-07-31 00:00	3806.5	3864.0	3799.1	3860.1	8
2025-07-31 04:00	3860.1	3875.8	3852.4	3860.7	8
2025-07-31 08:00	3860.6	3870.9	3823.3	3835.0	8
2025-07-31 12:00	3835.3	3841.8	3762.2	3785.6	8
2025-07-31 16:00	3785.6	3815.9	3732.5	3735.4	8
2025-07-31 20:00	3732.8	3753.7	3681.5	3695.6	8
2025-08-01 00:00	3694.1	3721.0	3616.6	3702.6	8
2025-08-01 04:00	3702.5	3702.5	3624.1	3648.0	8
2025-08-01 08:00	3647.8	3647.8	3584.9	3639.6	8
2025-08-01 12:00	3639.5	3672.6	3562.6	3613.0	8
2025-08-01 16:00	3612.5	3631.0	3511.0	3514.5	8
2025-08-01 20:00	3514.4	3549.4	3428.1	3484.7	8
2025-08-02 00:00	3484.8	3528.8	3473.2	3525.6	8
2025-08-02 04:00	3525.5	3534.5	3452.4	3516.1	8
2025-08-02 08:00	3516.3	3521.2	3471.2	3505.7	8
2025-08-02 12:00	3505.6	3514.2	3448.4	3456.3	8
2025-08-02 16:00	3456.3	3477.8	3369.6	3380.1	8
2025-08-02 20:00	3380.2	3437.9	3366.4	3390.8	8
2025-08-03 00:00	3390.9	3449.3	3354.0	3441.2	8
2025-08-03 04:00	3441.3	3456.7	3431.2	3453.5	8
2025-08-03 08:00	3453.6	3514.0	3451.4	3482.7	8
2025-08-03 12:00	3482.7	3501.7	3453.2	3473.9	8
2025-08-03 16:00	3474.0	3512.5	3465.3	3494.6	8
2025-08-03 20:00	3494.6	3518.8	3481.1	3495.5	8
2025-08-04 00:00	3495.5	3573.4	3489.3	3554.3	8
2025-08-04 04:00	3554.7	3563.2	3519.0	3550.0	8
2025-08-04 08:00	3550.1	3570.5	3540.0	3553.5	8
2025-08-04 12:00	3553.5	3663.0	3549.5	3647.0	8
2025-08-04 16:00	3647.1	3716.3	3647.1	3667.4	8
2025-08-04 20:00	3667.5	3733.4	3658.9	3718.1	8
2025-08-05 00:00	3718.4	3718.4	3646.6	3649.0	8
2025-08-05 04:00	3648.9	3676.8	3601.2	3610.4	8
2025-08-05 08:00	3610.2	3690.4	3606.3	3671.0	8
2025-08-05 12:00	3671.2	3675.9	3552.9	3566.4	8
2025-08-05 16:00	3565.5	3609.5	3556.5	3568.7	8
2025-08-05 20:00	3568.5	3620.5	3544.3	3609.1	8
2025-08-06 00:00	3609.3	3610.2	3562.0	3580.7	8
2025-08-06 04:00	3580.5	3659.2	3566.5	3637.0	8
2025-08-06 08:00	3636.9	3641.3	3606.8	3616.6	8
2025-08-06 12:00	3616.4	3667.7	3572.3	3663.5	8
2025-08-06 16:00	3663.4	3696.6	3637.0	3681.2	8
2025-08-06 20:00	3681.3	3683.2	3652.1	3681.1	8
2025-08-07 00:00	3681.1	3713.8	3646.9	3655.3	8
2025-08-07 04:00	3655.3	3707.7	3654.2	3699.8	8
2025-08-07 08:00	3699.9	3840.0	3699.8	3824.9	8
2025-08-07 12:00	3825.0	3864.3	3802.9	3836.2	8
2025-08-07 16:00	3835.6	3875.8	3780.2	3866.9	8
2025-08-07 20:00	3866.7	3926.1	3851.9	3909.4	8
2025-08-08 00:00	3908.6	3965.1	3878.2	3936.7	8
2025-08-08 04:00	3936.7	3936.8	3893.3	3913.9	8
2025-08-08 08:00	3913.7	3924.8	3882.9	3915.9	8
2025-08-08 12:00	3915.8	4010.0	3890.3	3952.7	8
2025-08-08 16:00	3952.5	4062.3	3948.7	4058.4	8
2025-08-08 20:00	4058.7	4068.2	4004.7	4007.6	8
2025-08-09 00:00	4007.3	4048.8	4005.1	4048.2	8
2025-08-09 04:00	4048.3	4201.1	4043.9	4168.1	8
2025-08-09 08:00	4168.2	4243.7	4165.6	4188.1	8
2025-08-09 12:00	4188.1	4222.5	4151.8	4206.8	8
2025-08-09 16:00	4206.8	4268.3	4193.0	4256.8	8
2025-08-09 20:00	4256.6	4322.4	4244.9	4259.9	8
2025-08-10 00:00	4259.9	4329.0	4205.0	4240.8	8
2025-08-10 04:00	4240.7	4261.8	4173.5	4182.1	8
2025-08-10 08:00	4181.9	4229.3	4159.2	4178.2	8
2025-08-10 12:00	4178.2	4234.0	4159.3	4216.0	8
2025-08-10 16:00	4215.8	4256.6	4211.7	4246.6	8
2025-08-10 20:00	4246.7	4253.0	4184.6	4249.2	8
2025-08-11 00:00	4249.3	4339.5	4237.1	4307.0	8
2025-08-11 04:00	4307.3	4346.4	4265.7	4271.4	8
2025-08-11 08:00	4271.3	4281.3	4168.6	4182.2	8
2025-08-11 12:00	4181.6	4327.8	4164.5	4327.3	8
2025-08-11 16:00	4327.4	4362.6	4231.9	4255.5	8
2025-08-11 20:00	4255.2	4255.6	4188.4	4222.1	8
2025-08-12 00:00	4221.9	4308.1	4218.3	4283.6	8
2025-08-12 04:00	4283.4	4317.8	4266.2	4313.1	8
2025-08-12 08:00	4313.1	4328.4	4255.3	4288.2	8
2025-08-12 12:00	4288.1	4477.4	4275.4	4470.9	8
2025-08-12 16:00	4470.9	4517.7	4439.0	4515.2	8
2025-08-12 20:00	4515.6	4634.9	4502.7	4587.7	8
2025-08-13 00:00	4587.8	4652.9	4562.6	4644.4	8
2025-08-13 04:00	4644.1	4679.9	4606.4	4621.6	8
2025-08-13 08:00	4621.5	4710.9	4606.5	4685.4	10
2025-08-13 12:00	4686.4	4732.9	4616.7	4658.9	13
2025-08-13 16:00	4661.4	4748.8	4658.7	4738.1	10
2025-08-13 20:00	4738.2	4782.9	4698.5	4748.1	9
2025-08-14 00:00	4748.3	4778.6	4708.9	4773.0	11
2025-08-14 04:00	4772.9	4787.6	4717.9	4746.2	8
2025-08-14 08:00	4746.5	4764.9	4680.6	4716.8	8
2025-08-14 12:00	4716.7	4735.0	4455.3	4617.7	16
2025-08-14 16:00	4617.6	4622.1	4483.8	4538.1	10
2025-08-14 20:00	4537.5	4572.2	4456.9	4546.8	9
2025-08-15 00:00	4546.9	4651.1	4539.1	4634.6	12
2025-08-15 04:00	4634.6	4663.0	4605.8	4640.3	9
2025-08-15 08:00	4639.5	4666.3	4613.5	4635.0	8
2025-08-15 12:00	4635.2	4663.6	4397.5	4428.4	14
2025-08-15 16:00	4428.7	4457.0	4375.3	4381.8	10
2025-08-15 20:00	4381.7	4490.7	4370.7	4439.2	9
2025-08-16 00:00	4439.1	4490.7	4426.4	4430.8	8
2025-08-16 04:00	4430.9	4463.7	4413.0	4451.4	8
2025-08-16 08:00	4451.5	4458.5	4373.5	4386.9	8
2025-08-16 12:00	4386.9	4426.6	4376.4	4399.5	8
2025-08-16 16:00	4399.5	4439.8	4392.0	4418.6	8
2025-08-16 20:00	4416.3	4436.9	4404.5	4421.3	8
2025-08-17 00:00	4421.1	4458.0	4396.4	4451.9	8
2025-08-17 04:00	4451.9	4490.6	4444.5	4466.6	8
2025-08-17 08:00	4466.9	4574.7	4459.8	4551.6	8
2025-08-17 12:00	4551.5	4565.4	4519.9	4561.7	8
2025-08-17 16:00	4562.0	4565.6	4429.1	4459.7	8
2025-08-17 20:00	4459.7	4534.8	4457.6	4473.2	8
2025-08-18 00:00	4473.1	4482.3	4281.9	4321.6	8
2025-08-18 04:00	4321.2	4348.3	4230.5	4257.2	8
2025-08-18 08:00	4256.4	4318.9	4225.1	4274.0	8
2025-08-18 12:00	4273.8	4368.6	4270.2	4345.3	8
2025-08-18 16:00	4345.7	4383.2	4299.9	4353.8	8
2025-08-18 20:00	4353.4	4387.2	4305.2	4313.1	8
2025-08-19 00:00	4313.0	4353.8	4212.7	4217.9	8
2025-08-19 04:00	4217.9	4249.5	4193.0	4233.1	8
2025-08-19 08:00	4233.0	4315.2	4217.7	4307.9	8
2025-08-19 12:00	4308.4	4338.0	4167.1	4188.6	12
2025-08-19 16:00	4187.9	4203.3	4111.4	4139.1	10
2025-08-19 20:00	4139.1	4161.9	4065.1	4072.7	9
2025-08-20 00:00	4072.8	4155.8	4061.5	4138.5	8
2025-08-20 04:00	4138.5	4209.6	4137.3	4182.7	8
2025-08-20 08:00	4183.1	4239.4	4148.3	4192.5	8
2025-08-20 12:00	4192.2	4305.7	4105.4	4252.3	13
2025-08-20 16:00	4252.6	4361.8	4252.5	4345.1	9
2025-08-20 20:00	4344.6	4375.9	4319.1	4333.7	8
2025-08-21 00:00	4332.9	4337.6	4276.2	4292.7	8
2025-08-21 04:00	4292.7	4318.8	4270.4	4308.5	8
2025-08-21 08:00	4309.2	4312.5	4254.8	4276.3	8
2025-08-21 12:00	4276.2	4325.1	4224.5	4239.8	8
2025-08-21 16:00	4240.2	4271.7	4206.3	4220.4	8
2025-08-21 20:00	4220.3	4256.9	4202.0	4221.8	8
2025-08-22 00:00	4221.6	4311.6	4219.6	4275.4	8
2025-08-22 04:00	4275.2	4342.0	4269.7	4327.1	8
2025-08-22 08:00	4325.8	4349.9	4270.6	4271.0	8
2025-08-22 12:00	4272.0	4667.2	4205.5	4614.1	12
2025-08-22 16:00	4614.1	4856.2	4614.1	4830.0	8
2025-08-22 20:00	4830.3	4883.0	4793.3	4827.3	8
2025-08-23 00:00	4827.4	4827.5	4658.1	4689.6	8
2025-08-23 04:00	4689.5	4759.2	4689.0	4708.7	8
2025-08-23 08:00	4709.4	4741.4	4688.2	4699.8	8
2025-08-23 12:00	4700.7	4764.0	4688.2	4747.2	8
2025-08-23 16:00	4747.2	4757.4	4725.0	4754.5	8
2025-08-23 20:00	4754.2	4793.6	4734.5	4774.2	8
2025-08-24 00:00	4774.2	4813.2	4750.4	4784.7	8
2025-08-24 04:00	4784.7	4795.7	4754.3	4755.3	8
2025-08-24 08:00	4755.3	4782.1	4717.7	4744.6	8
2025-08-24 12:00	4744.1	4825.2	4735.4	4795.0	8
2025-08-24 16:00	4795.0	4952.5	4745.8	4809.6	11
2025-08-24 20:00	4809.7	4820.5	4709.1	4777.0	10
2025-08-25 00:00	4777.6	4794.7	4669.0	4724.2	9
2025-08-25 04:00	4724.3	4736.6	4580.2	4587.6	9
2025-08-25 08:00	4587.4	4612.1	4516.5	4597.4	9
2025-08-25 12:00	4597.4	4681.6	4583.5	4609.8	9
2025-08-25 16:00	4609.9	4642.7	4413.9	4417.8	10
2025-08-25 20:00	4417.8	4442.6	4333.5	4374.8	11
2025-08-26 00:00	4374.9	4449.3	4311.3	4401.1	10
2025-08-26 04:00	4401.3	4451.3	4392.1	4427.1	8
2025-08-26 08:00	4426.7	4464.3	4403.2	4425.2	8
2025-08-26 12:00	4425.2	4576.3	4404.3	4517.7	10
2025-08-26 16:00	4518.1	4597.1	4497.9	4595.9	8
2025-08-26 20:00	4595.7	4631.7	4562.4	4599.2	8
2025-08-27 00:00	4599.3	4624.4	4539.0	4601.4	8
2025-08-27 04:00	4601.4	4643.1	4559.7	4578.0	8
2025-08-27 08:00	4578.2	4617.4	4554.9	4607.0	8
2025-08-27 12:00	4606.8	4661.3	4575.3	4656.0	10
2025-08-27 16:00	4656.1	4656.6	4534.0	4564.0	8
2025-08-27 20:00	4563.8	4610.6	4480.0	4504.7	8
2025-08-28 00:00	4504.9	4546.1	4467.1	4539.5	8
2025-08-28 04:00	4539.4	4597.7	4533.1	4594.4	8
2025-08-28 08:00	4594.3	4630.7	4579.8	4592.5	8
2025-08-28 12:00	4592.4	4613.6	4484.2	4502.6	9
2025-08-28 16:00	4502.0	4529.1	4435.7	4439.4	8
2025-08-28 20:00	4436.9	4513.3	4428.6	4509.3	8
2025-08-29 00:00	4509.1	4514.4	4433.6	4487.8	8
2025-08-29 04:00	4487.7	4495.0	4367.6	4379.0	8
2025-08-29 08:00	4379.0	4395.8	4317.1	4344.4	8
2025-08-29 12:00	4344.5	4449.9	4268.2	4314.5	10
2025-08-29 16:00	4314.6	4364.6	4294.9	4339.2	8
2025-08-29 20:00	4338.6	4377.3	4304.1	4358.0	8
2025-08-30 00:00	4358.1	4379.1	4256.8	4350.2	8
2025-08-30 04:00	4350.6	4412.4	4345.2	4400.2	8
2025-08-30 08:00	4400.0	4405.4	4376.4	4389.8	8
2025-08-30 12:00	4389.5	4391.0	4330.1	4374.4	8
2025-08-30 16:00	4373.9	4373.9	4332.0	4352.5	8
2025-08-30 20:00	4352.6	4376.1	4332.7	4371.7	8
2025-08-31 00:00	4371.6	4485.8	4370.7	4485.7	8
2025-08-31 04:00	4486.4	4489.0	4430.7	4449.2	8
2025-08-31 08:00	4448.6	4480.4	4438.2	4474.6	8
2025-08-31 12:00	4474.6	4495.6	4448.9	4482.6	8
2025-08-31 16:00	4482.5	4488.2	4452.4	4453.5	8
2025-08-31 20:00	4453.3	4474.9	4377.7	4389.6	8
2025-09-01 00:00	4389.6	4429.9	4359.6	4402.1	8
2025-09-01 04:00	4401.9	4461.1	4358.3	4461.1	8
2025-09-01 08:00	4461.1	4488.2	4380.3	4390.5	8
2025-09-01 12:00	4390.4	4421.1	4345.5	4360.1	8
2025-09-01 16:00	4359.8	4369.0	4308.5	4365.1	8
2025-09-01 20:00	4365.4	4365.5	4209.9	4312.1	8
2025-09-02 00:00	4313.2	4392.0	4288.9	4364.7	8
2025-09-02 04:00	4365.1	4414.2	4359.4	4375.6	8
2025-09-02 08:00	4375.6	4405.6	4340.1	4345.9	8
2025-09-02 12:00	4345.6	4394.6	4270.5	4293.2	10
2025-09-02 16:00	4292.4	4329.1	4255.6	4271.4	8
2025-09-02 20:00	4271.3	4335.0	4263.5	4324.0	8
2025-09-03 00:00	4323.9	4352.9	4281.1	4332.5	8
2025-09-03 04:00	4332.5	4340.1	4288.6	4307.9	8
2025-09-03 08:00	4307.6	4384.2	4301.1	4370.0	8
2025-09-03 12:00	4370.7	4485.5	4339.9	4481.1	10
2025-09-03 16:00	4480.9	4488.7	4454.5	4476.2	8
2025-09-03 20:00	4476.1	4480.3	4440.6	4450.4	8
2025-09-04 00:00	4450.5	4480.9	4388.9	4399.2	10
2025-09-04 04:00	4399.1	4412.6	4354.7	4370.3	9
2025-09-04 08:00	4370.5	4432.6	4364.6	4408.0	8
2025-09-04 12:00	4408.5	4428.0	4296.5	4305.4	11
2025-09-04 16:00	4305.3	4321.9	4264.4	4276.0	8
2025-09-04 20:00	4276.3	4349.5	4271.1	4298.1	8
2025-09-05 00:00	4298.0	4333.3	4290.6	4328.7	8
2025-09-05 04:00	4328.8	4428.2	4315.3	4417.4	8
2025-09-05 08:00	4417.6	4424.7	4372.2	4417.8	8
2025-09-05 12:00	4418.1	4481.0	4253.6	4280.5	18
2025-09-05 16:00	4280.6	4330.3	4270.9	4329.9	8
2025-09-05 20:00	4329.4	4342.1	4285.2	4304.9	8
2025-09-06 00:00	4304.9	4326.2	4300.2	4317.9	8
2025-09-06 04:00	4317.8	4317.9	4288.2	4310.0	8
2025-09-06 08:00	4310.0	4312.7	4284.6	4297.6	8
2025-09-06 12:00	4297.3	4306.2	4261.2	4267.8	8
2025-09-06 16:00	4267.9	4301.4	4236.3	4253.3	8
2025-09-06 20:00	4252.7	4285.8	4251.2	4273.6	8
2025-09-07 00:00	4273.3	4303.2	4269.9	4297.0	8
2025-09-07 04:00	4296.9	4305.0	4277.8	4294.1	8
2025-09-07 08:00	4294.6	4313.0	4291.9	4308.7	8
2025-09-07 12:00	4309.0	4309.3	4289.0	4297.5	8
2025-09-07 16:00	4296.9	4300.0	4269.3	4291.8	8
2025-09-07 20:00	4291.6	4333.7	4279.9	4304.7	8
2025-09-08 00:00	4304.4	4328.7	4277.6	4310.8	8
2025-09-08 04:00	4310.7	4312.4	4286.5	4290.1	8
2025-09-08 08:00	4290.2	4335.9	4286.7	4311.7	8
2025-09-08 12:00	4311.9	4381.7	4304.5	4370.1	9
2025-09-08 16:00	4369.9	4371.5	4282.5	4290.1	8
2025-09-08 20:00	4290.3	4329.1	4280.8	4305.5	8
2025-09-09 00:00	4305.7	4313.8	4277.1	4306.5	8
2025-09-09 04:00	4306.3	4379.8	4301.1	4359.7	8
2025-09-09 08:00	4359.8	4364.9	4340.8	4347.5	8
2025-09-09 12:00	4347.9	4365.1	4275.9	4284.9	10
2025-09-09 16:00	4285.0	4297.8	4276.2	4293.6	8
2025-09-09 20:00	4294.5	4317.1	4281.4	4308.1	8
2025-09-10 00:00	4307.8	4324.6	4283.9	4318.4	8
2025-09-10 04:00	4318.3	4330.7	4293.4	4327.9	8
2025-09-10 08:00	4327.8	4332.0	4310.6	4329.2	8
2025-09-10 12:00	4330.0	4451.1	4328.6	4404.9	10
2025-09-10 16:00	4404.8	4407.6	4299.1	4323.1	8
2025-09-10 20:00	4323.0	4355.0	4319.5	4348.7	8
2025-09-11 00:00	4348.6	4406.8	4337.6	4404.7	8
2025-09-11 04:00	4404.8	4449.2	4394.9	4440.6	8
2025-09-11 08:00	4440.5	4441.0	4405.2	4430.7	8
2025-09-11 12:00	4431.2	4472.4	4369.6	4413.3	13
2025-09-11 16:00	4413.6	4440.5	4407.4	4424.5	8
2025-09-11 20:00	4424.4	4468.8	4413.6	4460.6	8
2025-09-12 00:00	4458.5	4536.0	4450.1	4505.6	9
2025-09-12 04:00	4505.5	4561.5	4499.4	4525.8	8
2025-09-12 08:00	4526.1	4534.7	4505.1	4519.4	8
2025-09-12 12:00	4519.5	4570.9	4504.4	4543.2	9
2025-09-12 16:00	4543.1	4665.5	4533.9	4664.5	8
2025-09-12 20:00	4664.2	4743.5	4634.0	4712.4	8
2025-09-13 00:00	4712.8	4765.3	4692.2	4756.3	8
2025-09-13 04:00	4756.2	4756.2	4701.0	4711.6	8
2025-09-13 08:00	4711.8	4739.3	4708.7	4719.8	8
2025-09-13 12:00	4719.8	4730.2	4644.0	4653.9	8
2025-09-13 16:00	4654.0	4667.1	4605.3	4638.1	8
2025-09-13 20:00	4638.6	4673.3	4637.3	4666.9	8
2025-09-14 00:00	4667.0	4692.1	4652.4	4664.2	8
2025-09-14 04:00	4664.3	4682.4	4634.5	4652.1	8
2025-09-14 08:00	4651.9	4673.8	4628.8	4635.6	8
2025-09-14 12:00	4635.9	4645.0	4579.5	4582.3	9
2025-09-14 16:00	4582.2	4629.1	4581.6	4616.3	8
2025-09-14 20:00	4615.9	4635.6	4600.1	4606.5	8
2025-09-15 00:00	4606.3	4643.2	4581.6	4638.1	8
2025-09-15 04:00	4638.3	4669.8	4590.0	4598.7	8
2025-09-15 08:00	4598.5	4598.7	4499.7	4532.6	10
2025-09-15 12:00	4532.5	4542.0	4465.6	4501.5	9
2025-09-15 16:00	4501.8	4512.5	4476.2	4493.4	8
2025-09-15 20:00	4492.3	4528.3	4487.6	4525.1	8
2025-09-16 00:00	4524.9	4536.8	4504.9	4522.1	8
2025-09-16 04:00	4522.4	4535.2	4487.9	4512.3	8
2025-09-16 08:00	4512.4	4530.8	4493.1	4501.5	8
2025-09-16 12:00	4501.6	4511.2	4424.7	4467.5	9
2025-09-16 16:00	4467.6	4510.4	4447.8	4492.7	8
2025-09-16 20:00	4492.6	4523.5	4485.4	4502.6	8
2025-09-17 00:00	4502.7	4551.3	4495.7	4499.0	8
2025-09-17 04:00	4498.8	4554.7	4466.3	4543.2	8
2025-09-17 08:00	4544.9	4545.7	4480.5	4492.8	8
2025-09-17 12:00	4492.7	4512.5	4469.4	4490.5	8
2025-09-17 16:00	4490.3	4533.3	4427.1	4519.1	14
2025-09-17 20:00	4518.9	4615.4	4486.6	4591.4	8
2025-09-18 00:00	4591.5	4643.6	4580.8	4615.4	8
2025-09-18 04:00	4615.5	4619.7	4553.1	4575.8	8
2025-09-18 08:00	4575.5	4606.7	4569.1	4574.9	8
2025-09-18 12:00	4575.1	4625.3	4560.7	4600.5	9
2025-09-18 16:00	4600.6	4636.9	4582.5	4589.6	8
2025-09-18 20:00	4589.5	4606.2	4571.5	4588.6	8
2025-09-19 00:00	4588.5	4619.9	4545.2	4549.7	8
2025-09-19 04:00	4549.4	4559.2	4518.4	4540.4	8
2025-09-19 08:00	4539.9	4549.3	4508.6	4516.1	8
2025-09-19 12:00	4515.9	4544.3	4445.2	4475.7	9
2025-09-19 16:00	4475.8	4489.5	4438.0	4443.6	8
2025-09-19 20:00	4441.5	4477.9	4439.4	4468.4	8
2025-09-20 00:00	4468.3	4475.8	4454.4	4465.5	8
2025-09-20 04:00	4465.5	4484.1	4462.9	4484.0	8
2025-09-20 08:00	4483.9	4484.0	4457.6	4471.9	8
2025-09-20 12:00	4472.2	4507.8	4463.7	4499.3	8
2025-09-20 16:00	4499.5	4508.8	4471.3	4480.7	8
2025-09-20 20:00	4480.4	4502.2	4478.9	4480.0	8
2025-09-21 00:00	4479.8	4490.9	4458.8	4478.7	8
2025-09-21 04:00	4479.3	4492.7	4467.6	4479.8	8
2025-09-21 08:00	4479.7	4481.1	4444.3	4462.2	8
2025-09-21 12:00	4462.5	4487.4	4462.3	4485.0	8
2025-09-21 16:00	4485.4	4498.9	4465.3	4494.1	8
2025-09-21 20:00	4494.0	4496.0	4444.0	4446.1	8
2025-09-22 00:00	4446.6	4456.5	4271.8	4306.2	11
2025-09-22 04:00	4305.7	4311.9	4070.5	4195.8	11
2025-09-22 08:00	4195.7	4209.0	4138.1	4184.1	8
2025-09-22 12:00	4184.2	4221.3	4160.5	4169.3	10
2025-09-22 16:00	4170.1	4185.0	4126.4	4136.8	9
2025-09-22 20:00	4137.0	4210.1	4135.6	4202.0	8
2025-09-23 00:00	4201.7	4212.8	4116.9	4190.3	9
2025-09-23 04:00	4190.5	4215.2	4156.4	4207.2	8
2025-09-23 08:00	4207.4	4227.0	4179.7	4194.9	8
2025-09-23 12:00	4194.8	4211.4	4163.6	4183.1	9
2025-09-23 16:00	4183.2	4206.5	4138.0	4153.4	9
2025-09-23 20:00	4153.3	4190.2	4140.0	4164.7	8
2025-09-24 00:00	4165.2	4193.7	4129.5	4148.9	8
2025-09-24 04:00	4148.8	4183.9	4074.1	4174.5	9
2025-09-24 08:00	4174.6	4199.5	4164.1	4182.7	8
2025-09-24 12:00	4182.6	4206.6	4148.9	4166.8	8
2025-09-24 16:00	4166.9	4194.5	4154.5	4163.2	8
2025-09-24 20:00	4163.3	4172.4	4133.0	4153.5	8
2025-09-25 00:00	4153.7	4161.3	4024.9	4063.8	10
2025-09-25 04:00	4063.7	4069.4	3968.2	4008.6	12
2025-09-25 08:00	4008.5	4052.3	3994.5	4003.0	8
2025-09-25 12:00	4000.8	4022.5	3930.6	4003.6	12
2025-09-25 16:00	4003.5	4006.1	3824.8	3912.6	14
2025-09-25 20:00	3913.3	3935.9	3851.6	3873.4	9
2025-09-26 00:00	3873.3	3970.9	3869.5	3967.0	9
2025-09-26 04:00	3966.4	3975.8	3910.3	3940.1	8
2025-09-26 08:00	3940.0	3945.8	3873.5	3908.3	8
2025-09-26 12:00	3906.4	3984.4	3876.2	3947.5	12
2025-09-26 16:00	3945.4	4069.1	3943.0	4027.6	10
2025-09-26 20:00	4025.5	4039.3	4002.9	4032.1	8
2025-09-27 00:00	4031.7	4032.2	4005.6	4018.7	8
2025-09-27 04:00	4018.5	4027.5	4006.9	4009.6	8
2025-09-27 08:00	4007.0	4018.3	3973.6	4002.6	8
2025-09-27 12:00	4003.4	4037.5	3994.9	4019.0	8
2025-09-27 16:00	4019.2	4021.2	3981.8	4003.2	8
2025-09-27 20:00	4003.3	4033.7	4000.5	4019.4	8
2025-09-28 00:00	4019.6	4031.9	3994.4	4004.2	8
2025-09-28 04:00	4004.3	4018.9	3996.3	4014.6	8
2025-09-28 08:00	4014.7	4015.2	3984.7	3993.6	8
2025-09-28 12:00	3993.5	4027.7	3965.6	4023.2	8
2025-09-28 16:00	4022.7	4052.6	4021.8	4040.3	8
2025-09-28 20:00	4040.2	4145.4	4034.1	4144.7	10
2025-09-29 00:00	4144.4	4145.7	4104.8	4121.5	8
2025-09-29 04:00	4121.9	4123.3	4091.8	4109.5	8
2025-09-29 08:00	4109.6	4138.7	4094.0	4104.7	8
2025-09-29 12:00	4104.5	4205.8	4085.0	4166.7	9
2025-09-29 16:00	4166.9	4194.4	4129.3	4190.1	8
2025-09-29 20:00	4190.0	4237.1	4183.3	4217.0	8
2025-09-30 00:00	4217.6	4242.3	4191.6	4201.8	8
2025-09-30 04:00	4199.7	4207.1	4170.9	4183.1	8
2025-09-30 08:00	4183.6	4183.9	4135.7	4165.8	8
2025-09-30 12:00	4167.9	4176.5	4097.3	4119.7	12
2025-09-30 16:00	4119.6	4167.0	4092.1	4160.3	8
2025-09-30 20:00	4160.2	4199.6	4116.2	4145.1	8
2025-10-01 00:00	4144.3	4173.7	4123.9	4128.6	8
2025-10-01 04:00	4128.7	4155.0	4123.2	4146.8	8
2025-10-01 08:00	4144.9	4320.9	4143.5	4298.0	9
2025-10-01 12:00	4298.5	4345.1	4280.2	4328.5	10
2025-10-01 16:00	4328.7	4341.3	4290.8	4334.1	8
2025-10-01 20:00	4334.2	4352.7	4291.3	4348.9	8
2025-10-02 00:00	4349.0	4399.4	4334.6	4378.1	9
2025-10-02 04:00	4378.0	4423.4	4360.7	4377.0	8
2025-10-02 08:00	4377.1	4396.9	4370.7	4381.1	8
2025-10-02 12:00	4381.2	4442.6	4340.7	4439.6	11
2025-10-02 16:00	4439.4	4517.6	4429.0	4498.2	9
2025-10-02 20:00	4497.7	4498.3	4459.2	4486.2	8
2025-10-03 00:00	4486.1	4560.1	4465.0	4502.7	8
2025-10-03 04:00	4502.5	4511.1	4456.4	4464.5	8
2025-10-03 08:00	4464.6	4496.5	4429.5	4481.3	8
2025-10-03 12:00	4481.2	4543.1	4438.9	4538.2	11
2025-10-03 16:00	4539.0	4592.9	4452.1	4520.5	13
2025-10-03 20:00	4520.6	4544.7	4495.7	4513.4	8
2025-10-04 00:00	4513.5	4518.0	4465.3	4487.9	8
2025-10-04 04:00	4487.9	4518.9	4480.6	4499.3	8
2025-10-04 08:00	4499.4	4504.3	4480.8	4484.6	8
2025-10-04 12:00	4484.2	4511.6	4441.9	4454.4	8
2025-10-04 16:00	4454.8	4477.2	4440.3	4467.6	8
2025-10-04 20:00	4467.6	4494.4	4467.6	4487.6	8
2025-10-05 00:00	4487.7	4573.0	4468.2	4530.9	9
2025-10-05 04:00	4530.8	4612.1	4529.9	4605.0	9
2025-10-05 08:00	4604.9	4616.5	4522.7	4551.0	9
2025-10-05 12:00	4550.8	4550.8	4525.9	4533.2	8
2025-10-05 16:00	4530.7	4540.6	4482.6	4486.6	8
2025-10-05 20:00	4486.5	4522.1	4473.5	4514.6	8
2025-10-06 00:00	4515.0	4550.9	4489.4	4537.6	8
2025-10-06 04:00	4537.7	4576.8	4509.1	4532.1	8
2025-10-06 08:00	4532.4	4593.1	4532.4	4572.6	8
2025-10-06 12:00	4572.7	4693.2	4570.4	4674.3	12
2025-10-06 16:00	4674.2	4732.4	4661.0	4724.4	8
2025-10-06 20:00	4724.3	4736.7	4673.3	4685.9	8
2025-10-07 00:00	4685.1	4699.5	4666.0	4691.2	8
2025-10-07 04:00	4691.0	4731.2	4666.6	4678.8	8
2025-10-07 08:00	4678.9	4713.7	4640.8	4711.2	8
2025-10-07 12:00	4710.9	4756.2	4482.6	4513.5	15
2025-10-07 16:00	4513.4	4523.1	4449.6	4479.3	9
2025-10-07 20:00	4479.4	4517.6	4433.5	4449.1	8
2025-10-08 00:00	4449.2	4499.2	4434.6	4444.3	8
2025-10-08 04:00	4444.5	4465.8	4414.3	4463.8	9
2025-10-08 08:00	4463.7	4507.3	4458.6	4487.3	9
2025-10-08 12:00	4487.2	4521.4	4437.1	4447.6	15
2025-10-08 16:00	4447.7	4557.2	4438.1	4516.0	9
2025-10-08 20:00	4515.7	4537.4	4499.4	4525.9	8
2025-10-09 00:00	4526.0	4530.4	4405.2	4450.6	8
2025-10-09 04:00	4450.5	4459.1	4410.9	4426.2	8
2025-10-09 08:00	4424.4	4426.1	4321.2	4374.7	11
2025-10-09 12:00	4374.8	4411.9	4291.9	4315.8	15
2025-10-09 16:00	4315.7	4344.4	4269.3	4339.3	11
2025-10-09 20:00	4338.8	4383.3	4329.7	4369.2	8
2025-10-10 00:00	4369.3	4394.5	4344.3	4349.3	9
2025-10-10 04:00	4348.9	4376.5	4315.5	4322.7	8
2025-10-10 08:00	4322.8	4350.7	4313.7	4344.4	8
2025-10-10 12:00	4344.5	4390.5	4073.4	4102.1	20
2025-10-10 16:00	4102.1	4138.5	3952.1	3996.8	27
2025-10-10 20:00	3996.9	4024.0	3520.1	3834.1	23
2025-10-11 00:00	3833.9	3883.0	3732.2	3794.7	8
2025-10-11 04:00	3794.6	3833.8	3736.5	3761.1	10
2025-10-11 08:00	3761.2	3859.4	3752.4	3840.1	20
2025-10-11 12:00	3842.2	3854.8	3789.5	3828.6	20
2025-10-11 16:00	3825.6	3848.9	3737.3	3759.9	18
2025-10-11 20:00	3762.4	3767.1	3648.9	3746.5	27
2025-10-12 00:00	3746.9	3818.0	3696.6	3784.9	27
2025-10-12 04:00	3781.9	3845.3	3778.4	3827.5	16
2025-10-12 08:00	3827.4	3864.3	3807.4	3821.1	11
2025-10-12 12:00	3819.0	4078.3	3795.8	4034.4	24
2025-10-12 16:00	4036.5	4168.3	4034.5	4137.7	25
2025-10-12 20:00	4137.6	4196.0	4083.8	4155.7	20
2025-10-13 00:00	4155.7	4219.5	4126.3	4141.7	22
2025-10-13 04:00	4140.2	4198.5	4117.8	4179.8	14
2025-10-13 08:00	4179.7	4195.6	4046.0	4083.3	16
2025-10-13 12:00	4083.2	4179.2	4058.8	4137.7	23
2025-10-13 16:00	4137.8	4274.1	4131.9	4254.4	16
2025-10-13 20:00	4254.7	4292.8	4239.1	4243.9	9
2025-10-14 00:00	4244.0	4264.7	4139.2	4155.0	13
2025-10-14 04:00	4156.5	4162.2	3967.2	3981.0	19
2025-10-14 08:00	3981.4	4015.2	3892.2	3973.3	16
2025-10-14 12:00	3973.4	4088.2	3900.3	4086.7	23
2025-10-14 16:00	4086.9	4159.1	4051.8	4105.0	21
2025-10-14 20:00	4105.2	4143.6	4075.3	4125.2	9
2025-10-15 00:00	4125.0	4144.8	4063.0	4082.6	13
2025-10-15 04:00	4082.7	4125.9	4073.2	4124.5	9
2025-10-15 08:00	4124.4	4212.0	4091.0	4101.8	10
2025-10-15 12:00	4101.6	4107.4	3961.0	3982.0	18
2025-10-15 16:00	3982.3	4013.5	3931.7	3983.8	15
2025-10-15 20:00	3983.9	3995.8	3932.7	3986.6	10
2025-10-16 00:00	3986.5	4036.4	3976.9	4016.0	10
2025-10-16 04:00	4015.9	4046.3	3982.2	4005.0	9
2025-10-16 08:00	4004.6	4076.8	3942.4	4062.2	11
2025-10-16 12:00	4062.5	4083.5	3892.1	3906.9	20
2025-10-16 16:00	3909.0	3964.8	3853.2	3868.0	27
2025-10-16 20:00	3869.4	3896.5	3827.0	3894.4	12
2025-10-17 00:00	3894.2	3948.6	3889.0	3933.5	11
2025-10-17 04:00	3933.7	3934.7	3752.4	3755.7	21
2025-10-17 08:00	3753.7	3813.8	3676.8	3777.1	27
2025-10-17 12:00	3777.4	3808.0	3713.8	3798.8	13
2025-10-17 16:00	3797.6	3848.8	3779.4	3827.9	9
2025-10-17 20:00	3827.6	3881.0	3818.4	3829.8	8
2025-10-18 00:00	3829.7	3880.0	3818.6	3868.8	8
2025-10-18 04:00	3868.8	3927.4	3839.4	3892.6	9
2025-10-18 08:00	3892.1	3905.4	3862.7	3879.8	8
2025-10-18 12:00	3880.0	3893.7	3850.1	3878.0	8
2025-10-18 16:00	3876.1	3898.0	3854.0	3891.7	8
2025-10-18 20:00	3893.1	3908.4	3869.5	3887.3	8
2025-10-19 00:00	3887.2	3905.8	3855.7	3904.3	8
2025-10-19 04:00	3904.3	3918.4	3873.7	3887.5	8
2025-10-19 08:00	3887.6	3953.6	3828.5	3924.4	9
2025-10-19 12:00	3924.2	3999.1	3909.3	3977.1	9
2025-10-19 16:00	3977.3	4025.7	3959.3	3984.4	8
2025-10-19 20:00	3984.1	4028.1	3971.2	3983.3	8
2025-10-20 00:00	3983.1	4036.6	3909.0	4026.4	8
2025-10-20 04:00	4026.8	4084.2	4022.9	4053.5	8
2025-10-20 08:00	4055.3	4069.9	4012.4	4035.1	8
2025-10-20 12:00	4035.4	4047.8	4003.3	4004.7	9
2025-10-20 16:00	4003.9	4003.9	3922.5	3980.2	10
2025-10-20 20:00	3978.4	4002.7	3969.2	3977.7	8
2025-10-21 00:00	3977.7	3983.8	3920.4	3921.7	8
2025-10-21 04:00	3923.4	3923.4	3840.5	3891.9	9
2025-10-21 08:00	3891.8	3894.8	3851.9	3889.5	8
2025-10-21 12:00	3889.5	4083.4	3853.5	4081.5	10
2025-10-21 16:00	4081.4	4108.8	3967.4	3996.6	9
2025-10-21 20:00	3996.7	4001.0	3859.0	3873.5	8
2025-10-22 00:00	3871.1	3889.8	3821.6	3860.2	8
2025-10-22 04:00	3859.8	3882.1	3840.3	3870.8	8
2025-10-22 08:00	3869.1	3869.7	3772.8	3829.4	9
2025-10-22 12:00	3829.3	3875.2	3780.2	3842.6	9
2025-10-22 16:00	3840.9	3858.1	3784.9	3803.1	9
2025-10-22 20:00	3803.4	3813.6	3711.3	3804.3	8
2025-10-23 00:00	3804.5	3834.2	3795.8	3826.1	8
2025-10-23 04:00	3825.7	3894.4	3821.4	3881.1	8
2025-10-23 08:00	3881.4	3903.2	3861.1	3861.4	8
2025-10-23 12:00	3860.4	3885.0	3808.6	3876.8	8
2025-10-23 16:00	3876.9	3931.8	3845.3	3859.5	8
2025-10-23 20:00	3859.4	3859.8	3820.0	3857.1	8
2025-10-24 00:00	3857.2	3894.9	3846.5	3891.9	8
2025-10-24 04:00	3889.9	3986.8	3887.0	3948.8	8
2025-10-24 08:00	3948.5	3968.8	3927.3	3945.8	8
2025-10-24 12:00	3945.9	4019.5	3873.9	3888.5	12
2025-10-24 16:00	3888.6	3937.3	3864.8	3925.9	8
2025-10-24 20:00	3926.4	3943.1	3923.7	3933.0	8
2025-10-25 00:00	3932.9	3937.3	3910.8	3919.5	8
2025-10-25 04:00	3919.9	3955.7	3917.5	3926.8	8
2025-10-25 08:00	3926.8	3954.4	3925.6	3939.4	8
2025-10-25 12:00	3939.4	3954.3	3922.9	3930.8	8
2025-10-25 16:00	3931.2	3966.4	3925.6	3955.1	8
2025-10-25 20:00	3955.2	3964.4	3936.8	3953.1	8
2025-10-26 00:00	3953.0	3960.7	3918.6	3930.9	8
2025-10-26 04:00	3930.8	3955.0	3926.2	3947.8	8
2025-10-26 08:00	3947.8	4051.8	3947.8	4043.5	8
2025-10-26 12:00	4043.7	4096.1	4039.6	4073.7	8
2025-10-26 16:00	4073.5	4078.9	4045.5	4065.5	8
2025-10-26 20:00	4065.2	4176.6	4054.8	4157.8	8
2025-10-27 00:00	4157.6	4224.3	4149.2	4204.2	8
2025-10-27 04:00	4203.8	4251.2	4192.8	4199.0	8
2025-10-27 08:00	4198.6	4199.2	4131.4	4159.8	8
2025-10-27 12:00	4160.4	4186.1	4124.0	4173.9	10
2025-10-27 16:00	4171.7	4232.8	4171.7	4191.2	8
2025-10-27 20:00	4191.6	4194.1	4094.0	4117.9	8
2025-10-28 00:00	4117.8	4140.2	4068.7	4091.6	8
2025-10-28 04:00	4091.8	4125.5	4064.9	4115.5	8
2025-10-28 08:00	4115.6	4133.4	4101.7	4109.8	8
2025-10-28 12:00	4110.8	4173.6	4071.6	4095.6	9
2025-10-28 16:00	4095.5	4149.2	4026.0	4039.7	9
2025-10-28 20:00	4038.8	4041.9	3932.8	3978.9	12
2025-10-29 00:00	3978.8	4006.8	3963.3	3995.7	8
2025-10-29 04:00	3995.5	4034.8	3993.9	4024.1	8
2025-10-29 08:00	4022.1	4025.8	3983.1	4008.9	8
2025-10-29 12:00	4008.8	4027.5	3941.7	3950.5	9
2025-10-29 16:00	3948.7	4017.2	3840.5	3903.3	15
2025-10-29 20:00	3903.4	3962.2	3872.9	3901.4	9
2025-10-30 00:00	3901.5	3947.3	3885.1	3933.8	8
2025-10-30 04:00	3933.4	3942.3	3838.9	3938.8	10
2025-10-30 08:00	3937.0	3937.5	3876.3	3880.0	8
2025-10-30 12:00	3880.1	3883.4	3756.9	3771.4	14
2025-10-30 16:00	3771.3	3799.9	3677.8	3686.2	10
2025-10-30 20:00	3685.0	3804.4	3677.6	3802.5	8
2025-10-31 00:00	3802.6	3857.3	3794.9	3826.9	8
2025-10-31 04:00	3827.2	3869.8	3818.6	3828.2	8
2025-10-31 08:00	3828.0	3877.9	3816.4	3871.1	8
2025-10-31 12:00	3869.3	3883.1	3828.9	3857.4	8
2025-10-31 16:00	3856.5	3900.4	3802.0	3882.2	11
2025-10-31 20:00	3882.1	3888.3	3836.3	3843.9	8
2025-11-01 00:00	3843.8	3859.5	3827.2	3857.0	8
2025-11-01 04:00	3857.2	3864.4	3847.4	3856.2	8
2025-11-01 08:00	3857.4	3878.1	3855.7	3873.8	8
2025-11-01 12:00	3874.8	3897.5	3854.6	3893.4	9
2025-11-01 16:00	3893.5	3907.1	3860.7	3878.3	9
2025-11-01 20:00	3878.7	3890.1	3861.1	3872.0	8
2025-11-02 00:00	3872.1	3884.6	3859.0	3878.5	8
2025-11-02 04:00	3878.0	3916.0	3873.1	3905.1	8
2025-11-02 08:00	3905.3	3908.8	3852.5	3889.1	8
2025-11-02 12:00	3889.4	3892.3	3836.8	3851.8	10
2025-11-02 16:00	3851.4	3865.2	3839.4	3854.5	9
2025-11-02 20:00	3854.6	3914.2	3841.0	3905.4	9
2025-11-03 00:00	3905.6	3913.0	3728.2	3734.8	15
2025-11-03 04:00	3735.1	3763.8	3682.2	3712.7	16
2025-11-03 08:00	3713.0	3738.7	3663.0	3709.9	14
2025-11-03 12:00	3710.4	3746.5	3580.1	3587.7	16
2025-11-03 16:00	3588.5	3680.2	3562.3	3629.8	18
2025-11-03 20:00	3629.9	3635.0	3557.6	3602.1	13
2025-11-04 00:00	3601.8	3652.3	3565.5	3641.0	15
2025-11-04 04:00	3640.8	3646.2	3471.9	3491.9	19
2025-11-04 08:00	3492.6	3531.5	3459.2	3528.0	16
2025-11-04 12:00	3528.3	3583.9	3471.5	3505.2	18
2025-11-04 16:00	3505.5	3517.6	3223.9	3228.7	23
2025-11-04 20:00	3229.8	3301.6	3056.9	3285.4	20
2025-11-05 00:00	3285.5	3347.3	3165.6	3333.3	22
2025-11-05 04:00	3332.6	3352.0	3304.2	3329.5	14
2025-11-05 08:00	3329.6	3329.6	3273.8	3321.4	16
2025-11-05 12:00	3321.2	3397.3	3311.5	3396.8	18
2025-11-05 16:00	3396.7	3477.2	3368.2	3454.0	14
2025-11-05 20:00	3453.9	3479.1	3412.4	3423.1	10
2025-11-06 00:00	3422.8	3449.2	3373.7	3431.1	15
2025-11-06 04:00	3431.7	3454.5	3364.6	3379.0	16
2025-11-06 08:00	3378.6	3413.2	3365.8	3398.2	16
2025-11-06 12:00	3397.9	3403.3	3277.5	3297.8	19
2025-11-06 16:00	3297.7	3350.6	3243.0	3323.4	17
2025-11-06 20:00	3323.5	3335.3	3285.9	3313.9	11
2025-11-07 00:00	3313.2	3363.5	3273.4	3343.5	19
2025-11-07 04:00	3343.6	3367.7	3317.1	3356.3	11
2025-11-07 08:00	3354.8	3359.0	3223.3	3258.6	16
2025-11-07 12:00	3258.5	3315.5	3192.6	3294.3	18
2025-11-07 16:00	3294.4	3447.9	3271.6	3441.5	16
2025-11-07 20:00	3442.3	3470.0	3428.5	3432.4	12
2025-11-08 00:00	3432.4	3463.3	3404.6	3450.7	8
2025-11-08 04:00	3450.7	3481.9	3415.3	3444.5	8
2025-11-08 08:00	3444.6	3466.9	3403.4	3409.5	8
2025-11-08 12:00	3409.6	3414.5	3367.9	3373.9	8
2025-11-08 16:00	3374.2	3405.9	3351.0	3388.5	10
2025-11-08 20:00	3388.4	3413.1	3380.6	3399.8	8
2025-11-09 00:00	3399.7	3401.9	3357.5	3374.5	10
2025-11-09 04:00	3374.4	3423.8	3368.7	3421.2	8
2025-11-09 08:00	3421.1	3433.7	3381.2	3427.0	9
2025-11-09 12:00	3427.1	3561.1	3423.1	3514.0	15
2025-11-09 16:00	3513.9	3578.7	3500.1	3578.7	11
2025-11-09 20:00	3578.8	3618.2	3561.8	3582.3	11
2025-11-10 00:00	3582.0	3657.4	3553.9	3626.0	17
2025-11-10 04:00	3626.1	3630.2	3588.3	3607.5	11
2025-11-10 08:00	3607.7	3629.4	3585.1	3609.0	9
2025-11-10 12:00	3608.8	3620.7	3507.5	3517.9	17
2025-11-10 16:00	3517.6	3574.9	3506.5	3557.3	14
2025-11-10 20:00	3556.4	3582.5	3526.8	3565.3	10
2025-11-11 00:00	3565.4	3645.9	3551.9	3604.9	16
2025-11-11 04:00	3604.2	3608.7	3531.5	3543.4	13
2025-11-11 08:00	3543.0	3585.2	3542.5	3572.8	10
2025-11-11 12:00	3573.1	3591.8	3467.5	3480.2	16
2025-11-11 16:00	3480.3	3499.4	3445.2	3455.3	14
2025-11-11 20:00	3455.4	3459.9	3401.9	3415.5	12
2025-11-12 00:00	3416.6	3454.5	3408.8	3437.1	14
2025-11-12 04:00	3437.1	3455.9	3422.5	3425.4	8
2025-11-12 08:00	3426.0	3567.8	3425.9	3547.9	8
2025-11-12 12:00	3548.0	3586.5	3417.8	3427.0	11
2025-11-12 16:00	3426.6	3452.9	3371.1	3407.1	16
2025-11-12 20:00	3406.3	3438.3	3389.3	3413.5	9
2025-11-13 00:00	3413.6	3471.6	3377.5	3450.9	13
2025-11-13 04:00	3450.2	3563.9	3431.9	3537.3	15
2025-11-13 08:00	3536.9	3548.2	3476.8	3500.3	8
2025-11-13 12:00	3500.4	3509.4	3366.2	3385.5	14
2025-11-13 16:00	3385.3	3396.8	3173.7	3195.0	17
2025-11-13 20:00	3194.9	3269.4	3152.3	3229.0	12
2025-11-14 00:00	3229.2	3249.4	3185.2	3224.8	13
2025-11-14 04:00	3225.0	3238.7	3106.8	3213.3	15
2025-11-14 08:00	3213.4	3217.2	3115.3	3143.1	14
2025-11-14 12:00	3142.3	3230.0	3067.1	3192.4	16
2025-11-14 16:00	3193.3	3253.6	3152.1	3204.4	15
2025-11-14 20:00	3204.5	3209.7	3085.4	3108.9	10
2025-11-15 00:00	3108.9	3190.2	3107.4	3175.8	8
2025-11-15 04:00	3175.9	3188.5	3156.6	3173.1	8
2025-11-15 08:00	3173.1	3174.9	3131.7	3149.0	8
2025-11-15 12:00	3149.1	3193.6	3144.5	3182.8	8
2025-11-15 16:00	3182.5	3228.1	3161.5	3195.5	8
2025-11-15 20:00	3195.6	3198.5	3150.2	3166.2	8
2025-11-16 00:00	3166.1	3207.2	3129.7	3200.3	13
2025-11-16 04:00	3200.0	3218.4	3183.3	3217.0	8
2025-11-16 08:00	3217.3	3245.5	3157.1	3165.8	11
2025-11-16 12:00	3165.7	3178.6	3095.4	3103.2	10
2025-11-16 16:00	3102.6	3124.8	3024.0	3089.0	18
2025-11-16 20:00	3088.8	3114.4	3000.4	3093.2	16
2025-11-17 00:00	3093.0	3177.7	3065.7	3173.9	16
2025-11-17 04:00	3174.0	3205.9	3163.1	3196.0	9
2025-11-17 08:00	3196.4	3219.2	3176.4	3201.7	12
2025-11-17 12:00	3200.5	3207.9	3091.9	3116.5	23
2025-11-17 16:00	3116.7	3139.3	2969.6	2977.3	31
2025-11-17 20:00	2977.4	3027.6	2954.1	3026.4	21
2025-11-18 00:00	3026.7	3046.7	2942.4	3020.8	28
2025-11-18 04:00	3019.5	3030.7	2954.2	3023.6	25
2025-11-18 08:00	3020.6	3070.6	3020.4	3054.7	19
2025-11-18 12:00	3054.8	3121.4	3017.6	3103.9	26
2025-11-18 16:00	3103.4	3167.9	3095.5	3144.5	14
2025-11-18 20:00	3143.5	3148.3	3093.8	3121.6	8
2025-11-19 00:00	3121.5	3123.2	3066.3	3071.6	16
2025-11-19 04:00	3069.6	3085.5	2988.7	3083.0	18
2025-11-19 08:00	3082.8	3110.5	3052.0	3080.2	12
2025-11-19 12:00	3080.3	3106.0	2963.3	2972.3	20
2025-11-19 16:00	2969.5	2984.9	2869.0	2878.5	26
2025-11-19 20:00	2876.8	3025.1	2870.2	3022.8	17
2025-11-20 00:00	3022.9	3055.0	3001.0	3036.0	11
2025-11-20 04:00	3036.8	3060.6	3003.6	3037.0	8
2025-11-20 08:00	3035.8	3041.6	2990.2	3019.2	10
2025-11-20 12:00	3019.4	3043.8	2948.4	2952.8	22
2025-11-20 16:00	2952.9	2959.5	2786.8	2844.9	51
2025-11-20 20:00	2842.6	2899.9	2814.6	2829.5	30
2025-11-21 00:00	2831.3	2885.0	2770.1	2806.5	41
2025-11-21 04:00	2804.5	2831.9	2651.9	2714.7	42
2025-11-21 08:00	2714.9	2752.0	2659.3	2683.8	42
2025-11-21 12:00	2685.5	2779.8	2620.2	2702.6	43
2025-11-21 16:00	2703.4	2804.4	2671.6	2749.8	35
2025-11-21 20:00	2750.5	2774.8	2705.5	2761.8	21
2025-11-22 00:00	2761.9	2780.2	2735.4	2748.5	8
2025-11-22 04:00	2748.7	2766.4	2722.9	2752.1	8
2025-11-22 08:00	2755.1	2755.1	2701.4	2733.6	25
2025-11-22 12:00	2732.0	2753.0	2708.3	2737.6	20
2025-11-22 16:00	2737.7	2757.6	2732.4	2749.5	12
2025-11-22 20:00	2749.6	2797.7	2730.9	2768.8	15
2025-11-23 00:00	2768.6	2832.2	2765.5	2823.6	23
2025-11-23 04:00	2823.7	2850.6	2774.9	2791.0	14
2025-11-23 08:00	2792.6	2821.7	2790.9	2812.8	13
2025-11-23 12:00	2814.5	2857.0	2808.1	2835.5	17
2025-11-23 16:00	2835.4	2845.2	2784.5	2821.7	11
2025-11-23 20:00	2822.0	2843.6	2793.0	2800.3	11
2025-11-24 00:00	2799.8	2865.5	2761.4	2855.0	24
2025-11-24 04:00	2854.9	2884.9	2801.1	2828.0	21
2025-11-24 08:00	2828.4	2840.8	2785.5	2802.0	19
2025-11-24 12:00	2801.7	2860.1	2782.5	2844.9	20
2025-11-24 16:00	2845.2	2978.8	2840.1	2957.6	17
2025-11-24 20:00	2957.9	2984.1	2948.0	2952.5	14
2025-11-25 00:00	2952.2	2953.3	2903.6	2910.7	16
2025-11-25 04:00	2910.6	2942.9	2901.1	2901.9	16
2025-11-25 08:00	2902.0	2908.4	2864.3	2890.2	16
2025-11-25 12:00	2890.4	2933.1	2855.2	2894.1	17
2025-11-25 16:00	2894.3	2957.0	2871.0	2921.4	16
2025-11-25 20:00	2921.3	2979.1	2904.1	2958.3	14
2025-11-26 00:00	2958.4	2982.7	2920.6	2925.9	16
2025-11-26 04:00	2926.2	2953.8	2919.7	2943.1	16
2025-11-26 08:00	2943.3	2947.9	2901.0	2913.2	16
2025-11-26 12:00	2913.4	2947.2	2888.0	2925.8	16
2025-11-26 16:00	2926.7	3043.4	2925.3	3031.3	16
2025-11-26 20:00	3031.6	3034.9	3007.7	3026.0	13
2025-11-27 00:00	3025.7	3070.2	3006.8	3033.1	16
2025-11-27 04:00	3032.7	3052.9	3016.8	3032.7	15
2025-11-27 08:00	3032.5	3043.2	3017.3	3027.6	14
2025-11-27 12:00	3027.8	3029.5	2985.4	3009.9	16
2025-11-27 16:00	3009.5	3038.8	3004.0	3031.3	16
2025-11-27 20:00	3031.0	3043.1	3002.0	3014.4	13
2025-11-28 00:00	3014.5	3023.0	2993.3	3007.9	16
2025-11-28 04:00	3008.6	3028.2	2999.6	3001.2	16
2025-11-28 08:00	3000.7	3073.5	3000.3	3033.0	16
2025-11-28 12:00	3033.4	3096.8	3024.9	3073.1	16
2025-11-28 16:00	3074.2	3075.1	3012.2	3049.3	15
2025-11-28 20:00	3049.4	3059.2	3018.1	3029.1	11
2025-11-29 00:00	3028.9	3050.7	3015.6	3020.6	8
2025-11-29 04:00	3020.7	3042.6	2992.6	3002.9	8
2025-11-29 08:00	3003.0	3010.7	2986.3	2999.8	8
2025-11-29 12:00	3000.1	3013.5	2986.7	3007.2	8
2025-11-29 16:00	3007.1	3010.8	2963.0	2988.2	8
2025-11-29 20:00	2988.1	2998.7	2982.7	2988.9	8
2025-11-30 00:00	2989.2	3011.3	2975.7	3001.4	8
2025-11-30 04:00	3001.5	3008.4	2985.4	3004.7	8
2025-11-30 08:00	3004.8	3017.6	2999.4	3002.6	8
2025-11-30 12:00	3002.7	3051.7	3000.0	3028.2	8
2025-11-30 16:00	3028.1	3048.7	3027.2	3033.5	8
2025-11-30 20:00	3033.8	3040.4	2988.9	2991.0	9
2025-12-01 00:00	2991.1	2997.1	2814.3	2825.3	17
2025-12-01 04:00	2825.0	2842.6	2805.7	2839.7	16
2025-12-01 08:00	2840.0	2851.7	2827.5	2836.4	15
2025-12-01 12:00	2837.1	2839.6	2718.8	2744.9	16
2025-12-01 16:00	2745.2	2756.8	2719.1	2740.0	16
2025-12-01 20:00	2739.6	2817.9	2739.4	2798.4	13
2025-12-02 00:00	2798.5	2823.3	2783.1	2804.1	16
2025-12-02 04:00	2803.9	2815.1	2796.3	2805.6	15
2025-12-02 08:00	2805.4	2832.8	2782.0	2825.4	15
2025-12-02 12:00	2825.2	3023.4	2815.7	3005.9	16
2025-12-02 16:00	3006.2	3033.0	2986.7	3015.5	16
2025-12-02 20:00	3015.7	3019.6	2973.5	2996.5	13
2025-12-03 00:00	2996.3	3046.4	2984.9	3030.6	16
2025-12-03 04:00	3030.9	3085.7	3028.9	3057.6	16
2025-12-03 08:00	3057.3	3078.0	3043.4	3072.9	16
2025-12-03 12:00	3072.7	3144.1	3031.2	3086.1	15
2025-12-03 16:00	3085.6	3142.2	3063.4	3128.0	16
2025-12-03 20:00	3127.8	3213.1	3116.1	3187.5	13
2025-12-04 00:00	3188.0	3239.3	3173.0	3208.9	16
2025-12-04 04:00	3209.9	3218.9	3170.7	3189.5	16
2025-12-04 08:00	3189.8	3208.1	3174.8	3186.4	16
2025-12-04 12:00	3186.1	3222.0	3139.4	3208.8	15
2025-12-04 16:00	3207.5	3224.1	3066.0	3118.9	16
2025-12-04 20:00	3118.7	3150.9	3105.6	3133.1	13
2025-12-05 00:00	3133.2	3192.1	3132.1	3170.6	16
2025-12-05 04:00	3170.5	3182.8	3151.0	3173.4	16
2025-12-05 08:00	3173.3	3173.5	3107.6	3131.2	16
2025-12-05 12:00	3131.4	3156.3	3082.5	3105.7	16
2025-12-05 16:00	3105.9	3107.7	2984.9	3038.0	16
2025-12-05 20:00	3037.7	3048.9	3005.5	3020.5	11
2025-12-06 00:00	3020.6	3045.0	3011.4	3039.0	8
2025-12-06 04:00	3039.1	3041.2	3023.3	3025.1	8
2025-12-06 08:00	3025.8	3041.1	3012.5	3038.4	8
2025-12-06 12:00	3038.7	3067.9	3026.0	3040.8	8
2025-12-06 16:00	3040.7	3065.7	3025.5	3029.9	8
2025-12-06 20:00	3029.4	3053.5	3026.9	3038.2	8
2025-12-07 00:00	3038.0	3056.0	3032.3	3053.9	8
2025-12-07 04:00	3053.8	3057.6	3031.0	3036.7	8
2025-12-07 08:00	3036.6	3043.1	3024.2	3035.5	8
2025-12-07 12:00	3035.4	3052.3	2915.4	3027.1	12
2025-12-07 16:00	3026.4	3148.8	2999.3	3137.3	11
2025-12-07 20:00	3137.4	3145.9	3013.6	3059.4	9
2025-12-08 00:00	3059.3	3133.8	3040.5	3110.3	16
2025-12-08 04:00	3110.4	3139.4	3107.4	3132.0	16
2025-12-08 08:00	3133.2	3179.2	3124.4	3141.6	16
2025-12-08 12:00	3141.5	3177.9	3089.5	3101.0	16
2025-12-08 16:00	3101.1	3132.6	3079.0	3118.1	16
2025-12-08 20:00	3118.4	3152.1	3112.8	3123.9	13
2025-12-09 00:00	3123.8	3142.5	3090.5	3128.3	16
2025-12-09 04:00	3128.5	3130.3	3095.5	3121.8	15
2025-12-09 08:00	3122.2	3129.5	3093.4	3118.1	14
2025-12-09 12:00	3117.8	3253.9	3097.4	3244.9	16
2025-12-09 16:00	3244.0	3396.9	3244.0	3356.9	16
2025-12-09 20:00	3357.2	3360.4	3284.3	3317.7	13
2025-12-10 00:00	3317.3	3327.6	3287.3	3308.5	16
2025-12-10 04:00	3309.2	3333.6	3306.0	3326.1	16
2025-12-10 08:00	3326.5	3373.7	3296.2	3317.9	16
2025-12-10 12:00	3318.0	3338.7	3302.5	3327.6	16
2025-12-10 16:00	3327.8	3433.2	3320.4	3389.7	16
2025-12-10 20:00	3390.0	3446.5	3317.8	3324.3	13
2025-12-11 00:00	3323.9	3327.3	3167.4	3190.9	16
2025-12-11 04:00	3191.2	3215.6	3181.4	3201.2	16
2025-12-11 08:00	3201.0	3212.7	3178.1	3193.3	16
2025-12-11 12:00	3193.5	3209.2	3145.9	3179.0	16
2025-12-11 16:00	3178.8	3233.6	3154.1	3194.1	16
2025-12-11 20:00	3193.8	3272.6	3191.7	3236.7	13
2025-12-12 00:00	3236.4	3265.1	3185.1	3245.5	16
2025-12-12 04:00	3245.2	3264.6	3232.2	3246.0	16
2025-12-12 08:00	3245.9	3255.0	3226.4	3241.9	16
2025-12-12 12:00	3242.2	3251.1	3057.9	3070.9	16
2025-12-12 16:00	3071.1	3099.7	3044.9	3072.7	16
2025-12-12 20:00	3073.0	3095.4	3066.6	3083.3	10
2025-12-13 00:00	3083.5	3093.8	3077.1	3088.4	8
2025-12-13 04:00	3088.9	3094.0	3083.3	3093.6	8
2025-12-13 08:00	3094.1	3134.5	3092.4	3119.0	8
2025-12-13 12:00	3119.1	3126.8	3095.0	3109.3	8
2025-12-13 16:00	3109.2	3116.0	3095.5	3107.7	8
2025-12-13 20:00	3107.8	3119.1	3080.8	3114.0	8
2025-12-14 00:00	3113.9	3128.8	3104.2	3118.5	8
2025-12-14 04:00	3118.4	3121.6	3104.1	3114.8	8
2025-12-14 08:00	3114.7	3119.3	3049.6	3084.3	9
2025-12-14 12:00	3084.5	3107.4	3069.2	3084.0	8
2025-12-14 16:00	3083.9	3107.0	3073.1	3093.2	8
2025-12-14 20:00	3093.1	3096.6	3026.7	3061.7	9
2025-12-15 00:00	3061.8	3149.8	3055.6	3107.9	16
2025-12-15 04:00	3107.7	3144.1	3103.1	3127.9	14
2025-12-15 08:00	3128.1	3175.7	3124.8	3156.4	12
2025-12-15 12:00	3156.2	3158.2	2984.8	3010.4	15
2025-12-15 16:00	3010.2	3017.1	2894.5	2940.0	16
2025-12-15 20:00	2939.3	2968.7	2916.0	2963.9	13
2025-12-16 00:00	2964.1	2978.0	2920.6	2936.2	16
2025-12-16 04:00	2935.8	2950.5	2877.4	2922.0	16
2025-12-16 08:00	2923.1	2963.4	2919.5	2957.2	16
2025-12-16 12:00	2956.8	2979.3	2888.0	2961.0	16
2025-12-16 16:00	2962.2	2966.4	2910.9	2944.6	16
2025-12-16 20:00	2944.5	2964.9	2936.1	2961.1	13
2025-12-17 00:00	2961.3	2972.7	2937.8	2946.5	16
2025-12-17 04:00	2947.1	2953.3	2914.1	2946.7	16
2025-12-17 08:00	2946.3	2946.7	2907.0	2927.0	16
2025-12-17 12:00	2928.0	3028.7	2884.7	2903.4	16
2025-12-17 16:00	2903.2	2924.5	2789.0	2819.3	17
2025-12-17 20:00	2819.0	2835.1	2803.0	2832.6	13
2025-12-18 00:00	2832.9	2845.7	2818.9	2830.9	16
2025-12-18 04:00	2831.7	2841.3	2820.8	2835.2	16
2025-12-18 08:00	2835.9	2862.2	2830.3	2857.4	16
2025-12-18 12:00	2858.4	2995.6	2851.5	2963.7	16
2025-12-18 16:00	2963.4	2966.1	2773.0	2780.5	17
2025-12-18 20:00	2780.1	2834.8	2776.5	2826.8	14
2025-12-19 00:00	2827.7	2933.1	2806.3	2907.1	17
2025-12-19 04:00	2907.0	2982.0	2903.8	2950.1	16
2025-12-19 08:00	2949.9	2970.0	2935.2	2963.4	16
2025-12-19 12:00	2963.5	3017.8	2941.4	2963.5	16
2025-12-19 16:00	2963.2	3005.4	2935.8	2982.8	16
2025-12-19 20:00	2984.5	3000.9	2971.4	2976.3	11
2025-12-20 00:00	2976.4	2991.0	2967.7	2986.3	8
2025-12-20 04:00	2986.4	2987.9	2972.1	2978.7	8
2025-12-20 08:00	2979.0	2988.2	2972.5	2985.3	8
2025-12-20 12:00	2985.1	2991.8	2965.5	2975.6	8
2025-12-20 16:00	2975.7	2980.2	2970.1	2976.9	8
2025-12-20 20:00	2976.7	2984.8	2969.9	2976.6	8
2025-12-21 00:00	2976.9	2980.2	2958.6	2971.7	8
2025-12-21 04:00	2971.6	2981.0	2967.9	2980.1	8
2025-12-21 08:00	2980.3	3011.4	2975.2	2995.4	8
2025-12-21 12:00	2995.5	3003.6	2941.8	2973.4	9
2025-12-21 16:00	2973.5	2996.2	2965.2	2990.2	8
2025-12-21 20:00	2990.3	3009.9	2967.9	3001.4	9
2025-12-22 00:00	3001.5	3058.0	2972.0	3021.1	16
2025-12-22 04:00	3019.8	3041.6	3018.0	3028.4	16
2025-12-22 08:00	3029.5	3057.0	3023.7	3047.8	16
2025-12-22 12:00	3048.0	3075.3	3019.4	3050.5	16
2025-12-22 16:00	3051.2	3058.5	2971.7	2979.0	16
2025-12-22 20:00	2979.3	3012.1	2961.0	3007.9	13
2025-12-23 00:00	3006.9	3035.1	2969.4	2990.1	16
2025-12-23 04:00	2990.6	2998.7	2943.1	2964.1	16
2025-12-23 08:00	2961.2	2973.9	2949.7	2971.2	16
2025-12-23 12:00	2972.1	2973.4	2898.7	2926.2	16
2025-12-23 16:00	2926.3	2964.4	2906.1	2941.5	16
2025-12-23 20:00	2942.1	2986.7	2938.3	2963.2	13
2025-12-24 00:00	2964.0	2976.3	2918.4	2944.2	16
2025-12-24 04:00	2943.3	2957.6	2914.5	2930.8	16
2025-12-24 08:00	2929.6	2938.4	2912.7	2924.3	16
2025-12-24 12:00	2922.6	2938.1	2885.9	2922.9	16
2025-12-24 16:00	2923.0	2952.5	2918.1	2944.0	16
2025-12-24 20:00	2943.1	2959.5	2938.1	2943.8	10
2025-12-25 00:00	2943.7	2953.5	2933.1	2943.6	8
2025-12-25 04:00	2943.8	2944.9	2934.6	2938.5	8
2025-12-25 08:00	2938.4	2943.9	2909.3	2921.5	8
2025-12-25 12:00	2921.4	2967.5	2916.7	2957.6	8
2025-12-25 16:00	2957.5	2964.1	2940.1	2952.6	8
2025-12-25 20:00	2952.7	2953.1	2888.2	2901.9	9
2025-12-26 00:00	2902.3	2992.0	2891.1	2963.8	16
2025-12-26 04:00	2962.7	2990.9	2948.5	2954.8	16
2025-12-26 08:00	2955.8	2973.8	2951.0	2962.1	16
2025-12-26 12:00	2962.2	2984.7	2891.1	2921.4	15
2025-12-26 16:00	2922.3	2933.4	2903.1	2922.5	15
2025-12-26 20:00	2922.6	2936.9	2917.5	2924.1	10
2025-12-27 00:00	2924.5	2930.1	2918.9	2929.8	8
2025-12-27 04:00	2930.0	2934.2	2922.1	2929.4	8
2025-12-27 08:00	2931.5	2938.6	2915.1	2929.6	8
2025-12-27 12:00	2929.7	2932.1	2921.8	2925.5	8
2025-12-27 16:00	2922.6	2929.2	2914.7	2929.1	8
2025-12-27 20:00	2929.3	2958.4	2923.1	2947.2	8
2025-12-28 00:00	2947.0	2949.7	2936.7	2941.7	8
2025-12-28 04:00	2941.4	2945.3	2926.9	2936.6	8
2025-12-28 08:00	2936.7	2945.1	2928.4	2942.1	8
2025-12-28 12:00	2942.3	2958.8	2933.0	2947.3	8
2025-12-28 16:00	2947.1	2952.5	2923.0	2931.7	8
2025-12-28 20:00	2931.6	2952.1	2924.2	2948.0	9
2025-12-29 00:00	2948.9	3044.2	2941.1	3039.8	16
2025-12-29 04:00	3041.4	3055.4	3006.7	3014.6	16
2025-12-29 08:00	3014.7	3023.7	2952.1	2955.6	16
2025-12-29 12:00	2954.7	2963.4	2905.6	2931.5	16
2025-12-29 16:00	2930.7	2943.8	2909.4	2928.1	16
2025-12-29 20:00	2929.4	2942.2	2921.1	2934.9	11
2025-12-30 00:00	2934.8	2953.2	2914.1	2946.7	14
2025-12-30 04:00	2946.8	2955.7	2932.0	2946.8	12
2025-12-30 08:00	2946.5	3001.6	2945.1	2975.3	13
2025-12-30 12:00	2975.9	3005.6	2954.0	2987.2	15
2025-12-30 16:00	2989.4	2992.1	2941.9	2970.5	16
2025-12-30 20:00	2967.5	2973.0	2950.7	2969.4	9
2025-12-31 00:00	2969.5	2982.2	2957.4	2966.2	13
2025-12-31 04:00	2968.2	2977.7	2963.3	2972.3	8
2025-12-31 08:00	2972.0	3000.5	2958.6	2997.4	10
2025-12-31 12:00	2999.2	3022.7	2977.5	2988.7	11
2026-01-01 12:00	2977.1	2989.3	2972.2	2984.3	4
2026-01-01 16:00	2984.5	2999.6	2975.1	2989.7	8
2026-01-01 20:00	2989.8	3007.3	2982.1	2998.7	9
2026-01-02 00:00	3001.0	3031.1	2987.8	3019.9	10
2026-01-02 04:00	3018.0	3035.5	3003.9	3014.7	12
2026-01-02 08:00	3014.8	3066.3	3010.7	3043.7	16
2026-01-02 12:00	3045.2	3105.1	3016.7	3084.3	17
2026-01-02 16:00	3083.0	3148.0	3076.7	3122.1	16
2026-01-02 20:00	3123.1	3142.1	3108.6	3122.6	10
2026-01-03 00:00	3122.5	3133.4	3116.6	3122.3	8
2026-01-03 04:00	3122.4	3125.0	3073.7	3087.4	8
2026-01-03 08:00	3087.3	3107.6	3081.8	3095.3	8
2026-01-03 12:00	3095.2	3111.0	3090.4	3097.7	8
2026-01-03 16:00	3097.8	3115.4	3094.8	3109.6	8
2026-01-03 20:00	3109.7	3129.2	3103.2	3125.6	8
2026-01-04 00:00	3125.5	3165.0	3123.4	3145.9	9
2026-01-04 04:00	3145.8	3161.0	3132.6	3139.7	8
2026-01-04 08:00	3140.0	3146.8	3123.8	3138.1	8
2026-01-04 12:00	3137.8	3145.5	3116.6	3132.3	8
2026-01-04 16:00	3133.9	3142.3	3117.5	3131.5	8
2026-01-04 20:00	3131.4	3153.6	3127.9	3142.4	9
2026-01-05 00:00	3142.5	3218.0	3141.1	3183.5	16
2026-01-05 04:00	3184.6	3187.4	3133.6	3155.9	16
2026-01-05 08:00	3156.3	3181.9	3150.4	3178.1	16
2026-01-05 12:00	3179.1	3203.1	3132.5	3194.5	16
2026-01-05 16:00	3193.6	3227.6	3158.4	3221.9	16
2026-01-05 20:00	3222.1	3263.1	3218.2	3224.2	11
2026-01-06 00:00	3224.3	3246.3	3201.9	3224.0	16
2026-01-06 04:00	3223.8	3251.5	3209.4	3218.1	16
2026-01-06 08:00	3217.3	3242.0	3212.5	3235.9	16
2026-01-06 12:00	3237.2	3307.1	3227.8	3270.3	16
2026-01-06 16:00	3270.4	3278.0	3180.8	3222.7	16
2026-01-06 20:00	3222.8	3300.0	3220.3	3295.4	13
2026-01-07 00:00	3296.3	3296.3	3236.4	3265.0	16
2026-01-07 04:00	3265.9	3270.8	3243.8	3251.2	16
2026-01-07 08:00	3254.1	3262.2	3192.3	3218.6	16
2026-01-07 12:00	3218.9	3227.2	3141.1	3161.1	16
2026-01-07 16:00	3162.6	3176.9	3121.3	3141.6	16
2026-01-07 20:00	3143.2	3178.7	3123.4	3164.2	10
2026-01-08 00:00	3164.3	3181.8	3128.9	3137.4	15
2026-01-08 04:00	3137.2	3158.3	3085.6	3122.8	15
2026-01-08 08:00	3124.9	3133.7	3091.7	3118.3	16
2026-01-08 12:00	3117.6	3118.5	3049.4	3099.2	16
2026-01-08 16:00	3102.0	3136.7	3085.5	3106.8	16
2026-01-08 20:00	3107.4	3125.2	3084.4	3104.5	12
2026-01-09 00:00	3103.1	3144.3	3077.9	3115.9	15
2026-01-09 04:00	3117.4	3122.6	3104.7	3105.4	10
2026-01-09 08:00	3106.5	3112.9	3062.4	3086.0	14
2026-01-09 12:00	3087.8	3140.5	3054.7	3107.5	15
2026-01-09 16:00	3107.4	3142.3	3064.0	3077.6	16
2026-01-09 20:00	3075.1	3089.4	3060.2	3082.5	10
2026-01-10 00:00	3082.1	3088.4	3072.1	3081.2	8
2026-01-10 04:00	3081.5	3087.5	3073.2	3087.0	8
2026-01-10 08:00	3087.1	3100.2	3080.3	3091.3	8
2026-01-10 12:00	3091.4	3100.2	3083.1	3092.2	8
2026-01-10 16:00	3091.7	3095.7	3082.7	3088.6	8
2026-01-10 20:00	3089.0	3089.7	3072.4	3080.6	8
2026-01-11 00:00	3080.8	3094.4	3077.1	3093.3	8
2026-01-11 04:00	3093.1	3097.5	3084.5	3091.4	8
2026-01-11 08:00	3087.0	3106.0	3086.9	3101.2	8
2026-01-11 12:00	3101.4	3127.2	3099.5	3114.2	8
2026-01-11 16:00	3114.3	3143.9	3110.2	3120.8	9
2026-01-11 20:00	3120.9	3122.1	3086.6	3117.2	9
2026-01-12 00:00	3117.5	3168.2	3091.8	3146.4	15
2026-01-12 04:00	3146.5	3163.8	3127.8	3130.1	11
2026-01-12 08:00	3132.2	3144.0	3096.1	3112.0	15
2026-01-12 12:00	3112.8	3129.7	3060.9	3126.5	15
2026-01-12 16:00	3129.5	3144.9	3081.7	3118.3	15
2026-01-12 20:00	3118.1	3126.4	3080.9	3091.1	12
2026-01-13 00:00	3092.4	3114.6	3086.6	3111.6	14
2026-01-13 04:00	3111.5	3143.5	3107.2	3118.3	12
2026-01-13 08:00	3119.4	3146.2	3117.1	3133.2	12
2026-01-13 12:00	3129.7	3186.5	3125.1	3182.6	13
2026-01-13 16:00	3182.8	3216.4	3169.3	3214.2	16
2026-01-13 20:00	3214.6	3371.6	3188.3	3322.7	13
2026-01-14 00:00	3323.9	3354.9	3312.4	3351.4	16
2026-01-14 04:00	3351.1	3362.8	3319.5	3333.9	16
2026-01-14 08:00	3333.8	3342.0	3280.2	3282.6	16
2026-01-14 12:00	3283.0	3361.0	3278.0	3344.8	16
2026-01-14 16:00	3345.0	3401.4	3314.7	3366.4	16
2026-01-14 20:00	3366.6	3391.8	3346.6	3354.0	12
2026-01-15 00:00	3354.2	3354.9	3275.7	3285.9	13
2026-01-15 04:00	3285.1	3334.5	3282.3	3328.7	16
2026-01-15 08:00	3329.0	3376.8	3318.1	3349.3	16
2026-01-15 12:00	3348.2	3383.6	3283.5	3330.4	16
2026-01-15 16:00	3329.1	3336.7	3272.6	3294.1	16
2026-01-15 20:00	3294.5	3321.9	3274.8	3317.5	13
2026-01-16 00:00	3317.1	3326.0	3289.8	3294.5	16
2026-01-16 04:00	3293.3	3316.5	3275.5	3308.0	15
2026-01-16 08:00	3307.3	3318.7	3290.8	3300.8	16
2026-01-16 12:00	3300.1	3317.8	3250.5	3261.6	16
2026-01-16 16:00	3263.6	3287.9	3257.3	3274.8	16
2026-01-16 20:00	3275.4	3298.3	3261.0	3293.3	10
2026-01-17 00:00	3293.5	3294.4	3279.1	3286.6	8
2026-01-17 04:00	3286.8	3291.5	3280.5	3288.6	8
2026-01-17 08:00	3288.5	3299.9	3286.4	3297.4	8
2026-01-17 12:00	3297.3	3327.1	3294.0	3327.0	8
2026-01-17 16:00	3327.1	3327.2	3309.6	3313.6	8
2026-01-17 20:00	3313.7	3317.6	3294.8	3307.5	8
2026-01-18 00:00	3307.4	3316.0	3293.5	3313.2	8
2026-01-18 04:00	3313.4	3315.2	3303.4	3304.7	8
2026-01-18 08:00	3304.6	3322.9	3300.8	3319.4	8
2026-01-18 12:00	3319.5	3344.6	3311.7	3330.9	8
2026-01-18 16:00	3330.8	3365.7	3327.1	3343.9	8
2026-01-18 20:00	3343.7	3353.6	3275.9	3278.2	8
2026-01-19 00:00	3281.1	3281.5	3175.5	3209.2	8
2026-01-19 04:00	3208.9	3214.3	3186.0	3204.2	8
2026-01-19 08:00	3204.3	3227.8	3194.4	3220.5	8
2026-01-19 12:00	3220.6	3232.4	3199.9	3212.8	8
2026-01-19 16:00	3212.9	3224.3	3205.1	3216.4	8
2026-01-19 20:00	3216.6	3222.2	3162.5	3185.7	8
2026-01-20 00:00	3185.4	3196.5	3172.2	3184.5	8
2026-01-20 04:00	3184.4	3185.3	3105.2	3118.1	8
2026-01-20 08:00	3118.0	3118.6	3080.6	3105.6	13
2026-01-20 12:00	3105.8	3112.8	2991.5	3027.9	18
2026-01-20 16:00	3027.9	3040.3	2975.8	2993.5	16
2026-01-20 20:00	2991.9	3004.6	2909.8	2935.7	14
2026-01-21 00:00	2936.9	2982.0	2916.8	2976.4	16
2026-01-21 04:00	2979.0	2999.1	2961.1	2966.8	13
2026-01-21 08:00	2967.8	2972.6	2934.7	2939.3	13
2026-01-21 12:00	2941.1	3023.5	2898.3	3001.5	16
2026-01-21 16:00	3000.9	3067.7	2862.6	3052.7	19
2026-01-21 20:00	3053.8	3056.5	2968.3	2980.1	13
2026-01-22 00:00	2978.9	3035.8	2976.8	3009.8	16
2026-01-22 04:00	3010.1	3026.1	2995.9	2998.8	13
2026-01-22 08:00	2996.7	3015.1	2973.9	2983.1	16
2026-01-22 12:00	2982.1	3007.3	2901.9	2939.8	18
2026-01-22 16:00	2937.6	2970.2	2919.8	2949.7	16
2026-01-22 20:00	2949.5	2956.5	2926.2	2947.8	12
2026-01-23 00:00	2947.9	2969.8	2941.2	2960.2	14
2026-01-23 04:00	2962.0	2982.2	2930.0	2944.2	15
2026-01-23 08:00	2945.2	2948.1	2909.7	2938.0	14
2026-01-23 12:00	2935.2	2960.6	2887.2	2948.0	17
2026-01-23 16:00	2950.0	3016.0	2933.6	2955.0	16
2026-01-23 20:00	2957.3	2960.9	2925.9	2951.3	10
2026-01-24 00:00	2951.4	2964.4	2944.1	2956.9	8
2026-01-24 04:00	2957.1	2961.1	2948.7	2951.2	8
2026-01-24 08:00	2950.9	2961.4	2949.1	2955.0	8
2026-01-24 12:00	2957.5	2965.0	2938.7	2951.1	8
2026-01-24 16:00	2951.2	2965.0	2946.1	2950.1	8
2026-01-24 20:00	2948.1	2960.4	2943.4	2949.4	8
2026-01-25 00:00	2949.2	2956.3	2933.0	2938.3	8
2026-01-25 04:00	2938.6	2945.2	2929.3	2935.7	8
2026-01-25 08:00	2935.4	2943.7	2915.1	2933.1	8
2026-01-25 12:00	2933.0	2940.8	2916.7	2923.1	8
2026-01-25 16:00	2923.2	2923.8	2793.6	2810.0	13
2026-01-25 20:00	2809.9	2822.5	2781.4	2813.8	11
2026-01-26 00:00	2813.5	2895.2	2809.1	2842.9	15
2026-01-26 04:00	2843.2	2906.8	2842.2	2900.9	15
2026-01-26 08:00	2901.2	2930.5	2876.6	2888.5	16
2026-01-26 12:00	2889.2	2947.5	2872.4	2896.4	16
2026-01-26 16:00	2896.0	2933.8	2881.7	2919.7	16
2026-01-26 20:00	2920.6	2942.6	2891.4	2926.6	13
2026-01-27 00:00	2925.9	2945.5	2907.5	2936.3	15
2026-01-27 04:00	2937.2	2952.7	2919.3	2925.5	14
2026-01-27 08:00	2926.4	2929.6	2894.7	2912.4	15
2026-01-27 12:00	2912.9	2939.0	2900.6	2934.7	16
2026-01-27 16:00	2931.8	2994.1	2913.6	2976.3	16
2026-01-27 20:00	2976.4	3032.0	2973.7	3022.5	13
2026-01-28 00:00	3020.7	3026.5	2991.1	3000.1	16
2026-01-28 04:00	3000.0	3014.6	2987.6	3001.8	16
2026-01-28 08:00	2999.2	3042.0	2981.2	3035.0	16
2026-01-28 12:00	3035.4	3039.6	2977.8	3002.1	8
2026-01-28 16:00	3002.3	3026.0	2983.7	3011.1	8
2026-01-28 20:00	3009.1	3032.7	2990.8	3004.9	8
2026-01-29 00:00	3005.0	3007.9	2938.9	2946.6	8
2026-01-29 04:00	2946.5	2959.6	2931.9	2955.8	8
2026-01-29 08:00	2955.9	2963.4	2917.6	2923.2	8
2026-01-29 12:00	2923.3	2933.2	2790.7	2817.9	8
2026-01-29 16:00	2817.4	2854.6	2749.1	2790.8	8
2026-01-29 20:00	2790.1	2821.5	2782.4	2816.6	8
2026-01-30 00:00	2816.2	2822.7	2679.4	2735.3	8
2026-01-30 04:00	2735.2	2768.7	2691.7	2733.9	8
2026-01-30 08:00	2732.9	2762.6	2704.4	2753.6	8
2026-01-30 12:00	2752.8	2760.2	2689.3	2723.7	8
2026-01-30 16:00	2723.8	2755.8	2630.9	2736.9	8
2026-01-30 20:00	2737.0	2737.6	2659.2	2701.4	8
2026-01-31 00:00	2701.0	2708.8	2678.6	2690.0	8
2026-01-31 04:00	2689.9	2698.9	2662.3	2674.0	8
2026-01-31 08:00	2674.1	2677.5	2603.8	2634.6	8
2026-01-31 12:00	2634.5	2638.4	2505.8	2529.6	8
2026-01-31 16:00	2530.0	2544.6	2241.1	2378.0	8
2026-01-31 20:00	2378.1	2469.4	2350.4	2447.8	8
2026-02-01 00:00	2447.6	2472.2	2426.4	2441.4	8
2026-02-01 04:00	2441.5	2450.4	2389.5	2407.2	8
2026-02-01 08:00	2406.9	2435.4	2372.9	2408.5	8
2026-02-01 12:00	2408.7	2409.2	2283.2	2312.1	8
2026-02-01 16:00	2312.4	2374.1	2281.7	2316.6	8
2026-02-01 20:00	2316.4	2345.5	2218.1	2264.6	8
2026-02-02 00:00	2265.1	2320.5	2162.5	2235.1	8
2026-02-02 04:00	2235.3	2263.2	2155.0	2224.8	8
2026-02-02 08:00	2224.6	2313.8	2222.6	2278.6	8
2026-02-02 12:00	2277.6	2393.2	2277.6	2369.9	8
2026-02-02 16:00	2369.7	2384.6	2324.3	2328.5	8
2026-02-02 20:00	2328.1	2351.7	2309.7	2343.4	8
2026-02-03 00:00	2341.9	2356.0	2282.0	2340.2	8
2026-02-03 04:00	2340.1	2351.3	2295.6	2319.5	8
2026-02-03 08:00	2319.7	2329.1	2261.6	2272.9	8
2026-02-03 12:00	2273.1	2313.6	2249.2	2299.7	8
2026-02-03 16:00	2299.9	2299.9	2106.5	2201.3	8
2026-02-03 20:00	2201.2	2338.0	2184.2	2229.0	8
2026-02-04 00:00	2229.1	2291.2	2219.2	2278.9	8
2026-02-04 04:00	2278.8	2288.2	2252.2	2279.3	8
2026-02-04 08:00	2279.4	2281.4	2222.1	2250.1	8
2026-02-04 12:00	2250.2	2258.3	2132.0	2146.8	8
2026-02-04 16:00	2147.2	2187.6	2071.1	2182.1	8
2026-02-04 20:00	2181.8	2186.5	2081.9	2141.8	8
2026-02-05 00:00	2141.1	2166.6	2093.2	2104.6	8
2026-02-05 04:00	2104.7	2119.6	2064.2	2085.1	8
2026-02-05 08:00	2085.4	2143.7	2057.4	2074.5	8
2026-02-05 12:00	2074.6	2100.7	1922.1	1955.9	8
2026-02-05 16:00	1954.7	2012.3	1909.4	1923.0	8
2026-02-05 20:00	1923.1	1937.2	1813.4	1821.0	13
2026-02-06 00:00	1820.8	1943.3	1742.1	1886.8	20
2026-02-06 04:00	1886.8	1971.3	1880.9	1893.9	16
2026-02-06 08:00	1894.1	1934.4	1860.6	1927.7	15
2026-02-06 12:00	1927.6	1998.0	1909.8	1976.5	16
2026-02-06 16:00	1976.5	2086.0	1967.7	2061.2	16
2026-02-06 20:00	2061.0	2088.7	2037.9	2060.4	11
2026-02-07 00:00	2060.2	2082.9	2029.8	2077.9	8
2026-02-07 04:00	2077.8	2116.2	1992.0	2024.8	8
2026-02-07 08:00	2024.4	2029.4	1995.7	2013.8	9
2026-02-07 12:00	2014.0	2071.9	2005.9	2047.5	13
2026-02-07 16:00	2047.4	2115.9	2006.6	2088.3	10
2026-02-07 20:00	2088.1	2109.6	2070.0	2084.4	8
2026-02-08 00:00	2085.0	2104.4	2073.8	2075.8	8
2026-02-08 04:00	2075.7	2085.5	2063.6	2081.1	8
2026-02-08 08:00	2081.3	2134.2	2074.9	2129.0	8
2026-02-08 12:00	2129.3	2141.4	2094.6	2105.4	8
2026-02-08 16:00	2105.2	2126.5	2070.0	2123.6	8
2026-02-08 20:00	2123.8	2148.3	2069.2	2085.2	8
2026-02-09 00:00	2086.9	2099.7	2052.2	2096.7	8
2026-02-09 04:00	2096.5	2098.6	2061.5	2062.4	8
2026-02-09 08:00	2062.5	2066.9	2010.0	2024.6	8
2026-02-09 12:00	2024.7	2070.4	2005.5	2059.0	8
2026-02-09 16:00	2058.6	2139.6	2044.6	2128.6	8
2026-02-09 20:00	2128.3	2143.9	2086.6	2102.2	8
2026-02-10 00:00	2102.5	2121.4	2050.0	2061.8	8
2026-02-10 04:00	2061.6	2071.4	1995.1	2003.9	8
2026-02-10 08:00	2004.2	2026.2	1992.4	1999.6	8
2026-02-10 12:00	1999.8	2036.8	1987.0	2020.0	8
2026-02-10 16:00	2019.7	2044.1	1993.6	2015.1	8
2026-02-10 20:00	2015.2	2020.0	1993.9	2020.0	8
2026-02-11 00:00	2019.5	2029.1	1995.1	2006.4	8
2026-02-11 04:00	2006.3	2008.0	1936.1	1947.9	8
2026-02-11 08:00	1948.0	1953.4	1929.3	1950.8	8
2026-02-11 12:00	1950.5	2012.7	1900.2	1927.1	8
2026-02-11 16:00	1926.8	1956.6	1906.3	1949.3	8
2026-02-11 20:00	1948.7	1984.4	1929.1	1938.2	8
2026-02-12 00:00	1936.8	1974.7	1936.8	1965.6	8
2026-02-12 04:00	1965.5	1979.7	1950.1	1965.0	8
2026-02-12 08:00	1965.7	1998.0	1954.4	1986.2	8
2026-02-12 12:00	1985.8	1993.5	1942.5	1945.8	8
2026-02-12 16:00	1946.0	1947.1	1895.1	1922.3	8
2026-02-12 20:00	1922.4	1948.7	1906.3	1944.3	8
2026-02-13 00:00	1942.7	1954.4	1924.3	1950.1	8
2026-02-13 04:00	1950.0	1952.1	1921.5	1932.6	8
2026-02-13 08:00	1932.5	1965.6	1930.5	1956.9	8
2026-02-13 12:00	1955.7	2047.7	1949.3	2032.0	8
2026-02-13 16:00	2030.4	2069.7	2028.7	2054.9	8
2026-02-13 20:00	2055.1	2056.9	2036.5	2045.9	8
2026-02-14 00:00	2046.2	2054.9	2039.8	2051.7	8
2026-02-14 04:00	2051.5	2057.7	2045.3	2054.3	8
2026-02-14 08:00	2054.4	2104.5	2054.3	2096.5	8
2026-02-14 12:00	2096.6	2097.2	2062.5	2085.0	8
2026-02-14 16:00	2085.1	2087.8	2065.3	2086.0	8
2026-02-14 20:00	2085.9	2095.8	2076.2	2083.8	8
2026-02-15 00:00	2083.5	2086.8	2033.7	2056.6	8
2026-02-15 04:00	2056.7	2100.1	2056.7	2088.6	8
2026-02-15 08:00	2088.8	2093.9	2052.0	2059.2	8
2026-02-15 12:00	2059.1	2065.0	1991.2	2008.7	8
2026-02-15 16:00	2008.5	2008.6	1926.4	1939.3	8
2026-02-15 20:00	1938.8	1971.5	1931.3	1962.2	8
2026-02-16 00:00	1963.8	1978.3	1946.3	1956.1	8
2026-02-16 04:00	1955.9	1975.6	1950.2	1968.4	8
2026-02-16 08:00	1968.5	1990.6	1954.5	1973.5	8
2026-02-16 12:00	1973.7	2020.3	1935.4	1953.7	8
2026-02-16 16:00	1954.0	1985.7	1953.6	1971.5	8
2026-02-16 20:00	1971.3	2001.3	1968.4	1995.5	8
2026-02-17 00:00	1995.6	2005.4	1978.2	1983.0	8
2026-02-17 04:00	1982.9	1995.3	1962.2	1983.3	8
2026-02-17 08:00	1983.2	1987.9	1958.9	1965.7	8
2026-02-17 12:00	1964.3	2000.0	1938.9	1965.9	8
2026-02-17 16:00	1966.1	2012.8	1951.3	1995.5	8
2026-02-17 20:00	1995.4	2001.4	1984.9	1989.1	8
2026-02-18 00:00	1989.2	1997.5	1965.9	1994.1	8
2026-02-18 04:00	1994.5	2020.4	1990.6	2015.6	8
2026-02-18 08:00	2014.1	2036.3	1974.0	1978.8	8
2026-02-18 12:00	1979.2	2007.6	1951.4	1982.7	8
2026-02-18 16:00	1982.9	1985.1	1921.2	1938.2	8
2026-02-18 20:00	1938.7	1953.9	1932.8	1953.3	8
2026-02-19 00:00	1951.9	1971.5	1947.7	1969.7	8
2026-02-19 04:00	1970.0	1984.7	1961.5	1979.1	8
2026-02-19 08:00	1978.8	1979.3	1946.4	1946.7	8
2026-02-19 12:00	1946.6	1953.4	1909.7	1923.8	8
2026-02-19 16:00	1923.4	1944.9	1904.2	1938.9	8
2026-02-19 20:00	1938.7	1949.9	1932.1	1946.4	8
2026-02-20 00:00	1946.3	1961.4	1944.7	1952.2	8
2026-02-20 04:00	1952.5	1966.2	1928.9	1958.6	8
2026-02-20 08:00	1957.1	1971.1	1938.1	1941.6	8
2026-02-20 12:00	1941.7	1978.0	1920.7	1961.8	8
2026-02-20 16:00	1960.2	1978.4	1936.7	1961.2	8
2026-02-20 20:00	1961.4	1972.8	1959.4	1966.3	8
2026-02-21 00:00	1966.0	1968.6	1953.9	1956.7	8
2026-02-21 04:00	1956.6	1963.7	1953.9	1960.5	8
2026-02-21 08:00	1960.4	1985.9	1959.9	1974.8	8
2026-02-21 12:00	1974.9	1992.7	1967.3	1985.6	8
2026-02-21 16:00	1985.7	1993.1	1975.4	1986.3	8
2026-02-21 20:00	1986.2	1988.2	1968.0	1971.2	8
2026-02-22 00:00	1970.9	1980.4	1965.1	1972.3	8
2026-02-22 04:00	1972.2	1977.0	1968.5	1973.8	8
2026-02-22 08:00	1973.6	1980.6	1968.2	1978.3	8
2026-02-22 12:00	1978.4	1979.1	1941.8	1951.5	8
2026-02-22 16:00	1951.7	1953.1	1932.8	1941.3	8
2026-02-22 20:00	1941.2	1958.4	1937.4	1953.9	8
2026-02-23 00:00	1955.6	1955.8	1845.3	1860.7	8
2026-02-23 04:00	1861.2	1886.3	1852.0	1883.1	8
2026-02-23 08:00	1883.0	1925.8	1875.1	1913.2	8
2026-02-23 12:00	1913.3	1933.4	1890.5	1893.2	8
2026-02-23 16:00	1893.3	1897.8	1835.4	1854.9	8
2026-02-23 20:00	1855.0	1867.3	1844.4	1853.7	8
2026-02-24 00:00	1853.8	1866.9	1809.4	1829.4	8
2026-02-24 04:00	1829.7	1837.8	1811.6	1823.1	8
2026-02-24 08:00	1823.2	1833.9	1812.7	1824.6	8
2026-02-24 12:00	1823.1	1848.1	1799.3	1845.7	8
2026-02-24 16:00	1845.6	1863.4	1836.5	1850.6	8
2026-02-24 20:00	1850.7	1862.0	1843.7	1850.1	8
2026-02-25 00:00	1850.3	1942.3	1844.8	1902.5	8
2026-02-25 04:00	1902.6	1910.6	1874.7	1889.8	8
2026-02-25 08:00	1889.7	1925.7	1886.7	1922.6	8
2026-02-25 12:00	1922.8	2023.7	1918.9	2010.3	11
2026-02-25 16:00	2010.2	2081.3	2010.0	2068.0	12
2026-02-25 20:00	2068.0	2144.3	2031.7	2054.3	10
2026-02-26 00:00	2054.3	2072.9	2036.3	2051.2	9
2026-02-26 04:00	2051.1	2079.2	2048.5	2050.0	8
2026-02-26 08:00	2050.1	2079.5	2042.0	2054.0	8
2026-02-26 12:00	2054.0	2074.1	2008.6	2029.5	11
2026-02-26 16:00	2030.0	2034.2	1972.5	2026.7	12
2026-02-26 20:00	2026.6	2038.2	2015.3	2024.3	8
2026-02-27 00:00	2024.2	2046.0	1997.7	2041.9	8
2026-02-27 04:00	2041.9	2059.8	2018.8	2029.1	8
2026-02-27 08:00	2029.1	2041.9	1950.6	1959.0	10
2026-02-27 12:00	1958.6	1965.3	1936.6	1945.2	12
2026-02-27 16:00	1945.3	1945.4	1904.3	1917.4	12
2026-02-27 20:00	1917.4	1930.4	1885.3	1927.6	8
2026-02-28 00:00	1927.7	1934.8	1918.7	1922.5	8
2026-02-28 04:00	1922.4	1929.4	1833.9	1864.8	8
2026-02-28 08:00	1864.5	1878.2	1843.0	1860.1	8
2026-02-28 12:00	1860.2	1913.4	1859.4	1895.5	12
2026-02-28 16:00	1895.5	1950.9	1884.3	1943.8	10
2026-02-28 20:00	1943.6	1981.7	1935.6	1961.2	10
2026-03-01 00:00	1961.1	2050.9	1941.3	2019.6	10
2026-03-01 04:00	2019.5	2026.5	1986.0	2003.8	8
2026-03-01 08:00	2003.8	2006.9	1969.3	1979.8	8
2026-03-01 12:00	1979.8	2023.1	1965.8	1989.8	10
2026-03-01 16:00	1990.0	2005.0	1945.2	1950.6	10
2026-03-01 20:00	1950.4	1965.8	1904.3	1935.9	9
2026-03-02 00:00	1935.9	1985.3	1934.3	1968.6	9
2026-03-02 04:00	1968.7	1981.1	1922.5	1937.8	8
2026-03-02 08:00	1938.0	1963.0	1918.9	1944.0	9
2026-03-02 12:00	1944.2	2062.0	1918.0	2043.9	12
2026-03-02 16:00	2044.1	2085.4	2017.8	2041.9	12
2026-03-02 20:00	2041.5	2056.6	2023.1	2025.7	8
2026-03-03 00:00	2024.0	2039.2	1996.3	2006.6	8
2026-03-03 04:00	2005.2	2016.7	1984.9	1994.2	8
2026-03-03 08:00	1992.2	1998.1	1937.4	1959.2	8
2026-03-03 12:00	1957.6	1986.9	1925.9	1966.8	8
2026-03-03 16:00	1966.7	2011.8	1955.8	1984.3	8
2026-03-03 20:00	1983.0	1999.9	1957.3	1981.1	8
2026-03-04 00:00	1981.3	1996.8	1943.1	1959.1	8
2026-03-04 04:00	1958.9	2008.3	1948.5	2004.8	8
2026-03-04 08:00	2003.5	2090.3	1998.8	2053.1	8
2026-03-04 12:00	2050.8	2156.1	2034.6	2149.1	8
2026-03-04 16:00	2147.4	2197.9	2128.3	2177.1	8
2026-03-04 20:00	2177.4	2179.2	2115.2	2125.8	8
2026-03-05 00:00	2124.3	2140.0	2106.4	2118.7	8
2026-03-05 04:00	2116.9	2142.9	2094.5	2103.7	8
2026-03-05 08:00	2102.3	2162.3	2092.7	2136.4	8
2026-03-05 12:00	2134.8	2141.3	2065.9	2085.5	8
2026-03-05 16:00	2083.8	2091.8	2053.2	2072.4	8
2026-03-05 20:00	2071.1	2097.6	2067.6	2071.2	8
2026-03-06 00:00	2069.7	2091.6	2060.3	2082.3	8
2026-03-06 04:00	2082.1	2085.5	2057.8	2081.2	8
2026-03-06 08:00	2079.7	2081.1	2044.4	2049.2	8
2026-03-06 12:00	2047.7	2060.4	1964.5	1975.9	8
2026-03-06 16:00	1974.5	1991.0	1953.9	1981.8	8
2026-03-06 20:00	1981.9	1988.2	1967.4	1976.7	8
2026-03-07 00:00	1976.8	1994.2	1970.6	1978.2	8
2026-03-07 04:00	1978.3	1982.2	1962.5	1981.3	8
2026-03-07 08:00	1981.5	1992.7	1973.4	1987.1	8
2026-03-07 12:00	1987.1	1989.2	1968.7	1979.3	8
2026-03-07 16:00	1979.2	1981.7	1954.8	1960.2	8
2026-03-07 20:00	1956.6	1972.1	1955.3	1967.7	8
2026-03-08 00:00	1967.6	1975.2	1934.5	1945.6	8
2026-03-08 04:00	1945.7	1958.3	1928.2	1953.3	8
2026-03-08 08:00	1953.2	1978.0	1943.4	1949.6	8
2026-03-08 12:00	1949.5	1952.6	1923.0	1941.1	8
2026-03-08 16:00	1941.2	1967.8	1926.2	1962.9	8
2026-03-08 20:00	1962.8	1969.3	1910.8	1933.7	8
2026-03-09 00:00	1934.9	2002.3	1927.8	1975.5	8
2026-03-09 04:00	1975.6	2011.8	1962.1	1981.5	8
2026-03-09 08:00	1980.6	2019.4	1976.7	1990.0	8
2026-03-09 12:00	1988.6	2031.2	1988.6	2021.0	8
2026-03-09 16:00	2019.5	2051.7	2003.4	2032.5	8
2026-03-09 20:00	2032.4	2035.9	1987.0	1991.4	8
2026-03-10 00:00	1989.3	2052.2	1989.3	2025.0	8
2026-03-10 04:00	2025.3	2057.8	2024.5	2049.3	8
2026-03-10 08:00	2048.1	2072.0	2048.1	2060.2	8
2026-03-10 12:00	2058.5	2084.3	2005.8	2078.0	8
2026-03-10 16:00	2078.2	2086.5	2025.2	2035.5	8
2026-03-10 20:00	2035.1	2046.4	2017.8	2035.0	8
2026-03-11 00:00	2035.1	2040.3	2016.5	2019.4	8
2026-03-11 04:00	2019.2	2039.4	2004.9	2010.8	8
2026-03-11 08:00	2009.4	2032.1	2007.8	2015.9	8
2026-03-11 12:00	2014.4	2080.9	2010.8	2048.4	8
2026-03-11 16:00	2048.7	2084.4	2044.8	2074.8	8
2026-03-11 20:00	2073.2	2082.4	2044.6	2050.4	8
2026-03-12 00:00	2048.7	2056.3	2016.3	2021.9	8
2026-03-12 04:00	2021.8	2039.8	2017.7	2039.0	8
2026-03-12 08:00	2037.3	2075.3	2036.9	2061.6	8
2026-03-12 12:00	2059.6	2093.2	2036.5	2070.8	8
2026-03-12 16:00	2069.3	2076.2	2043.5	2068.4	8
2026-03-12 20:00	2068.2	2091.6	2054.2	2071.9	8
2026-03-13 00:00	2070.1	2146.8	2068.8	2117.0	8
2026-03-13 04:00	2117.1	2118.0	2088.3	2097.8	8
2026-03-13 08:00	2096.0	2131.1	2089.8	2119.4	8
2026-03-13 12:00	2117.7	2207.6	2117.7	2126.4	8
2026-03-13 16:00	2126.9	2141.9	2089.7	2100.7	8
2026-03-13 20:00	2101.0	2115.2	2077.1	2091.0	8
2026-03-14 00:00	2090.8	2101.5	2080.1	2099.7	8
2026-03-14 04:00	2099.8	2104.1	2067.4	2075.8	8
2026-03-14 08:00	2075.5	2079.2	2060.0	2072.3	8
2026-03-14 12:00	2072.0	2079.0	2068.3	2073.1	8
2026-03-14 16:00	2072.9	2077.9	2067.8	2076.1	8
2026-03-14 20:00	2076.3	2097.5	2074.7	2094.8	8
2026-03-15 00:00	2094.9	2106.2	2082.0	2094.8	8
2026-03-15 04:00	2094.9	2114.1	2094.8	2104.3	8
2026-03-15 08:00	2104.4	2121.9	2104.4	2118.3	8
2026-03-15 12:00	2118.4	2118.5	2085.4	2092.3	8
2026-03-15 16:00	2092.2	2116.5	2087.4	2112.0	8
2026-03-15 20:00	2111.8	2201.2	2108.6	2175.2	8
2026-03-16 00:00	2175.1	2251.5	2163.6	2234.3	8
2026-03-16 04:00	2234.5	2286.1	2234.5	2247.2	8
2026-03-16 08:00	2246.0	2278.3	2233.6	2268.3	8
2026-03-16 12:00	2268.4	2306.2	2254.0	2272.0	8
2026-03-16 16:00	2272.1	2346.2	2268.4	2329.3	8
2026-03-16 20:00	2329.1	2383.4	2321.7	2351.0	8
2026-03-17 00:00	2350.9	2374.1	2306.7	2318.6	8
2026-03-17 04:00	2319.2	2336.4	2295.2	2326.3	8
2026-03-17 08:00	2324.6	2333.6	2303.6	2325.5	8
2026-03-17 12:00	2323.7	2356.5	2303.3	2314.6	8
2026-03-17 16:00	2314.5	2341.6	2311.1	2318.8	8
2026-03-17 20:00	2317.4	2343.4	2315.4	2316.2	8
2026-03-18 00:00	2314.6	2348.9	2306.4	2339.6	8
2026-03-18 04:00	2339.9	2341.0	2311.0	2316.3	8
2026-03-18 08:00	2316.2	2332.5	2261.7	2267.9	8
2026-03-18 12:00	2266.0	2269.2	2168.7	2185.9	8
2026-03-18 16:00	2185.8	2218.2	2166.1	2184.2	8
2026-03-18 20:00	2183.8	2205.3	2155.2	2201.6	8
2026-03-19 00:00	2199.9	2232.0	2185.8	2210.5	8
2026-03-19 04:00	2210.6	2211.4	2141.6	2165.0	8
2026-03-19 08:00	2163.4	2190.0	2156.6	2165.1	8
2026-03-19 12:00	2165.0	2165.6	2097.6	2116.7	8
2026-03-19 16:00	2115.6	2155.1	2102.9	2139.4	8
2026-03-19 20:00	2139.3	2154.0	2129.3	2136.0	8
2026-03-20 00:00	2135.9	2159.0	2130.9	2149.4	8
2026-03-20 04:00	2149.3	2157.2	2119.8	2148.8	8
2026-03-20 08:00	2147.3	2174.6	2129.5	2139.5	8
2026-03-20 12:00	2138.0	2150.8	2116.5	2131.6	8
2026-03-20 16:00	2131.7	2142.4	2114.7	2130.7	8
2026-03-20 20:00	2130.6	2165.8	2121.8	2144.1	8
2026-03-21 00:00	2144.2	2157.6	2141.9	2151.2	8
2026-03-21 04:00	2151.3	2159.2	2147.1	2153.4	8
2026-03-21 08:00	2153.3	2157.1	2147.4	2155.1	8
2026-03-21 12:00	2155.2	2165.8	2144.4	2153.1	8
2026-03-21 16:00	2153.2	2153.6	2140.6	2150.2	8
2026-03-21 20:00	2150.1	2154.9	2068.8	2082.6	8
2026-03-22 00:00	2082.4	2124.7	2048.4	2111.8	8
2026-03-22 04:00	2111.7	2120.4	2091.0	2091.5	8
2026-03-22 08:00	2091.6	2093.6	2064.8	2067.8	8
2026-03-22 12:00	2068.0	2089.9	2066.2	2081.1	8
2026-03-22 16:00	2081.2	2082.6	2052.3	2061.1	8
2026-03-22 20:00	2061.3	2071.4	2023.8	2050.1	8
2026-03-23 00:00	2051.6	2069.9	2033.3	2050.3	8
2026-03-23 04:00	2050.4	2069.6	2021.0	2042.0	8
2026-03-23 08:00	2040.8	2193.4	2026.6	2132.2	9
2026-03-23 12:00	2131.1	2190.1	2105.5	2126.2	8
2026-03-23 16:00	2124.8	2175.7	2115.6	2152.1	8
2026-03-23 20:00	2152.6	2164.3	2138.5	2149.7	8
2026-03-24 00:00	2148.2	2153.8	2123.1	2139.4	8
2026-03-24 04:00	2139.5	2168.5	2125.8	2163.4	8
2026-03-24 08:00	2162.0	2173.4	2144.8	2163.6	8
2026-03-24 12:00	2162.1	2168.1	2118.2	2132.3	8
2026-03-24 16:00	2130.9	2138.2	2100.3	2113.9	8
2026-03-24 20:00	2112.9	2161.0	2112.7	2153.8	8
2026-03-25 00:00	2152.7	2166.0	2144.4	2155.9	8
2026-03-25 04:00	2155.8	2177.1	2154.0	2162.3	8
2026-03-25 08:00	2161.2	2197.4	2161.1	2184.3	8
2026-03-25 12:00	2183.1	2195.9	2145.4	2160.3	8
2026-03-25 16:00	2158.7	2182.8	2153.7	2170.5	8
2026-03-25 20:00	2170.4	2180.3	2157.0	2166.4	8
2026-03-26 00:00	2164.8	2169.6	2141.6	2150.5	8
2026-03-26 04:00	2150.4	2151.5	2109.4	2120.8	8
2026-03-26 08:00	2120.9	2123.8	2061.6	2065.8	8
2026-03-26 12:00	2064.7	2090.7	2049.7	2067.2	8
2026-03-26 16:00	2065.7	2067.9	2031.1	2045.8	8
2026-03-26 20:00	2045.7	2074.9	2043.3	2057.2	8
2026-03-27 00:00	2055.7	2074.4	2053.6	2058.5	8
2026-03-27 04:00	2058.6	2069.2	2040.5	2062.8	8
2026-03-27 08:00	2062.7	2065.5	1979.9	1988.9	8
2026-03-27 12:00	1989.0	2007.4	1968.6	1987.9	8
2026-03-27 16:00	1986.3	1994.2	1971.1	1988.4	8
2026-03-27 20:00	1988.0	1993.0	1977.4	1989.9	8
2026-03-28 00:00	1989.8	1992.2	1979.8	1986.0	8
2026-03-28 04:00	1985.7	2005.2	1984.2	2004.0	8
2026-03-28 08:00	2003.8	2005.1	1989.8	1994.5	8
2026-03-28 12:00	1994.7	2041.5	1989.2	2023.6	8
2026-03-28 16:00	2023.8	2027.1	2013.8	2017.4	8
2026-03-28 20:00	2017.5	2023.2	1986.2	1991.4	8
2026-03-29 00:00	1991.6	2016.2	1988.5	2007.9	8
2026-03-29 04:00	2008.0	2009.4	1994.4	2002.8	8
2026-03-29 08:00	2002.5	2004.8	1988.5	2000.6	8
2026-03-29 12:00	2000.5	2001.8	1980.7	1989.6	8
2026-03-29 16:00	1989.5	2000.3	1984.5	1992.6	8
2026-03-29 20:00	1992.5	2005.7	1935.8	1981.3	8
2026-03-30 00:00	1980.1	2039.8	1976.8	2032.5	8
2026-03-30 04:00	2032.6	2062.5	2032.5	2056.3	8
2026-03-30 08:00	2056.2	2075.5	2045.9	2067.7	8
2026-03-30 12:00	2066.6	2080.8	2039.7	2070.5	9
2026-03-30 16:00	2069.9	2070.7	2008.6	2018.8	8
2026-03-30 20:00	2019.0	2044.0	2010.8	2021.4	8
2026-03-31 00:00	2021.7	2086.5	2011.1	2061.9	8
2026-03-31 04:00	2062.1	2067.2	2037.7	2050.4	8
2026-03-31 08:00	2051.4	2054.4	2007.4	2036.3	8
2026-03-31 12:00	2036.2	2088.6	2030.5	2051.4	8
2026-03-31 16:00	2050.4	2119.2	2049.6	2093.1	8
2026-03-31 20:00	2093.3	2106.5	2085.4	2102.2	8
2026-04-01 00:00	2100.2	2113.9	2079.7	2099.5	8
2026-04-01 04:00	2099.6	2154.4	2097.0	2128.1	8
2026-04-01 08:00	2128.0	2140.3	2122.7	2133.1	8
2026-04-01 12:00	2131.5	2140.8	2106.4	2132.9	8
2026-04-01 16:00	2131.3	2165.7	2121.1	2138.9	8
2026-04-01 20:00	2139.2	2163.3	2128.6	2138.3	8
2026-04-02 00:00	2138.2	2157.3	2044.4	2053.9	8
2026-04-02 04:00	2054.0	2056.2	2036.7	2053.7	8
2026-04-02 08:00	2051.9	2053.3	2021.8	2030.6	8
2026-04-02 12:00	2029.2	2069.9	2014.7	2057.3	8
2026-04-02 16:00	2057.1	2073.2	2041.6	2063.4	8
2026-04-02 20:00	2063.8	2072.4	2051.9	2055.1	8
2026-04-03 00:00	2055.3	2060.6	2039.2	2052.2	8
2026-04-03 04:00	2052.5	2073.3	2045.5	2063.7	8
2026-04-03 08:00	2063.9	2070.1	2051.4	2061.0	8
2026-04-03 12:00	2060.9	2077.6	2039.9	2049.2	8
2026-04-03 16:00	2049.3	2054.5	2042.0	2050.9	8
2026-04-03 20:00	2050.6	2058.6	2044.6	2051.7	8
2026-04-04 00:00	2051.5	2051.9	2045.1	2048.1	8
2026-04-04 04:00	2047.8	2055.9	2044.4	2051.7	8
2026-04-04 08:00	2051.8	2053.2	2043.5	2049.6	8
2026-04-04 12:00	2049.7	2058.9	2042.5	2054.2	8
2026-04-04 16:00	2054.3	2081.8	2051.0	2062.6	8
2026-04-04 20:00	2062.7	2069.8	2057.7	2063.5	8
2026-04-05 00:00	2063.3	2063.6	2050.9	2054.2	8
2026-04-05 04:00	2054.4	2055.6	2025.4	2035.1	8
2026-04-05 08:00	2034.8	2050.3	2032.6	2039.7	8
2026-04-05 12:00	2039.6	2067.1	2020.0	2051.6	8
2026-04-05 16:00	2051.7	2067.4	2046.6	2059.8	8
2026-04-05 20:00	2059.9	2120.1	2047.9	2107.6	8
2026-04-06 00:00	2106.1	2144.3	2106.1	2126.7	8
2026-04-06 04:00	2126.9	2138.9	2117.8	2132.8	8
2026-04-06 08:00	2133.0	2172.3	2131.4	2149.8	8
2026-04-06 12:00	2149.7	2168.0	2136.0	2163.2	8
2026-04-06 16:00	2163.3	2167.0	2120.4	2142.7	8
2026-04-06 20:00	2142.3	2153.4	2086.6	2105.3	8
2026-04-07 00:00	2102.7	2117.9	2091.8	2106.4	8
2026-04-07 04:00	2106.3	2117.6	2094.9	2101.9	8
2026-04-07 08:00	2102.0	2132.2	2080.6	2087.3	8
2026-04-07 12:00	2085.8	2091.0	2058.7	2078.1	8
2026-04-07 16:00	2077.8	2114.4	2074.6	2111.1	8
2026-04-07 20:00	2110.6	2271.4	2108.8	2237.9	8
2026-04-08 00:00	2238.1	2248.2	2226.5	2232.6	8
2026-04-08 04:00	2232.7	2259.0	2231.5	2252.0	8
2026-04-08 08:00	2250.3	2261.3	2236.9	2245.7	8
2026-04-08 12:00	2245.9	2268.8	2184.8	2213.7	8
2026-04-08 16:00	2213.2	2237.7	2195.8	2210.3	8
2026-04-08 20:00	2209.9	2220.9	2177.7	2188.3	8
2026-04-09 00:00	2186.8	2192.4	2160.9	2180.9	8
2026-04-09 04:00	2181.0	2187.1	2174.0	2179.5	8
2026-04-09 08:00	2177.8	2195.0	2175.1	2178.3	8
2026-04-09 12:00	2178.4	2223.5	2155.5	2216.4	8
2026-04-09 16:00	2216.6	2227.4	2191.4	2215.0	8
2026-04-09 20:00	2215.4	2244.0	2181.8	2188.4	8
2026-04-10 00:00	2186.9	2202.7	2175.7	2184.6	8
2026-04-10 04:00	2184.7	2201.4	2174.8	2177.7	8
2026-04-10 08:00	2178.0	2222.4	2175.2	2214.4	8
2026-04-10 12:00	2212.8	2256.4	2206.8	2223.0	8
2026-04-10 16:00	2221.2	2254.9	2220.0	2252.1	8
2026-04-10 20:00	2252.5	2256.5	2235.1	2244.2	8
2026-04-11 00:00	2243.9	2250.9	2234.1	2236.6	8
2026-04-11 04:00	2236.7	2242.2	2228.1	2231.9	8
2026-04-11 08:00	2232.2	2248.5	2230.7	2245.6	8
2026-04-11 12:00	2245.5	2255.1	2232.8	2248.7	8
2026-04-11 16:00	2248.9	2328.6	2245.7	2315.0	8
2026-04-11 20:00	2315.4	2315.7	2275.8	2284.1	8
2026-04-12 00:00	2284.0	2287.5	2205.7	2212.8	8
2026-04-12 04:00	2212.7	2219.7	2207.6	2217.2	8
2026-04-12 08:00	2217.3	2217.9	2193.1	2203.5	8
2026-04-12 12:00	2203.0	2206.9	2174.9	2185.6	8
2026-04-12 16:00	2185.5	2205.9	2182.2	2197.5	8
2026-04-12 20:00	2197.2	2216.9	2182.5	2189.9	8
2026-04-13 00:00	2188.2	2207.3	2185.7	2192.6	8
2026-04-13 04:00	2192.7	2199.8	2180.7	2185.3	8
2026-04-13 08:00	2185.1	2193.6	2177.7	2186.0	8
2026-04-13 12:00	2184.1	2235.7	2173.7	2208.1	8
2026-04-13 16:00	2208.0	2267.8	2198.7	2261.6	8
2026-04-13 20:00	2261.7	2393.4	2246.8	2368.4	8
2026-04-14 00:00	2366.5	2377.2	2353.8	2364.7	8
2026-04-14 04:00	2364.8	2388.8	2352.6	2377.2	8
2026-04-14 08:00	2377.1	2394.8	2366.4	2373.3	8
2026-04-14 12:00	2373.1	2415.3	2333.0	2364.0	8
2026-04-14 16:00	2363.5	2370.5	2302.6	2312.7	8
2026-04-14 20:00	2312.9	2331.4	2308.2	2321.5	8
2026-04-15 00:00	2319.5	2342.2	2316.9	2327.8	8
2026-04-15 04:00	2327.7	2337.1	2308.2	2315.5	8
2026-04-15 08:00	2315.7	2336.4	2310.6	2336.1	8
2026-04-15 12:00	2336.3	2348.2	2316.3	2331.0	8
2026-04-15 16:00	2328.7	2384.9	2328.2	2374.2	8
2026-04-15 20:00	2374.4	2379.0	2347.7	2359.0	8
2026-04-16 00:00	2357.0	2368.3	2345.0	2356.4	8
2026-04-16 04:00	2356.2	2362.8	2334.9	2340.1	8
2026-04-16 08:00	2340.0	2347.1	2327.4	2334.4	8
2026-04-16 12:00	2334.5	2350.3	2283.7	2337.9	8
2026-04-16 16:00	2336.3	2360.6	2308.4	2358.4	8
2026-04-16 20:00	2358.5	2363.3	2335.2	2346.9	8
2026-04-17 00:00	2345.4	2349.7	2322.7	2324.1	8
2026-04-17 04:00	2324.2	2341.1	2316.4	2332.8	8
2026-04-17 08:00	2333.2	2376.2	2331.7	2353.7	8
2026-04-17 12:00	2353.8	2456.7	2348.2	2441.6	8
2026-04-17 16:00	2441.8	2464.6	2414.5	2427.5	8
2026-04-17 20:00	2427.7	2441.4	2414.8	2418.0	8
2026-04-18 00:00	2417.9	2426.8	2399.0	2404.4	8
2026-04-18 04:00	2404.5	2412.6	2399.0	2402.7	8
2026-04-18 08:00	2402.8	2403.8	2343.1	2351.9	8
2026-04-18 12:00	2352.0	2368.2	2344.6	2362.6	8
2026-04-18 16:00	2362.5	2374.0	2338.6	2347.6	8
2026-04-18 20:00	2347.9	2358.7	2343.9	2349.5	8
2026-04-19 00:00	2349.3	2354.3	2331.6	2339.0	8
2026-04-19 04:00	2339.1	2345.4	2297.7	2315.3	8
2026-04-19 08:00	2315.0	2330.0	2305.3	2328.4	8
2026-04-19 12:00	2328.5	2349.1	2315.1	2329.9	8
2026-04-19 16:00	2329.5	2330.5	2286.4	2298.8	8
2026-04-19 20:00	2298.7	2299.0	2251.5	2262.0	8
2026-04-20 00:00	2262.5	2293.4	2258.9	2285.6	8
2026-04-20 04:00	2285.4	2331.3	2262.4	2297.5	8
2026-04-20 08:00	2297.7	2319.4	2288.9	2307.1	8
2026-04-20 12:00	2307.2	2323.0	2277.7	2313.1	8
2026-04-20 16:00	2313.5	2343.4	2297.0	2331.0	8
2026-04-20 20:00	2330.6	2346.0	2306.7	2312.9	8
2026-04-21 00:00	2311.5	2325.5	2299.2	2310.5	8
2026-04-21 04:00	2310.6	2326.0	2303.2	2317.7	8
2026-04-21 08:00	2317.5	2337.6	2313.1	2319.0	8
2026-04-21 12:00	2319.2	2325.1	2290.0	2309.2	8
2026-04-21 16:00	2309.5	2330.5	2284.2	2297.3	8
2026-04-21 20:00	2295.3	2328.5	2294.8	2326.5	8
2026-04-22 00:00	2325.1	2378.2	2312.1	2362.5	8
2026-04-22 04:00	2362.7	2411.4	2357.2	2388.5	8
2026-04-22 08:00	2386.9	2399.7	2381.7	2397.6	8
2026-04-22 12:00	2398.2	2422.9	2389.6	2402.9	8
2026-04-22 16:00	2403.1	2413.1	2382.2	2396.4	8
2026-04-22 20:00	2396.8	2405.5	2373.2	2373.4	8
2026-04-23 00:00	2373.5	2380.7	2330.1	2339.8	8
2026-04-23 04:00	2339.6	2358.1	2336.1	2343.5	8
2026-04-23 08:00	2343.4	2344.3	2305.0	2328.1	8
2026-04-23 12:00	2326.6	2342.6	2314.1	2332.5	8
2026-04-23 16:00	2332.6	2334.9	2284.1	2312.1	8
2026-04-23 20:00	2312.3	2337.9	2312.3	2329.5	8
2026-04-24 00:00	2328.5	2336.6	2299.6	2307.5	8
2026-04-24 04:00	2307.3	2316.4	2299.1	2311.1	8
2026-04-24 08:00	2311.0	2331.8	2302.6	2327.3	8
2026-04-24 12:00	2325.2	2331.4	2300.6	2322.8	8
2026-04-24 16:00	2320.6	2324.1	2307.4	2320.4	8
2026-04-24 20:00	2320.3	2327.2	2306.4	2314.1	8
2026-04-25 00:00	2313.8	2320.2	2309.1	2317.6	8
2026-04-25 04:00	2317.9	2318.2	2311.2	2315.3	8
2026-04-25 08:00	2315.1	2322.0	2310.2	2312.6	8
2026-04-25 12:00	2312.7	2317.8	2302.7	2307.0	8
2026-04-25 16:00	2306.5	2312.7	2299.6	2308.8	8
2026-04-25 20:00	2309.4	2319.5	2306.3	2318.3	8
2026-04-26 00:00	2318.4	2318.5	2305.5	2308.7	8
2026-04-26 04:00	2308.6	2334.6	2307.8	2330.4	8
2026-04-26 08:00	2330.7	2336.7	2328.6	2335.0	8
2026-04-26 12:00	2334.9	2351.3	2324.2	2347.1	8
2026-04-26 16:00	2347.9	2375.1	2339.3	2366.6	8
2026-04-26 20:00	2366.7	2378.9	2347.8	2368.5	8
2026-04-27 00:00	2366.6	2403.3	2358.2	2393.5	8
2026-04-27 04:00	2393.4	2394.8	2311.9	2314.6	8
2026-04-27 08:00	2314.4	2323.9	2307.5	2318.7	8
2026-04-27 12:00	2317.0	2328.0	2264.1	2273.0	8
2026-04-27 16:00	2271.7	2290.9	2268.2	2287.3	8
2026-04-27 20:00	2287.6	2306.5	2282.9	2301.8	8
2026-04-28 00:00	2301.9	2309.3	2278.9	2288.8	8
2026-04-28 04:00	2288.7	2295.4	2268.7	2286.0	8
2026-04-28 08:00	2284.4	2289.7	2268.3	2273.3	8
2026-04-28 12:00	2272.0	2284.0	2256.2	2277.8	8
2026-04-28 16:00	2275.9	2303.5	2272.2	2299.6	8
2026-04-28 20:00	2299.8	2303.7	2282.0	2287.4	8
2026-04-29 00:00	2287.3	2314.5	2276.9	2309.8	8
2026-04-29 04:00	2310.0	2340.7	2307.4	2321.8	8
2026-04-29 08:00	2320.7	2345.1	2317.5	2329.7	8
2026-04-29 12:00	2329.6	2330.1	2259.7	2269.8	8
2026-04-29 16:00	2270.4	2283.1	2217.7	2231.0	8
2026-04-29 20:00	2231.1	2262.4	2228.0	2250.4	8
2026-04-30 00:00	2249.7	2276.8	2233.6	2250.7	8
2026-04-30 04:00	2250.6	2259.7	2229.2	2258.0	8
2026-04-30 08:00	2256.4	2270.8	2249.0	2255.7	8
2026-04-30 12:00	2254.0	2273.1	2243.7	2263.4	8
2026-04-30 16:00	2263.6	2265.0	2248.8	2259.8	8
2026-04-30 20:00	2259.5	2265.0	2250.0	2255.3	8
2026-05-01 00:00	2253.6	2293.0	2253.4	2280.4	8
2026-05-01 04:00	2280.5	2284.4	2270.1	2277.4	8
2026-05-01 08:00	2275.6	2291.1	2273.6	2284.6	8
2026-05-01 12:00	2282.8	2323.9	2281.9	2305.8	8
2026-05-01 16:00	2306.0	2312.4	2295.6	2303.0	8
2026-05-01 20:00	2303.1	2303.8	2277.2	2293.7	8
2026-05-02 00:00	2293.6	2306.5	2290.8	2302.3	8
2026-05-02 04:00	2302.4	2304.4	2294.9	2299.2	8
2026-05-02 08:00	2299.1	2305.9	2295.8	2300.1	8
2026-05-02 12:00	2297.5	2310.2	2297.5	2307.2	8
2026-05-02 16:00	2307.3	2311.7	2301.5	2309.3	8
2026-05-02 20:00	2309.4	2340.6	2306.0	2315.0	8
2026-05-03 00:00	2315.2	2315.7	2297.4	2300.1	8
2026-05-03 04:00	2300.0	2312.0	2295.7	2307.5	8
2026-05-03 08:00	2307.3	2325.6	2303.7	2317.8	8
2026-05-03 12:00	2317.9	2331.5	2317.9	2326.3	8
2026-05-03 16:00	2326.7	2335.9	2320.2	2333.8	8
2026-05-03 20:00	2333.5	2354.7	2312.9	2320.8	8
2026-05-04 00:00	2318.7	2389.3	2307.1	2383.1	8
2026-05-04 04:00	2383.3	2397.3	2352.1	2360.6	8
2026-05-04 08:00	2358.8	2368.8	2311.6	2335.5	8
2026-05-04 12:00	2333.8	2380.2	2322.8	2348.2	8
2026-05-04 16:00	2346.3	2377.7	2333.5	2353.9	8
2026-05-04 20:00	2353.5	2363.9	2342.6	2345.3	8
2026-05-05 00:00	2343.6	2387.6	2343.0	2380.7	8
2026-05-05 04:00	2381.1	2388.9	2365.9	2378.8	8
2026-05-05 08:00	2378.7	2382.7	2365.1	2378.0	8
2026-05-05 12:00	2377.9	2397.9	2367.7	2379.8	8
2026-05-05 16:00	2380.5	2381.9	2357.7	2369.8	8
2026-05-05 20:00	2369.6	2386.7	2352.7	2358.9	8
2026-05-06 00:00	2357.2	2379.0	2351.9	2374.7	8
2026-05-06 04:00	2374.8	2377.5	2352.7	2369.9	8
2026-05-06 08:00	2367.9	2422.1	2367.2	2408.7	8
2026-05-06 12:00	2406.8	2411.9	2344.4	2356.8	8
2026-05-06 16:00	2355.2	2364.9	2336.0	2346.3	8
2026-05-06 20:00	2346.6	2355.4	2336.4	2349.0	8
2026-05-07 00:00	2347.5	2350.7	2311.6	2320.3	8
2026-05-07 04:00	2318.6	2345.1	2315.8	2342.8	8
2026-05-07 08:00	2342.9	2345.1	2315.5	2328.1	8
2026-05-07 12:00	2326.3	2335.1	2282.5	2292.4	8
2026-05-07 16:00	2290.5	2302.5	2277.3	2294.1	8
2026-05-07 20:00	2294.3	2300.1	2279.0	2289.3	8
2026-05-08 00:00	2287.9	2292.4	2263.6	2277.0	8
2026-05-08 04:00	2277.2	2282.9	2263.9	2279.2	8
2026-05-08 08:00	2277.8	2295.1	2277.2	2293.4	8
2026-05-08 12:00	2293.5	2299.5	2266.5	2290.9	8
2026-05-08 16:00	2291.4	2319.3	2284.2	2314.1	8
2026-05-08 20:00	2314.2	2317.1	2301.4	2305.4	8
2026-05-09 00:00	2305.5	2319.1	2278.1	2313.8	8
2026-05-09 04:00	2313.9	2323.6	2309.3	2312.7	8
2026-05-09 08:00	2312.6	2318.2	2308.2	2312.7	8
2026-05-09 12:00	2312.9	2316.5	2298.1	2315.7	8
2026-05-09 16:00	2315.6	2336.2	2313.2	2330.3	8
2026-05-09 20:00	2330.5	2331.5	2321.6	2324.5	8
2026-05-10 00:00	2324.7	2331.0	2316.5	2325.7	8
2026-05-10 04:00	2325.9	2330.1	2323.0	2325.7	8
2026-05-10 08:00	2325.3	2331.6	2317.2	2320.8	8
2026-05-10 12:00	2320.7	2349.5	2319.0	2345.9	8
2026-05-10 16:00	2346.0	2366.1	2338.3	2363.9	8
2026-05-10 20:00	2364.1	2380.7	2310.2	2369.5	8
2026-05-11 00:00	2367.5	2373.1	2318.1	2328.2	8
2026-05-11 04:00	2328.1	2339.8	2324.4	2328.5	8
2026-05-11 08:00	2326.9	2337.6	2324.6	2333.7	8
2026-05-11 12:00	2333.6	2337.0	2300.6	2331.1	8
2026-05-11 16:00	2330.9	2342.1	2321.2	2338.3	8
2026-05-11 20:00	2338.5	2343.6	2332.8	2337.7	8
2026-05-12 00:00	2335.9	2338.4	2293.2	2307.2	8
2026-05-12 04:00	2306.9	2312.1	2289.6	2292.6	8
2026-05-12 08:00	2291.0	2293.7	2276.5	2284.6	8
2026-05-12 12:00	2284.5	2292.3	2254.5	2259.4	8
2026-05-12 16:00	2257.5	2285.6	2254.2	2282.9	8
2026-05-12 20:00	2283.0	2289.6	2271.6	2272.8	8
2026-05-13 00:00	2271.0	2301.8	2270.1	2299.7	8
2026-05-13 04:00	2299.9	2306.9	2293.7	2298.7	8
2026-05-13 08:00	2298.9	2321.1	2296.7	2299.4	8
2026-05-13 12:00	2299.3	2305.0	2231.6	2233.9	8
2026-05-13 16:00	2233.4	2265.9	2233.0	2253.9	8
2026-05-13 20:00	2253.8	2262.0	2248.4	2256.2	8
2026-05-14 00:00	2254.6	2266.8	2236.0	2239.6	8
2026-05-14 04:00	2239.8	2272.5	2236.7	2262.9	8
2026-05-14 08:00	2261.4	2268.5	2249.9	2251.3	8
2026-05-14 12:00	2249.6	2297.5	2243.9	2296.4	8
2026-05-14 16:00	2297.6	2317.7	2292.0	2296.4	8
2026-05-14 20:00	2296.8	2299.6	2278.6	2281.4	8
2026-05-15 00:00	2279.5	2298.3	2258.4	2271.2	8
2026-05-15 04:00	2271.1	2271.7	2235.8	2263.0	8
2026-05-15 08:00	2261.6	2263.1	2247.7	2255.2	8
2026-05-15 12:00	2253.6	2258.6	2202.8	2220.0	8
2026-05-15 16:00	2218.4	2230.4	2216.1	2220.3	8
2026-05-15 20:00	2218.8	2223.2	2212.3	2214.0	4
2026-05-17 00:00	2175.4	2181.6	2165.3	2178.9	6
2026-05-17 04:00	2179.2	2192.1	2178.3	2183.8	8
2026-05-17 08:00	2184.0	2195.7	2178.8	2189.5	8
2026-05-17 12:00	2189.6	2195.7	2176.0	2183.8	8
2026-05-17 16:00	2184.0	2190.9	2173.9	2189.7	8
2026-05-17 20:00	2190.0	2192.1	2089.4	2128.1	8
2026-05-18 00:00	2126.5	2129.3	2102.2	2115.6	8
2026-05-18 04:00	2116.0	2123.2	2107.4	2117.9	8
2026-05-18 08:00	2116.4	2136.9	2105.9	2131.1	8
2026-05-18 12:00	2131.3	2154.6	2090.6	2104.4	8
2026-05-18 16:00	2103.2	2125.5	2075.4	2121.4	8
2026-05-18 20:00	2121.8	2139.2	2111.3	2126.9	8
2026-05-19 00:00	2126.0	2143.5	2116.0	2128.1	8
2026-05-19 04:00	2128.0	2141.8	2120.3	2137.8	8
2026-05-19 08:00	2136.4	2138.2	2103.2	2107.3	8
2026-05-19 12:00	2105.7	2124.0	2091.4	2107.0	8
2026-05-19 16:00	2105.9	2121.9	2103.8	2109.7	8
2026-05-19 20:00	2109.8	2117.2	2099.0	2108.6	8
2026-05-20 00:00	2106.3	2115.1	2099.7	2107.8	8
2026-05-20 04:00	2108.0	2132.7	2103.5	2125.9	8
2026-05-20 08:00	2126.0	2134.2	2119.9	2124.5	8
2026-05-20 12:00	2124.1	2143.0	2110.5	2133.1	8
2026-05-20 16:00	2133.6	2145.3	2120.3	2135.6	8
2026-05-20 20:00	2134.6	2137.2	2114.8	2126.0	8
2026-05-21 00:00	2124.5	2153.6	2124.5	2142.3	8
2026-05-21 04:00	2142.5	2145.4	2120.6	2131.3	8
2026-05-21 08:00	2130.6	2144.7	2106.0	2111.4	8
2026-05-21 12:00	2111.6	2134.5	2101.2	2128.8	8
2026-05-21 16:00	2129.0	2150.0	2118.4	2138.9	8
2026-05-21 20:00	2139.3	2139.9	2123.8	2130.2	8
2026-05-22 00:00	2129.3	2137.8	2121.3	2134.5	8
2026-05-22 04:00	2134.7	2137.8	2118.4	2124.8	8
2026-05-22 08:00	2124.1	2129.6	2114.7	2126.9	8
2026-05-22 12:00	2127.1	2134.4	2108.5	2115.5	8
2026-05-22 16:00	2114.1	2126.1	2053.9	2061.4	8
2026-05-22 20:00	2060.9	2075.8	2053.7	2061.9	8
2026-05-23 00:00	2062.1	2068.0	2049.8	2066.7	8
2026-05-23 04:00	2066.6	2066.9	2005.5	2024.6	8
2026-05-23 08:00	2024.5	2031.6	2017.3	2027.6	8
2026-05-23 12:00	2027.5	2064.5	2023.2	2056.2	8
2026-05-23 16:00	2056.4	2079.5	2053.2	2073.4	8
2026-05-23 20:00	2073.5	2145.5	2070.6	2113.4	8
2026-05-24 00:00	2113.5	2122.8	2108.9	2114.6	8
2026-05-24 04:00	2114.9	2125.8	2109.6	2116.8	8
2026-05-24 08:00	2117.3	2126.9	2112.7	2122.0	8
2026-05-24 12:00	2122.1	2122.4	2075.6	2091.8	8
2026-05-24 16:00	2091.4	2104.5	2091.0	2096.6	8
2026-05-24 20:00	2097.1	2102.5	2058.7	2095.9	8
2026-05-25 00:00	2094.5	2109.0	2088.5	2091.4	8
2026-05-25 04:00	2091.7	2113.6	2088.4	2112.4	8
2026-05-25 08:00	2112.2	2120.5	2107.7	2111.5	8
2026-05-25 12:00	2111.6	2134.4	2108.7	2123.5	8
2026-05-25 16:00	2123.7	2138.4	2113.1	2117.8	8
2026-05-25 20:00	2117.7	2119.7	2099.0	2109.4	8
2026-05-26 00:00	2108.4	2110.5	2081.1	2089.6	8
2026-05-26 04:00	2089.7	2101.0	2085.2	2091.4	8
2026-05-26 08:00	2090.4	2133.3	2090.2	2117.1	8
2026-05-26 12:00	2117.3	2136.8	2074.4	2083.1	8
2026-05-26 16:00	2081.2	2085.8	2051.2	2069.3	8
2026-05-26 20:00	2069.5	2074.4	2061.4	2069.4	8
2026-05-27 00:00	2069.6	2079.8	2064.4	2065.2	8
2026-05-27 04:00	2065.3	2079.5	2052.0	2078.9	8
2026-05-27 08:00	2076.9	2092.1	2073.4	2075.6	8
2026-05-27 12:00	2076.2	2092.3	2046.8	2066.4	8
2026-05-27 16:00	2066.6	2069.2	2038.2	2052.0	8
2026-05-27 20:00	2051.1	2060.5	2010.3	2020.2	8
2026-05-28 00:00	2018.2	2024.4	1966.8	1977.0	8
2026-05-28 04:00	1977.1	1991.5	1963.2	1990.4	8
2026-05-28 08:00	1990.4	1993.7	1979.8	1985.0	8
2026-05-28 12:00	1984.0	1996.5	1963.0	1986.2	8
2026-05-28 16:00	1986.2	2025.5	1980.0	2010.0	8
2026-05-28 20:00	2008.8	2020.2	2001.1	2005.4	8
2026-05-29 00:00	2004.2	2012.8	1993.3	1998.5	8
2026-05-29 04:00	1998.6	2015.4	1994.1	2003.0	7
2026-05-29 08:00	2001.0	2011.9	1996.9	2003.4	8
2026-05-29 12:00	2003.3	2041.6	1972.3	2027.0	8
2026-05-29 16:00	2025.0	2039.9	2000.7	2012.8	8
2026-05-29 20:00	2011.7	2019.8	2002.2	2010.2	8
2026-05-30 00:00	2010.3	2019.2	2006.4	2012.6	8
2026-05-30 04:00	2012.5	2016.4	1998.0	2012.1	8
2026-05-30 08:00	2012.0	2018.0	2011.0	2011.0	8
2026-05-30 12:00	2011.0	2029.0	2011.0	2022.2	8
2026-05-30 16:00	2022.5	2025.9	2015.1	2024.3	8
2026-05-30 20:00	2024.4	2026.9	2015.8	2018.1	8
2026-05-31 00:00	2018.2	2033.3	2016.3	2029.0	8
2026-05-31 04:00	2028.9	2030.3	2018.3	2019.6	8
2026-05-31 08:00	2019.7	2024.7	2011.3	2018.9	8
2026-05-31 12:00	2018.7	2022.1	2001.6	2006.2	8
2026-05-31 16:00	2006.1	2008.2	1989.8	1995.4	8
2026-05-31 20:00	1995.5	2018.6	1995.5	2002.6	8
2026-06-01 00:00	2001.2	2016.9	1988.0	2005.0	8
2026-06-01 04:00	2004.9	2007.9	1967.8	1972.3	8
2026-06-01 08:00	1971.0	1986.1	1967.9	1977.7	8
2026-06-01 12:00	1978.0	1990.3	1952.7	1963.6	8
2026-06-01 16:00	1962.3	2004.7	1953.8	2000.5	8
2026-06-01 20:00	1998.4	2005.0	1980.3	2002.6	8
2026-06-02 00:00	2000.9	2002.6	1958.5	1999.4	8
2026-06-02 04:00	1999.8	2002.1	1969.8	1977.6	8
2026-06-02 08:00	1977.5	1984.6	1962.0	1974.4	8
2026-06-02 12:00	1974.3	1978.6	1887.1	1910.2	8
2026-06-02 16:00	1909.2	1938.3	1879.0	1907.9	8
2026-06-02 20:00	1905.9	1914.3	1835.6	1856.0	8
2026-06-03 00:00	1854.8	1870.2	1813.5	1824.1	8
2026-06-03 04:00	1824.0	1880.0	1823.7	1874.2	8
2026-06-03 08:00	1872.6	1888.6	1865.6	1874.2	8
2026-06-03 12:00	1873.0	1876.0	1832.1	1832.9	8
2026-06-03 16:00	1831.8	1839.8	1792.3	1799.6	8
2026-06-03 20:00	1798.6	1847.6	1767.5	1809.1	8
2026-06-04 00:00	1807.6	1816.5	1715.0	1805.4	8
2026-06-04 04:00	1805.6	1814.4	1770.0	1773.9	8
2026-06-04 08:00	1772.7	1779.8	1726.9	1747.8	8
2026-06-04 12:00	1746.7	1791.0	1740.1	1773.2	8
2026-06-04 16:00	1772.0	1782.6	1750.8	1773.1	8
2026-06-04 20:00	1772.9	1779.6	1749.4	1767.1	8
2026-06-05 00:00	1765.0	1771.3	1718.7	1726.0	8
2026-06-05 04:00	1726.2	1744.2	1629.3	1676.2	8
2026-06-05 08:00	1674.6	1683.7	1656.3	1660.3	8
2026-06-05 12:00	1658.7	1674.9	1569.5	1580.6	9
2026-06-05 16:00	1580.4	1610.1	1538.3	1571.8	8
2026-06-05 20:00	1571.3	1617.2	1555.0	1581.1	8
2026-06-06 00:00	1581.3	1599.2	1553.6	1561.2	8
2026-06-06 04:00	1561.0	1578.9	1503.6	1572.8	8
2026-06-06 08:00	1572.9	1590.7	1533.3	1556.5	8
2026-06-06 12:00	1556.9	1573.0	1542.9	1558.2	8
2026-06-06 16:00	1558.0	1564.2	1544.9	1552.2	8
2026-06-06 20:00	1552.1	1567.6	1548.6	1567.2	8
2026-06-07 00:00	1567.0	1598.2	1561.6	1592.6	8
2026-06-07 04:00	1592.5	1621.0	1582.6	1613.0	8
2026-06-07 08:00	1612.7	1646.1	1606.4	1628.0	8
2026-06-07 12:00	1628.1	1637.8	1604.8	1628.0	8
2026-06-07 16:00	1627.8	1636.0	1602.1	1610.9	8
2026-06-07 20:00	1610.7	1719.1	1607.2	1688.0	8
2026-06-08 00:00	1688.1	1709.2	1667.7	1677.6	8
2026-06-08 04:00	1677.7	1678.5	1642.8	1670.8	8
2026-06-08 08:00	1669.0	1694.2	1653.7	1681.1	8
2026-06-08 12:00	1679.2	1703.6	1665.0	1687.4	8
2026-06-08 16:00	1687.6	1701.6	1673.6	1682.7	8
2026-06-08 20:00	1681.1	1712.2	1677.1	1688.2	8
2026-06-09 00:00	1686.4	1694.6	1652.8	1667.1	8
2026-06-09 04:00	1667.0	1694.0	1662.2	1678.3	8
2026-06-09 08:00	1676.5	1678.2	1663.0	1669.6	8
2026-06-09 12:00	1667.5	1680.9	1630.1	1634.0	8
2026-06-09 16:00	1631.9	1656.0	1616.0	1654.9	8
2026-06-09 20:00	1654.8	1661.0	1628.2	1637.0	8
2026-06-10 00:00	1635.6	1644.5	1619.3	1628.3	8
2026-06-10 04:00	1628.2	1641.0	1616.0	1637.5	8
2026-06-10 08:00	1635.6	1638.3	1603.7	1617.5	8
2026-06-10 12:00	1615.3	1665.2	1611.9	1655.4	8
2026-06-10 16:00	1655.3	1656.2	1619.3	1627.5	8
2026-06-10 20:00	1627.4	1633.5	1601.3	1618.9	8
2026-06-11 00:00	1616.8	1658.3	1616.8	1650.9	8
2026-06-11 04:00	1651.1	1660.2	1642.7	1651.5	8
2026-06-11 08:00	1649.6	1670.6	1649.2	1663.9	8
2026-06-11 12:00	1661.8	1664.1	1632.3	1642.7	8
2026-06-11 16:00	1640.4	1690.3	1628.5	1679.1	9
2026-06-11 20:00	1678.7	1680.5	1664.6	1670.7	8
2026-06-12 00:00	1668.5	1675.3	1658.2	1670.1	8
2026-06-12 04:00	1667.6	1678.4	1648.8	1659.1	8
2026-06-12 08:00	1657.0	1682.6	1656.8	1670.9	8
2026-06-12 12:00	1669.0	1688.6	1648.4	1657.5	8
2026-06-12 16:00	1655.7	1674.2	1654.8	1663.4	8
2026-06-12 20:00	1661.8	1665.6	1657.0	1664.1	8
2026-06-13 00:00	1663.9	1673.2	1659.8	1662.8	8
2026-06-13 04:00	1662.9	1675.2	1658.1	1673.9	8
2026-06-13 08:00	1673.8	1677.2	1668.4	1675.9	8
2026-06-13 12:00	1675.7	1683.9	1672.5	1679.7	8
2026-06-13 16:00	1679.8	1680.5	1668.9	1676.2	8
2026-06-13 20:00	1676.1	1694.4	1671.1	1678.9	8
2026-06-14 00:00	1678.8	1688.0	1676.5	1679.4	8
2026-06-14 04:00	1679.5	1680.3	1671.4	1673.5	8
2026-06-14 08:00	1673.6	1676.4	1666.9	1671.3	8
2026-06-14 12:00	1671.5	1672.1	1652.4	1660.6	8
2026-06-14 16:00	1660.3	1666.2	1656.5	1662.9	8
2026-06-14 20:00	1663.0	1730.0	1660.2	1723.3	8
2026-06-15 00:00	1721.5	1729.9	1707.4	1718.4	8
2026-06-15 04:00	1718.2	1721.3	1713.6	1714.1	8
2026-06-15 08:00	1712.2	1765.9	1709.8	1762.3	8
2026-06-15 12:00	1760.7	1847.1	1756.3	1843.0	8
2026-06-15 16:00	1842.9	1844.7	1809.5	1818.6	8
2026-06-15 20:00	1819.5	1824.1	1780.6	1793.7	8
2026-06-16 00:00	1791.1	1799.0	1762.4	1776.7	8
2026-06-16 04:00	1776.9	1780.8	1756.1	1771.8	8
2026-06-16 08:00	1769.8	1805.4	1769.5	1796.9	8
2026-06-16 12:00	1795.2	1836.7	1760.8	1779.8	8
2026-06-16 16:00	1777.9	1805.6	1770.4	1792.7	8
2026-06-16 20:00	1789.9	1797.8	1786.3	1790.2	8
2026-06-17 00:00	1788.7	1807.1	1776.9	1790.8	8
2026-06-17 04:00	1791.0	1798.9	1775.5	1782.3	8
2026-06-17 08:00	1782.1	1783.4	1756.8	1761.3	8
2026-06-17 12:00	1761.5	1774.4	1737.7	1770.8	8
2026-06-17 16:00	1770.9	1793.4	1725.0	1732.6	12
2026-06-17 20:00	1730.2	1748.8	1722.9	1747.9	8
2026-06-18 00:00	1746.1	1760.2	1736.7	1741.3	8
2026-06-18 04:00	1739.2	1750.3	1719.6	1746.9	8
2026-06-18 08:00	1745.1	1750.7	1734.9	1740.5	8
2026-06-18 12:00	1738.3	1750.3	1677.1	1679.4	8
2026-06-18 16:00	1679.1	1704.6	1668.1	1702.4	8
2026-06-18 20:00	1701.2	1713.9	1697.3	1708.1	8
2026-06-19 00:00	1705.7	1716.5	1678.8	1694.8	8
2026-06-19 04:00	1694.7	1700.6	1683.4	1693.0	8
2026-06-19 08:00	1693.1	1696.9	1682.8	1689.0	8
2026-06-19 12:00	1689.3	1709.2	1676.3	1705.1	8
2026-06-19 16:00	1704.9	1708.9	1690.8	1698.5	8
2026-06-19 20:00	1696.4	1712.2	1694.3	1708.4	8
2026-06-20 00:00	1707.5	1714.8	1698.0	1705.4	8
2026-06-20 04:00	1705.3	1729.7	1703.8	1723.1	8
2026-06-20 08:00	1723.2	1728.7	1717.1	1724.3	8
2026-06-20 12:00	1724.4	1746.7	1705.6	1737.6	8
2026-06-20 16:00	1737.9	1738.0	1718.1	1726.2	8
2026-06-20 20:00	1726.1	1743.2	1721.7	1738.0	8
2026-06-21 00:00	1737.9	1738.1	1730.8	1734.9	8
2026-06-21 04:00	1735.0	1738.2	1726.4	1729.2	8
2026-06-21 08:00	1729.4	1734.0	1715.7	1722.4	8
2026-06-21 12:00	1722.6	1729.7	1714.2	1727.8	8
2026-06-21 16:00	1727.5	1736.5	1718.8	1731.2	8
2026-06-21 20:00	1731.3	1732.4	1699.5	1704.1	8
2026-06-22 00:00	1701.9	1756.2	1701.8	1727.0	8
2026-06-22 04:00	1727.1	1748.6	1724.7	1743.5	8
2026-06-22 08:00	1743.7	1771.7	1740.7	1764.8	8
2026-06-22 12:00	1765.0	1776.7	1738.7	1741.8	8
2026-06-22 16:00	1742.1	1744.8	1726.5	1731.3	8
2026-06-22 20:00	1731.6	1736.7	1714.2	1725.3	8
2026-06-23 00:00	1723.2	1733.3	1716.7	1726.8	8
2026-06-23 04:00	1726.9	1728.2	1677.8	1680.0	8
2026-06-23 08:00	1678.0	1681.7	1633.4	1658.0	8
2026-06-23 12:00	1655.7	1669.0	1641.7	1656.8	8
2026-06-23 16:00	1656.7	1671.0	1645.7	1659.7	8
2026-06-23 20:00	1657.5	1669.9	1656.5	1664.2	8
2026-06-24 00:00	1662.1	1677.1	1655.1	1663.7	8
2026-06-24 04:00	1663.9	1676.5	1654.7	1669.8	8
2026-06-24 08:00	1670.4	1689.2	1652.7	1676.4	8
2026-06-24 12:00	1676.5	1678.2	1613.7	1615.1	8
2026-06-24 16:00	1615.0	1632.9	1550.1	1581.6	8
2026-06-24 20:00	1581.3	1625.6	1576.8	1619.0	8
2026-06-25 00:00	1619.4	1623.3	1610.9	1616.4	8
2026-06-25 04:00	1616.5	1656.6	1613.9	1654.0	8
2026-06-25 08:00	1654.1	1655.8	1622.8	1630.1	8
2026-06-25 12:00	1630.3	1645.9	1528.9	1566.0	8
2026-06-25 16:00	1564.8	1583.5	1550.8	1555.3	8
2026-06-25 20:00	1554.9	1579.3	1552.6	1563.8	8
2026-06-26 00:00	1564.1	1567.7	1508.3	1554.0	8
2026-06-26 04:00	1553.9	1582.3	1539.9	1577.0	8
2026-06-26 08:00	1577.2	1578.3	1537.0	1541.3	8
2026-06-26 12:00	1541.4	1584.2	1517.8	1576.3	8
2026-06-26 16:00	1576.5	1590.1	1566.3	1573.4	8
2026-06-26 20:00	1572.9	1579.0	1563.9	1574.8	8
2026-06-27 00:00	1574.7	1583.0	1567.6	1576.6	8
2026-06-27 04:00	1576.5	1582.5	1571.3	1581.7	8
2026-06-27 08:00	1581.8	1581.9	1574.9	1579.8	8
2026-06-27 12:00	1579.6	1606.6	1577.4	1601.5	8
2026-06-27 16:00	1601.8	1603.7	1569.1	1574.2	8
2026-06-27 20:00	1574.3	1581.0	1559.1	1570.0	8
2026-06-28 00:00	1569.9	1576.0	1565.4	1571.2	8
2026-06-28 04:00	1571.3	1573.5	1558.8	1572.0	8
2026-06-28 08:00	1571.9	1581.8	1567.6	1579.0	8
2026-06-28 12:00	1579.1	1584.5	1571.2	1576.9	8
2026-06-28 16:00	1577.0	1578.0	1552.9	1560.7	8
2026-06-28 20:00	1560.4	1577.6	1544.8	1567.9	8
2026-06-29 00:00	1566.5	1585.0	1546.5	1580.5	8
2026-06-29 04:00	1580.6	1584.7	1558.1	1576.2	8
2026-06-29 08:00	1576.1	1582.9	1566.2	1571.0	8
2026-06-29 12:00	1571.4	1592.8	1553.5	1575.7	8
2026-06-29 16:00	1575.8	1633.5	1569.6	1621.5	8
2026-06-29 20:00	1621.6	1622.5	1604.0	1609.2	8
2026-06-30 00:00	1608.4	1610.5	1582.3	1583.0	8
2026-06-30 04:00	1582.9	1591.7	1575.5	1588.2	8
2026-06-30 08:00	1587.1	1590.3	1572.0	1574.4	8
2026-06-30 12:00	1574.3	1574.3	1546.3	1560.8	8
2026-06-30 16:00	1561.1	1577.7	1558.2	1576.6	8
2026-06-30 20:00	1576.1	1578.9	1562.0	1568.0	8
2026-07-01 00:00	1568.1	1594.8	1549.3	1590.7	8
2026-07-01 04:00	1590.3	1599.5	1567.6	1574.6	8
2026-07-01 08:00	1574.5	1581.5	1563.6	1566.2	8
2026-07-01 12:00	1564.7	1627.9	1562.0	1617.0	8
2026-07-01 16:00	1617.1	1626.0	1604.0	1615.0	8
2026-07-01 20:00	1614.7	1642.3	1604.5	1606.3	8
2026-07-02 00:00	1604.7	1638.6	1593.7	1636.0	8
2026-07-02 04:00	1635.9	1636.3	1610.8	1612.4	8
2026-07-02 08:00	1612.3	1651.1	1610.6	1646.7	8
2026-07-02 12:00	1646.4	1721.0	1644.3	1693.5	8
2026-07-02 16:00	1693.6	1704.0	1683.5	1697.0	8
2026-07-02 20:00	1696.8	1703.4	1688.5	1696.9	8
2026-07-03 00:00	1695.4	1715.1	1691.1	1702.7	8
2026-07-03 04:00	1702.9	1718.4	1698.6	1714.3	8
2026-07-03 08:00	1713.4	1745.4	1712.2	1738.8	8
2026-07-03 12:00	1739.0	1749.5	1725.6	1727.8	8
2026-07-03 16:00	1727.9	1749.6	1724.5	1741.9	8
2026-07-03 20:00	1742.1	1772.2	1740.2	1754.6	8
2026-07-04 00:00	1754.5	1760.6	1740.9	1750.5	8
2026-07-04 04:00	1750.6	1761.0	1748.2	1755.1	8
2026-07-04 08:00	1755.3	1762.2	1751.7	1754.8	8
2026-07-04 12:00	1754.9	1795.0	1754.9	1788.0	8
2026-07-04 16:00	1788.3	1803.6	1775.9	1789.5	8
2026-07-04 20:00	1789.3	1792.6	1769.5	1777.5	8
2026-07-05 00:00	1777.6	1777.6	1753.9	1758.3	8
2026-07-05 04:00	1758.2	1769.3	1756.9	1766.7	8
2026-07-05 08:00	1766.6	1769.7	1746.6	1756.8	8
2026-07-05 12:00	1756.9	1777.6	1753.0	1771.4	8
2026-07-05 16:00	1771.5	1782.8	1767.0	1778.0	8
2026-07-05 20:00	1778.1	1804.7	1766.1	1782.6	8
2026-07-06 00:00	1781.4	1795.9	1769.1	1776.4	8
2026-07-06 04:00	1776.2	1781.2	1761.9	1768.8	8
2026-07-06 08:00	1767.4	1774.9	1752.5	1756.1	8
2026-07-06 12:00	1756.2	1786.0	1726.7	1785.7	8
2026-07-06 16:00	1785.6	1802.0	1779.7	1789.9	8
2026-07-06 20:00	1789.7	1830.1	1784.4	1796.7	8
2026-07-07 00:00	1796.8	1807.2	1766.0	1768.4	8
2026-07-07 04:00	1768.0	1779.4	1754.7	1768.1	8
2026-07-07 08:00	1768.2	1781.3	1765.2	1777.4	8
2026-07-07 12:00	1777.5	1799.9	1757.9	1794.2	8
2026-07-07 16:00	1794.3	1809.1	1770.5	1787.3	8
2026-07-07 20:00	1787.4	1790.3	1762.8	1768.3	8
2026-07-08 00:00	1767.0	1782.0	1739.0	1748.5	8
2026-07-08 04:00	1748.6	1756.6	1741.9	1753.6	8
2026-07-08 08:00	1753.8	1755.6	1721.9	1744.6	8
2026-07-08 12:00	1744.7	1748.2	1709.7	1719.4	8
2026-07-08 16:00	1719.6	1743.3	1719.4	1738.0	8
2026-07-08 20:00	1737.9	1741.4	1728.4	1740.3	8
2026-07-09 00:00	1740.2	1752.5	1718.8	1727.4	8
2026-07-09 04:00	1727.6	1758.8	1726.9	1750.1	8
2026-07-09 08:00	1750.2	1755.5	1738.0	1740.7	8
2026-07-09 12:00	1740.8	1748.8	1730.3	1736.2	8
2026-07-09 16:00	1736.3	1756.5	1728.8	1745.4	8
2026-07-09 20:00	1745.5	1748.2	1738.8	1742.2	8
2026-07-10 00:00	1742.4	1776.5	1734.7	1773.1	8
2026-07-10 04:00	1773.2	1777.3	1766.0	1770.7	8
2026-07-10 08:00	1770.6	1799.5	1769.8	1798.3	8
2026-07-10 12:00	1798.2	1808.9	1771.9	1788.2	8
2026-07-10 16:00	1788.1	1796.4	1778.6	1789.7	8
2026-07-10 20:00	1789.8	1794.9	1786.5	1794.0	8
2026-07-11 00:00	1793.9	1796.2	1784.4	1793.5	8
2026-07-11 04:00	1793.6	1800.2	1791.8	1796.9	8
2026-07-11 08:00	1797.0	1800.4	1791.8	1797.2	8
2026-07-11 12:00	1797.3	1824.3	1795.0	1811.8	8
2026-07-11 16:00	1812.1	1826.5	1808.0	1821.7	8
2026-07-11 20:00	1821.8	1826.4	1784.0	1785.0	8
2026-07-12 00:00	1784.7	1810.1	1776.9	1808.7	8
2026-07-12 04:00	1808.6	1809.5	1786.6	1796.0	8
2026-07-12 08:00	1795.9	1806.1	1793.8	1801.0	8
2026-07-12 12:00	1800.6	1823.6	1800.2	1818.1	8
2026-07-12 16:00	1818.2	1821.5	1812.4	1818.6	8
2026-07-12 20:00	1818.7	1821.0	1794.9	1804.0	8
2026-07-13 00:00	1802.5	1842.0	1771.7	1777.6	8
2026-07-13 04:00	1777.4	1788.2	1771.5	1784.4	8
2026-07-13 08:00	1784.8	1790.2	1773.9	1777.5	8
2026-07-13 12:00	1777.6	1783.5	1760.0	1773.7	8
2026-07-13 16:00	1773.9	1777.6	1747.4	1771.3	8
2026-07-13 20:00	1771.0	1774.2	1749.0	1772.8	8
2026-07-14 00:00	1772.9	1790.7	1769.6	1779.9	8
2026-07-14 04:00	1779.8	1789.4	1775.3	1776.9	8
2026-07-14 08:00	1777.0	1801.2	1774.9	1794.3	8
2026-07-14 12:00	1794.4	1884.9	1790.6	1872.1	8
2026-07-14 16:00	1872.7	1878.8	1858.4	1873.9	8
2026-07-14 20:00	1874.0	1893.2	1869.2	1888.9	8
2026-07-15 00:00	1889.0	1890.4	1861.5	1873.1	8
2026-07-15 04:00	1873.0	1888.8	1861.8	1867.0	8
2026-07-15 08:00	1867.3	1883.6	1867.1	1881.3	8
2026-07-15 12:00	1881.4	1942.9	1875.9	1928.3	8
2026-07-15 16:00	1928.4	1933.6	1901.0	1920.9	8
2026-07-15 20:00	1921.1	1927.4	1912.0	1915.1	8
2026-07-16 00:00	1913.1	1925.9	1905.1	1915.5	8
2026-07-16 04:00	1915.4	1925.5	1902.1	1907.3	8
2026-07-16 08:00	1907.5	1909.7	1872.9	1882.0	8
2026-07-16 12:00	1881.9	1890.9	1864.5	1878.7	8
2026-07-16 16:00	1878.8	1880.0	1860.2	1872.6	8
2026-07-16 20:00	1872.4	1878.3	1854.3	1861.4	8
2026-07-17 00:00	1861.2	1867.7	1840.2	1849.2	8
2026-07-17 04:00	1849.3	1849.5	1817.6	1824.9	8
2026-07-17 08:00	1825.2	1839.6	1817.8	1835.7	8
2026-07-17 12:00	1835.8	1836.9	1800.2	1827.7	9
2026-07-17 16:00	1827.6	1853.2	1823.5	1841.0	8
2026-07-17 20:00	1840.7	1843.7	1832.2	1839.0	8
2026-07-18 00:00	1839.1	1843.8	1836.5	1843.0	8
2026-07-18 04:00	1843.2	1846.3	1838.6	1841.2	8
2026-07-18 08:00	1841.3	1846.3	1838.8	1842.4	8
2026-07-18 12:00	1842.5	1847.5	1834.5	1840.8	8
2026-07-18 16:00	1840.7	1863.7	1837.1	1855.5	8
2026-07-18 20:00	1855.7	1862.7	1852.4	1859.8	8
2026-07-19 00:00	1859.7	1874.5	1854.3	1864.1	8
2026-07-19 04:00	1864.0	1868.8	1861.3	1867.1	8
2026-07-19 08:00	1867.2	1876.0	1861.0	1868.3	8
2026-07-19 12:00	1868.1	1875.7	1861.3	1867.8	8
2026-07-19 16:00	1867.7	1870.5	1850.0	1859.2	8
2026-07-19 20:00	1859.4	1874.1	1853.7	1869.2	8
2026-07-20 00:00	1869.4	1888.6	1859.5	1876.6	8
2026-07-20 04:00	1876.7	1876.8	1839.9	1860.6	8
2026-07-20 08:00	1860.4	1892.9	1850.7	1889.7	8
2026-07-20 12:00	1890.0	1901.4	1850.0	1899.2	8
2026-07-20 16:00	1899.5	1915.1	1886.8	1895.5	8
2026-07-20 20:00	1896.0	1904.6	1891.2	1901.8	8
2026-07-21 00:00	1899.3	1925.2	1897.8	1923.5	8
2026-07-21 04:00	1923.6	1937.0	1918.8	1930.9	8
2026-07-21 08:00	1930.8	1949.2	1924.3	1932.8	8
2026-07-21 12:00	1932.9	1942.4	1920.6	1929.0	8
2026-07-21 16:00	1928.9	1932.6	1912.4	1920.6	8
2026-07-21 20:00	1920.4	1928.2	1913.8	1927.2	8
2026-07-22 00:00	1927.3	1941.3	1923.7	1925.6	8
2026-07-22 04:00	1925.2	1936.3	1907.9	1911.3	8
2026-07-22 08:00	1911.2	1930.6	1910.8	1924.3	8
2026-07-22 12:00	1924.2	1951.7	1909.1	1940.2	8
2026-07-22 16:00	1940.4	1953.8	1918.4	1922.3	8
2026-07-22 20:00	1921.8	1937.0	1919.9	1931.5	8
2026-07-23 00:00	1930.1	1938.7	1915.6	1917.7	8
2026-07-23 04:00	1917.6	1925.9	1909.5	1912.6	8
2026-07-23 08:00	1912.7	1928.5	1911.4	1923.2	8
2026-07-23 12:00	1923.3	1925.4	1879.9	1892.2	8
2026-07-23 16:00	1892.5	1892.5	1865.7	1872.4	8
2026-07-23 20:00	1872.1	1885.6	1871.3	1875.3	8
2026-07-24 00:00	1873.9	1877.8	1857.1	1877.4	8
2026-07-24 04:00	1877.7	1906.5	1870.2	1892.8	8
2026-07-24 08:00	1892.9	1893.0	1873.3	1880.6	8
2026-07-24 12:00	1880.4	1882.6	1844.4	1858.3	8
2026-07-24 16:00	1858.4	1863.2	1849.9	1860.3	8
2026-07-24 20:00	1860.1	1861.9	1851.1	1858.0	8
2026-07-25 00:00	1858.2	1861.2	1852.5	1855.2	8
2026-07-25 04:00	1855.1	1859.4	1851.0	1852.6	8
2026-07-25 08:00	1852.1	1856.5	1847.2	1854.3	8
2026-07-25 12:00	1854.5	1868.3	1852.0	1864.3	8
2026-07-25 16:00	1864.5	1873.2	1861.1	1871.3	8
2026-07-25 20:00	1871.2	1873.5	1864.2	1871.2	8
2026-07-26 00:00	1871.3	1880.5	1870.3	1878.7	8
2026-07-26 04:00	1878.8	1885.7	1874.7	1878.0	8
2026-07-26 08:00	1877.9	1884.2	1874.4	1882.4	8
2026-07-26 12:00	1882.5	1913.2	1878.5	1911.2	8
2026-07-26 16:00	1911.6	1924.3	1905.2	1910.6	8
2026-07-26 20:00	1910.8	1963.1	1906.3	1951.2	8
2026-07-27 00:00	1951.6	1951.9	1932.8	1946.2	8
2026-07-27 04:00	1945.7	1976.9	1945.0	1961.2	8
2026-07-27 08:00	1961.6	1968.2	1953.4	1956.2	8
2026-07-27 12:00	1956.1	1974.0	1915.5	1923.6	8
2026-07-27 16:00	1923.8	1951.9	1919.0	1944.7	8
2026-07-27 20:00	1944.8	1946.9	1879.5	1889.0	8
2026-07-28 00:00	1888.9	1891.0	1863.1	1877.6	8
2026-07-28 04:00	1877.3	1885.9	1872.9	1880.1	8
2026-07-28 08:00	1879.9	1881.9	1868.2	1873.0	8
2026-07-28 12:00	1873.1	1920.4	1853.5	1916.5	8
2026-07-28 16:00	1916.3	1924.9	1890.1	1917.8	8
2026-07-28 20:00	1918.3	1925.4	1900.2	1918.1	8
2026-07-29 00:00	1918.0	1924.8	1886.8	1888.4	8
2026-07-29 04:00	1888.5	1921.2	1880.3	1920.6	8
2026-07-29 08:00	1920.7	1921.3	1906.5	1911.4	8
2026-07-29 12:00	1911.3	1911.3	1884.7	1887.8	8
2026-07-29 16:00	1888.1	1931.1	1881.1	1885.9	8
2026-07-29 20:00	1885.9	1909.0	1871.4	1906.7	8
2026-07-30 00:00	1905.5	1917.3	1890.0	1906.0	8
2026-07-30 04:00	1906.3	1906.9	1895.3	1899.0	8
2026-07-30 08:00	1899.1	1922.0	1896.2	1918.9	8
2026-07-30 12:00	1919.0	1931.5	1910.2	1915.1	9
2026-07-30 16:00	1915.4	1925.7	1911.4	1920.2	8
2026-07-30 20:00	1920.3	1933.4	1912.8	1915.1	8
2026-07-31 00:00	1915.5	1932.9	1895.8	1905.4	8
2026-07-31 04:00	1905.3	1907.5	1881.0	1886.5	8
2026-07-31 08:00	1886.4	1889.8	1874.3	1880.8	8
2026-07-31 12:00	1881.0	1886.1	1844.5	1858.8	8
2026-07-31 16:00	1858.9	1874.5	1857.2	1864.4	8
2026-07-31 20:00	1864.6	1867.0	1855.4	1858.9	8
2026-08-01 00:00	1859.0	1866.4	1858.8	1866.3	8
2026-08-01 04:00	1866.4	1868.4	1861.8	1866.2	8
2026-08-01 08:00	1866.1	1867.3	1859.6	1863.4	8
2026-08-01 12:00	1863.6	1871.9	1862.7	1866.6	8
2026-08-01 16:00	1866.7	1870.2	1818.6	1833.8	8
2026-08-01 20:00	1833.6	1845.7	1829.7	1841.5	8
2026-08-02 00:00	1841.7	1880.8	1840.2	1873.9	8
2026-08-02 04:00	1874.1	1879.1	1871.4	1872.5	8
2026-08-02 08:00	1872.7	1875.4	1845.9	1849.1	8
2026-08-02 12:00	1848.9	1859.1	1848.8	1855.1	8
2026-08-02 16:00	1855.4	1883.4	1852.5	1878.4	8
2026-08-02 20:00	1878.6	1894.9	1872.8	1881.7	8
2026-08-03 00:00	1881.6	1882.3	1847.2	1853.1	8
2026-08-03 04:00	1852.7	1859.1	1836.2	1840.0	8
2026-08-03 08:00	1839.7	1850.4	1825.3	1835.6	8
2026-08-03 12:00	1835.7	1870.4	1832.6	1859.5	8
2026-08-03 16:00	1859.7	1873.2	1858.1	1866.6	8
2026-08-03 20:00	1866.8	1872.7	1849.3	1857.2	8
2026-08-04 00:00	1856.2	1868.5	1845.1	1860.8	8
2026-08-04 04:00	1861.0	1871.4	1849.9	1860.3	8
2026-08-04 08:00	1860.4	1862.5	1853.4	1854.2	2
2026-08-04 12:00	1869.5	1874.5	1858.5	1869.7	2
2026-08-04 16:00	1869.9	1878.3	1862.3	1872.1	8
2026-08-04 20:00	1872.2	1878.1	1863.1	1866.6	8
2026-08-05 00:00	1866.4	1874.7	1858.1	1864.5	8
2026-08-05 04:00	1864.6	1874.3	1860.2	1869.0	8
2026-08-05 08:00	1869.2	1872.5	1862.8	1865.5	8
2026-08-05 12:00	1865.4	1881.9	1852.2	1870.4	8
2026-08-05 16:00	1870.5	1924.3	1869.9	1913.8	8
2026-08-05 20:00	1913.9	1921.4	1901.0	1905.4	8
2026-08-06 00:00	1905.5	1910.3	1891.4	1895.4	8
2026-08-06 04:00	1895.5	1915.1	1892.3	1905.6	8
2026-08-06 08:00	1905.9	1915.9	1893.1	1904.1	8
2026-08-06 12:00	1904.0	1916.3	1888.5	1907.4	8
2026-08-06 16:00	1907.7	1915.2	1900.6	1906.7	8
2026-08-06 20:00	1906.5	1907.6	1895.4	1900.7	8
2026-08-07 00:00	1900.6	1905.3	1893.3	1894.0	8
2026-08-07 04:00	1893.8	1904.2	1890.9	1899.2	8
2026-08-07 08:00	1899.1	1917.9	1898.7	1913.1	8
2026-08-07 12:00	1913.3	1937.9	1907.5	1914.7	8
2026-08-07 16:00	1914.9	1922.0	1902.4	1915.9	8
2026-08-07 20:00	1916.1	1920.4	1909.0	1911.4	8
2026-08-08 00:00	1911.3	1916.5	1908.0	1915.3	8
2026-08-08 04:00	1915.5	1916.7	1909.1	1912.5	8
2026-08-08 08:00	1912.4	1920.6	1909.5	1917.9	8
2026-08-08 12:00	1918.0	1923.4	1913.1	1919.5	8
2026-08-08 16:00	1920.0	1923.2	1914.4	1917.4	8
2026-08-08 20:00	1917.1	1919.3	1910.3	1913.5	8
2026-08-09 00:00	1911.0	1916.9	1907.0	1910.9	8
2026-08-09 04:00	1910.8	1916.5	1907.3	1915.7	8
2026-08-09 08:00	1915.8	1921.8	1909.6	1916.0	8
2026-08-09 12:00	1916.1	1923.7	1911.5	1923.0	8
2026-08-09 16:00	1923.2	1923.5	1915.5	1918.9	8
2026-08-09 20:00	1918.8	1934.8	1904.5	1907.4	8
2026-08-10 00:00	1906.9	1927.6	1902.8	1914.1	8
2026-08-10 04:00	1914.0	1927.6	1909.4	1922.1	8
2026-08-10 08:00	1922.2	1926.4	1911.3	1916.9	8
2026-08-10 12:00	1916.8	1920.0	1868.2	1873.5	8
2026-08-10 16:00	1873.4	1877.0	1864.4	1874.9	8
2026-08-10 20:00	1874.4	1877.6	1866.6	1869.7	8
2026-08-11 00:00	1869.6	1878.4	1867.5	1877.4	8
2026-08-11 04:00	1877.3	1878.5	1867.1	1874.3	8
2026-08-11 08:00	1874.4	1892.3	1872.2	1889.6	8
2026-08-11 12:00	1889.8	1894.5	1850.2	1860.0	8
2026-08-11 16:00	1859.9	1881.3	1856.2	1878.1	8
2026-08-11 20:00	1878.2	1884.0	1875.4	1879.1	8
2026-08-12 00:00	1879.0	1884.5	1877.1	1883.2	8
2026-08-12 04:00	1883.1	1889.8	1881.6	1888.0	8
2026-08-12 08:00	1887.7	1912.6	1886.3	1912.1	8
2026-08-12 12:00	1912.6	1921.1	1880.6	1888.6	8
2026-08-12 16:00	1888.5	1892.1	1873.9	1875.3	8
2026-08-12 20:00	1875.1	1885.6	1869.1	1875.9	8
2026-08-13 00:00	1875.8	1885.0	1869.3	1883.8	8
2026-08-13 04:00	1883.7	1896.4	1881.7	1892.0	8
2026-08-13 08:00	1892.1	1893.6	1871.7	1876.6	8
2026-08-13 12:00	1876.3	1893.8	1875.3	1876.5	8
2026-08-13 16:00	1876.6	1889.0	1860.0	1883.4	8
2026-08-13 20:00	1883.7	1889.5	1881.0	1882.7	8
2026-08-14 00:00	1882.9	1887.9	1878.9	1879.6	8
2026-08-14 04:00	1879.3	1884.4	1868.5	1869.5	8
2026-08-14 08:00	1869.6	1877.2	1865.6	1874.5	8
2026-08-14 12:00	1874.8	1880.6	1860.1	1877.3	8
2026-08-14 16:00	1877.2	1884.6	1869.5	1877.2	8
2026-08-14 20:00	1877.4	1879.1	1872.3	1878.6	8
2026-08-15 00:00	1878.8	1883.1	1875.9	1879.3	8
2026-08-15 04:00	1879.4	1882.1	1874.5	1876.8	8
2026-08-15 08:00	1876.9	1879.0	1871.2	1875.6	8
2026-08-15 12:00	1875.5	1882.2	1872.0	1881.2	8
2026-08-15 16:00	1881.3	1882.7	1876.4	1880.7	8
2026-08-15 20:00	1880.6	1881.9	1876.6	1879.1	8
2026-08-16 00:00	1879.0	1881.4	1873.2	1879.3	8
2026-08-16 04:00	1879.4	1880.5	1873.7	1877.6	8
2026-08-16 08:00	1875.0	1878.5	1873.6	1877.2	8
2026-08-16 12:00	1877.1	1881.2	1873.2	1880.3	8
2026-08-16 16:00	1880.6	1888.3	1878.0	1882.2	8
2026-08-16 20:00	1882.3	1884.0	1865.6	1872.3	8
2026-08-17 00:00	1872.4	1904.6	1868.8	1897.3	8
2026-08-17 04:00	1897.7	1909.0	1894.2	1897.2	8
2026-08-17 08:00	1897.3	1905.8	1887.6	1900.9	8
2026-08-17 12:00	1901.0	1912.0	1892.2	1909.5	8
2026-08-17 16:00	1909.5	1910.8	1901.2	1903.8	8
2026-08-17 20:00	1903.7	1915.2	1900.1	1910.2	8
2026-08-18 00:00	1910.4	1911.1	1882.1	1890.7	8
2026-08-18 04:00	1890.6	1903.4	1887.8	1895.1	8
2026-08-18 08:00	1895.0	1902.1	1890.1	1899.5	8
2026-08-18 12:00	1899.4	1919.8	1890.3	1914.7	8
2026-08-18 16:00	1914.8	1919.3	1907.9	1910.3	8
2026-08-18 20:00	1909.9	1917.2	1907.9	1914.9	8
2026-08-19 00:00	1914.9	1916.2	1903.3	1908.7	8
2026-08-19 04:00	1908.6	1917.9	1903.0	1912.5	8
2026-08-19 08:00	1912.6	1926.5	1911.8	1919.8	8
2026-08-19 12:00	1920.2	2110.0	1919.0	2082.6	8
2026-08-19 16:00	2082.7	2104.5	2066.0	2099.7	8
2026-08-19 20:00	2099.9	2331.0	2099.7	2249.8	8
2026-08-20 00:00	2249.7	2270.8	2219.6	2247.2	8
2026-08-20 04:00	2247.3	2263.6	2235.4	2248.3	8
2026-08-20 08:00	2248.2	2315.6	2245.6	2292.9	8
2026-08-20 12:00	2293.0	2334.7	2252.8	2323.2	8
2026-08-20 16:00	2323.3	2356.2	2307.8	2321.0	8
2026-08-20 20:00	2321.5	2329.1	2310.8	2316.3	4
